table_id,table_number,table_title,slice_section,metric_label,measure_label,survey_year,value,value_raw,value_status,value_has_asterisk,value_unit,slice_dataset,is_ai_module,anzsco_join_note,value_outlier_flag
Table 7,7,"Reasons for dissatisfaction with vocational qualification as a job requirement, timeseries (% of all dissatisfied employers with jobs requiring a vocational qualification)",Overall,Instructors do not have enough industry experience,Overall,2005,3.9,3.9*,reported,True,pct,overall,False,Employer survey — joins on state/industry/size. No ANZSCO occupation code available.,False
Table 7,7,"Reasons for dissatisfaction with vocational qualification as a job requirement, timeseries (% of all dissatisfied employers with jobs requiring a vocational qualification)",Overall,Instructors do not have enough industry experience,Overall,2007,7.4,7.4*,reported,True,pct,overall,False,Employer survey — joins on state/industry/size. No ANZSCO occupation code available.,False
Table 7,7,"Reasons for dissatisfaction with vocational qualification as a job requirement, timeseries (% of all dissatisfied employers with jobs requiring a vocational qualification)",Overall,Instructors do not have enough industry experience,Overall,2009,20.0,20.0*,reported,True,pct,overall,False,Employer survey — joins on state/industry/size. No ANZSCO occupation code available.,False
Table 7,7,"Reasons for dissatisfaction with vocational qualification as a job requirement, timeseries (% of all dissatisfied employers with jobs requiring a vocational qualification)",Overall,Instructors do not have enough industry experience,Overall,2011,11.2,11.2*,reported,True,pct,overall,False,Employer survey — joins on state/industry/size. No ANZSCO occupation code available.,False
Table 7,7,"Reasons for dissatisfaction with vocational qualification as a job requirement, timeseries (% of all dissatisfied employers with jobs requiring a vocational qualification)",Overall,Instructors do not have enough industry experience,Overall,2013,6.0,6.0*,reported,True,pct,overall,False,Employer survey — joins on state/industry/size. No ANZSCO occupation code available.,False
Table 7,7,"Reasons for dissatisfaction with vocational qualification as a job requirement, timeseries (% of all dissatisfied employers with jobs requiring a vocational qualification)",Overall,Instructors do not have enough industry experience,Overall,2015,7.7,7.7*,reported,True,pct,overall,False,Employer survey — joins on state/industry/size. No ANZSCO occupation code available.,False
Table 7,7,"Reasons for dissatisfaction with vocational qualification as a job requirement, timeseries (% of all dissatisfied employers with jobs requiring a vocational qualification)",Overall,Instructors do not have enough industry experience,Overall,2017,11.7,11.7*,reported,True,pct,overall,False,Employer survey — joins on state/industry/size. No ANZSCO occupation code available.,False
Table 7,7,"Reasons for dissatisfaction with vocational qualification as a job requirement, timeseries (% of all dissatisfied employers with jobs requiring a vocational qualification)",Overall,Instructors do not have enough industry experience,Overall,2019,12.8,12.8,reported,False,pct,overall,False,Employer survey — joins on state/industry/size. No ANZSCO occupation code available.,False
Table 7,7,"Reasons for dissatisfaction with vocational qualification as a job requirement, timeseries (% of all dissatisfied employers with jobs requiring a vocational qualification)",Overall,Instructors do not have enough industry experience,Overall,2021,17.4,17.4,reported,False,pct,overall,False,Employer survey — joins on state/industry/size. No ANZSCO occupation code available.,False
Table 7,7,"Reasons for dissatisfaction with vocational qualification as a job requirement, timeseries (% of all dissatisfied employers with jobs requiring a vocational qualification)",Overall,Instructors do not have enough industry experience,Overall,2023,20.2,20.2,reported,False,pct,overall,False,Employer survey — joins on state/industry/size. No ANZSCO occupation code available.,False
Table 7,7,"Reasons for dissatisfaction with vocational qualification as a job requirement, timeseries (% of all dissatisfied employers with jobs requiring a vocational qualification)",Overall,Instructors do not have enough industry experience,Overall,2025,18.6,18.6,reported,False,pct,overall,False,Employer survey — joins on state/industry/size. No ANZSCO occupation code available.,False
Table 7,7,"Reasons for dissatisfaction with vocational qualification as a job requirement, timeseries (% of all dissatisfied employers with jobs requiring a vocational qualification)",Overall,Not enough focus on practical skills,Overall,2005,23.9,23.9*,reported,True,pct,overall,False,Employer survey — joins on state/industry/size. No ANZSCO occupation code available.,False
Table 7,7,"Reasons for dissatisfaction with vocational qualification as a job requirement, timeseries (% of all dissatisfied employers with jobs requiring a vocational qualification)",Overall,Not enough focus on practical skills,Overall,2007,36.3,36.3,reported,False,pct,overall,False,Employer survey — joins on state/industry/size. No ANZSCO occupation code available.,False
Table 7,7,"Reasons for dissatisfaction with vocational qualification as a job requirement, timeseries (% of all dissatisfied employers with jobs requiring a vocational qualification)",Overall,Not enough focus on practical skills,Overall,2009,30.7,30.7,reported,False,pct,overall,False,Employer survey — joins on state/industry/size. No ANZSCO occupation code available.,False
Table 7,7,"Reasons for dissatisfaction with vocational qualification as a job requirement, timeseries (% of all dissatisfied employers with jobs requiring a vocational qualification)",Overall,Not enough focus on practical skills,Overall,2011,35.3,35.3,reported,False,pct,overall,False,Employer survey — joins on state/industry/size. No ANZSCO occupation code available.,False
Table 7,7,"Reasons for dissatisfaction with vocational qualification as a job requirement, timeseries (% of all dissatisfied employers with jobs requiring a vocational qualification)",Overall,Not enough focus on practical skills,Overall,2013,23.0,23.0*,reported,True,pct,overall,False,Employer survey — joins on state/industry/size. No ANZSCO occupation code available.,False
Table 7,7,"Reasons for dissatisfaction with vocational qualification as a job requirement, timeseries (% of all dissatisfied employers with jobs requiring a vocational qualification)",Overall,Not enough focus on practical skills,Overall,2015,41.0,41,reported,False,pct,overall,False,Employer survey — joins on state/industry/size. No ANZSCO occupation code available.,False
Table 7,7,"Reasons for dissatisfaction with vocational qualification as a job requirement, timeseries (% of all dissatisfied employers with jobs requiring a vocational qualification)",Overall,Not enough focus on practical skills,Overall,2017,28.6,28.6,reported,False,pct,overall,False,Employer survey — joins on state/industry/size. No ANZSCO occupation code available.,False
Table 7,7,"Reasons for dissatisfaction with vocational qualification as a job requirement, timeseries (% of all dissatisfied employers with jobs requiring a vocational qualification)",Overall,Not enough focus on practical skills,Overall,2019,41.7,41.7*,reported,True,pct,overall,False,Employer survey — joins on state/industry/size. No ANZSCO occupation code available.,False
Table 7,7,"Reasons for dissatisfaction with vocational qualification as a job requirement, timeseries (% of all dissatisfied employers with jobs requiring a vocational qualification)",Overall,Not enough focus on practical skills,Overall,2021,34.5,34.5*,reported,True,pct,overall,False,Employer survey — joins on state/industry/size. No ANZSCO occupation code available.,False
Table 7,7,"Reasons for dissatisfaction with vocational qualification as a job requirement, timeseries (% of all dissatisfied employers with jobs requiring a vocational qualification)",Overall,Not enough focus on practical skills,Overall,2023,38.8,38.8*,reported,True,pct,overall,False,Employer survey — joins on state/industry/size. No ANZSCO occupation code available.,False
Table 7,7,"Reasons for dissatisfaction with vocational qualification as a job requirement, timeseries (% of all dissatisfied employers with jobs requiring a vocational qualification)",Overall,Not enough focus on practical skills,Overall,2025,24.2,24.2*,reported,True,pct,overall,False,Employer survey — joins on state/industry/size. No ANZSCO occupation code available.,False
Table 7,7,"Reasons for dissatisfaction with vocational qualification as a job requirement, timeseries (% of all dissatisfied employers with jobs requiring a vocational qualification)",Overall,Other reasons,Overall,2005,16.0,16.0*,reported,True,pct,overall,False,Employer survey — joins on state/industry/size. No ANZSCO occupation code available.,False
Table 7,7,"Reasons for dissatisfaction with vocational qualification as a job requirement, timeseries (% of all dissatisfied employers with jobs requiring a vocational qualification)",Overall,Other reasons,Overall,2007,21.6,21.6*,reported,True,pct,overall,False,Employer survey — joins on state/industry/size. No ANZSCO occupation code available.,False
Table 7,7,"Reasons for dissatisfaction with vocational qualification as a job requirement, timeseries (% of all dissatisfied employers with jobs requiring a vocational qualification)",Overall,Other reasons,Overall,2009,12.8,12.8*,reported,True,pct,overall,False,Employer survey — joins on state/industry/size. No ANZSCO occupation code available.,False
Table 7,7,"Reasons for dissatisfaction with vocational qualification as a job requirement, timeseries (% of all dissatisfied employers with jobs requiring a vocational qualification)",Overall,Other reasons,Overall,2011,13.2,13.2*,reported,True,pct,overall,False,Employer survey — joins on state/industry/size. No ANZSCO occupation code available.,False
Table 7,7,"Reasons for dissatisfaction with vocational qualification as a job requirement, timeseries (% of all dissatisfied employers with jobs requiring a vocational qualification)",Overall,Other reasons,Overall,2013,6.0,6.0*,reported,True,pct,overall,False,Employer survey — joins on state/industry/size. No ANZSCO occupation code available.,False
Table 7,7,"Reasons for dissatisfaction with vocational qualification as a job requirement, timeseries (% of all dissatisfied employers with jobs requiring a vocational qualification)",Overall,Other reasons,Overall,2015,15.2,15.2*,reported,True,pct,overall,False,Employer survey — joins on state/industry/size. No ANZSCO occupation code available.,False
Table 7,7,"Reasons for dissatisfaction with vocational qualification as a job requirement, timeseries (% of all dissatisfied employers with jobs requiring a vocational qualification)",Overall,Other reasons,Overall,2017,15.5,15.5,reported,False,pct,overall,False,Employer survey — joins on state/industry/size. No ANZSCO occupation code available.,False
Table 7,7,"Reasons for dissatisfaction with vocational qualification as a job requirement, timeseries (% of all dissatisfied employers with jobs requiring a vocational qualification)",Overall,Other reasons,Overall,2019,12.6,12.6,reported,False,pct,overall,False,Employer survey — joins on state/industry/size. No ANZSCO occupation code available.,False
Table 7,7,"Reasons for dissatisfaction with vocational qualification as a job requirement, timeseries (% of all dissatisfied employers with jobs requiring a vocational qualification)",Overall,Other reasons,Overall,2021,20.2,20.2,reported,False,pct,overall,False,Employer survey — joins on state/industry/size. No ANZSCO occupation code available.,False
Table 7,7,"Reasons for dissatisfaction with vocational qualification as a job requirement, timeseries (% of all dissatisfied employers with jobs requiring a vocational qualification)",Overall,Other reasons,Overall,2023,13.3,13.3,reported,False,pct,overall,False,Employer survey — joins on state/industry/size. No ANZSCO occupation code available.,False
Table 7,7,"Reasons for dissatisfaction with vocational qualification as a job requirement, timeseries (% of all dissatisfied employers with jobs requiring a vocational qualification)",Overall,Other reasons,Overall,2025,17.4,17.4,reported,False,pct,overall,False,Employer survey — joins on state/industry/size. No ANZSCO occupation code available.,False
Table 7,7,"Reasons for dissatisfaction with vocational qualification as a job requirement, timeseries (% of all dissatisfied employers with jobs requiring a vocational qualification)",Overall,Poor access to training in regional/rural areas,Overall,2005,6.1,6.1*,reported,True,pct,overall,False,Employer survey — joins on state/industry/size. No ANZSCO occupation code available.,False
Table 7,7,"Reasons for dissatisfaction with vocational qualification as a job requirement, timeseries (% of all dissatisfied employers with jobs requiring a vocational qualification)",Overall,Poor access to training in regional/rural areas,Overall,2007,3.6,3.6*,reported,True,pct,overall,False,Employer survey — joins on state/industry/size. No ANZSCO occupation code available.,False
Table 7,7,"Reasons for dissatisfaction with vocational qualification as a job requirement, timeseries (% of all dissatisfied employers with jobs requiring a vocational qualification)",Overall,Poor access to training in regional/rural areas,Overall,2009,6.0,6.0*,reported,True,pct,overall,False,Employer survey — joins on state/industry/size. No ANZSCO occupation code available.,False
Table 7,7,"Reasons for dissatisfaction with vocational qualification as a job requirement, timeseries (% of all dissatisfied employers with jobs requiring a vocational qualification)",Overall,Poor access to training in regional/rural areas,Overall,2011,3.8,3.8*,reported,True,pct,overall,False,Employer survey — joins on state/industry/size. No ANZSCO occupation code available.,False
Table 7,7,"Reasons for dissatisfaction with vocational qualification as a job requirement, timeseries (% of all dissatisfied employers with jobs requiring a vocational qualification)",Overall,Poor access to training in regional/rural areas,Overall,2013,5.1,5.1*,reported,True,pct,overall,False,Employer survey — joins on state/industry/size. No ANZSCO occupation code available.,False
Table 7,7,"Reasons for dissatisfaction with vocational qualification as a job requirement, timeseries (% of all dissatisfied employers with jobs requiring a vocational qualification)",Overall,Poor access to training in regional/rural areas,Overall,2015,11.8,11.8*,reported,True,pct,overall,False,Employer survey — joins on state/industry/size. No ANZSCO occupation code available.,False
Table 7,7,"Reasons for dissatisfaction with vocational qualification as a job requirement, timeseries (% of all dissatisfied employers with jobs requiring a vocational qualification)",Overall,Poor access to training in regional/rural areas,Overall,2017,9.8,9.8*,reported,True,pct,overall,False,Employer survey — joins on state/industry/size. No ANZSCO occupation code available.,False
Table 7,7,"Reasons for dissatisfaction with vocational qualification as a job requirement, timeseries (% of all dissatisfied employers with jobs requiring a vocational qualification)",Overall,Poor access to training in regional/rural areas,Overall,2019,6.3,6.3,reported,False,pct,overall,False,Employer survey — joins on state/industry/size. No ANZSCO occupation code available.,False
Table 7,7,"Reasons for dissatisfaction with vocational qualification as a job requirement, timeseries (% of all dissatisfied employers with jobs requiring a vocational qualification)",Overall,Poor access to training in regional/rural areas,Overall,2021,13.7,13.7,reported,False,pct,overall,False,Employer survey — joins on state/industry/size. No ANZSCO occupation code available.,False
Table 7,7,"Reasons for dissatisfaction with vocational qualification as a job requirement, timeseries (% of all dissatisfied employers with jobs requiring a vocational qualification)",Overall,Poor access to training in regional/rural areas,Overall,2023,9.6,9.6,reported,False,pct,overall,False,Employer survey — joins on state/industry/size. No ANZSCO occupation code available.,False
Table 7,7,"Reasons for dissatisfaction with vocational qualification as a job requirement, timeseries (% of all dissatisfied employers with jobs requiring a vocational qualification)",Overall,Poor access to training in regional/rural areas,Overall,2025,11.9,11.9,reported,False,pct,overall,False,Employer survey — joins on state/industry/size. No ANZSCO occupation code available.,False
Table 7,7,"Reasons for dissatisfaction with vocational qualification as a job requirement, timeseries (% of all dissatisfied employers with jobs requiring a vocational qualification)",Overall,Relevant skills are not taught,Overall,2005,29.3,29.3*,reported,True,pct,overall,False,Employer survey — joins on state/industry/size. No ANZSCO occupation code available.,False
Table 7,7,"Reasons for dissatisfaction with vocational qualification as a job requirement, timeseries (% of all dissatisfied employers with jobs requiring a vocational qualification)",Overall,Relevant skills are not taught,Overall,2007,36.6,36.6,reported,False,pct,overall,False,Employer survey — joins on state/industry/size. No ANZSCO occupation code available.,False
Table 7,7,"Reasons for dissatisfaction with vocational qualification as a job requirement, timeseries (% of all dissatisfied employers with jobs requiring a vocational qualification)",Overall,Relevant skills are not taught,Overall,2009,40.7,40.7,reported,False,pct,overall,False,Employer survey — joins on state/industry/size. No ANZSCO occupation code available.,False
Table 7,7,"Reasons for dissatisfaction with vocational qualification as a job requirement, timeseries (% of all dissatisfied employers with jobs requiring a vocational qualification)",Overall,Relevant skills are not taught,Overall,2011,25.4,25.4,reported,False,pct,overall,False,Employer survey — joins on state/industry/size. No ANZSCO occupation code available.,False
Table 7,7,"Reasons for dissatisfaction with vocational qualification as a job requirement, timeseries (% of all dissatisfied employers with jobs requiring a vocational qualification)",Overall,Relevant skills are not taught,Overall,2013,36.3,36.3,reported,False,pct,overall,False,Employer survey — joins on state/industry/size. No ANZSCO occupation code available.,False
Table 7,7,"Reasons for dissatisfaction with vocational qualification as a job requirement, timeseries (% of all dissatisfied employers with jobs requiring a vocational qualification)",Overall,Relevant skills are not taught,Overall,2015,44.3,44.3,reported,False,pct,overall,False,Employer survey — joins on state/industry/size. No ANZSCO occupation code available.,False
Table 7,7,"Reasons for dissatisfaction with vocational qualification as a job requirement, timeseries (% of all dissatisfied employers with jobs requiring a vocational qualification)",Overall,Relevant skills are not taught,Overall,2017,41.3,41.3,reported,False,pct,overall,False,Employer survey — joins on state/industry/size. No ANZSCO occupation code available.,False
Table 7,7,"Reasons for dissatisfaction with vocational qualification as a job requirement, timeseries (% of all dissatisfied employers with jobs requiring a vocational qualification)",Overall,Relevant skills are not taught,Overall,2019,44.4,44.4*,reported,True,pct,overall,False,Employer survey — joins on state/industry/size. No ANZSCO occupation code available.,False
Table 7,7,"Reasons for dissatisfaction with vocational qualification as a job requirement, timeseries (% of all dissatisfied employers with jobs requiring a vocational qualification)",Overall,Relevant skills are not taught,Overall,2021,54.7,54.7*,reported,True,pct,overall,False,Employer survey — joins on state/industry/size. No ANZSCO occupation code available.,False
Table 7,7,"Reasons for dissatisfaction with vocational qualification as a job requirement, timeseries (% of all dissatisfied employers with jobs requiring a vocational qualification)",Overall,Relevant skills are not taught,Overall,2023,53.1,53.1*,reported,True,pct,overall,False,Employer survey — joins on state/industry/size. No ANZSCO occupation code available.,False
Table 7,7,"Reasons for dissatisfaction with vocational qualification as a job requirement, timeseries (% of all dissatisfied employers with jobs requiring a vocational qualification)",Overall,Relevant skills are not taught,Overall,2025,39.1,39.1*,reported,True,pct,overall,False,Employer survey — joins on state/industry/size. No ANZSCO occupation code available.,False
Table 7,7,"Reasons for dissatisfaction with vocational qualification as a job requirement, timeseries (% of all dissatisfied employers with jobs requiring a vocational qualification)",Overall,Standards are inconsistent across institutions,Overall,2011,7.0,7.0*,reported,True,pct,overall,False,Employer survey — joins on state/industry/size. No ANZSCO occupation code available.,False
Table 7,7,"Reasons for dissatisfaction with vocational qualification as a job requirement, timeseries (% of all dissatisfied employers with jobs requiring a vocational qualification)",Overall,Standards are inconsistent across institutions,Overall,2013,5.4,5.4*,reported,True,pct,overall,False,Employer survey — joins on state/industry/size. No ANZSCO occupation code available.,False
Table 7,7,"Reasons for dissatisfaction with vocational qualification as a job requirement, timeseries (% of all dissatisfied employers with jobs requiring a vocational qualification)",Overall,Standards are inconsistent across institutions,Overall,2015,6.2,6.2*,reported,True,pct,overall,False,Employer survey — joins on state/industry/size. No ANZSCO occupation code available.,False
Table 7,7,"Reasons for dissatisfaction with vocational qualification as a job requirement, timeseries (% of all dissatisfied employers with jobs requiring a vocational qualification)",Overall,Standards are inconsistent across institutions,Overall,2017,8.8,8.8*,reported,True,pct,overall,False,Employer survey — joins on state/industry/size. No ANZSCO occupation code available.,False
Table 7,7,"Reasons for dissatisfaction with vocational qualification as a job requirement, timeseries (% of all dissatisfied employers with jobs requiring a vocational qualification)",Overall,Standards are inconsistent across institutions,Overall,2019,13.8,13.8,reported,False,pct,overall,False,Employer survey — joins on state/industry/size. No ANZSCO occupation code available.,False
Table 7,7,"Reasons for dissatisfaction with vocational qualification as a job requirement, timeseries (% of all dissatisfied employers with jobs requiring a vocational qualification)",Overall,Standards are inconsistent across institutions,Overall,2021,17.8,17.8,reported,False,pct,overall,False,Employer survey — joins on state/industry/size. No ANZSCO occupation code available.,False
Table 7,7,"Reasons for dissatisfaction with vocational qualification as a job requirement, timeseries (% of all dissatisfied employers with jobs requiring a vocational qualification)",Overall,Standards are inconsistent across institutions,Overall,2023,21.2,21.2,reported,False,pct,overall,False,Employer survey — joins on state/industry/size. No ANZSCO occupation code available.,False
Table 7,7,"Reasons for dissatisfaction with vocational qualification as a job requirement, timeseries (% of all dissatisfied employers with jobs requiring a vocational qualification)",Overall,Standards are inconsistent across institutions,Overall,2025,14.5,14.5,reported,False,pct,overall,False,Employer survey — joins on state/industry/size. No ANZSCO occupation code available.,False
Table 7,7,"Reasons for dissatisfaction with vocational qualification as a job requirement, timeseries (% of all dissatisfied employers with jobs requiring a vocational qualification)",Overall,Standards are inconsistent across institutions,Overall,2005,,np,not_publishable,False,pct,overall,False,Employer survey — joins on state/industry/size. No ANZSCO occupation code available.,
Table 7,7,"Reasons for dissatisfaction with vocational qualification as a job requirement, timeseries (% of all dissatisfied employers with jobs requiring a vocational qualification)",Overall,Standards are inconsistent across institutions,Overall,2007,,np,not_publishable,False,pct,overall,False,Employer survey — joins on state/industry/size. No ANZSCO occupation code available.,
Table 7,7,"Reasons for dissatisfaction with vocational qualification as a job requirement, timeseries (% of all dissatisfied employers with jobs requiring a vocational qualification)",Overall,Standards are inconsistent across institutions,Overall,2009,,np,not_publishable,False,pct,overall,False,Employer survey — joins on state/industry/size. No ANZSCO occupation code available.,
Table 7,7,"Reasons for dissatisfaction with vocational qualification as a job requirement, timeseries (% of all dissatisfied employers with jobs requiring a vocational qualification)",Overall,Training content is outdated,Overall,2005,8.9,8.9*,reported,True,pct,overall,False,Employer survey — joins on state/industry/size. No ANZSCO occupation code available.,False
Table 7,7,"Reasons for dissatisfaction with vocational qualification as a job requirement, timeseries (% of all dissatisfied employers with jobs requiring a vocational qualification)",Overall,Training content is outdated,Overall,2007,5.4,5.4*,reported,True,pct,overall,False,Employer survey — joins on state/industry/size. No ANZSCO occupation code available.,False
Table 7,7,"Reasons for dissatisfaction with vocational qualification as a job requirement, timeseries (% of all dissatisfied employers with jobs requiring a vocational qualification)",Overall,Training content is outdated,Overall,2009,13.8,13.8*,reported,True,pct,overall,False,Employer survey — joins on state/industry/size. No ANZSCO occupation code available.,False
Table 7,7,"Reasons for dissatisfaction with vocational qualification as a job requirement, timeseries (% of all dissatisfied employers with jobs requiring a vocational qualification)",Overall,Training content is outdated,Overall,2011,10.8,10.8*,reported,True,pct,overall,False,Employer survey — joins on state/industry/size. No ANZSCO occupation code available.,False
Table 7,7,"Reasons for dissatisfaction with vocational qualification as a job requirement, timeseries (% of all dissatisfied employers with jobs requiring a vocational qualification)",Overall,Training content is outdated,Overall,2013,4.0,4.0*,reported,True,pct,overall,False,Employer survey — joins on state/industry/size. No ANZSCO occupation code available.,False
Table 7,7,"Reasons for dissatisfaction with vocational qualification as a job requirement, timeseries (% of all dissatisfied employers with jobs requiring a vocational qualification)",Overall,Training content is outdated,Overall,2019,3.4,3.4,reported,False,pct,overall,False,Employer survey — joins on state/industry/size. No ANZSCO occupation code available.,False
Table 7,7,"Reasons for dissatisfaction with vocational qualification as a job requirement, timeseries (% of all dissatisfied employers with jobs requiring a vocational qualification)",Overall,Training content is outdated,Overall,2021,1.4,1.4,reported,False,pct,overall,False,Employer survey — joins on state/industry/size. No ANZSCO occupation code available.,False
Table 7,7,"Reasons for dissatisfaction with vocational qualification as a job requirement, timeseries (% of all dissatisfied employers with jobs requiring a vocational qualification)",Overall,Training content is outdated,Overall,2023,0.6,0.6,reported,False,pct,overall,False,Employer survey — joins on state/industry/size. No ANZSCO occupation code available.,False
Table 7,7,"Reasons for dissatisfaction with vocational qualification as a job requirement, timeseries (% of all dissatisfied employers with jobs requiring a vocational qualification)",Overall,Training content is outdated,Overall,2025,3.3,3.3,reported,False,pct,overall,False,Employer survey — joins on state/industry/size. No ANZSCO occupation code available.,False
Table 7,7,"Reasons for dissatisfaction with vocational qualification as a job requirement, timeseries (% of all dissatisfied employers with jobs requiring a vocational qualification)",Overall,Training content is outdated,Overall,2015,,np,not_publishable,False,pct,overall,False,Employer survey — joins on state/industry/size. No ANZSCO occupation code available.,
Table 7,7,"Reasons for dissatisfaction with vocational qualification as a job requirement, timeseries (% of all dissatisfied employers with jobs requiring a vocational qualification)",Overall,Training content is outdated,Overall,2017,,np,not_publishable,False,pct,overall,False,Employer survey — joins on state/industry/size. No ANZSCO occupation code available.,
Table 7,7,"Reasons for dissatisfaction with vocational qualification as a job requirement, timeseries (% of all dissatisfied employers with jobs requiring a vocational qualification)",Overall,Training is of a poor quality or low standard,Overall,2005,16.8,16.8*,reported,True,pct,overall,False,Employer survey — joins on state/industry/size. No ANZSCO occupation code available.,False
Table 7,7,"Reasons for dissatisfaction with vocational qualification as a job requirement, timeseries (% of all dissatisfied employers with jobs requiring a vocational qualification)",Overall,Training is of a poor quality or low standard,Overall,2007,27.3,27.3,reported,False,pct,overall,False,Employer survey — joins on state/industry/size. No ANZSCO occupation code available.,False
Table 7,7,"Reasons for dissatisfaction with vocational qualification as a job requirement, timeseries (% of all dissatisfied employers with jobs requiring a vocational qualification)",Overall,Training is of a poor quality or low standard,Overall,2009,26.4,26.4,reported,False,pct,overall,False,Employer survey — joins on state/industry/size. No ANZSCO occupation code available.,False
Table 7,7,"Reasons for dissatisfaction with vocational qualification as a job requirement, timeseries (% of all dissatisfied employers with jobs requiring a vocational qualification)",Overall,Training is of a poor quality or low standard,Overall,2011,39.5,39.5,reported,False,pct,overall,False,Employer survey — joins on state/industry/size. No ANZSCO occupation code available.,False
Table 7,7,"Reasons for dissatisfaction with vocational qualification as a job requirement, timeseries (% of all dissatisfied employers with jobs requiring a vocational qualification)",Overall,Training is of a poor quality or low standard,Overall,2013,54.0,54,reported,False,pct,overall,False,Employer survey — joins on state/industry/size. No ANZSCO occupation code available.,False
Table 7,7,"Reasons for dissatisfaction with vocational qualification as a job requirement, timeseries (% of all dissatisfied employers with jobs requiring a vocational qualification)",Overall,Training is of a poor quality or low standard,Overall,2015,43.7,43.7,reported,False,pct,overall,False,Employer survey — joins on state/industry/size. No ANZSCO occupation code available.,False
Table 7,7,"Reasons for dissatisfaction with vocational qualification as a job requirement, timeseries (% of all dissatisfied employers with jobs requiring a vocational qualification)",Overall,Training is of a poor quality or low standard,Overall,2017,41.8,41.8,reported,False,pct,overall,False,Employer survey — joins on state/industry/size. No ANZSCO occupation code available.,False
Table 7,7,"Reasons for dissatisfaction with vocational qualification as a job requirement, timeseries (% of all dissatisfied employers with jobs requiring a vocational qualification)",Overall,Training is of a poor quality or low standard,Overall,2019,56.5,56.5*,reported,True,pct,overall,False,Employer survey — joins on state/industry/size. No ANZSCO occupation code available.,False
Table 7,7,"Reasons for dissatisfaction with vocational qualification as a job requirement, timeseries (% of all dissatisfied employers with jobs requiring a vocational qualification)",Overall,Training is of a poor quality or low standard,Overall,2021,47.0,47.0*,reported,True,pct,overall,False,Employer survey — joins on state/industry/size. No ANZSCO occupation code available.,False
Table 7,7,"Reasons for dissatisfaction with vocational qualification as a job requirement, timeseries (% of all dissatisfied employers with jobs requiring a vocational qualification)",Overall,Training is of a poor quality or low standard,Overall,2023,62.7,62.7*,reported,True,pct,overall,False,Employer survey — joins on state/industry/size. No ANZSCO occupation code available.,False
Table 7,7,"Reasons for dissatisfaction with vocational qualification as a job requirement, timeseries (% of all dissatisfied employers with jobs requiring a vocational qualification)",Overall,Training is of a poor quality or low standard,Overall,2025,53.9,53.9*,reported,True,pct,overall,False,Employer survey — joins on state/industry/size. No ANZSCO occupation code available.,False
Table 7,7,"Reasons for dissatisfaction with vocational qualification as a job requirement, timeseries (% of all dissatisfied employers with jobs requiring a vocational qualification)",Overall,Training is too expensive,Overall,2015,3.2,3.2*,reported,True,pct,overall,False,Employer survey — joins on state/industry/size. No ANZSCO occupation code available.,False
Table 7,7,"Reasons for dissatisfaction with vocational qualification as a job requirement, timeseries (% of all dissatisfied employers with jobs requiring a vocational qualification)",Overall,Training is too expensive,Overall,2019,3.8,3.8,reported,False,pct,overall,False,Employer survey — joins on state/industry/size. No ANZSCO occupation code available.,False
Table 7,7,"Reasons for dissatisfaction with vocational qualification as a job requirement, timeseries (% of all dissatisfied employers with jobs requiring a vocational qualification)",Overall,Training is too expensive,Overall,2021,0.4,0.4,reported,False,pct,overall,False,Employer survey — joins on state/industry/size. No ANZSCO occupation code available.,False
Table 7,7,"Reasons for dissatisfaction with vocational qualification as a job requirement, timeseries (% of all dissatisfied employers with jobs requiring a vocational qualification)",Overall,Training is too expensive,Overall,2023,0.2,0.2,reported,False,pct,overall,False,Employer survey — joins on state/industry/size. No ANZSCO occupation code available.,False
Table 7,7,"Reasons for dissatisfaction with vocational qualification as a job requirement, timeseries (% of all dissatisfied employers with jobs requiring a vocational qualification)",Overall,Training is too expensive,Overall,2025,3.5,3.5,reported,False,pct,overall,False,Employer survey — joins on state/industry/size. No ANZSCO occupation code available.,False
Table 7,7,"Reasons for dissatisfaction with vocational qualification as a job requirement, timeseries (% of all dissatisfied employers with jobs requiring a vocational qualification)",Overall,Training is too expensive,Overall,2005,,np,not_publishable,False,pct,overall,False,Employer survey — joins on state/industry/size. No ANZSCO occupation code available.,
Table 7,7,"Reasons for dissatisfaction with vocational qualification as a job requirement, timeseries (% of all dissatisfied employers with jobs requiring a vocational qualification)",Overall,Training is too expensive,Overall,2007,,np,not_publishable,False,pct,overall,False,Employer survey — joins on state/industry/size. No ANZSCO occupation code available.,
Table 7,7,"Reasons for dissatisfaction with vocational qualification as a job requirement, timeseries (% of all dissatisfied employers with jobs requiring a vocational qualification)",Overall,Training is too expensive,Overall,2009,,np,not_publishable,False,pct,overall,False,Employer survey — joins on state/industry/size. No ANZSCO occupation code available.,
Table 7,7,"Reasons for dissatisfaction with vocational qualification as a job requirement, timeseries (% of all dissatisfied employers with jobs requiring a vocational qualification)",Overall,Training is too expensive,Overall,2011,,np,not_publishable,False,pct,overall,False,Employer survey — joins on state/industry/size. No ANZSCO occupation code available.,
Table 7,7,"Reasons for dissatisfaction with vocational qualification as a job requirement, timeseries (% of all dissatisfied employers with jobs requiring a vocational qualification)",Overall,Training is too expensive,Overall,2013,,np,not_publishable,False,pct,overall,False,Employer survey — joins on state/industry/size. No ANZSCO occupation code available.,
Table 7,7,"Reasons for dissatisfaction with vocational qualification as a job requirement, timeseries (% of all dissatisfied employers with jobs requiring a vocational qualification)",Overall,Training is too expensive,Overall,2017,,np,not_publishable,False,pct,overall,False,Employer survey — joins on state/industry/size. No ANZSCO occupation code available.,
Table 7,7,"Reasons for dissatisfaction with vocational qualification as a job requirement, timeseries (% of all dissatisfied employers with jobs requiring a vocational qualification)",Overall,Training is too general and not specific enough,Overall,2005,25.3,25.3*,reported,True,pct,overall,False,Employer survey — joins on state/industry/size. No ANZSCO occupation code available.,False
Table 7,7,"Reasons for dissatisfaction with vocational qualification as a job requirement, timeseries (% of all dissatisfied employers with jobs requiring a vocational qualification)",Overall,Training is too general and not specific enough,Overall,2007,17.7,17.7*,reported,True,pct,overall,False,Employer survey — joins on state/industry/size. No ANZSCO occupation code available.,False
Table 7,7,"Reasons for dissatisfaction with vocational qualification as a job requirement, timeseries (% of all dissatisfied employers with jobs requiring a vocational qualification)",Overall,Training is too general and not specific enough,Overall,2009,20.3,20.3*,reported,True,pct,overall,False,Employer survey — joins on state/industry/size. No ANZSCO occupation code available.,False
Table 7,7,"Reasons for dissatisfaction with vocational qualification as a job requirement, timeseries (% of all dissatisfied employers with jobs requiring a vocational qualification)",Overall,Training is too general and not specific enough,Overall,2011,20.4,20.4,reported,False,pct,overall,False,Employer survey — joins on state/industry/size. No ANZSCO occupation code available.,False
Table 7,7,"Reasons for dissatisfaction with vocational qualification as a job requirement, timeseries (% of all dissatisfied employers with jobs requiring a vocational qualification)",Overall,Training is too general and not specific enough,Overall,2013,26.0,26.0*,reported,True,pct,overall,False,Employer survey — joins on state/industry/size. No ANZSCO occupation code available.,False
Table 7,7,"Reasons for dissatisfaction with vocational qualification as a job requirement, timeseries (% of all dissatisfied employers with jobs requiring a vocational qualification)",Overall,Training is too general and not specific enough,Overall,2015,19.0,19.0*,reported,True,pct,overall,False,Employer survey — joins on state/industry/size. No ANZSCO occupation code available.,False
Table 7,7,"Reasons for dissatisfaction with vocational qualification as a job requirement, timeseries (% of all dissatisfied employers with jobs requiring a vocational qualification)",Overall,Training is too general and not specific enough,Overall,2017,21.4,21.4,reported,False,pct,overall,False,Employer survey — joins on state/industry/size. No ANZSCO occupation code available.,False
Table 7,7,"Reasons for dissatisfaction with vocational qualification as a job requirement, timeseries (% of all dissatisfied employers with jobs requiring a vocational qualification)",Overall,Training is too general and not specific enough,Overall,2019,25.7,25.7,reported,False,pct,overall,False,Employer survey — joins on state/industry/size. No ANZSCO occupation code available.,False
Table 7,7,"Reasons for dissatisfaction with vocational qualification as a job requirement, timeseries (% of all dissatisfied employers with jobs requiring a vocational qualification)",Overall,Training is too general and not specific enough,Overall,2021,20.0,20,reported,False,pct,overall,False,Employer survey — joins on state/industry/size. No ANZSCO occupation code available.,False
Table 7,7,"Reasons for dissatisfaction with vocational qualification as a job requirement, timeseries (% of all dissatisfied employers with jobs requiring a vocational qualification)",Overall,Training is too general and not specific enough,Overall,2023,17.1,17.1,reported,False,pct,overall,False,Employer survey — joins on state/industry/size. No ANZSCO occupation code available.,False
Table 7,7,"Reasons for dissatisfaction with vocational qualification as a job requirement, timeseries (% of all dissatisfied employers with jobs requiring a vocational qualification)",Overall,Training is too general and not specific enough,Overall,2025,22.4,22.4*,reported,True,pct,overall,False,Employer survey — joins on state/industry/size. No ANZSCO occupation code available.,False
Table 8,8,"Reasons for dissatisfaction with apprentices and trainees, timeseries (% of all dissatisfied employers with apprentices or trainees)",Overall,Access and the amount of funding available,Overall,2005,7.9,7.9*,reported,True,pct,overall,False,Employer survey — joins on state/industry/size. No ANZSCO occupation code available.,False
Table 8,8,"Reasons for dissatisfaction with apprentices and trainees, timeseries (% of all dissatisfied employers with apprentices or trainees)",Overall,Access and the amount of funding available,Overall,2013,5.6,5.6*,reported,True,pct,overall,False,Employer survey — joins on state/industry/size. No ANZSCO occupation code available.,False
Table 8,8,"Reasons for dissatisfaction with apprentices and trainees, timeseries (% of all dissatisfied employers with apprentices or trainees)",Overall,Access and the amount of funding available,Overall,2019,2.2,2.2,reported,False,pct,overall,False,Employer survey — joins on state/industry/size. No ANZSCO occupation code available.,False
Table 8,8,"Reasons for dissatisfaction with apprentices and trainees, timeseries (% of all dissatisfied employers with apprentices or trainees)",Overall,Access and the amount of funding available,Overall,2021,1.7,1.7,reported,False,pct,overall,False,Employer survey — joins on state/industry/size. No ANZSCO occupation code available.,False
Table 8,8,"Reasons for dissatisfaction with apprentices and trainees, timeseries (% of all dissatisfied employers with apprentices or trainees)",Overall,Access and the amount of funding available,Overall,2023,0.3,0.3,reported,False,pct,overall,False,Employer survey — joins on state/industry/size. No ANZSCO occupation code available.,False
Table 8,8,"Reasons for dissatisfaction with apprentices and trainees, timeseries (% of all dissatisfied employers with apprentices or trainees)",Overall,Access and the amount of funding available,Overall,2007,,np,not_publishable,False,pct,overall,False,Employer survey — joins on state/industry/size. No ANZSCO occupation code available.,
Table 8,8,"Reasons for dissatisfaction with apprentices and trainees, timeseries (% of all dissatisfied employers with apprentices or trainees)",Overall,Access and the amount of funding available,Overall,2009,,np,not_publishable,False,pct,overall,False,Employer survey — joins on state/industry/size. No ANZSCO occupation code available.,
Table 8,8,"Reasons for dissatisfaction with apprentices and trainees, timeseries (% of all dissatisfied employers with apprentices or trainees)",Overall,Access and the amount of funding available,Overall,2011,,np,not_publishable,False,pct,overall,False,Employer survey — joins on state/industry/size. No ANZSCO occupation code available.,
Table 8,8,"Reasons for dissatisfaction with apprentices and trainees, timeseries (% of all dissatisfied employers with apprentices or trainees)",Overall,Access and the amount of funding available,Overall,2015,,np,not_publishable,False,pct,overall,False,Employer survey — joins on state/industry/size. No ANZSCO occupation code available.,
Table 8,8,"Reasons for dissatisfaction with apprentices and trainees, timeseries (% of all dissatisfied employers with apprentices or trainees)",Overall,Access and the amount of funding available,Overall,2017,,np,not_publishable,False,pct,overall,False,Employer survey — joins on state/industry/size. No ANZSCO occupation code available.,
Table 8,8,"Reasons for dissatisfaction with apprentices and trainees, timeseries (% of all dissatisfied employers with apprentices or trainees)",Overall,Access and the amount of funding available,Overall,2025,,np,not_publishable,False,pct,overall,False,Employer survey — joins on state/industry/size. No ANZSCO occupation code available.,
Table 8,8,"Reasons for dissatisfaction with apprentices and trainees, timeseries (% of all dissatisfied employers with apprentices or trainees)",Overall,Apprentice/ trainee had a poor attitude,Overall,2005,9.8,9.8*,reported,True,pct,overall,False,Employer survey — joins on state/industry/size. No ANZSCO occupation code available.,False
Table 8,8,"Reasons for dissatisfaction with apprentices and trainees, timeseries (% of all dissatisfied employers with apprentices or trainees)",Overall,Apprentice/ trainee had a poor attitude,Overall,2007,19.2,19.2*,reported,True,pct,overall,False,Employer survey — joins on state/industry/size. No ANZSCO occupation code available.,False
Table 8,8,"Reasons for dissatisfaction with apprentices and trainees, timeseries (% of all dissatisfied employers with apprentices or trainees)",Overall,Apprentice/ trainee had a poor attitude,Overall,2009,24.1,24.1,reported,False,pct,overall,False,Employer survey — joins on state/industry/size. No ANZSCO occupation code available.,False
Table 8,8,"Reasons for dissatisfaction with apprentices and trainees, timeseries (% of all dissatisfied employers with apprentices or trainees)",Overall,Apprentice/ trainee had a poor attitude,Overall,2011,37.0,37,reported,False,pct,overall,False,Employer survey — joins on state/industry/size. No ANZSCO occupation code available.,False
Table 8,8,"Reasons for dissatisfaction with apprentices and trainees, timeseries (% of all dissatisfied employers with apprentices or trainees)",Overall,Apprentice/ trainee had a poor attitude,Overall,2013,7.6,7.6*,reported,True,pct,overall,False,Employer survey — joins on state/industry/size. No ANZSCO occupation code available.,False
Table 8,8,"Reasons for dissatisfaction with apprentices and trainees, timeseries (% of all dissatisfied employers with apprentices or trainees)",Overall,Apprentice/ trainee had a poor attitude,Overall,2015,5.8,5.8*,reported,True,pct,overall,False,Employer survey — joins on state/industry/size. No ANZSCO occupation code available.,False
Table 8,8,"Reasons for dissatisfaction with apprentices and trainees, timeseries (% of all dissatisfied employers with apprentices or trainees)",Overall,Apprentice/ trainee had a poor attitude,Overall,2017,8.1,8.1*,reported,True,pct,overall,False,Employer survey — joins on state/industry/size. No ANZSCO occupation code available.,False
Table 8,8,"Reasons for dissatisfaction with apprentices and trainees, timeseries (% of all dissatisfied employers with apprentices or trainees)",Overall,Apprentice/ trainee had a poor attitude,Overall,2019,11.5,11.5,reported,False,pct,overall,False,Employer survey — joins on state/industry/size. No ANZSCO occupation code available.,False
Table 8,8,"Reasons for dissatisfaction with apprentices and trainees, timeseries (% of all dissatisfied employers with apprentices or trainees)",Overall,Apprentice/ trainee had a poor attitude,Overall,2021,16.1,16.1,reported,False,pct,overall,False,Employer survey — joins on state/industry/size. No ANZSCO occupation code available.,False
Table 8,8,"Reasons for dissatisfaction with apprentices and trainees, timeseries (% of all dissatisfied employers with apprentices or trainees)",Overall,Apprentice/ trainee had a poor attitude,Overall,2023,10.1,10.1,reported,False,pct,overall,False,Employer survey — joins on state/industry/size. No ANZSCO occupation code available.,False
Table 8,8,"Reasons for dissatisfaction with apprentices and trainees, timeseries (% of all dissatisfied employers with apprentices or trainees)",Overall,Apprentice/ trainee had a poor attitude,Overall,2025,17.5,17.5*,reported,True,pct,overall,False,Employer survey — joins on state/industry/size. No ANZSCO occupation code available.,False
Table 8,8,"Reasons for dissatisfaction with apprentices and trainees, timeseries (% of all dissatisfied employers with apprentices or trainees)",Overall,Instructors do not have enough industry experience,Overall,2013,13.6,13.6*,reported,True,pct,overall,False,Employer survey — joins on state/industry/size. No ANZSCO occupation code available.,False
Table 8,8,"Reasons for dissatisfaction with apprentices and trainees, timeseries (% of all dissatisfied employers with apprentices or trainees)",Overall,Instructors do not have enough industry experience,Overall,2015,12.3,12.3*,reported,True,pct,overall,False,Employer survey — joins on state/industry/size. No ANZSCO occupation code available.,False
Table 8,8,"Reasons for dissatisfaction with apprentices and trainees, timeseries (% of all dissatisfied employers with apprentices or trainees)",Overall,Instructors do not have enough industry experience,Overall,2017,13.1,13.1*,reported,True,pct,overall,False,Employer survey — joins on state/industry/size. No ANZSCO occupation code available.,False
Table 8,8,"Reasons for dissatisfaction with apprentices and trainees, timeseries (% of all dissatisfied employers with apprentices or trainees)",Overall,Instructors do not have enough industry experience,Overall,2019,14.9,14.9,reported,False,pct,overall,False,Employer survey — joins on state/industry/size. No ANZSCO occupation code available.,False
Table 8,8,"Reasons for dissatisfaction with apprentices and trainees, timeseries (% of all dissatisfied employers with apprentices or trainees)",Overall,Instructors do not have enough industry experience,Overall,2021,20.8,20.8,reported,False,pct,overall,False,Employer survey — joins on state/industry/size. No ANZSCO occupation code available.,False
Table 8,8,"Reasons for dissatisfaction with apprentices and trainees, timeseries (% of all dissatisfied employers with apprentices or trainees)",Overall,Instructors do not have enough industry experience,Overall,2023,24.9,24.9*,reported,True,pct,overall,False,Employer survey — joins on state/industry/size. No ANZSCO occupation code available.,False
Table 8,8,"Reasons for dissatisfaction with apprentices and trainees, timeseries (% of all dissatisfied employers with apprentices or trainees)",Overall,Instructors do not have enough industry experience,Overall,2025,15.1,15.1,reported,False,pct,overall,False,Employer survey — joins on state/industry/size. No ANZSCO occupation code available.,False
Table 8,8,"Reasons for dissatisfaction with apprentices and trainees, timeseries (% of all dissatisfied employers with apprentices or trainees)",Overall,Instructors do not have enough industry experience,Overall,2005,,np,not_publishable,False,pct,overall,False,Employer survey — joins on state/industry/size. No ANZSCO occupation code available.,
Table 8,8,"Reasons for dissatisfaction with apprentices and trainees, timeseries (% of all dissatisfied employers with apprentices or trainees)",Overall,Instructors do not have enough industry experience,Overall,2009,,np,not_publishable,False,pct,overall,False,Employer survey — joins on state/industry/size. No ANZSCO occupation code available.,
Table 8,8,"Reasons for dissatisfaction with apprentices and trainees, timeseries (% of all dissatisfied employers with apprentices or trainees)",Overall,Instructors do not have enough industry experience,Overall,2011,,np,not_publishable,False,pct,overall,False,Employer survey — joins on state/industry/size. No ANZSCO occupation code available.,
Table 8,8,"Reasons for dissatisfaction with apprentices and trainees, timeseries (% of all dissatisfied employers with apprentices or trainees)",Overall,Instructors do not have enough industry experience,Overall,2007,,na,not_available,False,pct,overall,False,Employer survey — joins on state/industry/size. No ANZSCO occupation code available.,
Table 8,8,"Reasons for dissatisfaction with apprentices and trainees, timeseries (% of all dissatisfied employers with apprentices or trainees)",Overall,Insufficient communication between training provider and employment agency,Overall,2007,2.9,2.9*,reported,True,pct,overall,False,Employer survey — joins on state/industry/size. No ANZSCO occupation code available.,False
Table 8,8,"Reasons for dissatisfaction with apprentices and trainees, timeseries (% of all dissatisfied employers with apprentices or trainees)",Overall,Insufficient communication between training provider and employment agency,Overall,2009,6.8,6.8*,reported,True,pct,overall,False,Employer survey — joins on state/industry/size. No ANZSCO occupation code available.,False
Table 8,8,"Reasons for dissatisfaction with apprentices and trainees, timeseries (% of all dissatisfied employers with apprentices or trainees)",Overall,Insufficient communication between training provider and employment agency,Overall,2011,13.0,13.0*,reported,True,pct,overall,False,Employer survey — joins on state/industry/size. No ANZSCO occupation code available.,False
Table 8,8,"Reasons for dissatisfaction with apprentices and trainees, timeseries (% of all dissatisfied employers with apprentices or trainees)",Overall,Insufficient communication between training provider and employment agency,Overall,2013,11.1,11.1*,reported,True,pct,overall,False,Employer survey — joins on state/industry/size. No ANZSCO occupation code available.,False
Table 8,8,"Reasons for dissatisfaction with apprentices and trainees, timeseries (% of all dissatisfied employers with apprentices or trainees)",Overall,Insufficient communication between training provider and employment agency,Overall,2015,9.0,9.0*,reported,True,pct,overall,False,Employer survey — joins on state/industry/size. No ANZSCO occupation code available.,False
Table 8,8,"Reasons for dissatisfaction with apprentices and trainees, timeseries (% of all dissatisfied employers with apprentices or trainees)",Overall,Insufficient communication between training provider and employment agency,Overall,2017,11.7,11.7*,reported,True,pct,overall,False,Employer survey — joins on state/industry/size. No ANZSCO occupation code available.,False
Table 8,8,"Reasons for dissatisfaction with apprentices and trainees, timeseries (% of all dissatisfied employers with apprentices or trainees)",Overall,Insufficient communication between training provider and employment agency,Overall,2019,24.9,24.9*,reported,True,pct,overall,False,Employer survey — joins on state/industry/size. No ANZSCO occupation code available.,False
Table 8,8,"Reasons for dissatisfaction with apprentices and trainees, timeseries (% of all dissatisfied employers with apprentices or trainees)",Overall,Insufficient communication between training provider and employment agency,Overall,2021,25.6,25.6*,reported,True,pct,overall,False,Employer survey — joins on state/industry/size. No ANZSCO occupation code available.,False
Table 8,8,"Reasons for dissatisfaction with apprentices and trainees, timeseries (% of all dissatisfied employers with apprentices or trainees)",Overall,Insufficient communication between training provider and employment agency,Overall,2023,33.1,33.1*,reported,True,pct,overall,False,Employer survey — joins on state/industry/size. No ANZSCO occupation code available.,False
Table 8,8,"Reasons for dissatisfaction with apprentices and trainees, timeseries (% of all dissatisfied employers with apprentices or trainees)",Overall,Insufficient communication between training provider and employment agency,Overall,2025,27.1,27.1*,reported,True,pct,overall,False,Employer survey — joins on state/industry/size. No ANZSCO occupation code available.,False
Table 8,8,"Reasons for dissatisfaction with apprentices and trainees, timeseries (% of all dissatisfied employers with apprentices or trainees)",Overall,Insufficient communication between training provider and employment agency,Overall,2005,,np,not_publishable,False,pct,overall,False,Employer survey — joins on state/industry/size. No ANZSCO occupation code available.,
Table 8,8,"Reasons for dissatisfaction with apprentices and trainees, timeseries (% of all dissatisfied employers with apprentices or trainees)",Overall,Not enough focus on practical skills,Overall,2005,8.9,8.9*,reported,True,pct,overall,False,Employer survey — joins on state/industry/size. No ANZSCO occupation code available.,False
Table 8,8,"Reasons for dissatisfaction with apprentices and trainees, timeseries (% of all dissatisfied employers with apprentices or trainees)",Overall,Not enough focus on practical skills,Overall,2007,20.3,20.3*,reported,True,pct,overall,False,Employer survey — joins on state/industry/size. No ANZSCO occupation code available.,False
Table 8,8,"Reasons for dissatisfaction with apprentices and trainees, timeseries (% of all dissatisfied employers with apprentices or trainees)",Overall,Not enough focus on practical skills,Overall,2009,29.0,29,reported,False,pct,overall,False,Employer survey — joins on state/industry/size. No ANZSCO occupation code available.,False
Table 8,8,"Reasons for dissatisfaction with apprentices and trainees, timeseries (% of all dissatisfied employers with apprentices or trainees)",Overall,Not enough focus on practical skills,Overall,2011,24.9,24.9,reported,False,pct,overall,False,Employer survey — joins on state/industry/size. No ANZSCO occupation code available.,False
Table 8,8,"Reasons for dissatisfaction with apprentices and trainees, timeseries (% of all dissatisfied employers with apprentices or trainees)",Overall,Not enough focus on practical skills,Overall,2013,17.6,17.6*,reported,True,pct,overall,False,Employer survey — joins on state/industry/size. No ANZSCO occupation code available.,False
Table 8,8,"Reasons for dissatisfaction with apprentices and trainees, timeseries (% of all dissatisfied employers with apprentices or trainees)",Overall,Not enough focus on practical skills,Overall,2015,26.9,26.9*,reported,True,pct,overall,False,Employer survey — joins on state/industry/size. No ANZSCO occupation code available.,False
Table 8,8,"Reasons for dissatisfaction with apprentices and trainees, timeseries (% of all dissatisfied employers with apprentices or trainees)",Overall,Not enough focus on practical skills,Overall,2017,29.0,29,reported,False,pct,overall,False,Employer survey — joins on state/industry/size. No ANZSCO occupation code available.,False
Table 8,8,"Reasons for dissatisfaction with apprentices and trainees, timeseries (% of all dissatisfied employers with apprentices or trainees)",Overall,Not enough focus on practical skills,Overall,2019,32.9,32.9*,reported,True,pct,overall,False,Employer survey — joins on state/industry/size. No ANZSCO occupation code available.,False
Table 8,8,"Reasons for dissatisfaction with apprentices and trainees, timeseries (% of all dissatisfied employers with apprentices or trainees)",Overall,Not enough focus on practical skills,Overall,2021,31.5,31.5*,reported,True,pct,overall,False,Employer survey — joins on state/industry/size. No ANZSCO occupation code available.,False
Table 8,8,"Reasons for dissatisfaction with apprentices and trainees, timeseries (% of all dissatisfied employers with apprentices or trainees)",Overall,Not enough focus on practical skills,Overall,2023,25.4,25.4,reported,False,pct,overall,False,Employer survey — joins on state/industry/size. No ANZSCO occupation code available.,False
Table 8,8,"Reasons for dissatisfaction with apprentices and trainees, timeseries (% of all dissatisfied employers with apprentices or trainees)",Overall,Not enough focus on practical skills,Overall,2025,25.5,25.5*,reported,True,pct,overall,False,Employer survey — joins on state/industry/size. No ANZSCO occupation code available.,False
Table 8,8,"Reasons for dissatisfaction with apprentices and trainees, timeseries (% of all dissatisfied employers with apprentices or trainees)",Overall,Other reasons,Overall,2005,28.2,28.2*,reported,True,pct,overall,False,Employer survey — joins on state/industry/size. No ANZSCO occupation code available.,False
Table 8,8,"Reasons for dissatisfaction with apprentices and trainees, timeseries (% of all dissatisfied employers with apprentices or trainees)",Overall,Other reasons,Overall,2007,22.7,22.7*,reported,True,pct,overall,False,Employer survey — joins on state/industry/size. No ANZSCO occupation code available.,False
Table 8,8,"Reasons for dissatisfaction with apprentices and trainees, timeseries (% of all dissatisfied employers with apprentices or trainees)",Overall,Other reasons,Overall,2009,15.9,15.9*,reported,True,pct,overall,False,Employer survey — joins on state/industry/size. No ANZSCO occupation code available.,False
Table 8,8,"Reasons for dissatisfaction with apprentices and trainees, timeseries (% of all dissatisfied employers with apprentices or trainees)",Overall,Other reasons,Overall,2011,23.4,23.4,reported,False,pct,overall,False,Employer survey — joins on state/industry/size. No ANZSCO occupation code available.,False
Table 8,8,"Reasons for dissatisfaction with apprentices and trainees, timeseries (% of all dissatisfied employers with apprentices or trainees)",Overall,Other reasons,Overall,2013,15.9,15.9*,reported,True,pct,overall,False,Employer survey — joins on state/industry/size. No ANZSCO occupation code available.,False
Table 8,8,"Reasons for dissatisfaction with apprentices and trainees, timeseries (% of all dissatisfied employers with apprentices or trainees)",Overall,Other reasons,Overall,2015,30.1,30.1*,reported,True,pct,overall,False,Employer survey — joins on state/industry/size. No ANZSCO occupation code available.,False
Table 8,8,"Reasons for dissatisfaction with apprentices and trainees, timeseries (% of all dissatisfied employers with apprentices or trainees)",Overall,Other reasons,Overall,2017,13.2,13.2*,reported,True,pct,overall,False,Employer survey — joins on state/industry/size. No ANZSCO occupation code available.,False
Table 8,8,"Reasons for dissatisfaction with apprentices and trainees, timeseries (% of all dissatisfied employers with apprentices or trainees)",Overall,Other reasons,Overall,2019,17.3,17.3,reported,False,pct,overall,False,Employer survey — joins on state/industry/size. No ANZSCO occupation code available.,False
Table 8,8,"Reasons for dissatisfaction with apprentices and trainees, timeseries (% of all dissatisfied employers with apprentices or trainees)",Overall,Other reasons,Overall,2021,15.0,15,reported,False,pct,overall,False,Employer survey — joins on state/industry/size. No ANZSCO occupation code available.,False
Table 8,8,"Reasons for dissatisfaction with apprentices and trainees, timeseries (% of all dissatisfied employers with apprentices or trainees)",Overall,Other reasons,Overall,2023,13.1,13.1,reported,False,pct,overall,False,Employer survey — joins on state/industry/size. No ANZSCO occupation code available.,False
Table 8,8,"Reasons for dissatisfaction with apprentices and trainees, timeseries (% of all dissatisfied employers with apprentices or trainees)",Overall,Other reasons,Overall,2025,36.9,36.9*,reported,True,pct,overall,False,Employer survey — joins on state/industry/size. No ANZSCO occupation code available.,False
Table 8,8,"Reasons for dissatisfaction with apprentices and trainees, timeseries (% of all dissatisfied employers with apprentices or trainees)",Overall,Poor access to training in regional/rural areas,Overall,2005,11.3,11.3*,reported,True,pct,overall,False,Employer survey — joins on state/industry/size. No ANZSCO occupation code available.,False
Table 8,8,"Reasons for dissatisfaction with apprentices and trainees, timeseries (% of all dissatisfied employers with apprentices or trainees)",Overall,Poor access to training in regional/rural areas,Overall,2007,13.6,13.6*,reported,True,pct,overall,False,Employer survey — joins on state/industry/size. No ANZSCO occupation code available.,False
Table 8,8,"Reasons for dissatisfaction with apprentices and trainees, timeseries (% of all dissatisfied employers with apprentices or trainees)",Overall,Poor access to training in regional/rural areas,Overall,2013,4.1,4.1*,reported,True,pct,overall,False,Employer survey — joins on state/industry/size. No ANZSCO occupation code available.,False
Table 8,8,"Reasons for dissatisfaction with apprentices and trainees, timeseries (% of all dissatisfied employers with apprentices or trainees)",Overall,Poor access to training in regional/rural areas,Overall,2015,8.6,8.6*,reported,True,pct,overall,False,Employer survey — joins on state/industry/size. No ANZSCO occupation code available.,False
Table 8,8,"Reasons for dissatisfaction with apprentices and trainees, timeseries (% of all dissatisfied employers with apprentices or trainees)",Overall,Poor access to training in regional/rural areas,Overall,2017,4.8,4.8*,reported,True,pct,overall,False,Employer survey — joins on state/industry/size. No ANZSCO occupation code available.,False
Table 8,8,"Reasons for dissatisfaction with apprentices and trainees, timeseries (% of all dissatisfied employers with apprentices or trainees)",Overall,Poor access to training in regional/rural areas,Overall,2019,8.6,8.6,reported,False,pct,overall,False,Employer survey — joins on state/industry/size. No ANZSCO occupation code available.,False
Table 8,8,"Reasons for dissatisfaction with apprentices and trainees, timeseries (% of all dissatisfied employers with apprentices or trainees)",Overall,Poor access to training in regional/rural areas,Overall,2021,24.8,24.8*,reported,True,pct,overall,False,Employer survey — joins on state/industry/size. No ANZSCO occupation code available.,False
Table 8,8,"Reasons for dissatisfaction with apprentices and trainees, timeseries (% of all dissatisfied employers with apprentices or trainees)",Overall,Poor access to training in regional/rural areas,Overall,2023,9.2,9.2,reported,False,pct,overall,False,Employer survey — joins on state/industry/size. No ANZSCO occupation code available.,False
Table 8,8,"Reasons for dissatisfaction with apprentices and trainees, timeseries (% of all dissatisfied employers with apprentices or trainees)",Overall,Poor access to training in regional/rural areas,Overall,2025,15.4,15.4,reported,False,pct,overall,False,Employer survey — joins on state/industry/size. No ANZSCO occupation code available.,False
Table 8,8,"Reasons for dissatisfaction with apprentices and trainees, timeseries (% of all dissatisfied employers with apprentices or trainees)",Overall,Poor access to training in regional/rural areas,Overall,2009,,np,not_publishable,False,pct,overall,False,Employer survey — joins on state/industry/size. No ANZSCO occupation code available.,
Table 8,8,"Reasons for dissatisfaction with apprentices and trainees, timeseries (% of all dissatisfied employers with apprentices or trainees)",Overall,Poor access to training in regional/rural areas,Overall,2011,,np,not_publishable,False,pct,overall,False,Employer survey — joins on state/industry/size. No ANZSCO occupation code available.,
Table 8,8,"Reasons for dissatisfaction with apprentices and trainees, timeseries (% of all dissatisfied employers with apprentices or trainees)",Overall,Relevant skills are not taught,Overall,2005,19.9,19.9*,reported,True,pct,overall,False,Employer survey — joins on state/industry/size. No ANZSCO occupation code available.,False
Table 8,8,"Reasons for dissatisfaction with apprentices and trainees, timeseries (% of all dissatisfied employers with apprentices or trainees)",Overall,Relevant skills are not taught,Overall,2007,28.2,28.2*,reported,True,pct,overall,False,Employer survey — joins on state/industry/size. No ANZSCO occupation code available.,False
Table 8,8,"Reasons for dissatisfaction with apprentices and trainees, timeseries (% of all dissatisfied employers with apprentices or trainees)",Overall,Relevant skills are not taught,Overall,2009,39.1,39.1,reported,False,pct,overall,False,Employer survey — joins on state/industry/size. No ANZSCO occupation code available.,False
Table 8,8,"Reasons for dissatisfaction with apprentices and trainees, timeseries (% of all dissatisfied employers with apprentices or trainees)",Overall,Relevant skills are not taught,Overall,2011,27.1,27.1,reported,False,pct,overall,False,Employer survey — joins on state/industry/size. No ANZSCO occupation code available.,False
Table 8,8,"Reasons for dissatisfaction with apprentices and trainees, timeseries (% of all dissatisfied employers with apprentices or trainees)",Overall,Relevant skills are not taught,Overall,2013,39.5,39.5,reported,False,pct,overall,False,Employer survey — joins on state/industry/size. No ANZSCO occupation code available.,False
Table 8,8,"Reasons for dissatisfaction with apprentices and trainees, timeseries (% of all dissatisfied employers with apprentices or trainees)",Overall,Relevant skills are not taught,Overall,2015,41.7,41.7,reported,False,pct,overall,False,Employer survey — joins on state/industry/size. No ANZSCO occupation code available.,False
Table 8,8,"Reasons for dissatisfaction with apprentices and trainees, timeseries (% of all dissatisfied employers with apprentices or trainees)",Overall,Relevant skills are not taught,Overall,2017,33.5,33.5,reported,False,pct,overall,False,Employer survey — joins on state/industry/size. No ANZSCO occupation code available.,False
Table 8,8,"Reasons for dissatisfaction with apprentices and trainees, timeseries (% of all dissatisfied employers with apprentices or trainees)",Overall,Relevant skills are not taught,Overall,2019,30.3,30.3*,reported,True,pct,overall,False,Employer survey — joins on state/industry/size. No ANZSCO occupation code available.,False
Table 8,8,"Reasons for dissatisfaction with apprentices and trainees, timeseries (% of all dissatisfied employers with apprentices or trainees)",Overall,Relevant skills are not taught,Overall,2021,46.5,46.5*,reported,True,pct,overall,False,Employer survey — joins on state/industry/size. No ANZSCO occupation code available.,False
Table 8,8,"Reasons for dissatisfaction with apprentices and trainees, timeseries (% of all dissatisfied employers with apprentices or trainees)",Overall,Relevant skills are not taught,Overall,2023,54.8,54.8*,reported,True,pct,overall,False,Employer survey — joins on state/industry/size. No ANZSCO occupation code available.,False
Table 8,8,"Reasons for dissatisfaction with apprentices and trainees, timeseries (% of all dissatisfied employers with apprentices or trainees)",Overall,Relevant skills are not taught,Overall,2025,40.3,40.3*,reported,True,pct,overall,False,Employer survey — joins on state/industry/size. No ANZSCO occupation code available.,False
Table 8,8,"Reasons for dissatisfaction with apprentices and trainees, timeseries (% of all dissatisfied employers with apprentices or trainees)",Overall,Training content is outdated,Overall,2005,15.9,15.9*,reported,True,pct,overall,False,Employer survey — joins on state/industry/size. No ANZSCO occupation code available.,False
Table 8,8,"Reasons for dissatisfaction with apprentices and trainees, timeseries (% of all dissatisfied employers with apprentices or trainees)",Overall,Training content is outdated,Overall,2009,7.3,7.3*,reported,True,pct,overall,False,Employer survey — joins on state/industry/size. No ANZSCO occupation code available.,False
Table 8,8,"Reasons for dissatisfaction with apprentices and trainees, timeseries (% of all dissatisfied employers with apprentices or trainees)",Overall,Training content is outdated,Overall,2011,8.4,8.4*,reported,True,pct,overall,False,Employer survey — joins on state/industry/size. No ANZSCO occupation code available.,False
Table 8,8,"Reasons for dissatisfaction with apprentices and trainees, timeseries (% of all dissatisfied employers with apprentices or trainees)",Overall,Training content is outdated,Overall,2013,5.5,5.5*,reported,True,pct,overall,False,Employer survey — joins on state/industry/size. No ANZSCO occupation code available.,False
Table 8,8,"Reasons for dissatisfaction with apprentices and trainees, timeseries (% of all dissatisfied employers with apprentices or trainees)",Overall,Training content is outdated,Overall,2019,1.7,1.7,reported,False,pct,overall,False,Employer survey — joins on state/industry/size. No ANZSCO occupation code available.,False
Table 8,8,"Reasons for dissatisfaction with apprentices and trainees, timeseries (% of all dissatisfied employers with apprentices or trainees)",Overall,Training content is outdated,Overall,2021,1.1,1.1,reported,False,pct,overall,False,Employer survey — joins on state/industry/size. No ANZSCO occupation code available.,False
Table 8,8,"Reasons for dissatisfaction with apprentices and trainees, timeseries (% of all dissatisfied employers with apprentices or trainees)",Overall,Training content is outdated,Overall,2023,3.3,3.3,reported,False,pct,overall,False,Employer survey — joins on state/industry/size. No ANZSCO occupation code available.,False
Table 8,8,"Reasons for dissatisfaction with apprentices and trainees, timeseries (% of all dissatisfied employers with apprentices or trainees)",Overall,Training content is outdated,Overall,2025,2.4,2.4,reported,False,pct,overall,False,Employer survey — joins on state/industry/size. No ANZSCO occupation code available.,False
Table 8,8,"Reasons for dissatisfaction with apprentices and trainees, timeseries (% of all dissatisfied employers with apprentices or trainees)",Overall,Training content is outdated,Overall,2007,,np,not_publishable,False,pct,overall,False,Employer survey — joins on state/industry/size. No ANZSCO occupation code available.,
Table 8,8,"Reasons for dissatisfaction with apprentices and trainees, timeseries (% of all dissatisfied employers with apprentices or trainees)",Overall,Training content is outdated,Overall,2015,,np,not_publishable,False,pct,overall,False,Employer survey — joins on state/industry/size. No ANZSCO occupation code available.,
Table 8,8,"Reasons for dissatisfaction with apprentices and trainees, timeseries (% of all dissatisfied employers with apprentices or trainees)",Overall,Training content is outdated,Overall,2017,,np,not_publishable,False,pct,overall,False,Employer survey — joins on state/industry/size. No ANZSCO occupation code available.,
Table 8,8,"Reasons for dissatisfaction with apprentices and trainees, timeseries (% of all dissatisfied employers with apprentices or trainees)",Overall,Training is of a poor quality or low standard,Overall,2005,10.7,10.7*,reported,True,pct,overall,False,Employer survey — joins on state/industry/size. No ANZSCO occupation code available.,False
Table 8,8,"Reasons for dissatisfaction with apprentices and trainees, timeseries (% of all dissatisfied employers with apprentices or trainees)",Overall,Training is of a poor quality or low standard,Overall,2007,22.8,22.8*,reported,True,pct,overall,False,Employer survey — joins on state/industry/size. No ANZSCO occupation code available.,False
Table 8,8,"Reasons for dissatisfaction with apprentices and trainees, timeseries (% of all dissatisfied employers with apprentices or trainees)",Overall,Training is of a poor quality or low standard,Overall,2009,33.2,33.2,reported,False,pct,overall,False,Employer survey — joins on state/industry/size. No ANZSCO occupation code available.,False
Table 8,8,"Reasons for dissatisfaction with apprentices and trainees, timeseries (% of all dissatisfied employers with apprentices or trainees)",Overall,Training is of a poor quality or low standard,Overall,2011,36.7,36.7,reported,False,pct,overall,False,Employer survey — joins on state/industry/size. No ANZSCO occupation code available.,False
Table 8,8,"Reasons for dissatisfaction with apprentices and trainees, timeseries (% of all dissatisfied employers with apprentices or trainees)",Overall,Training is of a poor quality or low standard,Overall,2013,34.1,34.1,reported,False,pct,overall,False,Employer survey — joins on state/industry/size. No ANZSCO occupation code available.,False
Table 8,8,"Reasons for dissatisfaction with apprentices and trainees, timeseries (% of all dissatisfied employers with apprentices or trainees)",Overall,Training is of a poor quality or low standard,Overall,2015,42.5,42.5,reported,False,pct,overall,False,Employer survey — joins on state/industry/size. No ANZSCO occupation code available.,False
Table 8,8,"Reasons for dissatisfaction with apprentices and trainees, timeseries (% of all dissatisfied employers with apprentices or trainees)",Overall,Training is of a poor quality or low standard,Overall,2017,60.2,60.2,reported,False,pct,overall,False,Employer survey — joins on state/industry/size. No ANZSCO occupation code available.,False
Table 8,8,"Reasons for dissatisfaction with apprentices and trainees, timeseries (% of all dissatisfied employers with apprentices or trainees)",Overall,Training is of a poor quality or low standard,Overall,2019,56.7,56.7*,reported,True,pct,overall,False,Employer survey — joins on state/industry/size. No ANZSCO occupation code available.,False
Table 8,8,"Reasons for dissatisfaction with apprentices and trainees, timeseries (% of all dissatisfied employers with apprentices or trainees)",Overall,Training is of a poor quality or low standard,Overall,2021,50.6,50.6*,reported,True,pct,overall,False,Employer survey — joins on state/industry/size. No ANZSCO occupation code available.,False
Table 8,8,"Reasons for dissatisfaction with apprentices and trainees, timeseries (% of all dissatisfied employers with apprentices or trainees)",Overall,Training is of a poor quality or low standard,Overall,2023,49.9,49.9*,reported,True,pct,overall,False,Employer survey — joins on state/industry/size. No ANZSCO occupation code available.,False
Table 8,8,"Reasons for dissatisfaction with apprentices and trainees, timeseries (% of all dissatisfied employers with apprentices or trainees)",Overall,Training is of a poor quality or low standard,Overall,2025,49.2,49.2*,reported,True,pct,overall,False,Employer survey — joins on state/industry/size. No ANZSCO occupation code available.,False
Table 8,8,"Reasons for dissatisfaction with apprentices and trainees, timeseries (% of all dissatisfied employers with apprentices or trainees)",Overall,Training is too general and not specific enough,Overall,2005,20.8,20.8*,reported,True,pct,overall,False,Employer survey — joins on state/industry/size. No ANZSCO occupation code available.,False
Table 8,8,"Reasons for dissatisfaction with apprentices and trainees, timeseries (% of all dissatisfied employers with apprentices or trainees)",Overall,Training is too general and not specific enough,Overall,2007,6.9,6.9*,reported,True,pct,overall,False,Employer survey — joins on state/industry/size. No ANZSCO occupation code available.,False
Table 8,8,"Reasons for dissatisfaction with apprentices and trainees, timeseries (% of all dissatisfied employers with apprentices or trainees)",Overall,Training is too general and not specific enough,Overall,2009,18.7,18.7*,reported,True,pct,overall,False,Employer survey — joins on state/industry/size. No ANZSCO occupation code available.,False
Table 8,8,"Reasons for dissatisfaction with apprentices and trainees, timeseries (% of all dissatisfied employers with apprentices or trainees)",Overall,Training is too general and not specific enough,Overall,2011,11.8,11.8*,reported,True,pct,overall,False,Employer survey — joins on state/industry/size. No ANZSCO occupation code available.,False
Table 8,8,"Reasons for dissatisfaction with apprentices and trainees, timeseries (% of all dissatisfied employers with apprentices or trainees)",Overall,Training is too general and not specific enough,Overall,2013,14.7,14.7*,reported,True,pct,overall,False,Employer survey — joins on state/industry/size. No ANZSCO occupation code available.,False
Table 8,8,"Reasons for dissatisfaction with apprentices and trainees, timeseries (% of all dissatisfied employers with apprentices or trainees)",Overall,Training is too general and not specific enough,Overall,2015,12.9,12.9*,reported,True,pct,overall,False,Employer survey — joins on state/industry/size. No ANZSCO occupation code available.,False
Table 8,8,"Reasons for dissatisfaction with apprentices and trainees, timeseries (% of all dissatisfied employers with apprentices or trainees)",Overall,Training is too general and not specific enough,Overall,2017,9.2,9.2*,reported,True,pct,overall,False,Employer survey — joins on state/industry/size. No ANZSCO occupation code available.,False
Table 8,8,"Reasons for dissatisfaction with apprentices and trainees, timeseries (% of all dissatisfied employers with apprentices or trainees)",Overall,Training is too general and not specific enough,Overall,2019,27.7,27.7*,reported,True,pct,overall,False,Employer survey — joins on state/industry/size. No ANZSCO occupation code available.,False
Table 8,8,"Reasons for dissatisfaction with apprentices and trainees, timeseries (% of all dissatisfied employers with apprentices or trainees)",Overall,Training is too general and not specific enough,Overall,2021,18.1,18.1,reported,False,pct,overall,False,Employer survey — joins on state/industry/size. No ANZSCO occupation code available.,False
Table 8,8,"Reasons for dissatisfaction with apprentices and trainees, timeseries (% of all dissatisfied employers with apprentices or trainees)",Overall,Training is too general and not specific enough,Overall,2023,31.6,31.6*,reported,True,pct,overall,False,Employer survey — joins on state/industry/size. No ANZSCO occupation code available.,False
Table 8,8,"Reasons for dissatisfaction with apprentices and trainees, timeseries (% of all dissatisfied employers with apprentices or trainees)",Overall,Training is too general and not specific enough,Overall,2025,13.5,13.5,reported,False,pct,overall,False,Employer survey — joins on state/industry/size. No ANZSCO occupation code available.,False
Table 9,9,"Reasons for dissatisfaction with nationally recognised training, timeseries (% of all dissatisfied employers using nationally recognised training)",Overall,Access and the amount of funding available,Overall,2019,3.0,3,reported,False,pct,overall,False,Employer survey — joins on state/industry/size. No ANZSCO occupation code available.,False
Table 9,9,"Reasons for dissatisfaction with nationally recognised training, timeseries (% of all dissatisfied employers using nationally recognised training)",Overall,Access and the amount of funding available,Overall,2021,2.1,2.1,reported,False,pct,overall,False,Employer survey — joins on state/industry/size. No ANZSCO occupation code available.,False
Table 9,9,"Reasons for dissatisfaction with nationally recognised training, timeseries (% of all dissatisfied employers using nationally recognised training)",Overall,Access and the amount of funding available,Overall,2023,1.1,1.1,reported,False,pct,overall,False,Employer survey — joins on state/industry/size. No ANZSCO occupation code available.,False
Table 9,9,"Reasons for dissatisfaction with nationally recognised training, timeseries (% of all dissatisfied employers using nationally recognised training)",Overall,Access and the amount of funding available,Overall,2007,,np,not_publishable,False,pct,overall,False,Employer survey — joins on state/industry/size. No ANZSCO occupation code available.,
Table 9,9,"Reasons for dissatisfaction with nationally recognised training, timeseries (% of all dissatisfied employers using nationally recognised training)",Overall,Access and the amount of funding available,Overall,2013,,np,not_publishable,False,pct,overall,False,Employer survey — joins on state/industry/size. No ANZSCO occupation code available.,
Table 9,9,"Reasons for dissatisfaction with nationally recognised training, timeseries (% of all dissatisfied employers using nationally recognised training)",Overall,Access and the amount of funding available,Overall,2015,,np,not_publishable,False,pct,overall,False,Employer survey — joins on state/industry/size. No ANZSCO occupation code available.,
Table 9,9,"Reasons for dissatisfaction with nationally recognised training, timeseries (% of all dissatisfied employers using nationally recognised training)",Overall,Access and the amount of funding available,Overall,2025,,np,not_publishable,False,pct,overall,False,Employer survey — joins on state/industry/size. No ANZSCO occupation code available.,
Table 9,9,"Reasons for dissatisfaction with nationally recognised training, timeseries (% of all dissatisfied employers using nationally recognised training)",Overall,Access and the amount of funding available,Overall,2005,,na,not_available,False,pct,overall,False,Employer survey — joins on state/industry/size. No ANZSCO occupation code available.,
Table 9,9,"Reasons for dissatisfaction with nationally recognised training, timeseries (% of all dissatisfied employers using nationally recognised training)",Overall,Access and the amount of funding available,Overall,2009,,na,not_available,False,pct,overall,False,Employer survey — joins on state/industry/size. No ANZSCO occupation code available.,
Table 9,9,"Reasons for dissatisfaction with nationally recognised training, timeseries (% of all dissatisfied employers using nationally recognised training)",Overall,Access and the amount of funding available,Overall,2011,,na,not_available,False,pct,overall,False,Employer survey — joins on state/industry/size. No ANZSCO occupation code available.,
Table 9,9,"Reasons for dissatisfaction with nationally recognised training, timeseries (% of all dissatisfied employers using nationally recognised training)",Overall,Access and the amount of funding available,Overall,2017,,na,not_available,False,pct,overall,False,Employer survey — joins on state/industry/size. No ANZSCO occupation code available.,
Table 9,9,"Reasons for dissatisfaction with nationally recognised training, timeseries (% of all dissatisfied employers using nationally recognised training)",Overall,Instructors do not have enough industry experience,Overall,2007,1.2,1.2*,reported,True,pct,overall,False,Employer survey — joins on state/industry/size. No ANZSCO occupation code available.,False
Table 9,9,"Reasons for dissatisfaction with nationally recognised training, timeseries (% of all dissatisfied employers using nationally recognised training)",Overall,Instructors do not have enough industry experience,Overall,2011,7.5,7.5*,reported,True,pct,overall,False,Employer survey — joins on state/industry/size. No ANZSCO occupation code available.,False
Table 9,9,"Reasons for dissatisfaction with nationally recognised training, timeseries (% of all dissatisfied employers using nationally recognised training)",Overall,Instructors do not have enough industry experience,Overall,2013,12.0,12.0*,reported,True,pct,overall,False,Employer survey — joins on state/industry/size. No ANZSCO occupation code available.,False
Table 9,9,"Reasons for dissatisfaction with nationally recognised training, timeseries (% of all dissatisfied employers using nationally recognised training)",Overall,Instructors do not have enough industry experience,Overall,2015,3.6,3.6*,reported,True,pct,overall,False,Employer survey — joins on state/industry/size. No ANZSCO occupation code available.,False
Table 9,9,"Reasons for dissatisfaction with nationally recognised training, timeseries (% of all dissatisfied employers using nationally recognised training)",Overall,Instructors do not have enough industry experience,Overall,2017,11.1,11.1*,reported,True,pct,overall,False,Employer survey — joins on state/industry/size. No ANZSCO occupation code available.,False
Table 9,9,"Reasons for dissatisfaction with nationally recognised training, timeseries (% of all dissatisfied employers using nationally recognised training)",Overall,Instructors do not have enough industry experience,Overall,2019,19.4,19.4*,reported,True,pct,overall,False,Employer survey — joins on state/industry/size. No ANZSCO occupation code available.,False
Table 9,9,"Reasons for dissatisfaction with nationally recognised training, timeseries (% of all dissatisfied employers using nationally recognised training)",Overall,Instructors do not have enough industry experience,Overall,2021,15.4,15.4*,reported,True,pct,overall,False,Employer survey — joins on state/industry/size. No ANZSCO occupation code available.,False
Table 9,9,"Reasons for dissatisfaction with nationally recognised training, timeseries (% of all dissatisfied employers using nationally recognised training)",Overall,Instructors do not have enough industry experience,Overall,2023,10.2,10.2,reported,False,pct,overall,False,Employer survey — joins on state/industry/size. No ANZSCO occupation code available.,False
Table 9,9,"Reasons for dissatisfaction with nationally recognised training, timeseries (% of all dissatisfied employers using nationally recognised training)",Overall,Instructors do not have enough industry experience,Overall,2025,13.9,13.9,reported,False,pct,overall,False,Employer survey — joins on state/industry/size. No ANZSCO occupation code available.,False
Table 9,9,"Reasons for dissatisfaction with nationally recognised training, timeseries (% of all dissatisfied employers using nationally recognised training)",Overall,Instructors do not have enough industry experience,Overall,2005,,np,not_publishable,False,pct,overall,False,Employer survey — joins on state/industry/size. No ANZSCO occupation code available.,
Table 9,9,"Reasons for dissatisfaction with nationally recognised training, timeseries (% of all dissatisfied employers using nationally recognised training)",Overall,Instructors do not have enough industry experience,Overall,2009,,np,not_publishable,False,pct,overall,False,Employer survey — joins on state/industry/size. No ANZSCO occupation code available.,
Table 9,9,"Reasons for dissatisfaction with nationally recognised training, timeseries (% of all dissatisfied employers using nationally recognised training)",Overall,Not enough focus on practical skills,Overall,2005,24.5,24.5*,reported,True,pct,overall,False,Employer survey — joins on state/industry/size. No ANZSCO occupation code available.,False
Table 9,9,"Reasons for dissatisfaction with nationally recognised training, timeseries (% of all dissatisfied employers using nationally recognised training)",Overall,Not enough focus on practical skills,Overall,2007,24.5,24.5*,reported,True,pct,overall,False,Employer survey — joins on state/industry/size. No ANZSCO occupation code available.,False
Table 9,9,"Reasons for dissatisfaction with nationally recognised training, timeseries (% of all dissatisfied employers using nationally recognised training)",Overall,Not enough focus on practical skills,Overall,2009,30.5,30.5*,reported,True,pct,overall,False,Employer survey — joins on state/industry/size. No ANZSCO occupation code available.,False
Table 9,9,"Reasons for dissatisfaction with nationally recognised training, timeseries (% of all dissatisfied employers using nationally recognised training)",Overall,Not enough focus on practical skills,Overall,2011,19.6,19.6*,reported,True,pct,overall,False,Employer survey — joins on state/industry/size. No ANZSCO occupation code available.,False
Table 9,9,"Reasons for dissatisfaction with nationally recognised training, timeseries (% of all dissatisfied employers using nationally recognised training)",Overall,Not enough focus on practical skills,Overall,2013,15.5,15.5*,reported,True,pct,overall,False,Employer survey — joins on state/industry/size. No ANZSCO occupation code available.,False
Table 9,9,"Reasons for dissatisfaction with nationally recognised training, timeseries (% of all dissatisfied employers using nationally recognised training)",Overall,Not enough focus on practical skills,Overall,2015,9.1,9.1*,reported,True,pct,overall,False,Employer survey — joins on state/industry/size. No ANZSCO occupation code available.,False
Table 9,9,"Reasons for dissatisfaction with nationally recognised training, timeseries (% of all dissatisfied employers using nationally recognised training)",Overall,Not enough focus on practical skills,Overall,2017,20.8,20.8*,reported,True,pct,overall,False,Employer survey — joins on state/industry/size. No ANZSCO occupation code available.,False
Table 9,9,"Reasons for dissatisfaction with nationally recognised training, timeseries (% of all dissatisfied employers using nationally recognised training)",Overall,Not enough focus on practical skills,Overall,2019,29.2,29.2*,reported,True,pct,overall,False,Employer survey — joins on state/industry/size. No ANZSCO occupation code available.,False
Table 9,9,"Reasons for dissatisfaction with nationally recognised training, timeseries (% of all dissatisfied employers using nationally recognised training)",Overall,Not enough focus on practical skills,Overall,2021,14.8,14.8,reported,False,pct,overall,False,Employer survey — joins on state/industry/size. No ANZSCO occupation code available.,False
Table 9,9,"Reasons for dissatisfaction with nationally recognised training, timeseries (% of all dissatisfied employers using nationally recognised training)",Overall,Not enough focus on practical skills,Overall,2023,21.1,21.1*,reported,True,pct,overall,False,Employer survey — joins on state/industry/size. No ANZSCO occupation code available.,False
Table 9,9,"Reasons for dissatisfaction with nationally recognised training, timeseries (% of all dissatisfied employers using nationally recognised training)",Overall,Not enough focus on practical skills,Overall,2025,14.8,14.8,reported,False,pct,overall,False,Employer survey — joins on state/industry/size. No ANZSCO occupation code available.,False
Table 9,9,"Reasons for dissatisfaction with nationally recognised training, timeseries (% of all dissatisfied employers using nationally recognised training)",Overall,Other reasons,Overall,2005,18.1,18.1*,reported,True,pct,overall,False,Employer survey — joins on state/industry/size. No ANZSCO occupation code available.,False
Table 9,9,"Reasons for dissatisfaction with nationally recognised training, timeseries (% of all dissatisfied employers using nationally recognised training)",Overall,Other reasons,Overall,2007,38.9,38.9*,reported,True,pct,overall,False,Employer survey — joins on state/industry/size. No ANZSCO occupation code available.,False
Table 9,9,"Reasons for dissatisfaction with nationally recognised training, timeseries (% of all dissatisfied employers using nationally recognised training)",Overall,Other reasons,Overall,2009,29.0,29.0*,reported,True,pct,overall,False,Employer survey — joins on state/industry/size. No ANZSCO occupation code available.,False
Table 9,9,"Reasons for dissatisfaction with nationally recognised training, timeseries (% of all dissatisfied employers using nationally recognised training)",Overall,Other reasons,Overall,2011,25.2,25.2,reported,False,pct,overall,False,Employer survey — joins on state/industry/size. No ANZSCO occupation code available.,False
Table 9,9,"Reasons for dissatisfaction with nationally recognised training, timeseries (% of all dissatisfied employers using nationally recognised training)",Overall,Other reasons,Overall,2013,10.4,10.4*,reported,True,pct,overall,False,Employer survey — joins on state/industry/size. No ANZSCO occupation code available.,False
Table 9,9,"Reasons for dissatisfaction with nationally recognised training, timeseries (% of all dissatisfied employers using nationally recognised training)",Overall,Other reasons,Overall,2015,26.8,26.8*,reported,True,pct,overall,False,Employer survey — joins on state/industry/size. No ANZSCO occupation code available.,False
Table 9,9,"Reasons for dissatisfaction with nationally recognised training, timeseries (% of all dissatisfied employers using nationally recognised training)",Overall,Other reasons,Overall,2017,12.5,12.5*,reported,True,pct,overall,False,Employer survey — joins on state/industry/size. No ANZSCO occupation code available.,False
Table 9,9,"Reasons for dissatisfaction with nationally recognised training, timeseries (% of all dissatisfied employers using nationally recognised training)",Overall,Other reasons,Overall,2019,31.1,31.1*,reported,True,pct,overall,False,Employer survey — joins on state/industry/size. No ANZSCO occupation code available.,False
Table 9,9,"Reasons for dissatisfaction with nationally recognised training, timeseries (% of all dissatisfied employers using nationally recognised training)",Overall,Other reasons,Overall,2021,40.5,40.5*,reported,True,pct,overall,False,Employer survey — joins on state/industry/size. No ANZSCO occupation code available.,False
Table 9,9,"Reasons for dissatisfaction with nationally recognised training, timeseries (% of all dissatisfied employers using nationally recognised training)",Overall,Other reasons,Overall,2023,32.2,32.2*,reported,True,pct,overall,False,Employer survey — joins on state/industry/size. No ANZSCO occupation code available.,False
Table 9,9,"Reasons for dissatisfaction with nationally recognised training, timeseries (% of all dissatisfied employers using nationally recognised training)",Overall,Other reasons,Overall,2025,65.2,65.2*,reported,True,pct,overall,False,Employer survey — joins on state/industry/size. No ANZSCO occupation code available.,False
Table 9,9,"Reasons for dissatisfaction with nationally recognised training, timeseries (% of all dissatisfied employers using nationally recognised training)",Overall,Poor access to training in regional/rural areas,Overall,2005,13.1,13.1*,reported,True,pct,overall,False,Employer survey — joins on state/industry/size. No ANZSCO occupation code available.,False
Table 9,9,"Reasons for dissatisfaction with nationally recognised training, timeseries (% of all dissatisfied employers using nationally recognised training)",Overall,Poor access to training in regional/rural areas,Overall,2007,17.4,17.4*,reported,True,pct,overall,False,Employer survey — joins on state/industry/size. No ANZSCO occupation code available.,False
Table 9,9,"Reasons for dissatisfaction with nationally recognised training, timeseries (% of all dissatisfied employers using nationally recognised training)",Overall,Poor access to training in regional/rural areas,Overall,2009,3.4,3.4*,reported,True,pct,overall,False,Employer survey — joins on state/industry/size. No ANZSCO occupation code available.,False
Table 9,9,"Reasons for dissatisfaction with nationally recognised training, timeseries (% of all dissatisfied employers using nationally recognised training)",Overall,Poor access to training in regional/rural areas,Overall,2011,11.0,11.0*,reported,True,pct,overall,False,Employer survey — joins on state/industry/size. No ANZSCO occupation code available.,False
Table 9,9,"Reasons for dissatisfaction with nationally recognised training, timeseries (% of all dissatisfied employers using nationally recognised training)",Overall,Poor access to training in regional/rural areas,Overall,2013,4.9,4.9*,reported,True,pct,overall,False,Employer survey — joins on state/industry/size. No ANZSCO occupation code available.,False
Table 9,9,"Reasons for dissatisfaction with nationally recognised training, timeseries (% of all dissatisfied employers using nationally recognised training)",Overall,Poor access to training in regional/rural areas,Overall,2015,10.3,10.3*,reported,True,pct,overall,False,Employer survey — joins on state/industry/size. No ANZSCO occupation code available.,False
Table 9,9,"Reasons for dissatisfaction with nationally recognised training, timeseries (% of all dissatisfied employers using nationally recognised training)",Overall,Poor access to training in regional/rural areas,Overall,2019,12.2,12.2*,reported,True,pct,overall,False,Employer survey — joins on state/industry/size. No ANZSCO occupation code available.,False
Table 9,9,"Reasons for dissatisfaction with nationally recognised training, timeseries (% of all dissatisfied employers using nationally recognised training)",Overall,Poor access to training in regional/rural areas,Overall,2021,19.2,19.2*,reported,True,pct,overall,False,Employer survey — joins on state/industry/size. No ANZSCO occupation code available.,False
Table 9,9,"Reasons for dissatisfaction with nationally recognised training, timeseries (% of all dissatisfied employers using nationally recognised training)",Overall,Poor access to training in regional/rural areas,Overall,2023,33.2,33.2*,reported,True,pct,overall,False,Employer survey — joins on state/industry/size. No ANZSCO occupation code available.,False
Table 9,9,"Reasons for dissatisfaction with nationally recognised training, timeseries (% of all dissatisfied employers using nationally recognised training)",Overall,Poor access to training in regional/rural areas,Overall,2025,17.9,17.9*,reported,True,pct,overall,False,Employer survey — joins on state/industry/size. No ANZSCO occupation code available.,False
Table 9,9,"Reasons for dissatisfaction with nationally recognised training, timeseries (% of all dissatisfied employers using nationally recognised training)",Overall,Poor access to training in regional/rural areas,Overall,2017,,np,not_publishable,False,pct,overall,False,Employer survey — joins on state/industry/size. No ANZSCO occupation code available.,
Table 9,9,"Reasons for dissatisfaction with nationally recognised training, timeseries (% of all dissatisfied employers using nationally recognised training)",Overall,Relevant skills are not taught,Overall,2005,30.4,30.4*,reported,True,pct,overall,False,Employer survey — joins on state/industry/size. No ANZSCO occupation code available.,False
Table 9,9,"Reasons for dissatisfaction with nationally recognised training, timeseries (% of all dissatisfied employers using nationally recognised training)",Overall,Relevant skills are not taught,Overall,2007,31.2,31.2*,reported,True,pct,overall,False,Employer survey — joins on state/industry/size. No ANZSCO occupation code available.,False
Table 9,9,"Reasons for dissatisfaction with nationally recognised training, timeseries (% of all dissatisfied employers using nationally recognised training)",Overall,Relevant skills are not taught,Overall,2009,38.3,38.3,reported,False,pct,overall,False,Employer survey — joins on state/industry/size. No ANZSCO occupation code available.,False
Table 9,9,"Reasons for dissatisfaction with nationally recognised training, timeseries (% of all dissatisfied employers using nationally recognised training)",Overall,Relevant skills are not taught,Overall,2011,32.7,32.7,reported,False,pct,overall,False,Employer survey — joins on state/industry/size. No ANZSCO occupation code available.,False
Table 9,9,"Reasons for dissatisfaction with nationally recognised training, timeseries (% of all dissatisfied employers using nationally recognised training)",Overall,Relevant skills are not taught,Overall,2013,26.0,26.0*,reported,True,pct,overall,False,Employer survey — joins on state/industry/size. No ANZSCO occupation code available.,False
Table 9,9,"Reasons for dissatisfaction with nationally recognised training, timeseries (% of all dissatisfied employers using nationally recognised training)",Overall,Relevant skills are not taught,Overall,2015,32.1,32.1,reported,False,pct,overall,False,Employer survey — joins on state/industry/size. No ANZSCO occupation code available.,False
Table 9,9,"Reasons for dissatisfaction with nationally recognised training, timeseries (% of all dissatisfied employers using nationally recognised training)",Overall,Relevant skills are not taught,Overall,2017,33.0,33,reported,False,pct,overall,False,Employer survey — joins on state/industry/size. No ANZSCO occupation code available.,False
Table 9,9,"Reasons for dissatisfaction with nationally recognised training, timeseries (% of all dissatisfied employers using nationally recognised training)",Overall,Relevant skills are not taught,Overall,2019,52.3,52.3*,reported,True,pct,overall,False,Employer survey — joins on state/industry/size. No ANZSCO occupation code available.,False
Table 9,9,"Reasons for dissatisfaction with nationally recognised training, timeseries (% of all dissatisfied employers using nationally recognised training)",Overall,Relevant skills are not taught,Overall,2021,36.8,36.8*,reported,True,pct,overall,False,Employer survey — joins on state/industry/size. No ANZSCO occupation code available.,False
Table 9,9,"Reasons for dissatisfaction with nationally recognised training, timeseries (% of all dissatisfied employers using nationally recognised training)",Overall,Relevant skills are not taught,Overall,2023,44.8,44.8*,reported,True,pct,overall,False,Employer survey — joins on state/industry/size. No ANZSCO occupation code available.,False
Table 9,9,"Reasons for dissatisfaction with nationally recognised training, timeseries (% of all dissatisfied employers using nationally recognised training)",Overall,Relevant skills are not taught,Overall,2025,27.4,27.4*,reported,True,pct,overall,False,Employer survey — joins on state/industry/size. No ANZSCO occupation code available.,False
Table 9,9,"Reasons for dissatisfaction with nationally recognised training, timeseries (% of all dissatisfied employers using nationally recognised training)",Overall,Training content is outdated,Overall,2009,15.5,15.5*,reported,True,pct,overall,False,Employer survey — joins on state/industry/size. No ANZSCO occupation code available.,False
Table 9,9,"Reasons for dissatisfaction with nationally recognised training, timeseries (% of all dissatisfied employers using nationally recognised training)",Overall,Training content is outdated,Overall,2011,9.8,9.8*,reported,True,pct,overall,False,Employer survey — joins on state/industry/size. No ANZSCO occupation code available.,False
Table 9,9,"Reasons for dissatisfaction with nationally recognised training, timeseries (% of all dissatisfied employers using nationally recognised training)",Overall,Training content is outdated,Overall,2015,4.4,4.4*,reported,True,pct,overall,False,Employer survey — joins on state/industry/size. No ANZSCO occupation code available.,False
Table 9,9,"Reasons for dissatisfaction with nationally recognised training, timeseries (% of all dissatisfied employers using nationally recognised training)",Overall,Training content is outdated,Overall,2019,17.4,17.4*,reported,True,pct,overall,False,Employer survey — joins on state/industry/size. No ANZSCO occupation code available.,False
Table 9,9,"Reasons for dissatisfaction with nationally recognised training, timeseries (% of all dissatisfied employers using nationally recognised training)",Overall,Training content is outdated,Overall,2021,14.2,14.2,reported,False,pct,overall,False,Employer survey — joins on state/industry/size. No ANZSCO occupation code available.,False
Table 9,9,"Reasons for dissatisfaction with nationally recognised training, timeseries (% of all dissatisfied employers using nationally recognised training)",Overall,Training content is outdated,Overall,2023,18.5,18.5*,reported,True,pct,overall,False,Employer survey — joins on state/industry/size. No ANZSCO occupation code available.,False
Table 9,9,"Reasons for dissatisfaction with nationally recognised training, timeseries (% of all dissatisfied employers using nationally recognised training)",Overall,Training content is outdated,Overall,2025,15.0,15.0*,reported,True,pct,overall,False,Employer survey — joins on state/industry/size. No ANZSCO occupation code available.,False
Table 9,9,"Reasons for dissatisfaction with nationally recognised training, timeseries (% of all dissatisfied employers using nationally recognised training)",Overall,Training content is outdated,Overall,2005,,np,not_publishable,False,pct,overall,False,Employer survey — joins on state/industry/size. No ANZSCO occupation code available.,
Table 9,9,"Reasons for dissatisfaction with nationally recognised training, timeseries (% of all dissatisfied employers using nationally recognised training)",Overall,Training content is outdated,Overall,2007,,np,not_publishable,False,pct,overall,False,Employer survey — joins on state/industry/size. No ANZSCO occupation code available.,
Table 9,9,"Reasons for dissatisfaction with nationally recognised training, timeseries (% of all dissatisfied employers using nationally recognised training)",Overall,Training content is outdated,Overall,2013,,np,not_publishable,False,pct,overall,False,Employer survey — joins on state/industry/size. No ANZSCO occupation code available.,
Table 9,9,"Reasons for dissatisfaction with nationally recognised training, timeseries (% of all dissatisfied employers using nationally recognised training)",Overall,Training content is outdated,Overall,2017,,np,not_publishable,False,pct,overall,False,Employer survey — joins on state/industry/size. No ANZSCO occupation code available.,
Table 9,9,"Reasons for dissatisfaction with nationally recognised training, timeseries (% of all dissatisfied employers using nationally recognised training)",Overall,Training is of a poor quality or low standard,Overall,2005,13.7,13.7*,reported,True,pct,overall,False,Employer survey — joins on state/industry/size. No ANZSCO occupation code available.,False
Table 9,9,"Reasons for dissatisfaction with nationally recognised training, timeseries (% of all dissatisfied employers using nationally recognised training)",Overall,Training is of a poor quality or low standard,Overall,2007,22.5,22.5*,reported,True,pct,overall,False,Employer survey — joins on state/industry/size. No ANZSCO occupation code available.,False
Table 9,9,"Reasons for dissatisfaction with nationally recognised training, timeseries (% of all dissatisfied employers using nationally recognised training)",Overall,Training is of a poor quality or low standard,Overall,2009,40.6,40.6,reported,False,pct,overall,False,Employer survey — joins on state/industry/size. No ANZSCO occupation code available.,False
Table 9,9,"Reasons for dissatisfaction with nationally recognised training, timeseries (% of all dissatisfied employers using nationally recognised training)",Overall,Training is of a poor quality or low standard,Overall,2011,38.0,38,reported,False,pct,overall,False,Employer survey — joins on state/industry/size. No ANZSCO occupation code available.,False
Table 9,9,"Reasons for dissatisfaction with nationally recognised training, timeseries (% of all dissatisfied employers using nationally recognised training)",Overall,Training is of a poor quality or low standard,Overall,2013,35.9,35.9*,reported,True,pct,overall,False,Employer survey — joins on state/industry/size. No ANZSCO occupation code available.,False
Table 9,9,"Reasons for dissatisfaction with nationally recognised training, timeseries (% of all dissatisfied employers using nationally recognised training)",Overall,Training is of a poor quality or low standard,Overall,2015,36.5,36.5*,reported,True,pct,overall,False,Employer survey — joins on state/industry/size. No ANZSCO occupation code available.,False
Table 9,9,"Reasons for dissatisfaction with nationally recognised training, timeseries (% of all dissatisfied employers using nationally recognised training)",Overall,Training is of a poor quality or low standard,Overall,2017,47.7,47.7,reported,False,pct,overall,False,Employer survey — joins on state/industry/size. No ANZSCO occupation code available.,False
Table 9,9,"Reasons for dissatisfaction with nationally recognised training, timeseries (% of all dissatisfied employers using nationally recognised training)",Overall,Training is of a poor quality or low standard,Overall,2019,36.1,36.1*,reported,True,pct,overall,False,Employer survey — joins on state/industry/size. No ANZSCO occupation code available.,False
Table 9,9,"Reasons for dissatisfaction with nationally recognised training, timeseries (% of all dissatisfied employers using nationally recognised training)",Overall,Training is of a poor quality or low standard,Overall,2021,36.4,36.4*,reported,True,pct,overall,False,Employer survey — joins on state/industry/size. No ANZSCO occupation code available.,False
Table 9,9,"Reasons for dissatisfaction with nationally recognised training, timeseries (% of all dissatisfied employers using nationally recognised training)",Overall,Training is of a poor quality or low standard,Overall,2023,38.6,38.6*,reported,True,pct,overall,False,Employer survey — joins on state/industry/size. No ANZSCO occupation code available.,False
Table 9,9,"Reasons for dissatisfaction with nationally recognised training, timeseries (% of all dissatisfied employers using nationally recognised training)",Overall,Training is of a poor quality or low standard,Overall,2025,32.7,32.7*,reported,True,pct,overall,False,Employer survey — joins on state/industry/size. No ANZSCO occupation code available.,False
Table 9,9,"Reasons for dissatisfaction with nationally recognised training, timeseries (% of all dissatisfied employers using nationally recognised training)",Overall,Training is too expensive,Overall,2007,4.3,4.3*,reported,True,pct,overall,False,Employer survey — joins on state/industry/size. No ANZSCO occupation code available.,False
Table 9,9,"Reasons for dissatisfaction with nationally recognised training, timeseries (% of all dissatisfied employers using nationally recognised training)",Overall,Training is too expensive,Overall,2015,10.7,10.7*,reported,True,pct,overall,False,Employer survey — joins on state/industry/size. No ANZSCO occupation code available.,False
Table 9,9,"Reasons for dissatisfaction with nationally recognised training, timeseries (% of all dissatisfied employers using nationally recognised training)",Overall,Training is too expensive,Overall,2017,7.1,7.1*,reported,True,pct,overall,False,Employer survey — joins on state/industry/size. No ANZSCO occupation code available.,False
Table 9,9,"Reasons for dissatisfaction with nationally recognised training, timeseries (% of all dissatisfied employers using nationally recognised training)",Overall,Training is too expensive,Overall,2019,3.3,3.3,reported,False,pct,overall,False,Employer survey — joins on state/industry/size. No ANZSCO occupation code available.,False
Table 9,9,"Reasons for dissatisfaction with nationally recognised training, timeseries (% of all dissatisfied employers using nationally recognised training)",Overall,Training is too expensive,Overall,2021,20.5,20.5*,reported,True,pct,overall,False,Employer survey — joins on state/industry/size. No ANZSCO occupation code available.,False
Table 9,9,"Reasons for dissatisfaction with nationally recognised training, timeseries (% of all dissatisfied employers using nationally recognised training)",Overall,Training is too expensive,Overall,2023,16.2,16.2*,reported,True,pct,overall,False,Employer survey — joins on state/industry/size. No ANZSCO occupation code available.,False
Table 9,9,"Reasons for dissatisfaction with nationally recognised training, timeseries (% of all dissatisfied employers using nationally recognised training)",Overall,Training is too expensive,Overall,2025,12.4,12.4,reported,False,pct,overall,False,Employer survey — joins on state/industry/size. No ANZSCO occupation code available.,False
Table 9,9,"Reasons for dissatisfaction with nationally recognised training, timeseries (% of all dissatisfied employers using nationally recognised training)",Overall,Training is too expensive,Overall,2005,,np,not_publishable,False,pct,overall,False,Employer survey — joins on state/industry/size. No ANZSCO occupation code available.,
Table 9,9,"Reasons for dissatisfaction with nationally recognised training, timeseries (% of all dissatisfied employers using nationally recognised training)",Overall,Training is too expensive,Overall,2011,,np,not_publishable,False,pct,overall,False,Employer survey — joins on state/industry/size. No ANZSCO occupation code available.,
Table 9,9,"Reasons for dissatisfaction with nationally recognised training, timeseries (% of all dissatisfied employers using nationally recognised training)",Overall,Training is too expensive,Overall,2013,,np,not_publishable,False,pct,overall,False,Employer survey — joins on state/industry/size. No ANZSCO occupation code available.,
Table 9,9,"Reasons for dissatisfaction with nationally recognised training, timeseries (% of all dissatisfied employers using nationally recognised training)",Overall,Training is too expensive,Overall,2009,,na,not_available,False,pct,overall,False,Employer survey — joins on state/industry/size. No ANZSCO occupation code available.,
Table 9,9,"Reasons for dissatisfaction with nationally recognised training, timeseries (% of all dissatisfied employers using nationally recognised training)",Overall,Training is too general and not specific enough,Overall,2005,22.5,22.5*,reported,True,pct,overall,False,Employer survey — joins on state/industry/size. No ANZSCO occupation code available.,False
Table 9,9,"Reasons for dissatisfaction with nationally recognised training, timeseries (% of all dissatisfied employers using nationally recognised training)",Overall,Training is too general and not specific enough,Overall,2007,8.6,8.6*,reported,True,pct,overall,False,Employer survey — joins on state/industry/size. No ANZSCO occupation code available.,False
Table 9,9,"Reasons for dissatisfaction with nationally recognised training, timeseries (% of all dissatisfied employers using nationally recognised training)",Overall,Training is too general and not specific enough,Overall,2009,28.3,28.3*,reported,True,pct,overall,False,Employer survey — joins on state/industry/size. No ANZSCO occupation code available.,False
Table 9,9,"Reasons for dissatisfaction with nationally recognised training, timeseries (% of all dissatisfied employers using nationally recognised training)",Overall,Training is too general and not specific enough,Overall,2011,22.3,22.3*,reported,True,pct,overall,False,Employer survey — joins on state/industry/size. No ANZSCO occupation code available.,False
Table 9,9,"Reasons for dissatisfaction with nationally recognised training, timeseries (% of all dissatisfied employers using nationally recognised training)",Overall,Training is too general and not specific enough,Overall,2013,25.7,25.7*,reported,True,pct,overall,False,Employer survey — joins on state/industry/size. No ANZSCO occupation code available.,False
Table 9,9,"Reasons for dissatisfaction with nationally recognised training, timeseries (% of all dissatisfied employers using nationally recognised training)",Overall,Training is too general and not specific enough,Overall,2015,22.1,22.1*,reported,True,pct,overall,False,Employer survey — joins on state/industry/size. No ANZSCO occupation code available.,False
Table 9,9,"Reasons for dissatisfaction with nationally recognised training, timeseries (% of all dissatisfied employers using nationally recognised training)",Overall,Training is too general and not specific enough,Overall,2017,13.2,13.2*,reported,True,pct,overall,False,Employer survey — joins on state/industry/size. No ANZSCO occupation code available.,False
Table 9,9,"Reasons for dissatisfaction with nationally recognised training, timeseries (% of all dissatisfied employers using nationally recognised training)",Overall,Training is too general and not specific enough,Overall,2019,26.9,26.9*,reported,True,pct,overall,False,Employer survey — joins on state/industry/size. No ANZSCO occupation code available.,False
Table 9,9,"Reasons for dissatisfaction with nationally recognised training, timeseries (% of all dissatisfied employers using nationally recognised training)",Overall,Training is too general and not specific enough,Overall,2021,17.9,17.9*,reported,True,pct,overall,False,Employer survey — joins on state/industry/size. No ANZSCO occupation code available.,False
Table 9,9,"Reasons for dissatisfaction with nationally recognised training, timeseries (% of all dissatisfied employers using nationally recognised training)",Overall,Training is too general and not specific enough,Overall,2023,27.5,27.5*,reported,True,pct,overall,False,Employer survey — joins on state/industry/size. No ANZSCO occupation code available.,False
Table 9,9,"Reasons for dissatisfaction with nationally recognised training, timeseries (% of all dissatisfied employers using nationally recognised training)",Overall,Training is too general and not specific enough,Overall,2025,15.9,15.9,reported,False,pct,overall,False,Employer survey — joins on state/industry/size. No ANZSCO occupation code available.,False
Table 11,11,"Reasons for choosing main provider for apprentices and trainees, timeseries (% of all employers with apprentices or trainees)",Overall,Content of training course was suitable,Other external providers used for nationally recognised training,2005,11.0,11.0*,reported,True,pct,overall,False,Employer survey — joins on state/industry/size. No ANZSCO occupation code available.,False
Table 11,11,"Reasons for choosing main provider for apprentices and trainees, timeseries (% of all employers with apprentices or trainees)",Overall,Content of training course was suitable,Other external providers used for nationally recognised training,2007,4.5,4.5,reported,False,pct,overall,False,Employer survey — joins on state/industry/size. No ANZSCO occupation code available.,False
Table 11,11,"Reasons for choosing main provider for apprentices and trainees, timeseries (% of all employers with apprentices or trainees)",Overall,Content of training course was suitable,Other external providers used for nationally recognised training,2009,22.9,22.9*,reported,True,pct,overall,False,Employer survey — joins on state/industry/size. No ANZSCO occupation code available.,False
Table 11,11,"Reasons for choosing main provider for apprentices and trainees, timeseries (% of all employers with apprentices or trainees)",Overall,Content of training course was suitable,Other external providers used for nationally recognised training,2013,20.4,20.4*,reported,True,pct,overall,False,Employer survey — joins on state/industry/size. No ANZSCO occupation code available.,False
Table 11,11,"Reasons for choosing main provider for apprentices and trainees, timeseries (% of all employers with apprentices or trainees)",Overall,Content of training course was suitable,Other external providers used for nationally recognised training,2015,17.8,17.8*,reported,True,pct,overall,False,Employer survey — joins on state/industry/size. No ANZSCO occupation code available.,False
Table 11,11,"Reasons for choosing main provider for apprentices and trainees, timeseries (% of all employers with apprentices or trainees)",Overall,Content of training course was suitable,Other external providers used for nationally recognised training,2017,14.8,14.8*,reported,True,pct,overall,False,Employer survey — joins on state/industry/size. No ANZSCO occupation code available.,False
Table 11,11,"Reasons for choosing main provider for apprentices and trainees, timeseries (% of all employers with apprentices or trainees)",Overall,Content of training course was suitable,Other external providers used for nationally recognised training,2019,7.6,7.6,reported,False,pct,overall,False,Employer survey — joins on state/industry/size. No ANZSCO occupation code available.,False
Table 11,11,"Reasons for choosing main provider for apprentices and trainees, timeseries (% of all employers with apprentices or trainees)",Overall,Content of training course was suitable,Other external providers used for nationally recognised training,2023,22.0,22.0*,reported,True,pct,overall,False,Employer survey — joins on state/industry/size. No ANZSCO occupation code available.,False
Table 11,11,"Reasons for choosing main provider for apprentices and trainees, timeseries (% of all employers with apprentices or trainees)",Overall,Content of training course was suitable,Other external providers used for nationally recognised training,2025,9.6,9.6,reported,False,pct,overall,False,Employer survey — joins on state/industry/size. No ANZSCO occupation code available.,False
Table 11,11,"Reasons for choosing main provider for apprentices and trainees, timeseries (% of all employers with apprentices or trainees)",Overall,Content of training course was suitable,Other external providers used for nationally recognised training,2011,,na,not_available,False,pct,overall,False,Employer survey — joins on state/industry/size. No ANZSCO occupation code available.,
Table 11,11,"Reasons for choosing main provider for apprentices and trainees, timeseries (% of all employers with apprentices or trainees)",Overall,Content of training course was suitable,Other external providers used for nationally recognised training,2021,,na,not_available,False,pct,overall,False,Employer survey — joins on state/industry/size. No ANZSCO occupation code available.,
Table 11,11,"Reasons for choosing main provider for apprentices and trainees, timeseries (% of all employers with apprentices or trainees)",Overall,Content of training course was suitable,Private training providers,2005,12.0,12,reported,False,pct,overall,False,Employer survey — joins on state/industry/size. No ANZSCO occupation code available.,False
Table 11,11,"Reasons for choosing main provider for apprentices and trainees, timeseries (% of all employers with apprentices or trainees)",Overall,Content of training course was suitable,Private training providers,2007,14.0,14,reported,False,pct,overall,False,Employer survey — joins on state/industry/size. No ANZSCO occupation code available.,False
Table 11,11,"Reasons for choosing main provider for apprentices and trainees, timeseries (% of all employers with apprentices or trainees)",Overall,Content of training course was suitable,Private training providers,2009,14.0,14,reported,False,pct,overall,False,Employer survey — joins on state/industry/size. No ANZSCO occupation code available.,False
Table 11,11,"Reasons for choosing main provider for apprentices and trainees, timeseries (% of all employers with apprentices or trainees)",Overall,Content of training course was suitable,Private training providers,2013,18.3,18.3,reported,False,pct,overall,False,Employer survey — joins on state/industry/size. No ANZSCO occupation code available.,False
Table 11,11,"Reasons for choosing main provider for apprentices and trainees, timeseries (% of all employers with apprentices or trainees)",Overall,Content of training course was suitable,Private training providers,2015,23.4,23.4,reported,False,pct,overall,False,Employer survey — joins on state/industry/size. No ANZSCO occupation code available.,False
Table 11,11,"Reasons for choosing main provider for apprentices and trainees, timeseries (% of all employers with apprentices or trainees)",Overall,Content of training course was suitable,Private training providers,2017,20.8,20.8,reported,False,pct,overall,False,Employer survey — joins on state/industry/size. No ANZSCO occupation code available.,False
Table 11,11,"Reasons for choosing main provider for apprentices and trainees, timeseries (% of all employers with apprentices or trainees)",Overall,Content of training course was suitable,Private training providers,2019,19.9,19.9,reported,False,pct,overall,False,Employer survey — joins on state/industry/size. No ANZSCO occupation code available.,False
Table 11,11,"Reasons for choosing main provider for apprentices and trainees, timeseries (% of all employers with apprentices or trainees)",Overall,Content of training course was suitable,Private training providers,2023,25.9,25.9,reported,False,pct,overall,False,Employer survey — joins on state/industry/size. No ANZSCO occupation code available.,False
Table 11,11,"Reasons for choosing main provider for apprentices and trainees, timeseries (% of all employers with apprentices or trainees)",Overall,Content of training course was suitable,Private training providers,2025,28.2,28.2,reported,False,pct,overall,False,Employer survey — joins on state/industry/size. No ANZSCO occupation code available.,False
Table 11,11,"Reasons for choosing main provider for apprentices and trainees, timeseries (% of all employers with apprentices or trainees)",Overall,Content of training course was suitable,Private training providers,2011,,na,not_available,False,pct,overall,False,Employer survey — joins on state/industry/size. No ANZSCO occupation code available.,
Table 11,11,"Reasons for choosing main provider for apprentices and trainees, timeseries (% of all employers with apprentices or trainees)",Overall,Content of training course was suitable,Private training providers,2021,,na,not_available,False,pct,overall,False,Employer survey — joins on state/industry/size. No ANZSCO occupation code available.,
Table 11,11,"Reasons for choosing main provider for apprentices and trainees, timeseries (% of all employers with apprentices or trainees)",Overall,Content of training course was suitable,Professional or industry associations,2005,19.6,19.6*,reported,True,pct,overall,False,Employer survey — joins on state/industry/size. No ANZSCO occupation code available.,False
Table 11,11,"Reasons for choosing main provider for apprentices and trainees, timeseries (% of all employers with apprentices or trainees)",Overall,Content of training course was suitable,Professional or industry associations,2007,14.0,14.0*,reported,True,pct,overall,False,Employer survey — joins on state/industry/size. No ANZSCO occupation code available.,False
Table 11,11,"Reasons for choosing main provider for apprentices and trainees, timeseries (% of all employers with apprentices or trainees)",Overall,Content of training course was suitable,Professional or industry associations,2009,9.7,9.7,reported,False,pct,overall,False,Employer survey — joins on state/industry/size. No ANZSCO occupation code available.,False
Table 11,11,"Reasons for choosing main provider for apprentices and trainees, timeseries (% of all employers with apprentices or trainees)",Overall,Content of training course was suitable,Professional or industry associations,2013,26.3,26.3*,reported,True,pct,overall,False,Employer survey — joins on state/industry/size. No ANZSCO occupation code available.,False
Table 11,11,"Reasons for choosing main provider for apprentices and trainees, timeseries (% of all employers with apprentices or trainees)",Overall,Content of training course was suitable,Professional or industry associations,2015,13.1,13.1,reported,False,pct,overall,False,Employer survey — joins on state/industry/size. No ANZSCO occupation code available.,False
Table 11,11,"Reasons for choosing main provider for apprentices and trainees, timeseries (% of all employers with apprentices or trainees)",Overall,Content of training course was suitable,Professional or industry associations,2017,22.3,22.3*,reported,True,pct,overall,False,Employer survey — joins on state/industry/size. No ANZSCO occupation code available.,False
Table 11,11,"Reasons for choosing main provider for apprentices and trainees, timeseries (% of all employers with apprentices or trainees)",Overall,Content of training course was suitable,Professional or industry associations,2019,37.7,37.7*,reported,True,pct,overall,False,Employer survey — joins on state/industry/size. No ANZSCO occupation code available.,False
Table 11,11,"Reasons for choosing main provider for apprentices and trainees, timeseries (% of all employers with apprentices or trainees)",Overall,Content of training course was suitable,Professional or industry associations,2023,36.9,36.9*,reported,True,pct,overall,False,Employer survey — joins on state/industry/size. No ANZSCO occupation code available.,False
Table 11,11,"Reasons for choosing main provider for apprentices and trainees, timeseries (% of all employers with apprentices or trainees)",Overall,Content of training course was suitable,Professional or industry associations,2025,11.7,11.7,reported,False,pct,overall,False,Employer survey — joins on state/industry/size. No ANZSCO occupation code available.,False
Table 11,11,"Reasons for choosing main provider for apprentices and trainees, timeseries (% of all employers with apprentices or trainees)",Overall,Content of training course was suitable,Professional or industry associations,2011,,na,not_available,False,pct,overall,False,Employer survey — joins on state/industry/size. No ANZSCO occupation code available.,
Table 11,11,"Reasons for choosing main provider for apprentices and trainees, timeseries (% of all employers with apprentices or trainees)",Overall,Content of training course was suitable,Professional or industry associations,2021,,na,not_available,False,pct,overall,False,Employer survey — joins on state/industry/size. No ANZSCO occupation code available.,
Table 11,11,"Reasons for choosing main provider for apprentices and trainees, timeseries (% of all employers with apprentices or trainees)",Overall,Content of training course was suitable,TAFE institutes,2005,14.2,14.2,reported,False,pct,overall,False,Employer survey — joins on state/industry/size. No ANZSCO occupation code available.,False
Table 11,11,"Reasons for choosing main provider for apprentices and trainees, timeseries (% of all employers with apprentices or trainees)",Overall,Content of training course was suitable,TAFE institutes,2007,14.2,14.2,reported,False,pct,overall,False,Employer survey — joins on state/industry/size. No ANZSCO occupation code available.,False
Table 11,11,"Reasons for choosing main provider for apprentices and trainees, timeseries (% of all employers with apprentices or trainees)",Overall,Content of training course was suitable,TAFE institutes,2009,12.5,12.5,reported,False,pct,overall,False,Employer survey — joins on state/industry/size. No ANZSCO occupation code available.,False
Table 11,11,"Reasons for choosing main provider for apprentices and trainees, timeseries (% of all employers with apprentices or trainees)",Overall,Content of training course was suitable,TAFE institutes,2013,24.3,24.3,reported,False,pct,overall,False,Employer survey — joins on state/industry/size. No ANZSCO occupation code available.,False
Table 11,11,"Reasons for choosing main provider for apprentices and trainees, timeseries (% of all employers with apprentices or trainees)",Overall,Content of training course was suitable,TAFE institutes,2015,10.9,10.9,reported,False,pct,overall,False,Employer survey — joins on state/industry/size. No ANZSCO occupation code available.,False
Table 11,11,"Reasons for choosing main provider for apprentices and trainees, timeseries (% of all employers with apprentices or trainees)",Overall,Content of training course was suitable,TAFE institutes,2017,21.6,21.6,reported,False,pct,overall,False,Employer survey — joins on state/industry/size. No ANZSCO occupation code available.,False
Table 11,11,"Reasons for choosing main provider for apprentices and trainees, timeseries (% of all employers with apprentices or trainees)",Overall,Content of training course was suitable,TAFE institutes,2019,15.0,15,reported,False,pct,overall,False,Employer survey — joins on state/industry/size. No ANZSCO occupation code available.,False
Table 11,11,"Reasons for choosing main provider for apprentices and trainees, timeseries (% of all employers with apprentices or trainees)",Overall,Content of training course was suitable,TAFE institutes,2023,24.0,24,reported,False,pct,overall,False,Employer survey — joins on state/industry/size. No ANZSCO occupation code available.,False
Table 11,11,"Reasons for choosing main provider for apprentices and trainees, timeseries (% of all employers with apprentices or trainees)",Overall,Content of training course was suitable,TAFE institutes,2025,18.2,18.2,reported,False,pct,overall,False,Employer survey — joins on state/industry/size. No ANZSCO occupation code available.,False
Table 11,11,"Reasons for choosing main provider for apprentices and trainees, timeseries (% of all employers with apprentices or trainees)",Overall,Content of training course was suitable,TAFE institutes,2011,,na,not_available,False,pct,overall,False,Employer survey — joins on state/industry/size. No ANZSCO occupation code available.,
Table 11,11,"Reasons for choosing main provider for apprentices and trainees, timeseries (% of all employers with apprentices or trainees)",Overall,Content of training course was suitable,TAFE institutes,2021,,na,not_available,False,pct,overall,False,Employer survey — joins on state/industry/size. No ANZSCO occupation code available.,
Table 11,11,"Reasons for choosing main provider for apprentices and trainees, timeseries (% of all employers with apprentices or trainees)",Overall,Convenient access or location,Other external providers used for nationally recognised training,2005,14.8,14.8*,reported,True,pct,overall,False,Employer survey — joins on state/industry/size. No ANZSCO occupation code available.,False
Table 11,11,"Reasons for choosing main provider for apprentices and trainees, timeseries (% of all employers with apprentices or trainees)",Overall,Convenient access or location,Other external providers used for nationally recognised training,2007,17.4,17.4*,reported,True,pct,overall,False,Employer survey — joins on state/industry/size. No ANZSCO occupation code available.,False
Table 11,11,"Reasons for choosing main provider for apprentices and trainees, timeseries (% of all employers with apprentices or trainees)",Overall,Convenient access or location,Other external providers used for nationally recognised training,2009,12.8,12.8,reported,False,pct,overall,False,Employer survey — joins on state/industry/size. No ANZSCO occupation code available.,False
Table 11,11,"Reasons for choosing main provider for apprentices and trainees, timeseries (% of all employers with apprentices or trainees)",Overall,Convenient access or location,Other external providers used for nationally recognised training,2013,9.5,9.5*,reported,True,pct,overall,False,Employer survey — joins on state/industry/size. No ANZSCO occupation code available.,False
Table 11,11,"Reasons for choosing main provider for apprentices and trainees, timeseries (% of all employers with apprentices or trainees)",Overall,Convenient access or location,Other external providers used for nationally recognised training,2015,14.6,14.6*,reported,True,pct,overall,False,Employer survey — joins on state/industry/size. No ANZSCO occupation code available.,False
Table 11,11,"Reasons for choosing main provider for apprentices and trainees, timeseries (% of all employers with apprentices or trainees)",Overall,Convenient access or location,Other external providers used for nationally recognised training,2017,15.5,15.5*,reported,True,pct,overall,False,Employer survey — joins on state/industry/size. No ANZSCO occupation code available.,False
Table 11,11,"Reasons for choosing main provider for apprentices and trainees, timeseries (% of all employers with apprentices or trainees)",Overall,Convenient access or location,Other external providers used for nationally recognised training,2019,9.7,9.7,reported,False,pct,overall,False,Employer survey — joins on state/industry/size. No ANZSCO occupation code available.,False
Table 11,11,"Reasons for choosing main provider for apprentices and trainees, timeseries (% of all employers with apprentices or trainees)",Overall,Convenient access or location,Other external providers used for nationally recognised training,2023,16.7,16.7*,reported,True,pct,overall,False,Employer survey — joins on state/industry/size. No ANZSCO occupation code available.,False
Table 11,11,"Reasons for choosing main provider for apprentices and trainees, timeseries (% of all employers with apprentices or trainees)",Overall,Convenient access or location,Other external providers used for nationally recognised training,2025,23.5,23.5*,reported,True,pct,overall,False,Employer survey — joins on state/industry/size. No ANZSCO occupation code available.,False
Table 11,11,"Reasons for choosing main provider for apprentices and trainees, timeseries (% of all employers with apprentices or trainees)",Overall,Convenient access or location,Other external providers used for nationally recognised training,2011,,na,not_available,False,pct,overall,False,Employer survey — joins on state/industry/size. No ANZSCO occupation code available.,
Table 11,11,"Reasons for choosing main provider for apprentices and trainees, timeseries (% of all employers with apprentices or trainees)",Overall,Convenient access or location,Other external providers used for nationally recognised training,2021,,na,not_available,False,pct,overall,False,Employer survey — joins on state/industry/size. No ANZSCO occupation code available.,
Table 11,11,"Reasons for choosing main provider for apprentices and trainees, timeseries (% of all employers with apprentices or trainees)",Overall,Convenient access or location,Private training providers,2005,13.7,13.7,reported,False,pct,overall,False,Employer survey — joins on state/industry/size. No ANZSCO occupation code available.,False
Table 11,11,"Reasons for choosing main provider for apprentices and trainees, timeseries (% of all employers with apprentices or trainees)",Overall,Convenient access or location,Private training providers,2007,15.6,15.6,reported,False,pct,overall,False,Employer survey — joins on state/industry/size. No ANZSCO occupation code available.,False
Table 11,11,"Reasons for choosing main provider for apprentices and trainees, timeseries (% of all employers with apprentices or trainees)",Overall,Convenient access or location,Private training providers,2009,12.4,12.4,reported,False,pct,overall,False,Employer survey — joins on state/industry/size. No ANZSCO occupation code available.,False
Table 11,11,"Reasons for choosing main provider for apprentices and trainees, timeseries (% of all employers with apprentices or trainees)",Overall,Convenient access or location,Private training providers,2013,9.4,9.4,reported,False,pct,overall,False,Employer survey — joins on state/industry/size. No ANZSCO occupation code available.,False
Table 11,11,"Reasons for choosing main provider for apprentices and trainees, timeseries (% of all employers with apprentices or trainees)",Overall,Convenient access or location,Private training providers,2015,24.3,24.3*,reported,True,pct,overall,False,Employer survey — joins on state/industry/size. No ANZSCO occupation code available.,False
Table 11,11,"Reasons for choosing main provider for apprentices and trainees, timeseries (% of all employers with apprentices or trainees)",Overall,Convenient access or location,Private training providers,2017,23.9,23.9,reported,False,pct,overall,False,Employer survey — joins on state/industry/size. No ANZSCO occupation code available.,False
Table 11,11,"Reasons for choosing main provider for apprentices and trainees, timeseries (% of all employers with apprentices or trainees)",Overall,Convenient access or location,Private training providers,2019,31.3,31.3,reported,False,pct,overall,False,Employer survey — joins on state/industry/size. No ANZSCO occupation code available.,False
Table 11,11,"Reasons for choosing main provider for apprentices and trainees, timeseries (% of all employers with apprentices or trainees)",Overall,Convenient access or location,Private training providers,2023,18.6,18.6,reported,False,pct,overall,False,Employer survey — joins on state/industry/size. No ANZSCO occupation code available.,False
Table 11,11,"Reasons for choosing main provider for apprentices and trainees, timeseries (% of all employers with apprentices or trainees)",Overall,Convenient access or location,Private training providers,2025,32.3,32.3,reported,False,pct,overall,False,Employer survey — joins on state/industry/size. No ANZSCO occupation code available.,False
Table 11,11,"Reasons for choosing main provider for apprentices and trainees, timeseries (% of all employers with apprentices or trainees)",Overall,Convenient access or location,Private training providers,2011,,na,not_available,False,pct,overall,False,Employer survey — joins on state/industry/size. No ANZSCO occupation code available.,
Table 11,11,"Reasons for choosing main provider for apprentices and trainees, timeseries (% of all employers with apprentices or trainees)",Overall,Convenient access or location,Private training providers,2021,,na,not_available,False,pct,overall,False,Employer survey — joins on state/industry/size. No ANZSCO occupation code available.,
Table 11,11,"Reasons for choosing main provider for apprentices and trainees, timeseries (% of all employers with apprentices or trainees)",Overall,Convenient access or location,Professional or industry associations,2005,3.9,3.9,reported,False,pct,overall,False,Employer survey — joins on state/industry/size. No ANZSCO occupation code available.,False
Table 11,11,"Reasons for choosing main provider for apprentices and trainees, timeseries (% of all employers with apprentices or trainees)",Overall,Convenient access or location,Professional or industry associations,2007,1.9,1.9,reported,False,pct,overall,False,Employer survey — joins on state/industry/size. No ANZSCO occupation code available.,False
Table 11,11,"Reasons for choosing main provider for apprentices and trainees, timeseries (% of all employers with apprentices or trainees)",Overall,Convenient access or location,Professional or industry associations,2009,1.8,1.8,reported,False,pct,overall,False,Employer survey — joins on state/industry/size. No ANZSCO occupation code available.,False
Table 11,11,"Reasons for choosing main provider for apprentices and trainees, timeseries (% of all employers with apprentices or trainees)",Overall,Convenient access or location,Professional or industry associations,2013,13.0,13.0*,reported,True,pct,overall,False,Employer survey — joins on state/industry/size. No ANZSCO occupation code available.,False
Table 11,11,"Reasons for choosing main provider for apprentices and trainees, timeseries (% of all employers with apprentices or trainees)",Overall,Convenient access or location,Professional or industry associations,2015,16.5,16.5*,reported,True,pct,overall,False,Employer survey — joins on state/industry/size. No ANZSCO occupation code available.,False
Table 11,11,"Reasons for choosing main provider for apprentices and trainees, timeseries (% of all employers with apprentices or trainees)",Overall,Convenient access or location,Professional or industry associations,2017,15.9,15.9*,reported,True,pct,overall,False,Employer survey — joins on state/industry/size. No ANZSCO occupation code available.,False
Table 11,11,"Reasons for choosing main provider for apprentices and trainees, timeseries (% of all employers with apprentices or trainees)",Overall,Convenient access or location,Professional or industry associations,2019,18.0,18.0*,reported,True,pct,overall,False,Employer survey — joins on state/industry/size. No ANZSCO occupation code available.,False
Table 11,11,"Reasons for choosing main provider for apprentices and trainees, timeseries (% of all employers with apprentices or trainees)",Overall,Convenient access or location,Professional or industry associations,2023,20.5,20.5*,reported,True,pct,overall,False,Employer survey — joins on state/industry/size. No ANZSCO occupation code available.,False
Table 11,11,"Reasons for choosing main provider for apprentices and trainees, timeseries (% of all employers with apprentices or trainees)",Overall,Convenient access or location,Professional or industry associations,2025,25.9,25.9*,reported,True,pct,overall,False,Employer survey — joins on state/industry/size. No ANZSCO occupation code available.,False
Table 11,11,"Reasons for choosing main provider for apprentices and trainees, timeseries (% of all employers with apprentices or trainees)",Overall,Convenient access or location,Professional or industry associations,2011,,na,not_available,False,pct,overall,False,Employer survey — joins on state/industry/size. No ANZSCO occupation code available.,
Table 11,11,"Reasons for choosing main provider for apprentices and trainees, timeseries (% of all employers with apprentices or trainees)",Overall,Convenient access or location,Professional or industry associations,2021,,na,not_available,False,pct,overall,False,Employer survey — joins on state/industry/size. No ANZSCO occupation code available.,
Table 11,11,"Reasons for choosing main provider for apprentices and trainees, timeseries (% of all employers with apprentices or trainees)",Overall,Convenient access or location,TAFE institutes,2005,12.7,12.7,reported,False,pct,overall,False,Employer survey — joins on state/industry/size. No ANZSCO occupation code available.,False
Table 11,11,"Reasons for choosing main provider for apprentices and trainees, timeseries (% of all employers with apprentices or trainees)",Overall,Convenient access or location,TAFE institutes,2007,10.3,10.3,reported,False,pct,overall,False,Employer survey — joins on state/industry/size. No ANZSCO occupation code available.,False
Table 11,11,"Reasons for choosing main provider for apprentices and trainees, timeseries (% of all employers with apprentices or trainees)",Overall,Convenient access or location,TAFE institutes,2009,10.0,10,reported,False,pct,overall,False,Employer survey — joins on state/industry/size. No ANZSCO occupation code available.,False
Table 11,11,"Reasons for choosing main provider for apprentices and trainees, timeseries (% of all employers with apprentices or trainees)",Overall,Convenient access or location,TAFE institutes,2013,14.1,14.1,reported,False,pct,overall,False,Employer survey — joins on state/industry/size. No ANZSCO occupation code available.,False
Table 11,11,"Reasons for choosing main provider for apprentices and trainees, timeseries (% of all employers with apprentices or trainees)",Overall,Convenient access or location,TAFE institutes,2015,19.5,19.5,reported,False,pct,overall,False,Employer survey — joins on state/industry/size. No ANZSCO occupation code available.,False
Table 11,11,"Reasons for choosing main provider for apprentices and trainees, timeseries (% of all employers with apprentices or trainees)",Overall,Convenient access or location,TAFE institutes,2017,19.5,19.5,reported,False,pct,overall,False,Employer survey — joins on state/industry/size. No ANZSCO occupation code available.,False
Table 11,11,"Reasons for choosing main provider for apprentices and trainees, timeseries (% of all employers with apprentices or trainees)",Overall,Convenient access or location,TAFE institutes,2019,26.6,26.6,reported,False,pct,overall,False,Employer survey — joins on state/industry/size. No ANZSCO occupation code available.,False
Table 11,11,"Reasons for choosing main provider for apprentices and trainees, timeseries (% of all employers with apprentices or trainees)",Overall,Convenient access or location,TAFE institutes,2023,17.7,17.7,reported,False,pct,overall,False,Employer survey — joins on state/industry/size. No ANZSCO occupation code available.,False
Table 11,11,"Reasons for choosing main provider for apprentices and trainees, timeseries (% of all employers with apprentices or trainees)",Overall,Convenient access or location,TAFE institutes,2025,17.8,17.8,reported,False,pct,overall,False,Employer survey — joins on state/industry/size. No ANZSCO occupation code available.,False
Table 11,11,"Reasons for choosing main provider for apprentices and trainees, timeseries (% of all employers with apprentices or trainees)",Overall,Convenient access or location,TAFE institutes,2011,,na,not_available,False,pct,overall,False,Employer survey — joins on state/industry/size. No ANZSCO occupation code available.,
Table 11,11,"Reasons for choosing main provider for apprentices and trainees, timeseries (% of all employers with apprentices or trainees)",Overall,Convenient access or location,TAFE institutes,2021,,na,not_available,False,pct,overall,False,Employer survey — joins on state/industry/size. No ANZSCO occupation code available.,
Table 11,11,"Reasons for choosing main provider for apprentices and trainees, timeseries (% of all employers with apprentices or trainees)",Overall,Convenient or flexible times,Other external providers used for nationally recognised training,2005,4.4,4.4,reported,False,pct,overall,False,Employer survey — joins on state/industry/size. No ANZSCO occupation code available.,False
Table 11,11,"Reasons for choosing main provider for apprentices and trainees, timeseries (% of all employers with apprentices or trainees)",Overall,Convenient or flexible times,Other external providers used for nationally recognised training,2007,3.8,3.8,reported,False,pct,overall,False,Employer survey — joins on state/industry/size. No ANZSCO occupation code available.,False
Table 11,11,"Reasons for choosing main provider for apprentices and trainees, timeseries (% of all employers with apprentices or trainees)",Overall,Convenient or flexible times,Other external providers used for nationally recognised training,2009,3.8,3.8,reported,False,pct,overall,False,Employer survey — joins on state/industry/size. No ANZSCO occupation code available.,False
Table 11,11,"Reasons for choosing main provider for apprentices and trainees, timeseries (% of all employers with apprentices or trainees)",Overall,Convenient or flexible times,Other external providers used for nationally recognised training,2013,1.5,1.5,reported,False,pct,overall,False,Employer survey — joins on state/industry/size. No ANZSCO occupation code available.,False
Table 11,11,"Reasons for choosing main provider for apprentices and trainees, timeseries (% of all employers with apprentices or trainees)",Overall,Convenient or flexible times,Other external providers used for nationally recognised training,2015,5.0,5,reported,False,pct,overall,False,Employer survey — joins on state/industry/size. No ANZSCO occupation code available.,False
Table 11,11,"Reasons for choosing main provider for apprentices and trainees, timeseries (% of all employers with apprentices or trainees)",Overall,Convenient or flexible times,Other external providers used for nationally recognised training,2017,5.2,5.2,reported,False,pct,overall,False,Employer survey — joins on state/industry/size. No ANZSCO occupation code available.,False
Table 11,11,"Reasons for choosing main provider for apprentices and trainees, timeseries (% of all employers with apprentices or trainees)",Overall,Convenient or flexible times,Other external providers used for nationally recognised training,2019,4.7,4.7,reported,False,pct,overall,False,Employer survey — joins on state/industry/size. No ANZSCO occupation code available.,False
Table 11,11,"Reasons for choosing main provider for apprentices and trainees, timeseries (% of all employers with apprentices or trainees)",Overall,Convenient or flexible times,Other external providers used for nationally recognised training,2023,11.3,11.3,reported,False,pct,overall,False,Employer survey — joins on state/industry/size. No ANZSCO occupation code available.,False
Table 11,11,"Reasons for choosing main provider for apprentices and trainees, timeseries (% of all employers with apprentices or trainees)",Overall,Convenient or flexible times,Other external providers used for nationally recognised training,2025,17.9,17.9*,reported,True,pct,overall,False,Employer survey — joins on state/industry/size. No ANZSCO occupation code available.,False
Table 11,11,"Reasons for choosing main provider for apprentices and trainees, timeseries (% of all employers with apprentices or trainees)",Overall,Convenient or flexible times,Other external providers used for nationally recognised training,2011,,na,not_available,False,pct,overall,False,Employer survey — joins on state/industry/size. No ANZSCO occupation code available.,
Table 11,11,"Reasons for choosing main provider for apprentices and trainees, timeseries (% of all employers with apprentices or trainees)",Overall,Convenient or flexible times,Other external providers used for nationally recognised training,2021,,na,not_available,False,pct,overall,False,Employer survey — joins on state/industry/size. No ANZSCO occupation code available.,
Table 11,11,"Reasons for choosing main provider for apprentices and trainees, timeseries (% of all employers with apprentices or trainees)",Overall,Convenient or flexible times,Private training providers,2005,9.4,9.4,reported,False,pct,overall,False,Employer survey — joins on state/industry/size. No ANZSCO occupation code available.,False
Table 11,11,"Reasons for choosing main provider for apprentices and trainees, timeseries (% of all employers with apprentices or trainees)",Overall,Convenient or flexible times,Private training providers,2007,18.6,18.6,reported,False,pct,overall,False,Employer survey — joins on state/industry/size. No ANZSCO occupation code available.,False
Table 11,11,"Reasons for choosing main provider for apprentices and trainees, timeseries (% of all employers with apprentices or trainees)",Overall,Convenient or flexible times,Private training providers,2009,17.2,17.2,reported,False,pct,overall,False,Employer survey — joins on state/industry/size. No ANZSCO occupation code available.,False
Table 11,11,"Reasons for choosing main provider for apprentices and trainees, timeseries (% of all employers with apprentices or trainees)",Overall,Convenient or flexible times,Private training providers,2013,14.7,14.7,reported,False,pct,overall,False,Employer survey — joins on state/industry/size. No ANZSCO occupation code available.,False
Table 11,11,"Reasons for choosing main provider for apprentices and trainees, timeseries (% of all employers with apprentices or trainees)",Overall,Convenient or flexible times,Private training providers,2015,21.1,21.1,reported,False,pct,overall,False,Employer survey — joins on state/industry/size. No ANZSCO occupation code available.,False
Table 11,11,"Reasons for choosing main provider for apprentices and trainees, timeseries (% of all employers with apprentices or trainees)",Overall,Convenient or flexible times,Private training providers,2017,21.1,21.1,reported,False,pct,overall,False,Employer survey — joins on state/industry/size. No ANZSCO occupation code available.,False
Table 11,11,"Reasons for choosing main provider for apprentices and trainees, timeseries (% of all employers with apprentices or trainees)",Overall,Convenient or flexible times,Private training providers,2019,22.0,22,reported,False,pct,overall,False,Employer survey — joins on state/industry/size. No ANZSCO occupation code available.,False
Table 11,11,"Reasons for choosing main provider for apprentices and trainees, timeseries (% of all employers with apprentices or trainees)",Overall,Convenient or flexible times,Private training providers,2023,19.6,19.6,reported,False,pct,overall,False,Employer survey — joins on state/industry/size. No ANZSCO occupation code available.,False
Table 11,11,"Reasons for choosing main provider for apprentices and trainees, timeseries (% of all employers with apprentices or trainees)",Overall,Convenient or flexible times,Private training providers,2025,19.6,19.6,reported,False,pct,overall,False,Employer survey — joins on state/industry/size. No ANZSCO occupation code available.,False
Table 11,11,"Reasons for choosing main provider for apprentices and trainees, timeseries (% of all employers with apprentices or trainees)",Overall,Convenient or flexible times,Private training providers,2011,,na,not_available,False,pct,overall,False,Employer survey — joins on state/industry/size. No ANZSCO occupation code available.,
Table 11,11,"Reasons for choosing main provider for apprentices and trainees, timeseries (% of all employers with apprentices or trainees)",Overall,Convenient or flexible times,Private training providers,2021,,na,not_available,False,pct,overall,False,Employer survey — joins on state/industry/size. No ANZSCO occupation code available.,
Table 11,11,"Reasons for choosing main provider for apprentices and trainees, timeseries (% of all employers with apprentices or trainees)",Overall,Convenient or flexible times,Professional or industry associations,2005,6.3,6.3,reported,False,pct,overall,False,Employer survey — joins on state/industry/size. No ANZSCO occupation code available.,False
Table 11,11,"Reasons for choosing main provider for apprentices and trainees, timeseries (% of all employers with apprentices or trainees)",Overall,Convenient or flexible times,Professional or industry associations,2007,2.8,2.8,reported,False,pct,overall,False,Employer survey — joins on state/industry/size. No ANZSCO occupation code available.,False
Table 11,11,"Reasons for choosing main provider for apprentices and trainees, timeseries (% of all employers with apprentices or trainees)",Overall,Convenient or flexible times,Professional or industry associations,2009,2.2,2.2,reported,False,pct,overall,False,Employer survey — joins on state/industry/size. No ANZSCO occupation code available.,False
Table 11,11,"Reasons for choosing main provider for apprentices and trainees, timeseries (% of all employers with apprentices or trainees)",Overall,Convenient or flexible times,Professional or industry associations,2013,0.7,0.7,reported,False,pct,overall,False,Employer survey — joins on state/industry/size. No ANZSCO occupation code available.,False
Table 11,11,"Reasons for choosing main provider for apprentices and trainees, timeseries (% of all employers with apprentices or trainees)",Overall,Convenient or flexible times,Professional or industry associations,2015,20.7,20.7*,reported,True,pct,overall,False,Employer survey — joins on state/industry/size. No ANZSCO occupation code available.,False
Table 11,11,"Reasons for choosing main provider for apprentices and trainees, timeseries (% of all employers with apprentices or trainees)",Overall,Convenient or flexible times,Professional or industry associations,2017,9.4,9.4,reported,False,pct,overall,False,Employer survey — joins on state/industry/size. No ANZSCO occupation code available.,False
Table 11,11,"Reasons for choosing main provider for apprentices and trainees, timeseries (% of all employers with apprentices or trainees)",Overall,Convenient or flexible times,Professional or industry associations,2019,24.1,24.1*,reported,True,pct,overall,False,Employer survey — joins on state/industry/size. No ANZSCO occupation code available.,False
Table 11,11,"Reasons for choosing main provider for apprentices and trainees, timeseries (% of all employers with apprentices or trainees)",Overall,Convenient or flexible times,Professional or industry associations,2023,13.5,13.5,reported,False,pct,overall,False,Employer survey — joins on state/industry/size. No ANZSCO occupation code available.,False
Table 11,11,"Reasons for choosing main provider for apprentices and trainees, timeseries (% of all employers with apprentices or trainees)",Overall,Convenient or flexible times,Professional or industry associations,2025,13.3,13.3*,reported,True,pct,overall,False,Employer survey — joins on state/industry/size. No ANZSCO occupation code available.,False
Table 11,11,"Reasons for choosing main provider for apprentices and trainees, timeseries (% of all employers with apprentices or trainees)",Overall,Convenient or flexible times,Professional or industry associations,2011,,na,not_available,False,pct,overall,False,Employer survey — joins on state/industry/size. No ANZSCO occupation code available.,
Table 11,11,"Reasons for choosing main provider for apprentices and trainees, timeseries (% of all employers with apprentices or trainees)",Overall,Convenient or flexible times,Professional or industry associations,2021,,na,not_available,False,pct,overall,False,Employer survey — joins on state/industry/size. No ANZSCO occupation code available.,
Table 11,11,"Reasons for choosing main provider for apprentices and trainees, timeseries (% of all employers with apprentices or trainees)",Overall,Convenient or flexible times,TAFE institutes,2005,4.3,4.3,reported,False,pct,overall,False,Employer survey — joins on state/industry/size. No ANZSCO occupation code available.,False
Table 11,11,"Reasons for choosing main provider for apprentices and trainees, timeseries (% of all employers with apprentices or trainees)",Overall,Convenient or flexible times,TAFE institutes,2007,3.6,3.6,reported,False,pct,overall,False,Employer survey — joins on state/industry/size. No ANZSCO occupation code available.,False
Table 11,11,"Reasons for choosing main provider for apprentices and trainees, timeseries (% of all employers with apprentices or trainees)",Overall,Convenient or flexible times,TAFE institutes,2009,4.1,4.1,reported,False,pct,overall,False,Employer survey — joins on state/industry/size. No ANZSCO occupation code available.,False
Table 11,11,"Reasons for choosing main provider for apprentices and trainees, timeseries (% of all employers with apprentices or trainees)",Overall,Convenient or flexible times,TAFE institutes,2013,5.1,5.1,reported,False,pct,overall,False,Employer survey — joins on state/industry/size. No ANZSCO occupation code available.,False
Table 11,11,"Reasons for choosing main provider for apprentices and trainees, timeseries (% of all employers with apprentices or trainees)",Overall,Convenient or flexible times,TAFE institutes,2015,4.4,4.4,reported,False,pct,overall,False,Employer survey — joins on state/industry/size. No ANZSCO occupation code available.,False
Table 11,11,"Reasons for choosing main provider for apprentices and trainees, timeseries (% of all employers with apprentices or trainees)",Overall,Convenient or flexible times,TAFE institutes,2017,7.5,7.5,reported,False,pct,overall,False,Employer survey — joins on state/industry/size. No ANZSCO occupation code available.,False
Table 11,11,"Reasons for choosing main provider for apprentices and trainees, timeseries (% of all employers with apprentices or trainees)",Overall,Convenient or flexible times,TAFE institutes,2019,5.6,5.6,reported,False,pct,overall,False,Employer survey — joins on state/industry/size. No ANZSCO occupation code available.,False
Table 11,11,"Reasons for choosing main provider for apprentices and trainees, timeseries (% of all employers with apprentices or trainees)",Overall,Convenient or flexible times,TAFE institutes,2023,9.3,9.3,reported,False,pct,overall,False,Employer survey — joins on state/industry/size. No ANZSCO occupation code available.,False
Table 11,11,"Reasons for choosing main provider for apprentices and trainees, timeseries (% of all employers with apprentices or trainees)",Overall,Convenient or flexible times,TAFE institutes,2025,4.9,4.9,reported,False,pct,overall,False,Employer survey — joins on state/industry/size. No ANZSCO occupation code available.,False
Table 11,11,"Reasons for choosing main provider for apprentices and trainees, timeseries (% of all employers with apprentices or trainees)",Overall,Convenient or flexible times,TAFE institutes,2011,,na,not_available,False,pct,overall,False,Employer survey — joins on state/industry/size. No ANZSCO occupation code available.,
Table 11,11,"Reasons for choosing main provider for apprentices and trainees, timeseries (% of all employers with apprentices or trainees)",Overall,Convenient or flexible times,TAFE institutes,2021,,na,not_available,False,pct,overall,False,Employer survey — joins on state/industry/size. No ANZSCO occupation code available.,
Table 11,11,"Reasons for choosing main provider for apprentices and trainees, timeseries (% of all employers with apprentices or trainees)",Overall,Expertise was not available elsewhere,Other external providers used for nationally recognised training,2005,10.1,10.1*,reported,True,pct,overall,False,Employer survey — joins on state/industry/size. No ANZSCO occupation code available.,False
Table 11,11,"Reasons for choosing main provider for apprentices and trainees, timeseries (% of all employers with apprentices or trainees)",Overall,Expertise was not available elsewhere,Other external providers used for nationally recognised training,2007,7.6,7.6*,reported,True,pct,overall,False,Employer survey — joins on state/industry/size. No ANZSCO occupation code available.,False
Table 11,11,"Reasons for choosing main provider for apprentices and trainees, timeseries (% of all employers with apprentices or trainees)",Overall,Expertise was not available elsewhere,Other external providers used for nationally recognised training,2009,6.1,6.1,reported,False,pct,overall,False,Employer survey — joins on state/industry/size. No ANZSCO occupation code available.,False
Table 11,11,"Reasons for choosing main provider for apprentices and trainees, timeseries (% of all employers with apprentices or trainees)",Overall,Expertise was not available elsewhere,Other external providers used for nationally recognised training,2013,7.0,7.0*,reported,True,pct,overall,False,Employer survey — joins on state/industry/size. No ANZSCO occupation code available.,False
Table 11,11,"Reasons for choosing main provider for apprentices and trainees, timeseries (% of all employers with apprentices or trainees)",Overall,Expertise was not available elsewhere,Other external providers used for nationally recognised training,2015,1.5,1.5,reported,False,pct,overall,False,Employer survey — joins on state/industry/size. No ANZSCO occupation code available.,False
Table 11,11,"Reasons for choosing main provider for apprentices and trainees, timeseries (% of all employers with apprentices or trainees)",Overall,Expertise was not available elsewhere,Other external providers used for nationally recognised training,2017,8.1,8.1,reported,False,pct,overall,False,Employer survey — joins on state/industry/size. No ANZSCO occupation code available.,False
Table 11,11,"Reasons for choosing main provider for apprentices and trainees, timeseries (% of all employers with apprentices or trainees)",Overall,Expertise was not available elsewhere,Other external providers used for nationally recognised training,2023,3.1,3.1,reported,False,pct,overall,False,Employer survey — joins on state/industry/size. No ANZSCO occupation code available.,False
Table 11,11,"Reasons for choosing main provider for apprentices and trainees, timeseries (% of all employers with apprentices or trainees)",Overall,Expertise was not available elsewhere,Other external providers used for nationally recognised training,2025,5.7,5.7,reported,False,pct,overall,False,Employer survey — joins on state/industry/size. No ANZSCO occupation code available.,False
Table 11,11,"Reasons for choosing main provider for apprentices and trainees, timeseries (% of all employers with apprentices or trainees)",Overall,Expertise was not available elsewhere,Other external providers used for nationally recognised training,2019,,np,not_publishable,False,pct,overall,False,Employer survey — joins on state/industry/size. No ANZSCO occupation code available.,
Table 11,11,"Reasons for choosing main provider for apprentices and trainees, timeseries (% of all employers with apprentices or trainees)",Overall,Expertise was not available elsewhere,Other external providers used for nationally recognised training,2011,,na,not_available,False,pct,overall,False,Employer survey — joins on state/industry/size. No ANZSCO occupation code available.,
Table 11,11,"Reasons for choosing main provider for apprentices and trainees, timeseries (% of all employers with apprentices or trainees)",Overall,Expertise was not available elsewhere,Other external providers used for nationally recognised training,2021,,na,not_available,False,pct,overall,False,Employer survey — joins on state/industry/size. No ANZSCO occupation code available.,
Table 11,11,"Reasons for choosing main provider for apprentices and trainees, timeseries (% of all employers with apprentices or trainees)",Overall,Expertise was not available elsewhere,Private training providers,2005,5.1,5.1,reported,False,pct,overall,False,Employer survey — joins on state/industry/size. No ANZSCO occupation code available.,False
Table 11,11,"Reasons for choosing main provider for apprentices and trainees, timeseries (% of all employers with apprentices or trainees)",Overall,Expertise was not available elsewhere,Private training providers,2007,5.9,5.9,reported,False,pct,overall,False,Employer survey — joins on state/industry/size. No ANZSCO occupation code available.,False
Table 11,11,"Reasons for choosing main provider for apprentices and trainees, timeseries (% of all employers with apprentices or trainees)",Overall,Expertise was not available elsewhere,Private training providers,2009,4.7,4.7,reported,False,pct,overall,False,Employer survey — joins on state/industry/size. No ANZSCO occupation code available.,False
Table 11,11,"Reasons for choosing main provider for apprentices and trainees, timeseries (% of all employers with apprentices or trainees)",Overall,Expertise was not available elsewhere,Private training providers,2013,4.5,4.5,reported,False,pct,overall,False,Employer survey — joins on state/industry/size. No ANZSCO occupation code available.,False
Table 11,11,"Reasons for choosing main provider for apprentices and trainees, timeseries (% of all employers with apprentices or trainees)",Overall,Expertise was not available elsewhere,Private training providers,2015,2.1,2.1,reported,False,pct,overall,False,Employer survey — joins on state/industry/size. No ANZSCO occupation code available.,False
Table 11,11,"Reasons for choosing main provider for apprentices and trainees, timeseries (% of all employers with apprentices or trainees)",Overall,Expertise was not available elsewhere,Private training providers,2017,1.3,1.3,reported,False,pct,overall,False,Employer survey — joins on state/industry/size. No ANZSCO occupation code available.,False
Table 11,11,"Reasons for choosing main provider for apprentices and trainees, timeseries (% of all employers with apprentices or trainees)",Overall,Expertise was not available elsewhere,Private training providers,2019,1.4,1.4,reported,False,pct,overall,False,Employer survey — joins on state/industry/size. No ANZSCO occupation code available.,False
Table 11,11,"Reasons for choosing main provider for apprentices and trainees, timeseries (% of all employers with apprentices or trainees)",Overall,Expertise was not available elsewhere,Private training providers,2023,3.3,3.3,reported,False,pct,overall,False,Employer survey — joins on state/industry/size. No ANZSCO occupation code available.,False
Table 11,11,"Reasons for choosing main provider for apprentices and trainees, timeseries (% of all employers with apprentices or trainees)",Overall,Expertise was not available elsewhere,Private training providers,2025,4.9,4.9,reported,False,pct,overall,False,Employer survey — joins on state/industry/size. No ANZSCO occupation code available.,False
Table 11,11,"Reasons for choosing main provider for apprentices and trainees, timeseries (% of all employers with apprentices or trainees)",Overall,Expertise was not available elsewhere,Private training providers,2011,,na,not_available,False,pct,overall,False,Employer survey — joins on state/industry/size. No ANZSCO occupation code available.,
Table 11,11,"Reasons for choosing main provider for apprentices and trainees, timeseries (% of all employers with apprentices or trainees)",Overall,Expertise was not available elsewhere,Private training providers,2021,,na,not_available,False,pct,overall,False,Employer survey — joins on state/industry/size. No ANZSCO occupation code available.,
Table 11,11,"Reasons for choosing main provider for apprentices and trainees, timeseries (% of all employers with apprentices or trainees)",Overall,Expertise was not available elsewhere,Professional or industry associations,2005,25.3,25.3*,reported,True,pct,overall,False,Employer survey — joins on state/industry/size. No ANZSCO occupation code available.,False
Table 11,11,"Reasons for choosing main provider for apprentices and trainees, timeseries (% of all employers with apprentices or trainees)",Overall,Expertise was not available elsewhere,Professional or industry associations,2007,28.5,28.5*,reported,True,pct,overall,False,Employer survey — joins on state/industry/size. No ANZSCO occupation code available.,False
Table 11,11,"Reasons for choosing main provider for apprentices and trainees, timeseries (% of all employers with apprentices or trainees)",Overall,Expertise was not available elsewhere,Professional or industry associations,2009,9.2,9.2,reported,False,pct,overall,False,Employer survey — joins on state/industry/size. No ANZSCO occupation code available.,False
Table 11,11,"Reasons for choosing main provider for apprentices and trainees, timeseries (% of all employers with apprentices or trainees)",Overall,Expertise was not available elsewhere,Professional or industry associations,2013,8.1,8.1,reported,False,pct,overall,False,Employer survey — joins on state/industry/size. No ANZSCO occupation code available.,False
Table 11,11,"Reasons for choosing main provider for apprentices and trainees, timeseries (% of all employers with apprentices or trainees)",Overall,Expertise was not available elsewhere,Professional or industry associations,2015,8.5,8.5,reported,False,pct,overall,False,Employer survey — joins on state/industry/size. No ANZSCO occupation code available.,False
Table 11,11,"Reasons for choosing main provider for apprentices and trainees, timeseries (% of all employers with apprentices or trainees)",Overall,Expertise was not available elsewhere,Professional or industry associations,2017,3.8,3.8,reported,False,pct,overall,False,Employer survey — joins on state/industry/size. No ANZSCO occupation code available.,False
Table 11,11,"Reasons for choosing main provider for apprentices and trainees, timeseries (% of all employers with apprentices or trainees)",Overall,Expertise was not available elsewhere,Professional or industry associations,2019,5.0,5,reported,False,pct,overall,False,Employer survey — joins on state/industry/size. No ANZSCO occupation code available.,False
Table 11,11,"Reasons for choosing main provider for apprentices and trainees, timeseries (% of all employers with apprentices or trainees)",Overall,Expertise was not available elsewhere,Professional or industry associations,2023,10.6,10.6,reported,False,pct,overall,False,Employer survey — joins on state/industry/size. No ANZSCO occupation code available.,False
Table 11,11,"Reasons for choosing main provider for apprentices and trainees, timeseries (% of all employers with apprentices or trainees)",Overall,Expertise was not available elsewhere,Professional or industry associations,2025,0.3,0.3,reported,False,pct,overall,False,Employer survey — joins on state/industry/size. No ANZSCO occupation code available.,False
Table 11,11,"Reasons for choosing main provider for apprentices and trainees, timeseries (% of all employers with apprentices or trainees)",Overall,Expertise was not available elsewhere,Professional or industry associations,2011,,na,not_available,False,pct,overall,False,Employer survey — joins on state/industry/size. No ANZSCO occupation code available.,
Table 11,11,"Reasons for choosing main provider for apprentices and trainees, timeseries (% of all employers with apprentices or trainees)",Overall,Expertise was not available elsewhere,Professional or industry associations,2021,,na,not_available,False,pct,overall,False,Employer survey — joins on state/industry/size. No ANZSCO occupation code available.,
Table 11,11,"Reasons for choosing main provider for apprentices and trainees, timeseries (% of all employers with apprentices or trainees)",Overall,Expertise was not available elsewhere,TAFE institutes,2005,6.2,6.2,reported,False,pct,overall,False,Employer survey — joins on state/industry/size. No ANZSCO occupation code available.,False
Table 11,11,"Reasons for choosing main provider for apprentices and trainees, timeseries (% of all employers with apprentices or trainees)",Overall,Expertise was not available elsewhere,TAFE institutes,2007,7.9,7.9,reported,False,pct,overall,False,Employer survey — joins on state/industry/size. No ANZSCO occupation code available.,False
Table 11,11,"Reasons for choosing main provider for apprentices and trainees, timeseries (% of all employers with apprentices or trainees)",Overall,Expertise was not available elsewhere,TAFE institutes,2009,5.9,5.9,reported,False,pct,overall,False,Employer survey — joins on state/industry/size. No ANZSCO occupation code available.,False
Table 11,11,"Reasons for choosing main provider for apprentices and trainees, timeseries (% of all employers with apprentices or trainees)",Overall,Expertise was not available elsewhere,TAFE institutes,2013,4.4,4.4,reported,False,pct,overall,False,Employer survey — joins on state/industry/size. No ANZSCO occupation code available.,False
Table 11,11,"Reasons for choosing main provider for apprentices and trainees, timeseries (% of all employers with apprentices or trainees)",Overall,Expertise was not available elsewhere,TAFE institutes,2015,1.7,1.7,reported,False,pct,overall,False,Employer survey — joins on state/industry/size. No ANZSCO occupation code available.,False
Table 11,11,"Reasons for choosing main provider for apprentices and trainees, timeseries (% of all employers with apprentices or trainees)",Overall,Expertise was not available elsewhere,TAFE institutes,2017,2.6,2.6,reported,False,pct,overall,False,Employer survey — joins on state/industry/size. No ANZSCO occupation code available.,False
Table 11,11,"Reasons for choosing main provider for apprentices and trainees, timeseries (% of all employers with apprentices or trainees)",Overall,Expertise was not available elsewhere,TAFE institutes,2019,3.6,3.6,reported,False,pct,overall,False,Employer survey — joins on state/industry/size. No ANZSCO occupation code available.,False
Table 11,11,"Reasons for choosing main provider for apprentices and trainees, timeseries (% of all employers with apprentices or trainees)",Overall,Expertise was not available elsewhere,TAFE institutes,2023,2.2,2.2,reported,False,pct,overall,False,Employer survey — joins on state/industry/size. No ANZSCO occupation code available.,False
Table 11,11,"Reasons for choosing main provider for apprentices and trainees, timeseries (% of all employers with apprentices or trainees)",Overall,Expertise was not available elsewhere,TAFE institutes,2025,2.2,2.2,reported,False,pct,overall,False,Employer survey — joins on state/industry/size. No ANZSCO occupation code available.,False
Table 11,11,"Reasons for choosing main provider for apprentices and trainees, timeseries (% of all employers with apprentices or trainees)",Overall,Expertise was not available elsewhere,TAFE institutes,2011,,na,not_available,False,pct,overall,False,Employer survey — joins on state/industry/size. No ANZSCO occupation code available.,
Table 11,11,"Reasons for choosing main provider for apprentices and trainees, timeseries (% of all employers with apprentices or trainees)",Overall,Expertise was not available elsewhere,TAFE institutes,2021,,na,not_available,False,pct,overall,False,Employer survey — joins on state/industry/size. No ANZSCO occupation code available.,
Table 11,11,"Reasons for choosing main provider for apprentices and trainees, timeseries (% of all employers with apprentices or trainees)",Overall,Had used the provider previously and were satisfied,Other external providers used for nationally recognised training,2005,1.3,1.3,reported,False,pct,overall,False,Employer survey — joins on state/industry/size. No ANZSCO occupation code available.,False
Table 11,11,"Reasons for choosing main provider for apprentices and trainees, timeseries (% of all employers with apprentices or trainees)",Overall,Had used the provider previously and were satisfied,Other external providers used for nationally recognised training,2007,1.7,1.7,reported,False,pct,overall,False,Employer survey — joins on state/industry/size. No ANZSCO occupation code available.,False
Table 11,11,"Reasons for choosing main provider for apprentices and trainees, timeseries (% of all employers with apprentices or trainees)",Overall,Had used the provider previously and were satisfied,Other external providers used for nationally recognised training,2009,8.5,8.5,reported,False,pct,overall,False,Employer survey — joins on state/industry/size. No ANZSCO occupation code available.,False
Table 11,11,"Reasons for choosing main provider for apprentices and trainees, timeseries (% of all employers with apprentices or trainees)",Overall,Had used the provider previously and were satisfied,Other external providers used for nationally recognised training,2013,9.4,9.4*,reported,True,pct,overall,False,Employer survey — joins on state/industry/size. No ANZSCO occupation code available.,False
Table 11,11,"Reasons for choosing main provider for apprentices and trainees, timeseries (% of all employers with apprentices or trainees)",Overall,Had used the provider previously and were satisfied,Other external providers used for nationally recognised training,2015,31.3,31.3*,reported,True,pct,overall,False,Employer survey — joins on state/industry/size. No ANZSCO occupation code available.,False
Table 11,11,"Reasons for choosing main provider for apprentices and trainees, timeseries (% of all employers with apprentices or trainees)",Overall,Had used the provider previously and were satisfied,Other external providers used for nationally recognised training,2017,13.0,13.0*,reported,True,pct,overall,False,Employer survey — joins on state/industry/size. No ANZSCO occupation code available.,False
Table 11,11,"Reasons for choosing main provider for apprentices and trainees, timeseries (% of all employers with apprentices or trainees)",Overall,Had used the provider previously and were satisfied,Other external providers used for nationally recognised training,2019,5.3,5.3,reported,False,pct,overall,False,Employer survey — joins on state/industry/size. No ANZSCO occupation code available.,False
Table 11,11,"Reasons for choosing main provider for apprentices and trainees, timeseries (% of all employers with apprentices or trainees)",Overall,Had used the provider previously and were satisfied,Other external providers used for nationally recognised training,2023,18.5,18.5*,reported,True,pct,overall,False,Employer survey — joins on state/industry/size. No ANZSCO occupation code available.,False
Table 11,11,"Reasons for choosing main provider for apprentices and trainees, timeseries (% of all employers with apprentices or trainees)",Overall,Had used the provider previously and were satisfied,Other external providers used for nationally recognised training,2025,9.9,9.9,reported,False,pct,overall,False,Employer survey — joins on state/industry/size. No ANZSCO occupation code available.,False
Table 11,11,"Reasons for choosing main provider for apprentices and trainees, timeseries (% of all employers with apprentices or trainees)",Overall,Had used the provider previously and were satisfied,Other external providers used for nationally recognised training,2011,,na,not_available,False,pct,overall,False,Employer survey — joins on state/industry/size. No ANZSCO occupation code available.,
Table 11,11,"Reasons for choosing main provider for apprentices and trainees, timeseries (% of all employers with apprentices or trainees)",Overall,Had used the provider previously and were satisfied,Other external providers used for nationally recognised training,2021,,na,not_available,False,pct,overall,False,Employer survey — joins on state/industry/size. No ANZSCO occupation code available.,
Table 11,11,"Reasons for choosing main provider for apprentices and trainees, timeseries (% of all employers with apprentices or trainees)",Overall,Had used the provider previously and were satisfied,Private training providers,2005,17.1,17.1,reported,False,pct,overall,False,Employer survey — joins on state/industry/size. No ANZSCO occupation code available.,False
Table 11,11,"Reasons for choosing main provider for apprentices and trainees, timeseries (% of all employers with apprentices or trainees)",Overall,Had used the provider previously and were satisfied,Private training providers,2007,13.9,13.9,reported,False,pct,overall,False,Employer survey — joins on state/industry/size. No ANZSCO occupation code available.,False
Table 11,11,"Reasons for choosing main provider for apprentices and trainees, timeseries (% of all employers with apprentices or trainees)",Overall,Had used the provider previously and were satisfied,Private training providers,2009,20.5,20.5,reported,False,pct,overall,False,Employer survey — joins on state/industry/size. No ANZSCO occupation code available.,False
Table 11,11,"Reasons for choosing main provider for apprentices and trainees, timeseries (% of all employers with apprentices or trainees)",Overall,Had used the provider previously and were satisfied,Private training providers,2013,21.5,21.5,reported,False,pct,overall,False,Employer survey — joins on state/industry/size. No ANZSCO occupation code available.,False
Table 11,11,"Reasons for choosing main provider for apprentices and trainees, timeseries (% of all employers with apprentices or trainees)",Overall,Had used the provider previously and were satisfied,Private training providers,2015,19.6,19.6,reported,False,pct,overall,False,Employer survey — joins on state/industry/size. No ANZSCO occupation code available.,False
Table 11,11,"Reasons for choosing main provider for apprentices and trainees, timeseries (% of all employers with apprentices or trainees)",Overall,Had used the provider previously and were satisfied,Private training providers,2017,15.5,15.5,reported,False,pct,overall,False,Employer survey — joins on state/industry/size. No ANZSCO occupation code available.,False
Table 11,11,"Reasons for choosing main provider for apprentices and trainees, timeseries (% of all employers with apprentices or trainees)",Overall,Had used the provider previously and were satisfied,Private training providers,2019,32.1,32.1*,reported,True,pct,overall,False,Employer survey — joins on state/industry/size. No ANZSCO occupation code available.,False
Table 11,11,"Reasons for choosing main provider for apprentices and trainees, timeseries (% of all employers with apprentices or trainees)",Overall,Had used the provider previously and were satisfied,Private training providers,2023,25.6,25.6,reported,False,pct,overall,False,Employer survey — joins on state/industry/size. No ANZSCO occupation code available.,False
Table 11,11,"Reasons for choosing main provider for apprentices and trainees, timeseries (% of all employers with apprentices or trainees)",Overall,Had used the provider previously and were satisfied,Private training providers,2025,28.8,28.8,reported,False,pct,overall,False,Employer survey — joins on state/industry/size. No ANZSCO occupation code available.,False
Table 11,11,"Reasons for choosing main provider for apprentices and trainees, timeseries (% of all employers with apprentices or trainees)",Overall,Had used the provider previously and were satisfied,Private training providers,2011,,na,not_available,False,pct,overall,False,Employer survey — joins on state/industry/size. No ANZSCO occupation code available.,
Table 11,11,"Reasons for choosing main provider for apprentices and trainees, timeseries (% of all employers with apprentices or trainees)",Overall,Had used the provider previously and were satisfied,Private training providers,2021,,na,not_available,False,pct,overall,False,Employer survey — joins on state/industry/size. No ANZSCO occupation code available.,
Table 11,11,"Reasons for choosing main provider for apprentices and trainees, timeseries (% of all employers with apprentices or trainees)",Overall,Had used the provider previously and were satisfied,Professional or industry associations,2005,16.5,16.5*,reported,True,pct,overall,False,Employer survey — joins on state/industry/size. No ANZSCO occupation code available.,False
Table 11,11,"Reasons for choosing main provider for apprentices and trainees, timeseries (% of all employers with apprentices or trainees)",Overall,Had used the provider previously and were satisfied,Professional or industry associations,2007,3.9,3.9,reported,False,pct,overall,False,Employer survey — joins on state/industry/size. No ANZSCO occupation code available.,False
Table 11,11,"Reasons for choosing main provider for apprentices and trainees, timeseries (% of all employers with apprentices or trainees)",Overall,Had used the provider previously and were satisfied,Professional or industry associations,2009,11.6,11.6*,reported,True,pct,overall,False,Employer survey — joins on state/industry/size. No ANZSCO occupation code available.,False
Table 11,11,"Reasons for choosing main provider for apprentices and trainees, timeseries (% of all employers with apprentices or trainees)",Overall,Had used the provider previously and were satisfied,Professional or industry associations,2013,7.9,7.9,reported,False,pct,overall,False,Employer survey — joins on state/industry/size. No ANZSCO occupation code available.,False
Table 11,11,"Reasons for choosing main provider for apprentices and trainees, timeseries (% of all employers with apprentices or trainees)",Overall,Had used the provider previously and were satisfied,Professional or industry associations,2015,16.2,16.2*,reported,True,pct,overall,False,Employer survey — joins on state/industry/size. No ANZSCO occupation code available.,False
Table 11,11,"Reasons for choosing main provider for apprentices and trainees, timeseries (% of all employers with apprentices or trainees)",Overall,Had used the provider previously and were satisfied,Professional or industry associations,2017,23.6,23.6*,reported,True,pct,overall,False,Employer survey — joins on state/industry/size. No ANZSCO occupation code available.,False
Table 11,11,"Reasons for choosing main provider for apprentices and trainees, timeseries (% of all employers with apprentices or trainees)",Overall,Had used the provider previously and were satisfied,Professional or industry associations,2019,22.8,22.8*,reported,True,pct,overall,False,Employer survey — joins on state/industry/size. No ANZSCO occupation code available.,False
Table 11,11,"Reasons for choosing main provider for apprentices and trainees, timeseries (% of all employers with apprentices or trainees)",Overall,Had used the provider previously and were satisfied,Professional or industry associations,2023,29.8,29.8*,reported,True,pct,overall,False,Employer survey — joins on state/industry/size. No ANZSCO occupation code available.,False
Table 11,11,"Reasons for choosing main provider for apprentices and trainees, timeseries (% of all employers with apprentices or trainees)",Overall,Had used the provider previously and were satisfied,Professional or industry associations,2025,27.5,27.5*,reported,True,pct,overall,False,Employer survey — joins on state/industry/size. No ANZSCO occupation code available.,False
Table 11,11,"Reasons for choosing main provider for apprentices and trainees, timeseries (% of all employers with apprentices or trainees)",Overall,Had used the provider previously and were satisfied,Professional or industry associations,2011,,na,not_available,False,pct,overall,False,Employer survey — joins on state/industry/size. No ANZSCO occupation code available.,
Table 11,11,"Reasons for choosing main provider for apprentices and trainees, timeseries (% of all employers with apprentices or trainees)",Overall,Had used the provider previously and were satisfied,Professional or industry associations,2021,,na,not_available,False,pct,overall,False,Employer survey — joins on state/industry/size. No ANZSCO occupation code available.,
Table 11,11,"Reasons for choosing main provider for apprentices and trainees, timeseries (% of all employers with apprentices or trainees)",Overall,Had used the provider previously and were satisfied,TAFE institutes,2005,5.8,5.8,reported,False,pct,overall,False,Employer survey — joins on state/industry/size. No ANZSCO occupation code available.,False
Table 11,11,"Reasons for choosing main provider for apprentices and trainees, timeseries (% of all employers with apprentices or trainees)",Overall,Had used the provider previously and were satisfied,TAFE institutes,2007,7.4,7.4,reported,False,pct,overall,False,Employer survey — joins on state/industry/size. No ANZSCO occupation code available.,False
Table 11,11,"Reasons for choosing main provider for apprentices and trainees, timeseries (% of all employers with apprentices or trainees)",Overall,Had used the provider previously and were satisfied,TAFE institutes,2009,9.1,9.1,reported,False,pct,overall,False,Employer survey — joins on state/industry/size. No ANZSCO occupation code available.,False
Table 11,11,"Reasons for choosing main provider for apprentices and trainees, timeseries (% of all employers with apprentices or trainees)",Overall,Had used the provider previously and were satisfied,TAFE institutes,2013,7.9,7.9,reported,False,pct,overall,False,Employer survey — joins on state/industry/size. No ANZSCO occupation code available.,False
Table 11,11,"Reasons for choosing main provider for apprentices and trainees, timeseries (% of all employers with apprentices or trainees)",Overall,Had used the provider previously and were satisfied,TAFE institutes,2015,8.2,8.2,reported,False,pct,overall,False,Employer survey — joins on state/industry/size. No ANZSCO occupation code available.,False
Table 11,11,"Reasons for choosing main provider for apprentices and trainees, timeseries (% of all employers with apprentices or trainees)",Overall,Had used the provider previously and were satisfied,TAFE institutes,2017,14.1,14.1,reported,False,pct,overall,False,Employer survey — joins on state/industry/size. No ANZSCO occupation code available.,False
Table 11,11,"Reasons for choosing main provider for apprentices and trainees, timeseries (% of all employers with apprentices or trainees)",Overall,Had used the provider previously and were satisfied,TAFE institutes,2019,25.0,25,reported,False,pct,overall,False,Employer survey — joins on state/industry/size. No ANZSCO occupation code available.,False
Table 11,11,"Reasons for choosing main provider for apprentices and trainees, timeseries (% of all employers with apprentices or trainees)",Overall,Had used the provider previously and were satisfied,TAFE institutes,2023,21.7,21.7,reported,False,pct,overall,False,Employer survey — joins on state/industry/size. No ANZSCO occupation code available.,False
Table 11,11,"Reasons for choosing main provider for apprentices and trainees, timeseries (% of all employers with apprentices or trainees)",Overall,Had used the provider previously and were satisfied,TAFE institutes,2025,15.0,15,reported,False,pct,overall,False,Employer survey — joins on state/industry/size. No ANZSCO occupation code available.,False
Table 11,11,"Reasons for choosing main provider for apprentices and trainees, timeseries (% of all employers with apprentices or trainees)",Overall,Had used the provider previously and were satisfied,TAFE institutes,2011,,na,not_available,False,pct,overall,False,Employer survey — joins on state/industry/size. No ANZSCO occupation code available.,
Table 11,11,"Reasons for choosing main provider for apprentices and trainees, timeseries (% of all employers with apprentices or trainees)",Overall,Had used the provider previously and were satisfied,TAFE institutes,2021,,na,not_available,False,pct,overall,False,Employer survey — joins on state/industry/size. No ANZSCO occupation code available.,
Table 11,11,"Reasons for choosing main provider for apprentices and trainees, timeseries (% of all employers with apprentices or trainees)",Overall,Other reasons,Other external providers used for nationally recognised training,2005,24.7,24.7*,reported,True,pct,overall,False,Employer survey — joins on state/industry/size. No ANZSCO occupation code available.,False
Table 11,11,"Reasons for choosing main provider for apprentices and trainees, timeseries (% of all employers with apprentices or trainees)",Overall,Other reasons,Other external providers used for nationally recognised training,2007,20.4,20.4*,reported,True,pct,overall,False,Employer survey — joins on state/industry/size. No ANZSCO occupation code available.,False
Table 11,11,"Reasons for choosing main provider for apprentices and trainees, timeseries (% of all employers with apprentices or trainees)",Overall,Other reasons,Other external providers used for nationally recognised training,2009,29.5,29.5*,reported,True,pct,overall,False,Employer survey — joins on state/industry/size. No ANZSCO occupation code available.,False
Table 11,11,"Reasons for choosing main provider for apprentices and trainees, timeseries (% of all employers with apprentices or trainees)",Overall,Other reasons,Other external providers used for nationally recognised training,2013,13.9,13.9*,reported,True,pct,overall,False,Employer survey — joins on state/industry/size. No ANZSCO occupation code available.,False
Table 11,11,"Reasons for choosing main provider for apprentices and trainees, timeseries (% of all employers with apprentices or trainees)",Overall,Other reasons,Other external providers used for nationally recognised training,2015,16.5,16.5*,reported,True,pct,overall,False,Employer survey — joins on state/industry/size. No ANZSCO occupation code available.,False
Table 11,11,"Reasons for choosing main provider for apprentices and trainees, timeseries (% of all employers with apprentices or trainees)",Overall,Other reasons,Other external providers used for nationally recognised training,2017,8.0,8,reported,False,pct,overall,False,Employer survey — joins on state/industry/size. No ANZSCO occupation code available.,False
Table 11,11,"Reasons for choosing main provider for apprentices and trainees, timeseries (% of all employers with apprentices or trainees)",Overall,Other reasons,Other external providers used for nationally recognised training,2019,11.9,11.9*,reported,True,pct,overall,False,Employer survey — joins on state/industry/size. No ANZSCO occupation code available.,False
Table 11,11,"Reasons for choosing main provider for apprentices and trainees, timeseries (% of all employers with apprentices or trainees)",Overall,Other reasons,Other external providers used for nationally recognised training,2023,43.2,43.2*,reported,True,pct,overall,False,Employer survey — joins on state/industry/size. No ANZSCO occupation code available.,False
Table 11,11,"Reasons for choosing main provider for apprentices and trainees, timeseries (% of all employers with apprentices or trainees)",Overall,Other reasons,Other external providers used for nationally recognised training,2025,20.9,20.9*,reported,True,pct,overall,False,Employer survey — joins on state/industry/size. No ANZSCO occupation code available.,False
Table 11,11,"Reasons for choosing main provider for apprentices and trainees, timeseries (% of all employers with apprentices or trainees)",Overall,Other reasons,Other external providers used for nationally recognised training,2011,,na,not_available,False,pct,overall,False,Employer survey — joins on state/industry/size. No ANZSCO occupation code available.,
Table 11,11,"Reasons for choosing main provider for apprentices and trainees, timeseries (% of all employers with apprentices or trainees)",Overall,Other reasons,Other external providers used for nationally recognised training,2021,,na,not_available,False,pct,overall,False,Employer survey — joins on state/industry/size. No ANZSCO occupation code available.,
Table 11,11,"Reasons for choosing main provider for apprentices and trainees, timeseries (% of all employers with apprentices or trainees)",Overall,Other reasons,Private training providers,2005,37.2,37.2*,reported,True,pct,overall,False,Employer survey — joins on state/industry/size. No ANZSCO occupation code available.,False
Table 11,11,"Reasons for choosing main provider for apprentices and trainees, timeseries (% of all employers with apprentices or trainees)",Overall,Other reasons,Private training providers,2007,34.9,34.9*,reported,True,pct,overall,False,Employer survey — joins on state/industry/size. No ANZSCO occupation code available.,False
Table 11,11,"Reasons for choosing main provider for apprentices and trainees, timeseries (% of all employers with apprentices or trainees)",Overall,Other reasons,Private training providers,2009,14.6,14.6,reported,False,pct,overall,False,Employer survey — joins on state/industry/size. No ANZSCO occupation code available.,False
Table 11,11,"Reasons for choosing main provider for apprentices and trainees, timeseries (% of all employers with apprentices or trainees)",Overall,Other reasons,Private training providers,2013,26.6,26.6,reported,False,pct,overall,False,Employer survey — joins on state/industry/size. No ANZSCO occupation code available.,False
Table 11,11,"Reasons for choosing main provider for apprentices and trainees, timeseries (% of all employers with apprentices or trainees)",Overall,Other reasons,Private training providers,2015,16.0,16,reported,False,pct,overall,False,Employer survey — joins on state/industry/size. No ANZSCO occupation code available.,False
Table 11,11,"Reasons for choosing main provider for apprentices and trainees, timeseries (% of all employers with apprentices or trainees)",Overall,Other reasons,Private training providers,2017,19.2,19.2,reported,False,pct,overall,False,Employer survey — joins on state/industry/size. No ANZSCO occupation code available.,False
Table 11,11,"Reasons for choosing main provider for apprentices and trainees, timeseries (% of all employers with apprentices or trainees)",Overall,Other reasons,Private training providers,2019,22.7,22.7,reported,False,pct,overall,False,Employer survey — joins on state/industry/size. No ANZSCO occupation code available.,False
Table 11,11,"Reasons for choosing main provider for apprentices and trainees, timeseries (% of all employers with apprentices or trainees)",Overall,Other reasons,Private training providers,2023,11.4,11.4,reported,False,pct,overall,False,Employer survey — joins on state/industry/size. No ANZSCO occupation code available.,False
Table 11,11,"Reasons for choosing main provider for apprentices and trainees, timeseries (% of all employers with apprentices or trainees)",Overall,Other reasons,Private training providers,2025,21.0,21,reported,False,pct,overall,False,Employer survey — joins on state/industry/size. No ANZSCO occupation code available.,False
Table 11,11,"Reasons for choosing main provider for apprentices and trainees, timeseries (% of all employers with apprentices or trainees)",Overall,Other reasons,Private training providers,2011,,na,not_available,False,pct,overall,False,Employer survey — joins on state/industry/size. No ANZSCO occupation code available.,
Table 11,11,"Reasons for choosing main provider for apprentices and trainees, timeseries (% of all employers with apprentices or trainees)",Overall,Other reasons,Private training providers,2021,,na,not_available,False,pct,overall,False,Employer survey — joins on state/industry/size. No ANZSCO occupation code available.,
Table 11,11,"Reasons for choosing main provider for apprentices and trainees, timeseries (% of all employers with apprentices or trainees)",Overall,Other reasons,Professional or industry associations,2005,15.7,15.7*,reported,True,pct,overall,False,Employer survey — joins on state/industry/size. No ANZSCO occupation code available.,False
Table 11,11,"Reasons for choosing main provider for apprentices and trainees, timeseries (% of all employers with apprentices or trainees)",Overall,Other reasons,Professional or industry associations,2007,24.2,24.2*,reported,True,pct,overall,False,Employer survey — joins on state/industry/size. No ANZSCO occupation code available.,False
Table 11,11,"Reasons for choosing main provider for apprentices and trainees, timeseries (% of all employers with apprentices or trainees)",Overall,Other reasons,Professional or industry associations,2009,11.1,11.1,reported,False,pct,overall,False,Employer survey — joins on state/industry/size. No ANZSCO occupation code available.,False
Table 11,11,"Reasons for choosing main provider for apprentices and trainees, timeseries (% of all employers with apprentices or trainees)",Overall,Other reasons,Professional or industry associations,2013,13.3,13.3,reported,False,pct,overall,False,Employer survey — joins on state/industry/size. No ANZSCO occupation code available.,False
Table 11,11,"Reasons for choosing main provider for apprentices and trainees, timeseries (% of all employers with apprentices or trainees)",Overall,Other reasons,Professional or industry associations,2015,5.2,5.2,reported,False,pct,overall,False,Employer survey — joins on state/industry/size. No ANZSCO occupation code available.,False
Table 11,11,"Reasons for choosing main provider for apprentices and trainees, timeseries (% of all employers with apprentices or trainees)",Overall,Other reasons,Professional or industry associations,2017,15.0,15.0*,reported,True,pct,overall,False,Employer survey — joins on state/industry/size. No ANZSCO occupation code available.,False
Table 11,11,"Reasons for choosing main provider for apprentices and trainees, timeseries (% of all employers with apprentices or trainees)",Overall,Other reasons,Professional or industry associations,2019,25.0,25.0*,reported,True,pct,overall,False,Employer survey — joins on state/industry/size. No ANZSCO occupation code available.,False
Table 11,11,"Reasons for choosing main provider for apprentices and trainees, timeseries (% of all employers with apprentices or trainees)",Overall,Other reasons,Professional or industry associations,2023,14.7,14.7*,reported,True,pct,overall,False,Employer survey — joins on state/industry/size. No ANZSCO occupation code available.,False
Table 11,11,"Reasons for choosing main provider for apprentices and trainees, timeseries (% of all employers with apprentices or trainees)",Overall,Other reasons,Professional or industry associations,2025,13.5,13.5*,reported,True,pct,overall,False,Employer survey — joins on state/industry/size. No ANZSCO occupation code available.,False
Table 11,11,"Reasons for choosing main provider for apprentices and trainees, timeseries (% of all employers with apprentices or trainees)",Overall,Other reasons,Professional or industry associations,2011,,na,not_available,False,pct,overall,False,Employer survey — joins on state/industry/size. No ANZSCO occupation code available.,
Table 11,11,"Reasons for choosing main provider for apprentices and trainees, timeseries (% of all employers with apprentices or trainees)",Overall,Other reasons,Professional or industry associations,2021,,na,not_available,False,pct,overall,False,Employer survey — joins on state/industry/size. No ANZSCO occupation code available.,
Table 11,11,"Reasons for choosing main provider for apprentices and trainees, timeseries (% of all employers with apprentices or trainees)",Overall,Other reasons,TAFE institutes,2005,11.4,11.4,reported,False,pct,overall,False,Employer survey — joins on state/industry/size. No ANZSCO occupation code available.,False
Table 11,11,"Reasons for choosing main provider for apprentices and trainees, timeseries (% of all employers with apprentices or trainees)",Overall,Other reasons,TAFE institutes,2007,12.5,12.5,reported,False,pct,overall,False,Employer survey — joins on state/industry/size. No ANZSCO occupation code available.,False
Table 11,11,"Reasons for choosing main provider for apprentices and trainees, timeseries (% of all employers with apprentices or trainees)",Overall,Other reasons,TAFE institutes,2009,14.7,14.7,reported,False,pct,overall,False,Employer survey — joins on state/industry/size. No ANZSCO occupation code available.,False
Table 11,11,"Reasons for choosing main provider for apprentices and trainees, timeseries (% of all employers with apprentices or trainees)",Overall,Other reasons,TAFE institutes,2013,12.6,12.6,reported,False,pct,overall,False,Employer survey — joins on state/industry/size. No ANZSCO occupation code available.,False
Table 11,11,"Reasons for choosing main provider for apprentices and trainees, timeseries (% of all employers with apprentices or trainees)",Overall,Other reasons,TAFE institutes,2015,6.5,6.5,reported,False,pct,overall,False,Employer survey — joins on state/industry/size. No ANZSCO occupation code available.,False
Table 11,11,"Reasons for choosing main provider for apprentices and trainees, timeseries (% of all employers with apprentices or trainees)",Overall,Other reasons,TAFE institutes,2017,9.5,9.5,reported,False,pct,overall,False,Employer survey — joins on state/industry/size. No ANZSCO occupation code available.,False
Table 11,11,"Reasons for choosing main provider for apprentices and trainees, timeseries (% of all employers with apprentices or trainees)",Overall,Other reasons,TAFE institutes,2019,12.0,12,reported,False,pct,overall,False,Employer survey — joins on state/industry/size. No ANZSCO occupation code available.,False
Table 11,11,"Reasons for choosing main provider for apprentices and trainees, timeseries (% of all employers with apprentices or trainees)",Overall,Other reasons,TAFE institutes,2023,8.0,8,reported,False,pct,overall,False,Employer survey — joins on state/industry/size. No ANZSCO occupation code available.,False
Table 11,11,"Reasons for choosing main provider for apprentices and trainees, timeseries (% of all employers with apprentices or trainees)",Overall,Other reasons,TAFE institutes,2025,12.7,12.7,reported,False,pct,overall,False,Employer survey — joins on state/industry/size. No ANZSCO occupation code available.,False
Table 11,11,"Reasons for choosing main provider for apprentices and trainees, timeseries (% of all employers with apprentices or trainees)",Overall,Other reasons,TAFE institutes,2011,,na,not_available,False,pct,overall,False,Employer survey — joins on state/industry/size. No ANZSCO occupation code available.,
Table 11,11,"Reasons for choosing main provider for apprentices and trainees, timeseries (% of all employers with apprentices or trainees)",Overall,Other reasons,TAFE institutes,2021,,na,not_available,False,pct,overall,False,Employer survey — joins on state/industry/size. No ANZSCO occupation code available.,
Table 11,11,"Reasons for choosing main provider for apprentices and trainees, timeseries (% of all employers with apprentices or trainees)",Overall,They were more cost effective,Other external providers used for nationally recognised training,2005,11.0,11.0*,reported,True,pct,overall,False,Employer survey — joins on state/industry/size. No ANZSCO occupation code available.,False
Table 11,11,"Reasons for choosing main provider for apprentices and trainees, timeseries (% of all employers with apprentices or trainees)",Overall,They were more cost effective,Other external providers used for nationally recognised training,2007,13.4,13.4*,reported,True,pct,overall,False,Employer survey — joins on state/industry/size. No ANZSCO occupation code available.,False
Table 11,11,"Reasons for choosing main provider for apprentices and trainees, timeseries (% of all employers with apprentices or trainees)",Overall,They were more cost effective,Other external providers used for nationally recognised training,2009,3.4,3.4,reported,False,pct,overall,False,Employer survey — joins on state/industry/size. No ANZSCO occupation code available.,False
Table 11,11,"Reasons for choosing main provider for apprentices and trainees, timeseries (% of all employers with apprentices or trainees)",Overall,They were more cost effective,Other external providers used for nationally recognised training,2013,6.6,6.6,reported,False,pct,overall,False,Employer survey — joins on state/industry/size. No ANZSCO occupation code available.,False
Table 11,11,"Reasons for choosing main provider for apprentices and trainees, timeseries (% of all employers with apprentices or trainees)",Overall,They were more cost effective,Other external providers used for nationally recognised training,2015,2.7,2.7,reported,False,pct,overall,False,Employer survey — joins on state/industry/size. No ANZSCO occupation code available.,False
Table 11,11,"Reasons for choosing main provider for apprentices and trainees, timeseries (% of all employers with apprentices or trainees)",Overall,They were more cost effective,Other external providers used for nationally recognised training,2017,1.3,1.3,reported,False,pct,overall,False,Employer survey — joins on state/industry/size. No ANZSCO occupation code available.,False
Table 11,11,"Reasons for choosing main provider for apprentices and trainees, timeseries (% of all employers with apprentices or trainees)",Overall,They were more cost effective,Other external providers used for nationally recognised training,2019,5.3,5.3,reported,False,pct,overall,False,Employer survey — joins on state/industry/size. No ANZSCO occupation code available.,False
Table 11,11,"Reasons for choosing main provider for apprentices and trainees, timeseries (% of all employers with apprentices or trainees)",Overall,They were more cost effective,Other external providers used for nationally recognised training,2023,21.0,21.0*,reported,True,pct,overall,False,Employer survey — joins on state/industry/size. No ANZSCO occupation code available.,False
Table 11,11,"Reasons for choosing main provider for apprentices and trainees, timeseries (% of all employers with apprentices or trainees)",Overall,They were more cost effective,Other external providers used for nationally recognised training,2025,3.1,3.1,reported,False,pct,overall,False,Employer survey — joins on state/industry/size. No ANZSCO occupation code available.,False
Table 11,11,"Reasons for choosing main provider for apprentices and trainees, timeseries (% of all employers with apprentices or trainees)",Overall,They were more cost effective,Other external providers used for nationally recognised training,2011,,na,not_available,False,pct,overall,False,Employer survey — joins on state/industry/size. No ANZSCO occupation code available.,
Table 11,11,"Reasons for choosing main provider for apprentices and trainees, timeseries (% of all employers with apprentices or trainees)",Overall,They were more cost effective,Other external providers used for nationally recognised training,2021,,na,not_available,False,pct,overall,False,Employer survey — joins on state/industry/size. No ANZSCO occupation code available.,
Table 11,11,"Reasons for choosing main provider for apprentices and trainees, timeseries (% of all employers with apprentices or trainees)",Overall,They were more cost effective,Private training providers,2005,1.8,1.8,reported,False,pct,overall,False,Employer survey — joins on state/industry/size. No ANZSCO occupation code available.,False
Table 11,11,"Reasons for choosing main provider for apprentices and trainees, timeseries (% of all employers with apprentices or trainees)",Overall,They were more cost effective,Private training providers,2007,8.9,8.9,reported,False,pct,overall,False,Employer survey — joins on state/industry/size. No ANZSCO occupation code available.,False
Table 11,11,"Reasons for choosing main provider for apprentices and trainees, timeseries (% of all employers with apprentices or trainees)",Overall,They were more cost effective,Private training providers,2009,6.7,6.7,reported,False,pct,overall,False,Employer survey — joins on state/industry/size. No ANZSCO occupation code available.,False
Table 11,11,"Reasons for choosing main provider for apprentices and trainees, timeseries (% of all employers with apprentices or trainees)",Overall,They were more cost effective,Private training providers,2013,9.1,9.1,reported,False,pct,overall,False,Employer survey — joins on state/industry/size. No ANZSCO occupation code available.,False
Table 11,11,"Reasons for choosing main provider for apprentices and trainees, timeseries (% of all employers with apprentices or trainees)",Overall,They were more cost effective,Private training providers,2015,7.1,7.1,reported,False,pct,overall,False,Employer survey — joins on state/industry/size. No ANZSCO occupation code available.,False
Table 11,11,"Reasons for choosing main provider for apprentices and trainees, timeseries (% of all employers with apprentices or trainees)",Overall,They were more cost effective,Private training providers,2017,5.4,5.4,reported,False,pct,overall,False,Employer survey — joins on state/industry/size. No ANZSCO occupation code available.,False
Table 11,11,"Reasons for choosing main provider for apprentices and trainees, timeseries (% of all employers with apprentices or trainees)",Overall,They were more cost effective,Private training providers,2019,7.4,7.4,reported,False,pct,overall,False,Employer survey — joins on state/industry/size. No ANZSCO occupation code available.,False
Table 11,11,"Reasons for choosing main provider for apprentices and trainees, timeseries (% of all employers with apprentices or trainees)",Overall,They were more cost effective,Private training providers,2023,10.1,10.1,reported,False,pct,overall,False,Employer survey — joins on state/industry/size. No ANZSCO occupation code available.,False
Table 11,11,"Reasons for choosing main provider for apprentices and trainees, timeseries (% of all employers with apprentices or trainees)",Overall,They were more cost effective,Private training providers,2025,7.3,7.3,reported,False,pct,overall,False,Employer survey — joins on state/industry/size. No ANZSCO occupation code available.,False
Table 11,11,"Reasons for choosing main provider for apprentices and trainees, timeseries (% of all employers with apprentices or trainees)",Overall,They were more cost effective,Private training providers,2011,,na,not_available,False,pct,overall,False,Employer survey — joins on state/industry/size. No ANZSCO occupation code available.,
Table 11,11,"Reasons for choosing main provider for apprentices and trainees, timeseries (% of all employers with apprentices or trainees)",Overall,They were more cost effective,Private training providers,2021,,na,not_available,False,pct,overall,False,Employer survey — joins on state/industry/size. No ANZSCO occupation code available.,
Table 11,11,"Reasons for choosing main provider for apprentices and trainees, timeseries (% of all employers with apprentices or trainees)",Overall,They were more cost effective,Professional or industry associations,2005,6.5,6.5,reported,False,pct,overall,False,Employer survey — joins on state/industry/size. No ANZSCO occupation code available.,False
Table 11,11,"Reasons for choosing main provider for apprentices and trainees, timeseries (% of all employers with apprentices or trainees)",Overall,They were more cost effective,Professional or industry associations,2007,6.5,6.5,reported,False,pct,overall,False,Employer survey — joins on state/industry/size. No ANZSCO occupation code available.,False
Table 11,11,"Reasons for choosing main provider for apprentices and trainees, timeseries (% of all employers with apprentices or trainees)",Overall,They were more cost effective,Professional or industry associations,2009,7.1,7.1*,reported,True,pct,overall,False,Employer survey — joins on state/industry/size. No ANZSCO occupation code available.,False
Table 11,11,"Reasons for choosing main provider for apprentices and trainees, timeseries (% of all employers with apprentices or trainees)",Overall,They were more cost effective,Professional or industry associations,2013,6.7,6.7,reported,False,pct,overall,False,Employer survey — joins on state/industry/size. No ANZSCO occupation code available.,False
Table 11,11,"Reasons for choosing main provider for apprentices and trainees, timeseries (% of all employers with apprentices or trainees)",Overall,They were more cost effective,Professional or industry associations,2015,5.9,5.9,reported,False,pct,overall,False,Employer survey — joins on state/industry/size. No ANZSCO occupation code available.,False
Table 11,11,"Reasons for choosing main provider for apprentices and trainees, timeseries (% of all employers with apprentices or trainees)",Overall,They were more cost effective,Professional or industry associations,2017,4.0,4,reported,False,pct,overall,False,Employer survey — joins on state/industry/size. No ANZSCO occupation code available.,False
Table 11,11,"Reasons for choosing main provider for apprentices and trainees, timeseries (% of all employers with apprentices or trainees)",Overall,They were more cost effective,Professional or industry associations,2019,18.7,18.7*,reported,True,pct,overall,False,Employer survey — joins on state/industry/size. No ANZSCO occupation code available.,False
Table 11,11,"Reasons for choosing main provider for apprentices and trainees, timeseries (% of all employers with apprentices or trainees)",Overall,They were more cost effective,Professional or industry associations,2023,3.8,3.8,reported,False,pct,overall,False,Employer survey — joins on state/industry/size. No ANZSCO occupation code available.,False
Table 11,11,"Reasons for choosing main provider for apprentices and trainees, timeseries (% of all employers with apprentices or trainees)",Overall,They were more cost effective,Professional or industry associations,2025,20.4,20.4*,reported,True,pct,overall,False,Employer survey — joins on state/industry/size. No ANZSCO occupation code available.,False
Table 11,11,"Reasons for choosing main provider for apprentices and trainees, timeseries (% of all employers with apprentices or trainees)",Overall,They were more cost effective,Professional or industry associations,2011,,na,not_available,False,pct,overall,False,Employer survey — joins on state/industry/size. No ANZSCO occupation code available.,
Table 11,11,"Reasons for choosing main provider for apprentices and trainees, timeseries (% of all employers with apprentices or trainees)",Overall,They were more cost effective,Professional or industry associations,2021,,na,not_available,False,pct,overall,False,Employer survey — joins on state/industry/size. No ANZSCO occupation code available.,
Table 11,11,"Reasons for choosing main provider for apprentices and trainees, timeseries (% of all employers with apprentices or trainees)",Overall,They were more cost effective,TAFE institutes,2005,1.2,1.2,reported,False,pct,overall,False,Employer survey — joins on state/industry/size. No ANZSCO occupation code available.,False
Table 11,11,"Reasons for choosing main provider for apprentices and trainees, timeseries (% of all employers with apprentices or trainees)",Overall,They were more cost effective,TAFE institutes,2007,4.2,4.2,reported,False,pct,overall,False,Employer survey — joins on state/industry/size. No ANZSCO occupation code available.,False
Table 11,11,"Reasons for choosing main provider for apprentices and trainees, timeseries (% of all employers with apprentices or trainees)",Overall,They were more cost effective,TAFE institutes,2009,1.6,1.6,reported,False,pct,overall,False,Employer survey — joins on state/industry/size. No ANZSCO occupation code available.,False
Table 11,11,"Reasons for choosing main provider for apprentices and trainees, timeseries (% of all employers with apprentices or trainees)",Overall,They were more cost effective,TAFE institutes,2013,5.5,5.5,reported,False,pct,overall,False,Employer survey — joins on state/industry/size. No ANZSCO occupation code available.,False
Table 11,11,"Reasons for choosing main provider for apprentices and trainees, timeseries (% of all employers with apprentices or trainees)",Overall,They were more cost effective,TAFE institutes,2015,1.8,1.8,reported,False,pct,overall,False,Employer survey — joins on state/industry/size. No ANZSCO occupation code available.,False
Table 11,11,"Reasons for choosing main provider for apprentices and trainees, timeseries (% of all employers with apprentices or trainees)",Overall,They were more cost effective,TAFE institutes,2017,2.1,2.1,reported,False,pct,overall,False,Employer survey — joins on state/industry/size. No ANZSCO occupation code available.,False
Table 11,11,"Reasons for choosing main provider for apprentices and trainees, timeseries (% of all employers with apprentices or trainees)",Overall,They were more cost effective,TAFE institutes,2019,4.6,4.6,reported,False,pct,overall,False,Employer survey — joins on state/industry/size. No ANZSCO occupation code available.,False
Table 11,11,"Reasons for choosing main provider for apprentices and trainees, timeseries (% of all employers with apprentices or trainees)",Overall,They were more cost effective,TAFE institutes,2023,4.3,4.3,reported,False,pct,overall,False,Employer survey — joins on state/industry/size. No ANZSCO occupation code available.,False
Table 11,11,"Reasons for choosing main provider for apprentices and trainees, timeseries (% of all employers with apprentices or trainees)",Overall,They were more cost effective,TAFE institutes,2025,4.3,4.3,reported,False,pct,overall,False,Employer survey — joins on state/industry/size. No ANZSCO occupation code available.,False
Table 11,11,"Reasons for choosing main provider for apprentices and trainees, timeseries (% of all employers with apprentices or trainees)",Overall,They were more cost effective,TAFE institutes,2011,,na,not_available,False,pct,overall,False,Employer survey — joins on state/industry/size. No ANZSCO occupation code available.,
Table 11,11,"Reasons for choosing main provider for apprentices and trainees, timeseries (% of all employers with apprentices or trainees)",Overall,They were more cost effective,TAFE institutes,2021,,na,not_available,False,pct,overall,False,Employer survey — joins on state/industry/size. No ANZSCO occupation code available.,
Table 11,11,"Reasons for choosing main provider for apprentices and trainees, timeseries (% of all employers with apprentices or trainees)",Overall,They were specialists with a high level of industry knowledge,Other external providers used for nationally recognised training,2005,10.0,10,reported,False,pct,overall,False,Employer survey — joins on state/industry/size. No ANZSCO occupation code available.,False
Table 11,11,"Reasons for choosing main provider for apprentices and trainees, timeseries (% of all employers with apprentices or trainees)",Overall,They were specialists with a high level of industry knowledge,Other external providers used for nationally recognised training,2007,1.4,1.4,reported,False,pct,overall,False,Employer survey — joins on state/industry/size. No ANZSCO occupation code available.,False
Table 11,11,"Reasons for choosing main provider for apprentices and trainees, timeseries (% of all employers with apprentices or trainees)",Overall,They were specialists with a high level of industry knowledge,Other external providers used for nationally recognised training,2009,21.0,21.0*,reported,True,pct,overall,False,Employer survey — joins on state/industry/size. No ANZSCO occupation code available.,False
Table 11,11,"Reasons for choosing main provider for apprentices and trainees, timeseries (% of all employers with apprentices or trainees)",Overall,They were specialists with a high level of industry knowledge,Other external providers used for nationally recognised training,2013,16.8,16.8*,reported,True,pct,overall,False,Employer survey — joins on state/industry/size. No ANZSCO occupation code available.,False
Table 11,11,"Reasons for choosing main provider for apprentices and trainees, timeseries (% of all employers with apprentices or trainees)",Overall,They were specialists with a high level of industry knowledge,Other external providers used for nationally recognised training,2015,9.5,9.5*,reported,True,pct,overall,False,Employer survey — joins on state/industry/size. No ANZSCO occupation code available.,False
Table 11,11,"Reasons for choosing main provider for apprentices and trainees, timeseries (% of all employers with apprentices or trainees)",Overall,They were specialists with a high level of industry knowledge,Other external providers used for nationally recognised training,2017,12.7,12.7*,reported,True,pct,overall,False,Employer survey — joins on state/industry/size. No ANZSCO occupation code available.,False
Table 11,11,"Reasons for choosing main provider for apprentices and trainees, timeseries (% of all employers with apprentices or trainees)",Overall,They were specialists with a high level of industry knowledge,Other external providers used for nationally recognised training,2019,23.9,23.9*,reported,True,pct,overall,False,Employer survey — joins on state/industry/size. No ANZSCO occupation code available.,False
Table 11,11,"Reasons for choosing main provider for apprentices and trainees, timeseries (% of all employers with apprentices or trainees)",Overall,They were specialists with a high level of industry knowledge,Other external providers used for nationally recognised training,2023,22.2,22.2*,reported,True,pct,overall,False,Employer survey — joins on state/industry/size. No ANZSCO occupation code available.,False
Table 11,11,"Reasons for choosing main provider for apprentices and trainees, timeseries (% of all employers with apprentices or trainees)",Overall,They were specialists with a high level of industry knowledge,Other external providers used for nationally recognised training,2025,16.6,16.6*,reported,True,pct,overall,False,Employer survey — joins on state/industry/size. No ANZSCO occupation code available.,False
Table 11,11,"Reasons for choosing main provider for apprentices and trainees, timeseries (% of all employers with apprentices or trainees)",Overall,They were specialists with a high level of industry knowledge,Other external providers used for nationally recognised training,2011,,na,not_available,False,pct,overall,False,Employer survey — joins on state/industry/size. No ANZSCO occupation code available.,
Table 11,11,"Reasons for choosing main provider for apprentices and trainees, timeseries (% of all employers with apprentices or trainees)",Overall,They were specialists with a high level of industry knowledge,Other external providers used for nationally recognised training,2021,,na,not_available,False,pct,overall,False,Employer survey — joins on state/industry/size. No ANZSCO occupation code available.,
Table 11,11,"Reasons for choosing main provider for apprentices and trainees, timeseries (% of all employers with apprentices or trainees)",Overall,They were specialists with a high level of industry knowledge,Private training providers,2005,14.0,14,reported,False,pct,overall,False,Employer survey — joins on state/industry/size. No ANZSCO occupation code available.,False
Table 11,11,"Reasons for choosing main provider for apprentices and trainees, timeseries (% of all employers with apprentices or trainees)",Overall,They were specialists with a high level of industry knowledge,Private training providers,2007,13.7,13.7,reported,False,pct,overall,False,Employer survey — joins on state/industry/size. No ANZSCO occupation code available.,False
Table 11,11,"Reasons for choosing main provider for apprentices and trainees, timeseries (% of all employers with apprentices or trainees)",Overall,They were specialists with a high level of industry knowledge,Private training providers,2009,18.9,18.9,reported,False,pct,overall,False,Employer survey — joins on state/industry/size. No ANZSCO occupation code available.,False
Table 11,11,"Reasons for choosing main provider for apprentices and trainees, timeseries (% of all employers with apprentices or trainees)",Overall,They were specialists with a high level of industry knowledge,Private training providers,2013,14.2,14.2,reported,False,pct,overall,False,Employer survey — joins on state/industry/size. No ANZSCO occupation code available.,False
Table 11,11,"Reasons for choosing main provider for apprentices and trainees, timeseries (% of all employers with apprentices or trainees)",Overall,They were specialists with a high level of industry knowledge,Private training providers,2015,12.8,12.8,reported,False,pct,overall,False,Employer survey — joins on state/industry/size. No ANZSCO occupation code available.,False
Table 11,11,"Reasons for choosing main provider for apprentices and trainees, timeseries (% of all employers with apprentices or trainees)",Overall,They were specialists with a high level of industry knowledge,Private training providers,2017,8.5,8.5,reported,False,pct,overall,False,Employer survey — joins on state/industry/size. No ANZSCO occupation code available.,False
Table 11,11,"Reasons for choosing main provider for apprentices and trainees, timeseries (% of all employers with apprentices or trainees)",Overall,They were specialists with a high level of industry knowledge,Private training providers,2019,8.1,8.1,reported,False,pct,overall,False,Employer survey — joins on state/industry/size. No ANZSCO occupation code available.,False
Table 11,11,"Reasons for choosing main provider for apprentices and trainees, timeseries (% of all employers with apprentices or trainees)",Overall,They were specialists with a high level of industry knowledge,Private training providers,2023,10.1,10.1,reported,False,pct,overall,False,Employer survey — joins on state/industry/size. No ANZSCO occupation code available.,False
Table 11,11,"Reasons for choosing main provider for apprentices and trainees, timeseries (% of all employers with apprentices or trainees)",Overall,They were specialists with a high level of industry knowledge,Private training providers,2025,11.5,11.5,reported,False,pct,overall,False,Employer survey — joins on state/industry/size. No ANZSCO occupation code available.,False
Table 11,11,"Reasons for choosing main provider for apprentices and trainees, timeseries (% of all employers with apprentices or trainees)",Overall,They were specialists with a high level of industry knowledge,Private training providers,2011,,na,not_available,False,pct,overall,False,Employer survey — joins on state/industry/size. No ANZSCO occupation code available.,
Table 11,11,"Reasons for choosing main provider for apprentices and trainees, timeseries (% of all employers with apprentices or trainees)",Overall,They were specialists with a high level of industry knowledge,Private training providers,2021,,na,not_available,False,pct,overall,False,Employer survey — joins on state/industry/size. No ANZSCO occupation code available.,
Table 11,11,"Reasons for choosing main provider for apprentices and trainees, timeseries (% of all employers with apprentices or trainees)",Overall,They were specialists with a high level of industry knowledge,Professional or industry associations,2005,16.4,16.4*,reported,True,pct,overall,False,Employer survey — joins on state/industry/size. No ANZSCO occupation code available.,False
Table 11,11,"Reasons for choosing main provider for apprentices and trainees, timeseries (% of all employers with apprentices or trainees)",Overall,They were specialists with a high level of industry knowledge,Professional or industry associations,2007,21.6,21.6*,reported,True,pct,overall,False,Employer survey — joins on state/industry/size. No ANZSCO occupation code available.,False
Table 11,11,"Reasons for choosing main provider for apprentices and trainees, timeseries (% of all employers with apprentices or trainees)",Overall,They were specialists with a high level of industry knowledge,Professional or industry associations,2009,45.4,45.4*,reported,True,pct,overall,False,Employer survey — joins on state/industry/size. No ANZSCO occupation code available.,False
Table 11,11,"Reasons for choosing main provider for apprentices and trainees, timeseries (% of all employers with apprentices or trainees)",Overall,They were specialists with a high level of industry knowledge,Professional or industry associations,2013,40.3,40.3*,reported,True,pct,overall,False,Employer survey — joins on state/industry/size. No ANZSCO occupation code available.,False
Table 11,11,"Reasons for choosing main provider for apprentices and trainees, timeseries (% of all employers with apprentices or trainees)",Overall,They were specialists with a high level of industry knowledge,Professional or industry associations,2015,19.4,19.4*,reported,True,pct,overall,False,Employer survey — joins on state/industry/size. No ANZSCO occupation code available.,False
Table 11,11,"Reasons for choosing main provider for apprentices and trainees, timeseries (% of all employers with apprentices or trainees)",Overall,They were specialists with a high level of industry knowledge,Professional or industry associations,2017,28.6,28.6*,reported,True,pct,overall,False,Employer survey — joins on state/industry/size. No ANZSCO occupation code available.,False
Table 11,11,"Reasons for choosing main provider for apprentices and trainees, timeseries (% of all employers with apprentices or trainees)",Overall,They were specialists with a high level of industry knowledge,Professional or industry associations,2019,27.7,27.7*,reported,True,pct,overall,False,Employer survey — joins on state/industry/size. No ANZSCO occupation code available.,False
Table 11,11,"Reasons for choosing main provider for apprentices and trainees, timeseries (% of all employers with apprentices or trainees)",Overall,They were specialists with a high level of industry knowledge,Professional or industry associations,2023,31.2,31.2*,reported,True,pct,overall,False,Employer survey — joins on state/industry/size. No ANZSCO occupation code available.,False
Table 11,11,"Reasons for choosing main provider for apprentices and trainees, timeseries (% of all employers with apprentices or trainees)",Overall,They were specialists with a high level of industry knowledge,Professional or industry associations,2025,15.6,15.6*,reported,True,pct,overall,False,Employer survey — joins on state/industry/size. No ANZSCO occupation code available.,False
Table 11,11,"Reasons for choosing main provider for apprentices and trainees, timeseries (% of all employers with apprentices or trainees)",Overall,They were specialists with a high level of industry knowledge,Professional or industry associations,2011,,na,not_available,False,pct,overall,False,Employer survey — joins on state/industry/size. No ANZSCO occupation code available.,
Table 11,11,"Reasons for choosing main provider for apprentices and trainees, timeseries (% of all employers with apprentices or trainees)",Overall,They were specialists with a high level of industry knowledge,Professional or industry associations,2021,,na,not_available,False,pct,overall,False,Employer survey — joins on state/industry/size. No ANZSCO occupation code available.,
Table 11,11,"Reasons for choosing main provider for apprentices and trainees, timeseries (% of all employers with apprentices or trainees)",Overall,They were specialists with a high level of industry knowledge,TAFE institutes,2005,4.2,4.2,reported,False,pct,overall,False,Employer survey — joins on state/industry/size. No ANZSCO occupation code available.,False
Table 11,11,"Reasons for choosing main provider for apprentices and trainees, timeseries (% of all employers with apprentices or trainees)",Overall,They were specialists with a high level of industry knowledge,TAFE institutes,2007,7.0,7,reported,False,pct,overall,False,Employer survey — joins on state/industry/size. No ANZSCO occupation code available.,False
Table 11,11,"Reasons for choosing main provider for apprentices and trainees, timeseries (% of all employers with apprentices or trainees)",Overall,They were specialists with a high level of industry knowledge,TAFE institutes,2009,6.3,6.3,reported,False,pct,overall,False,Employer survey — joins on state/industry/size. No ANZSCO occupation code available.,False
Table 11,11,"Reasons for choosing main provider for apprentices and trainees, timeseries (% of all employers with apprentices or trainees)",Overall,They were specialists with a high level of industry knowledge,TAFE institutes,2013,5.9,5.9,reported,False,pct,overall,False,Employer survey — joins on state/industry/size. No ANZSCO occupation code available.,False
Table 11,11,"Reasons for choosing main provider for apprentices and trainees, timeseries (% of all employers with apprentices or trainees)",Overall,They were specialists with a high level of industry knowledge,TAFE institutes,2015,5.3,5.3,reported,False,pct,overall,False,Employer survey — joins on state/industry/size. No ANZSCO occupation code available.,False
Table 11,11,"Reasons for choosing main provider for apprentices and trainees, timeseries (% of all employers with apprentices or trainees)",Overall,They were specialists with a high level of industry knowledge,TAFE institutes,2017,4.4,4.4,reported,False,pct,overall,False,Employer survey — joins on state/industry/size. No ANZSCO occupation code available.,False
Table 11,11,"Reasons for choosing main provider for apprentices and trainees, timeseries (% of all employers with apprentices or trainees)",Overall,They were specialists with a high level of industry knowledge,TAFE institutes,2019,3.8,3.8,reported,False,pct,overall,False,Employer survey — joins on state/industry/size. No ANZSCO occupation code available.,False
Table 11,11,"Reasons for choosing main provider for apprentices and trainees, timeseries (% of all employers with apprentices or trainees)",Overall,They were specialists with a high level of industry knowledge,TAFE institutes,2023,7.6,7.6,reported,False,pct,overall,False,Employer survey — joins on state/industry/size. No ANZSCO occupation code available.,False
Table 11,11,"Reasons for choosing main provider for apprentices and trainees, timeseries (% of all employers with apprentices or trainees)",Overall,They were specialists with a high level of industry knowledge,TAFE institutes,2025,6.6,6.6,reported,False,pct,overall,False,Employer survey — joins on state/industry/size. No ANZSCO occupation code available.,False
Table 11,11,"Reasons for choosing main provider for apprentices and trainees, timeseries (% of all employers with apprentices or trainees)",Overall,They were specialists with a high level of industry knowledge,TAFE institutes,2011,,na,not_available,False,pct,overall,False,Employer survey — joins on state/industry/size. No ANZSCO occupation code available.,
Table 11,11,"Reasons for choosing main provider for apprentices and trainees, timeseries (% of all employers with apprentices or trainees)",Overall,They were specialists with a high level of industry knowledge,TAFE institutes,2021,,na,not_available,False,pct,overall,False,Employer survey — joins on state/industry/size. No ANZSCO occupation code available.,
Table 11,11,"Reasons for choosing main provider for apprentices and trainees, timeseries (% of all employers with apprentices or trainees)",Overall,They were the only suitable provider available,Other external providers used for nationally recognised training,2005,20.4,20.4*,reported,True,pct,overall,False,Employer survey — joins on state/industry/size. No ANZSCO occupation code available.,False
Table 11,11,"Reasons for choosing main provider for apprentices and trainees, timeseries (% of all employers with apprentices or trainees)",Overall,They were the only suitable provider available,Other external providers used for nationally recognised training,2007,31.8,31.8*,reported,True,pct,overall,False,Employer survey — joins on state/industry/size. No ANZSCO occupation code available.,False
Table 11,11,"Reasons for choosing main provider for apprentices and trainees, timeseries (% of all employers with apprentices or trainees)",Overall,They were the only suitable provider available,Other external providers used for nationally recognised training,2009,26.9,26.9*,reported,True,pct,overall,False,Employer survey — joins on state/industry/size. No ANZSCO occupation code available.,False
Table 11,11,"Reasons for choosing main provider for apprentices and trainees, timeseries (% of all employers with apprentices or trainees)",Overall,They were the only suitable provider available,Other external providers used for nationally recognised training,2013,43.6,43.6*,reported,True,pct,overall,False,Employer survey — joins on state/industry/size. No ANZSCO occupation code available.,False
Table 11,11,"Reasons for choosing main provider for apprentices and trainees, timeseries (% of all employers with apprentices or trainees)",Overall,They were the only suitable provider available,Other external providers used for nationally recognised training,2015,22.9,22.9*,reported,True,pct,overall,False,Employer survey — joins on state/industry/size. No ANZSCO occupation code available.,False
Table 11,11,"Reasons for choosing main provider for apprentices and trainees, timeseries (% of all employers with apprentices or trainees)",Overall,They were the only suitable provider available,Other external providers used for nationally recognised training,2017,24.4,24.4*,reported,True,pct,overall,False,Employer survey — joins on state/industry/size. No ANZSCO occupation code available.,False
Table 11,11,"Reasons for choosing main provider for apprentices and trainees, timeseries (% of all employers with apprentices or trainees)",Overall,They were the only suitable provider available,Other external providers used for nationally recognised training,2019,35.0,35.0*,reported,True,pct,overall,False,Employer survey — joins on state/industry/size. No ANZSCO occupation code available.,False
Table 11,11,"Reasons for choosing main provider for apprentices and trainees, timeseries (% of all employers with apprentices or trainees)",Overall,They were the only suitable provider available,Other external providers used for nationally recognised training,2023,33.8,33.8*,reported,True,pct,overall,False,Employer survey — joins on state/industry/size. No ANZSCO occupation code available.,False
Table 11,11,"Reasons for choosing main provider for apprentices and trainees, timeseries (% of all employers with apprentices or trainees)",Overall,They were the only suitable provider available,Other external providers used for nationally recognised training,2025,25.2,25.2*,reported,True,pct,overall,False,Employer survey — joins on state/industry/size. No ANZSCO occupation code available.,False
Table 11,11,"Reasons for choosing main provider for apprentices and trainees, timeseries (% of all employers with apprentices or trainees)",Overall,They were the only suitable provider available,Other external providers used for nationally recognised training,2011,,na,not_available,False,pct,overall,False,Employer survey — joins on state/industry/size. No ANZSCO occupation code available.,
Table 11,11,"Reasons for choosing main provider for apprentices and trainees, timeseries (% of all employers with apprentices or trainees)",Overall,They were the only suitable provider available,Other external providers used for nationally recognised training,2021,,na,not_available,False,pct,overall,False,Employer survey — joins on state/industry/size. No ANZSCO occupation code available.,
Table 11,11,"Reasons for choosing main provider for apprentices and trainees, timeseries (% of all employers with apprentices or trainees)",Overall,They were the only suitable provider available,Private training providers,2005,11.8,11.8,reported,False,pct,overall,False,Employer survey — joins on state/industry/size. No ANZSCO occupation code available.,False
Table 11,11,"Reasons for choosing main provider for apprentices and trainees, timeseries (% of all employers with apprentices or trainees)",Overall,They were the only suitable provider available,Private training providers,2007,15.0,15,reported,False,pct,overall,False,Employer survey — joins on state/industry/size. No ANZSCO occupation code available.,False
Table 11,11,"Reasons for choosing main provider for apprentices and trainees, timeseries (% of all employers with apprentices or trainees)",Overall,They were the only suitable provider available,Private training providers,2009,20.1,20.1,reported,False,pct,overall,False,Employer survey — joins on state/industry/size. No ANZSCO occupation code available.,False
Table 11,11,"Reasons for choosing main provider for apprentices and trainees, timeseries (% of all employers with apprentices or trainees)",Overall,They were the only suitable provider available,Private training providers,2013,7.1,7.1,reported,False,pct,overall,False,Employer survey — joins on state/industry/size. No ANZSCO occupation code available.,False
Table 11,11,"Reasons for choosing main provider for apprentices and trainees, timeseries (% of all employers with apprentices or trainees)",Overall,They were the only suitable provider available,Private training providers,2015,22.3,22.3*,reported,True,pct,overall,False,Employer survey — joins on state/industry/size. No ANZSCO occupation code available.,False
Table 11,11,"Reasons for choosing main provider for apprentices and trainees, timeseries (% of all employers with apprentices or trainees)",Overall,They were the only suitable provider available,Private training providers,2017,16.3,16.3,reported,False,pct,overall,False,Employer survey — joins on state/industry/size. No ANZSCO occupation code available.,False
Table 11,11,"Reasons for choosing main provider for apprentices and trainees, timeseries (% of all employers with apprentices or trainees)",Overall,They were the only suitable provider available,Private training providers,2019,20.8,20.8,reported,False,pct,overall,False,Employer survey — joins on state/industry/size. No ANZSCO occupation code available.,False
Table 11,11,"Reasons for choosing main provider for apprentices and trainees, timeseries (% of all employers with apprentices or trainees)",Overall,They were the only suitable provider available,Private training providers,2023,23.5,23.5,reported,False,pct,overall,False,Employer survey — joins on state/industry/size. No ANZSCO occupation code available.,False
Table 11,11,"Reasons for choosing main provider for apprentices and trainees, timeseries (% of all employers with apprentices or trainees)",Overall,They were the only suitable provider available,Private training providers,2025,22.5,22.5,reported,False,pct,overall,False,Employer survey — joins on state/industry/size. No ANZSCO occupation code available.,False
Table 11,11,"Reasons for choosing main provider for apprentices and trainees, timeseries (% of all employers with apprentices or trainees)",Overall,They were the only suitable provider available,Private training providers,2011,,na,not_available,False,pct,overall,False,Employer survey — joins on state/industry/size. No ANZSCO occupation code available.,
Table 11,11,"Reasons for choosing main provider for apprentices and trainees, timeseries (% of all employers with apprentices or trainees)",Overall,They were the only suitable provider available,Private training providers,2021,,na,not_available,False,pct,overall,False,Employer survey — joins on state/industry/size. No ANZSCO occupation code available.,
Table 11,11,"Reasons for choosing main provider for apprentices and trainees, timeseries (% of all employers with apprentices or trainees)",Overall,They were the only suitable provider available,Professional or industry associations,2005,42.7,42.7*,reported,True,pct,overall,False,Employer survey — joins on state/industry/size. No ANZSCO occupation code available.,False
Table 11,11,"Reasons for choosing main provider for apprentices and trainees, timeseries (% of all employers with apprentices or trainees)",Overall,They were the only suitable provider available,Professional or industry associations,2007,41.4,41.4*,reported,True,pct,overall,False,Employer survey — joins on state/industry/size. No ANZSCO occupation code available.,False
Table 11,11,"Reasons for choosing main provider for apprentices and trainees, timeseries (% of all employers with apprentices or trainees)",Overall,They were the only suitable provider available,Professional or industry associations,2009,30.2,30.2*,reported,True,pct,overall,False,Employer survey — joins on state/industry/size. No ANZSCO occupation code available.,False
Table 11,11,"Reasons for choosing main provider for apprentices and trainees, timeseries (% of all employers with apprentices or trainees)",Overall,They were the only suitable provider available,Professional or industry associations,2013,20.7,20.7*,reported,True,pct,overall,False,Employer survey — joins on state/industry/size. No ANZSCO occupation code available.,False
Table 11,11,"Reasons for choosing main provider for apprentices and trainees, timeseries (% of all employers with apprentices or trainees)",Overall,They were the only suitable provider available,Professional or industry associations,2015,17.7,17.7*,reported,True,pct,overall,False,Employer survey — joins on state/industry/size. No ANZSCO occupation code available.,False
Table 11,11,"Reasons for choosing main provider for apprentices and trainees, timeseries (% of all employers with apprentices or trainees)",Overall,They were the only suitable provider available,Professional or industry associations,2017,24.2,24.2*,reported,True,pct,overall,False,Employer survey — joins on state/industry/size. No ANZSCO occupation code available.,False
Table 11,11,"Reasons for choosing main provider for apprentices and trainees, timeseries (% of all employers with apprentices or trainees)",Overall,They were the only suitable provider available,Professional or industry associations,2019,24.0,24.0*,reported,True,pct,overall,False,Employer survey — joins on state/industry/size. No ANZSCO occupation code available.,False
Table 11,11,"Reasons for choosing main provider for apprentices and trainees, timeseries (% of all employers with apprentices or trainees)",Overall,They were the only suitable provider available,Professional or industry associations,2023,17.7,17.7*,reported,True,pct,overall,False,Employer survey — joins on state/industry/size. No ANZSCO occupation code available.,False
Table 11,11,"Reasons for choosing main provider for apprentices and trainees, timeseries (% of all employers with apprentices or trainees)",Overall,They were the only suitable provider available,Professional or industry associations,2025,33.1,33.1*,reported,True,pct,overall,False,Employer survey — joins on state/industry/size. No ANZSCO occupation code available.,False
Table 11,11,"Reasons for choosing main provider for apprentices and trainees, timeseries (% of all employers with apprentices or trainees)",Overall,They were the only suitable provider available,Professional or industry associations,2011,,na,not_available,False,pct,overall,False,Employer survey — joins on state/industry/size. No ANZSCO occupation code available.,
Table 11,11,"Reasons for choosing main provider for apprentices and trainees, timeseries (% of all employers with apprentices or trainees)",Overall,They were the only suitable provider available,Professional or industry associations,2021,,na,not_available,False,pct,overall,False,Employer survey — joins on state/industry/size. No ANZSCO occupation code available.,
Table 11,11,"Reasons for choosing main provider for apprentices and trainees, timeseries (% of all employers with apprentices or trainees)",Overall,They were the only suitable provider available,TAFE institutes,2005,52.7,52.7,reported,False,pct,overall,False,Employer survey — joins on state/industry/size. No ANZSCO occupation code available.,False
Table 11,11,"Reasons for choosing main provider for apprentices and trainees, timeseries (% of all employers with apprentices or trainees)",Overall,They were the only suitable provider available,TAFE institutes,2007,54.8,54.8,reported,False,pct,overall,False,Employer survey — joins on state/industry/size. No ANZSCO occupation code available.,False
Table 11,11,"Reasons for choosing main provider for apprentices and trainees, timeseries (% of all employers with apprentices or trainees)",Overall,They were the only suitable provider available,TAFE institutes,2009,57.8,57.8,reported,False,pct,overall,False,Employer survey — joins on state/industry/size. No ANZSCO occupation code available.,False
Table 11,11,"Reasons for choosing main provider for apprentices and trainees, timeseries (% of all employers with apprentices or trainees)",Overall,They were the only suitable provider available,TAFE institutes,2013,47.7,47.7,reported,False,pct,overall,False,Employer survey — joins on state/industry/size. No ANZSCO occupation code available.,False
Table 11,11,"Reasons for choosing main provider for apprentices and trainees, timeseries (% of all employers with apprentices or trainees)",Overall,They were the only suitable provider available,TAFE institutes,2015,49.4,49.4,reported,False,pct,overall,False,Employer survey — joins on state/industry/size. No ANZSCO occupation code available.,False
Table 11,11,"Reasons for choosing main provider for apprentices and trainees, timeseries (% of all employers with apprentices or trainees)",Overall,They were the only suitable provider available,TAFE institutes,2017,43.0,43,reported,False,pct,overall,False,Employer survey — joins on state/industry/size. No ANZSCO occupation code available.,False
Table 11,11,"Reasons for choosing main provider for apprentices and trainees, timeseries (% of all employers with apprentices or trainees)",Overall,They were the only suitable provider available,TAFE institutes,2019,43.2,43.2,reported,False,pct,overall,False,Employer survey — joins on state/industry/size. No ANZSCO occupation code available.,False
Table 11,11,"Reasons for choosing main provider for apprentices and trainees, timeseries (% of all employers with apprentices or trainees)",Overall,They were the only suitable provider available,TAFE institutes,2023,50.5,50.5,reported,False,pct,overall,False,Employer survey — joins on state/industry/size. No ANZSCO occupation code available.,False
Table 11,11,"Reasons for choosing main provider for apprentices and trainees, timeseries (% of all employers with apprentices or trainees)",Overall,They were the only suitable provider available,TAFE institutes,2025,53.5,53.5,reported,False,pct,overall,False,Employer survey — joins on state/industry/size. No ANZSCO occupation code available.,False
Table 11,11,"Reasons for choosing main provider for apprentices and trainees, timeseries (% of all employers with apprentices or trainees)",Overall,They were the only suitable provider available,TAFE institutes,2011,,na,not_available,False,pct,overall,False,Employer survey — joins on state/industry/size. No ANZSCO occupation code available.,
Table 11,11,"Reasons for choosing main provider for apprentices and trainees, timeseries (% of all employers with apprentices or trainees)",Overall,They were the only suitable provider available,TAFE institutes,2021,,na,not_available,False,pct,overall,False,Employer survey — joins on state/industry/size. No ANZSCO occupation code available.,
Table 11,11,"Reasons for choosing main provider for apprentices and trainees, timeseries (% of all employers with apprentices or trainees)",Overall,Training organisation has a good reputation,Other external providers used for nationally recognised training,2013,18.7,18.7*,reported,True,pct,overall,False,Employer survey — joins on state/industry/size. No ANZSCO occupation code available.,False
Table 11,11,"Reasons for choosing main provider for apprentices and trainees, timeseries (% of all employers with apprentices or trainees)",Overall,Training organisation has a good reputation,Other external providers used for nationally recognised training,2015,2.0,2,reported,False,pct,overall,False,Employer survey — joins on state/industry/size. No ANZSCO occupation code available.,False
Table 11,11,"Reasons for choosing main provider for apprentices and trainees, timeseries (% of all employers with apprentices or trainees)",Overall,Training organisation has a good reputation,Other external providers used for nationally recognised training,2017,22.8,22.8*,reported,True,pct,overall,False,Employer survey — joins on state/industry/size. No ANZSCO occupation code available.,False
Table 11,11,"Reasons for choosing main provider for apprentices and trainees, timeseries (% of all employers with apprentices or trainees)",Overall,Training organisation has a good reputation,Other external providers used for nationally recognised training,2019,16.2,16.2*,reported,True,pct,overall,False,Employer survey — joins on state/industry/size. No ANZSCO occupation code available.,False
Table 11,11,"Reasons for choosing main provider for apprentices and trainees, timeseries (% of all employers with apprentices or trainees)",Overall,Training organisation has a good reputation,Other external providers used for nationally recognised training,2023,21.5,21.5*,reported,True,pct,overall,False,Employer survey — joins on state/industry/size. No ANZSCO occupation code available.,False
Table 11,11,"Reasons for choosing main provider for apprentices and trainees, timeseries (% of all employers with apprentices or trainees)",Overall,Training organisation has a good reputation,Other external providers used for nationally recognised training,2025,17.5,17.5*,reported,True,pct,overall,False,Employer survey — joins on state/industry/size. No ANZSCO occupation code available.,False
Table 11,11,"Reasons for choosing main provider for apprentices and trainees, timeseries (% of all employers with apprentices or trainees)",Overall,Training organisation has a good reputation,Other external providers used for nationally recognised training,2005,,na,not_available,False,pct,overall,False,Employer survey — joins on state/industry/size. No ANZSCO occupation code available.,
Table 11,11,"Reasons for choosing main provider for apprentices and trainees, timeseries (% of all employers with apprentices or trainees)",Overall,Training organisation has a good reputation,Other external providers used for nationally recognised training,2007,,na,not_available,False,pct,overall,False,Employer survey — joins on state/industry/size. No ANZSCO occupation code available.,
Table 11,11,"Reasons for choosing main provider for apprentices and trainees, timeseries (% of all employers with apprentices or trainees)",Overall,Training organisation has a good reputation,Other external providers used for nationally recognised training,2009,,na,not_available,False,pct,overall,False,Employer survey — joins on state/industry/size. No ANZSCO occupation code available.,
Table 11,11,"Reasons for choosing main provider for apprentices and trainees, timeseries (% of all employers with apprentices or trainees)",Overall,Training organisation has a good reputation,Other external providers used for nationally recognised training,2011,,na,not_available,False,pct,overall,False,Employer survey — joins on state/industry/size. No ANZSCO occupation code available.,
Table 11,11,"Reasons for choosing main provider for apprentices and trainees, timeseries (% of all employers with apprentices or trainees)",Overall,Training organisation has a good reputation,Other external providers used for nationally recognised training,2021,,na,not_available,False,pct,overall,False,Employer survey — joins on state/industry/size. No ANZSCO occupation code available.,
Table 11,11,"Reasons for choosing main provider for apprentices and trainees, timeseries (% of all employers with apprentices or trainees)",Overall,Training organisation has a good reputation,Private training providers,2013,3.6,3.6,reported,False,pct,overall,False,Employer survey — joins on state/industry/size. No ANZSCO occupation code available.,False
Table 11,11,"Reasons for choosing main provider for apprentices and trainees, timeseries (% of all employers with apprentices or trainees)",Overall,Training organisation has a good reputation,Private training providers,2015,9.5,9.5,reported,False,pct,overall,False,Employer survey — joins on state/industry/size. No ANZSCO occupation code available.,False
Table 11,11,"Reasons for choosing main provider for apprentices and trainees, timeseries (% of all employers with apprentices or trainees)",Overall,Training organisation has a good reputation,Private training providers,2017,11.6,11.6,reported,False,pct,overall,False,Employer survey — joins on state/industry/size. No ANZSCO occupation code available.,False
Table 11,11,"Reasons for choosing main provider for apprentices and trainees, timeseries (% of all employers with apprentices or trainees)",Overall,Training organisation has a good reputation,Private training providers,2019,15.8,15.8,reported,False,pct,overall,False,Employer survey — joins on state/industry/size. No ANZSCO occupation code available.,False
Table 11,11,"Reasons for choosing main provider for apprentices and trainees, timeseries (% of all employers with apprentices or trainees)",Overall,Training organisation has a good reputation,Private training providers,2023,15.2,15.2,reported,False,pct,overall,False,Employer survey — joins on state/industry/size. No ANZSCO occupation code available.,False
Table 11,11,"Reasons for choosing main provider for apprentices and trainees, timeseries (% of all employers with apprentices or trainees)",Overall,Training organisation has a good reputation,Private training providers,2025,13.9,13.9,reported,False,pct,overall,False,Employer survey — joins on state/industry/size. No ANZSCO occupation code available.,False
Table 11,11,"Reasons for choosing main provider for apprentices and trainees, timeseries (% of all employers with apprentices or trainees)",Overall,Training organisation has a good reputation,Private training providers,2005,,na,not_available,False,pct,overall,False,Employer survey — joins on state/industry/size. No ANZSCO occupation code available.,
Table 11,11,"Reasons for choosing main provider for apprentices and trainees, timeseries (% of all employers with apprentices or trainees)",Overall,Training organisation has a good reputation,Private training providers,2007,,na,not_available,False,pct,overall,False,Employer survey — joins on state/industry/size. No ANZSCO occupation code available.,
Table 11,11,"Reasons for choosing main provider for apprentices and trainees, timeseries (% of all employers with apprentices or trainees)",Overall,Training organisation has a good reputation,Private training providers,2009,,na,not_available,False,pct,overall,False,Employer survey — joins on state/industry/size. No ANZSCO occupation code available.,
Table 11,11,"Reasons for choosing main provider for apprentices and trainees, timeseries (% of all employers with apprentices or trainees)",Overall,Training organisation has a good reputation,Private training providers,2011,,na,not_available,False,pct,overall,False,Employer survey — joins on state/industry/size. No ANZSCO occupation code available.,
Table 11,11,"Reasons for choosing main provider for apprentices and trainees, timeseries (% of all employers with apprentices or trainees)",Overall,Training organisation has a good reputation,Private training providers,2021,,na,not_available,False,pct,overall,False,Employer survey — joins on state/industry/size. No ANZSCO occupation code available.,
Table 11,11,"Reasons for choosing main provider for apprentices and trainees, timeseries (% of all employers with apprentices or trainees)",Overall,Training organisation has a good reputation,Professional or industry associations,2013,5.2,5.2,reported,False,pct,overall,False,Employer survey — joins on state/industry/size. No ANZSCO occupation code available.,False
Table 11,11,"Reasons for choosing main provider for apprentices and trainees, timeseries (% of all employers with apprentices or trainees)",Overall,Training organisation has a good reputation,Professional or industry associations,2015,8.5,8.5,reported,False,pct,overall,False,Employer survey — joins on state/industry/size. No ANZSCO occupation code available.,False
Table 11,11,"Reasons for choosing main provider for apprentices and trainees, timeseries (% of all employers with apprentices or trainees)",Overall,Training organisation has a good reputation,Professional or industry associations,2017,14.2,14.2*,reported,True,pct,overall,False,Employer survey — joins on state/industry/size. No ANZSCO occupation code available.,False
Table 11,11,"Reasons for choosing main provider for apprentices and trainees, timeseries (% of all employers with apprentices or trainees)",Overall,Training organisation has a good reputation,Professional or industry associations,2019,16.3,16.3*,reported,True,pct,overall,False,Employer survey — joins on state/industry/size. No ANZSCO occupation code available.,False
Table 11,11,"Reasons for choosing main provider for apprentices and trainees, timeseries (% of all employers with apprentices or trainees)",Overall,Training organisation has a good reputation,Professional or industry associations,2023,20.1,20.1*,reported,True,pct,overall,False,Employer survey — joins on state/industry/size. No ANZSCO occupation code available.,False
Table 11,11,"Reasons for choosing main provider for apprentices and trainees, timeseries (% of all employers with apprentices or trainees)",Overall,Training organisation has a good reputation,Professional or industry associations,2025,38.5,38.5*,reported,True,pct,overall,False,Employer survey — joins on state/industry/size. No ANZSCO occupation code available.,False
Table 11,11,"Reasons for choosing main provider for apprentices and trainees, timeseries (% of all employers with apprentices or trainees)",Overall,Training organisation has a good reputation,Professional or industry associations,2005,,na,not_available,False,pct,overall,False,Employer survey — joins on state/industry/size. No ANZSCO occupation code available.,
Table 11,11,"Reasons for choosing main provider for apprentices and trainees, timeseries (% of all employers with apprentices or trainees)",Overall,Training organisation has a good reputation,Professional or industry associations,2007,,na,not_available,False,pct,overall,False,Employer survey — joins on state/industry/size. No ANZSCO occupation code available.,
Table 11,11,"Reasons for choosing main provider for apprentices and trainees, timeseries (% of all employers with apprentices or trainees)",Overall,Training organisation has a good reputation,Professional or industry associations,2009,,na,not_available,False,pct,overall,False,Employer survey — joins on state/industry/size. No ANZSCO occupation code available.,
Table 11,11,"Reasons for choosing main provider for apprentices and trainees, timeseries (% of all employers with apprentices or trainees)",Overall,Training organisation has a good reputation,Professional or industry associations,2011,,na,not_available,False,pct,overall,False,Employer survey — joins on state/industry/size. No ANZSCO occupation code available.,
Table 11,11,"Reasons for choosing main provider for apprentices and trainees, timeseries (% of all employers with apprentices or trainees)",Overall,Training organisation has a good reputation,Professional or industry associations,2021,,na,not_available,False,pct,overall,False,Employer survey — joins on state/industry/size. No ANZSCO occupation code available.,
Table 11,11,"Reasons for choosing main provider for apprentices and trainees, timeseries (% of all employers with apprentices or trainees)",Overall,Training organisation has a good reputation,TAFE institutes,2013,2.1,2.1,reported,False,pct,overall,False,Employer survey — joins on state/industry/size. No ANZSCO occupation code available.,False
Table 11,11,"Reasons for choosing main provider for apprentices and trainees, timeseries (% of all employers with apprentices or trainees)",Overall,Training organisation has a good reputation,TAFE institutes,2015,7.6,7.6,reported,False,pct,overall,False,Employer survey — joins on state/industry/size. No ANZSCO occupation code available.,False
Table 11,11,"Reasons for choosing main provider for apprentices and trainees, timeseries (% of all employers with apprentices or trainees)",Overall,Training organisation has a good reputation,TAFE institutes,2017,9.8,9.8,reported,False,pct,overall,False,Employer survey — joins on state/industry/size. No ANZSCO occupation code available.,False
Table 11,11,"Reasons for choosing main provider for apprentices and trainees, timeseries (% of all employers with apprentices or trainees)",Overall,Training organisation has a good reputation,TAFE institutes,2019,10.3,10.3,reported,False,pct,overall,False,Employer survey — joins on state/industry/size. No ANZSCO occupation code available.,False
Table 11,11,"Reasons for choosing main provider for apprentices and trainees, timeseries (% of all employers with apprentices or trainees)",Overall,Training organisation has a good reputation,TAFE institutes,2023,14.9,14.9,reported,False,pct,overall,False,Employer survey — joins on state/industry/size. No ANZSCO occupation code available.,False
Table 11,11,"Reasons for choosing main provider for apprentices and trainees, timeseries (% of all employers with apprentices or trainees)",Overall,Training organisation has a good reputation,TAFE institutes,2025,5.2,5.2,reported,False,pct,overall,False,Employer survey — joins on state/industry/size. No ANZSCO occupation code available.,False
Table 11,11,"Reasons for choosing main provider for apprentices and trainees, timeseries (% of all employers with apprentices or trainees)",Overall,Training organisation has a good reputation,TAFE institutes,2005,,na,not_available,False,pct,overall,False,Employer survey — joins on state/industry/size. No ANZSCO occupation code available.,
Table 11,11,"Reasons for choosing main provider for apprentices and trainees, timeseries (% of all employers with apprentices or trainees)",Overall,Training organisation has a good reputation,TAFE institutes,2007,,na,not_available,False,pct,overall,False,Employer survey — joins on state/industry/size. No ANZSCO occupation code available.,
Table 11,11,"Reasons for choosing main provider for apprentices and trainees, timeseries (% of all employers with apprentices or trainees)",Overall,Training organisation has a good reputation,TAFE institutes,2009,,na,not_available,False,pct,overall,False,Employer survey — joins on state/industry/size. No ANZSCO occupation code available.,
Table 11,11,"Reasons for choosing main provider for apprentices and trainees, timeseries (% of all employers with apprentices or trainees)",Overall,Training organisation has a good reputation,TAFE institutes,2011,,na,not_available,False,pct,overall,False,Employer survey — joins on state/industry/size. No ANZSCO occupation code available.,
Table 11,11,"Reasons for choosing main provider for apprentices and trainees, timeseries (% of all employers with apprentices or trainees)",Overall,Training organisation has a good reputation,TAFE institutes,2021,,na,not_available,False,pct,overall,False,Employer survey — joins on state/industry/size. No ANZSCO occupation code available.,
Table 12,12,"Employers satisfaction with aspects of training for apprentices and trainees from main training provider, timeseries (% of all employers with apprentices or trainees)",Overall,Other providers used for training apprentices/trainees,Dissatisfied,2013,1.8,1.8*,reported,True,pct,overall,False,Employer survey — joins on state/industry/size. No ANZSCO occupation code available.,False
Table 12,12,"Employers satisfaction with aspects of training for apprentices and trainees from main training provider, timeseries (% of all employers with apprentices or trainees)",Overall,Other providers used for training apprentices/trainees,Dissatisfied,2015,0.0,0,reported,False,pct,overall,False,Employer survey — joins on state/industry/size. No ANZSCO occupation code available.,False
Table 12,12,"Employers satisfaction with aspects of training for apprentices and trainees from main training provider, timeseries (% of all employers with apprentices or trainees)",Overall,Other providers used for training apprentices/trainees,Dissatisfied,2017,12.6,12.6*,reported,True,pct,overall,False,Employer survey — joins on state/industry/size. No ANZSCO occupation code available.,False
Table 12,12,"Employers satisfaction with aspects of training for apprentices and trainees from main training provider, timeseries (% of all employers with apprentices or trainees)",Overall,Other providers used for training apprentices/trainees,Dissatisfied,2019,7.6,7.6*,reported,True,pct,overall,False,Employer survey — joins on state/industry/size. No ANZSCO occupation code available.,False
Table 12,12,"Employers satisfaction with aspects of training for apprentices and trainees from main training provider, timeseries (% of all employers with apprentices or trainees)",Overall,Other providers used for training apprentices/trainees,Dissatisfied,2021,16.9,16.9*,reported,True,pct,overall,False,Employer survey — joins on state/industry/size. No ANZSCO occupation code available.,False
Table 12,12,"Employers satisfaction with aspects of training for apprentices and trainees from main training provider, timeseries (% of all employers with apprentices or trainees)",Overall,Other providers used for training apprentices/trainees,Dissatisfied,2023,7.1,7.1,reported,False,pct,overall,False,Employer survey — joins on state/industry/size. No ANZSCO occupation code available.,False
Table 12,12,"Employers satisfaction with aspects of training for apprentices and trainees from main training provider, timeseries (% of all employers with apprentices or trainees)",Overall,Other providers used for training apprentices/trainees,Dissatisfied,2025,0.9,0.9,reported,False,pct,overall,False,Employer survey — joins on state/industry/size. No ANZSCO occupation code available.,False
Table 12,12,"Employers satisfaction with aspects of training for apprentices and trainees from main training provider, timeseries (% of all employers with apprentices or trainees)",Overall,Other providers used for training apprentices/trainees,Satisfied,2013,97.6,97.6,reported,False,pct,overall,False,Employer survey — joins on state/industry/size. No ANZSCO occupation code available.,False
Table 12,12,"Employers satisfaction with aspects of training for apprentices and trainees from main training provider, timeseries (% of all employers with apprentices or trainees)",Overall,Other providers used for training apprentices/trainees,Satisfied,2015,83.6,83.6,reported,False,pct,overall,False,Employer survey — joins on state/industry/size. No ANZSCO occupation code available.,False
Table 12,12,"Employers satisfaction with aspects of training for apprentices and trainees from main training provider, timeseries (% of all employers with apprentices or trainees)",Overall,Other providers used for training apprentices/trainees,Satisfied,2017,76.4,76.4,reported,False,pct,overall,False,Employer survey — joins on state/industry/size. No ANZSCO occupation code available.,False
Table 12,12,"Employers satisfaction with aspects of training for apprentices and trainees from main training provider, timeseries (% of all employers with apprentices or trainees)",Overall,Other providers used for training apprentices/trainees,Satisfied,2019,86.5,86.5*,reported,True,pct,overall,False,Employer survey — joins on state/industry/size. No ANZSCO occupation code available.,False
Table 12,12,"Employers satisfaction with aspects of training for apprentices and trainees from main training provider, timeseries (% of all employers with apprentices or trainees)",Overall,Other providers used for training apprentices/trainees,Satisfied,2021,72.1,72.1*,reported,True,pct,overall,False,Employer survey — joins on state/industry/size. No ANZSCO occupation code available.,False
Table 12,12,"Employers satisfaction with aspects of training for apprentices and trainees from main training provider, timeseries (% of all employers with apprentices or trainees)",Overall,Other providers used for training apprentices/trainees,Satisfied,2023,85.3,85.3*,reported,True,pct,overall,False,Employer survey — joins on state/industry/size. No ANZSCO occupation code available.,False
Table 12,12,"Employers satisfaction with aspects of training for apprentices and trainees from main training provider, timeseries (% of all employers with apprentices or trainees)",Overall,Other providers used for training apprentices/trainees,Satisfied,2025,95.8,95.8,reported,False,pct,overall,False,Employer survey — joins on state/industry/size. No ANZSCO occupation code available.,False
Table 12,12,"Employers satisfaction with aspects of training for apprentices and trainees from main training provider, timeseries (% of all employers with apprentices or trainees)",Overall,Private training providers,Dissatisfied,2013,5.0,5.0*,reported,True,pct,overall,False,Employer survey — joins on state/industry/size. No ANZSCO occupation code available.,False
Table 12,12,"Employers satisfaction with aspects of training for apprentices and trainees from main training provider, timeseries (% of all employers with apprentices or trainees)",Overall,Private training providers,Dissatisfied,2015,4.0,4.0*,reported,True,pct,overall,False,Employer survey — joins on state/industry/size. No ANZSCO occupation code available.,False
Table 12,12,"Employers satisfaction with aspects of training for apprentices and trainees from main training provider, timeseries (% of all employers with apprentices or trainees)",Overall,Private training providers,Dissatisfied,2017,11.2,11.2*,reported,True,pct,overall,False,Employer survey — joins on state/industry/size. No ANZSCO occupation code available.,False
Table 12,12,"Employers satisfaction with aspects of training for apprentices and trainees from main training provider, timeseries (% of all employers with apprentices or trainees)",Overall,Private training providers,Dissatisfied,2019,6.8,6.8,reported,False,pct,overall,False,Employer survey — joins on state/industry/size. No ANZSCO occupation code available.,False
Table 12,12,"Employers satisfaction with aspects of training for apprentices and trainees from main training provider, timeseries (% of all employers with apprentices or trainees)",Overall,Private training providers,Dissatisfied,2021,5.4,5.4,reported,False,pct,overall,False,Employer survey — joins on state/industry/size. No ANZSCO occupation code available.,False
Table 12,12,"Employers satisfaction with aspects of training for apprentices and trainees from main training provider, timeseries (% of all employers with apprentices or trainees)",Overall,Private training providers,Dissatisfied,2023,13.3,13.3,reported,False,pct,overall,False,Employer survey — joins on state/industry/size. No ANZSCO occupation code available.,False
Table 12,12,"Employers satisfaction with aspects of training for apprentices and trainees from main training provider, timeseries (% of all employers with apprentices or trainees)",Overall,Private training providers,Dissatisfied,2025,8.4,8.4,reported,False,pct,overall,False,Employer survey — joins on state/industry/size. No ANZSCO occupation code available.,False
Table 12,12,"Employers satisfaction with aspects of training for apprentices and trainees from main training provider, timeseries (% of all employers with apprentices or trainees)",Overall,Private training providers,Satisfied,2013,91.3,91.3,reported,False,pct,overall,False,Employer survey — joins on state/industry/size. No ANZSCO occupation code available.,False
Table 12,12,"Employers satisfaction with aspects of training for apprentices and trainees from main training provider, timeseries (% of all employers with apprentices or trainees)",Overall,Private training providers,Satisfied,2015,86.7,86.7,reported,False,pct,overall,False,Employer survey — joins on state/industry/size. No ANZSCO occupation code available.,False
Table 12,12,"Employers satisfaction with aspects of training for apprentices and trainees from main training provider, timeseries (% of all employers with apprentices or trainees)",Overall,Private training providers,Satisfied,2017,85.9,85.9,reported,False,pct,overall,False,Employer survey — joins on state/industry/size. No ANZSCO occupation code available.,False
Table 12,12,"Employers satisfaction with aspects of training for apprentices and trainees from main training provider, timeseries (% of all employers with apprentices or trainees)",Overall,Private training providers,Satisfied,2019,85.3,85.3,reported,False,pct,overall,False,Employer survey — joins on state/industry/size. No ANZSCO occupation code available.,False
Table 12,12,"Employers satisfaction with aspects of training for apprentices and trainees from main training provider, timeseries (% of all employers with apprentices or trainees)",Overall,Private training providers,Satisfied,2021,87.1,87.1,reported,False,pct,overall,False,Employer survey — joins on state/industry/size. No ANZSCO occupation code available.,False
Table 12,12,"Employers satisfaction with aspects of training for apprentices and trainees from main training provider, timeseries (% of all employers with apprentices or trainees)",Overall,Private training providers,Satisfied,2023,76.3,76.3,reported,False,pct,overall,False,Employer survey — joins on state/industry/size. No ANZSCO occupation code available.,False
Table 12,12,"Employers satisfaction with aspects of training for apprentices and trainees from main training provider, timeseries (% of all employers with apprentices or trainees)",Overall,Private training providers,Satisfied,2025,82.6,82.6,reported,False,pct,overall,False,Employer survey — joins on state/industry/size. No ANZSCO occupation code available.,False
Table 12,12,"Employers satisfaction with aspects of training for apprentices and trainees from main training provider, timeseries (% of all employers with apprentices or trainees)",Overall,Professional or industry associations,Dissatisfied,2013,4.7,4.7*,reported,True,pct,overall,False,Employer survey — joins on state/industry/size. No ANZSCO occupation code available.,False
Table 12,12,"Employers satisfaction with aspects of training for apprentices and trainees from main training provider, timeseries (% of all employers with apprentices or trainees)",Overall,Professional or industry associations,Dissatisfied,2015,0.0,0,reported,False,pct,overall,False,Employer survey — joins on state/industry/size. No ANZSCO occupation code available.,False
Table 12,12,"Employers satisfaction with aspects of training for apprentices and trainees from main training provider, timeseries (% of all employers with apprentices or trainees)",Overall,Professional or industry associations,Dissatisfied,2017,0.0,0,reported,False,pct,overall,False,Employer survey — joins on state/industry/size. No ANZSCO occupation code available.,False
Table 12,12,"Employers satisfaction with aspects of training for apprentices and trainees from main training provider, timeseries (% of all employers with apprentices or trainees)",Overall,Professional or industry associations,Dissatisfied,2019,0.0,0,reported,False,pct,overall,False,Employer survey — joins on state/industry/size. No ANZSCO occupation code available.,False
Table 12,12,"Employers satisfaction with aspects of training for apprentices and trainees from main training provider, timeseries (% of all employers with apprentices or trainees)",Overall,Professional or industry associations,Dissatisfied,2021,9.3,9.3*,reported,True,pct,overall,False,Employer survey — joins on state/industry/size. No ANZSCO occupation code available.,False
Table 12,12,"Employers satisfaction with aspects of training for apprentices and trainees from main training provider, timeseries (% of all employers with apprentices or trainees)",Overall,Professional or industry associations,Dissatisfied,2023,1.3,1.3,reported,False,pct,overall,False,Employer survey — joins on state/industry/size. No ANZSCO occupation code available.,False
Table 12,12,"Employers satisfaction with aspects of training for apprentices and trainees from main training provider, timeseries (% of all employers with apprentices or trainees)",Overall,Professional or industry associations,Dissatisfied,2025,12.7,12.7*,reported,True,pct,overall,False,Employer survey — joins on state/industry/size. No ANZSCO occupation code available.,False
Table 12,12,"Employers satisfaction with aspects of training for apprentices and trainees from main training provider, timeseries (% of all employers with apprentices or trainees)",Overall,Professional or industry associations,Satisfied,2013,90.5,90.5,reported,False,pct,overall,False,Employer survey — joins on state/industry/size. No ANZSCO occupation code available.,False
Table 12,12,"Employers satisfaction with aspects of training for apprentices and trainees from main training provider, timeseries (% of all employers with apprentices or trainees)",Overall,Professional or industry associations,Satisfied,2015,92.4,92.4,reported,False,pct,overall,False,Employer survey — joins on state/industry/size. No ANZSCO occupation code available.,False
Table 12,12,"Employers satisfaction with aspects of training for apprentices and trainees from main training provider, timeseries (% of all employers with apprentices or trainees)",Overall,Professional or industry associations,Satisfied,2017,88.5,88.5,reported,False,pct,overall,False,Employer survey — joins on state/industry/size. No ANZSCO occupation code available.,False
Table 12,12,"Employers satisfaction with aspects of training for apprentices and trainees from main training provider, timeseries (% of all employers with apprentices or trainees)",Overall,Professional or industry associations,Satisfied,2019,98.9,98.9,reported,False,pct,overall,False,Employer survey — joins on state/industry/size. No ANZSCO occupation code available.,False
Table 12,12,"Employers satisfaction with aspects of training for apprentices and trainees from main training provider, timeseries (% of all employers with apprentices or trainees)",Overall,Professional or industry associations,Satisfied,2021,77.7,77.7*,reported,True,pct,overall,False,Employer survey — joins on state/industry/size. No ANZSCO occupation code available.,False
Table 12,12,"Employers satisfaction with aspects of training for apprentices and trainees from main training provider, timeseries (% of all employers with apprentices or trainees)",Overall,Professional or industry associations,Satisfied,2023,94.6,94.6,reported,False,pct,overall,False,Employer survey — joins on state/industry/size. No ANZSCO occupation code available.,False
Table 12,12,"Employers satisfaction with aspects of training for apprentices and trainees from main training provider, timeseries (% of all employers with apprentices or trainees)",Overall,Professional or industry associations,Satisfied,2025,78.3,78.3*,reported,True,pct,overall,False,Employer survey — joins on state/industry/size. No ANZSCO occupation code available.,False
Table 12,12,"Employers satisfaction with aspects of training for apprentices and trainees from main training provider, timeseries (% of all employers with apprentices or trainees)",Overall,TAFE institutes,Dissatisfied,2013,8.0,8,reported,False,pct,overall,False,Employer survey — joins on state/industry/size. No ANZSCO occupation code available.,False
Table 12,12,"Employers satisfaction with aspects of training for apprentices and trainees from main training provider, timeseries (% of all employers with apprentices or trainees)",Overall,TAFE institutes,Dissatisfied,2015,12.6,12.6,reported,False,pct,overall,False,Employer survey — joins on state/industry/size. No ANZSCO occupation code available.,False
Table 12,12,"Employers satisfaction with aspects of training for apprentices and trainees from main training provider, timeseries (% of all employers with apprentices or trainees)",Overall,TAFE institutes,Dissatisfied,2017,10.7,10.7,reported,False,pct,overall,False,Employer survey — joins on state/industry/size. No ANZSCO occupation code available.,False
Table 12,12,"Employers satisfaction with aspects of training for apprentices and trainees from main training provider, timeseries (% of all employers with apprentices or trainees)",Overall,TAFE institutes,Dissatisfied,2019,12.0,12,reported,False,pct,overall,False,Employer survey — joins on state/industry/size. No ANZSCO occupation code available.,False
Table 12,12,"Employers satisfaction with aspects of training for apprentices and trainees from main training provider, timeseries (% of all employers with apprentices or trainees)",Overall,TAFE institutes,Dissatisfied,2021,10.5,10.5,reported,False,pct,overall,False,Employer survey — joins on state/industry/size. No ANZSCO occupation code available.,False
Table 12,12,"Employers satisfaction with aspects of training for apprentices and trainees from main training provider, timeseries (% of all employers with apprentices or trainees)",Overall,TAFE institutes,Dissatisfied,2023,9.1,9.1,reported,False,pct,overall,False,Employer survey — joins on state/industry/size. No ANZSCO occupation code available.,False
Table 12,12,"Employers satisfaction with aspects of training for apprentices and trainees from main training provider, timeseries (% of all employers with apprentices or trainees)",Overall,TAFE institutes,Dissatisfied,2025,9.6,9.6,reported,False,pct,overall,False,Employer survey — joins on state/industry/size. No ANZSCO occupation code available.,False
Table 12,12,"Employers satisfaction with aspects of training for apprentices and trainees from main training provider, timeseries (% of all employers with apprentices or trainees)",Overall,TAFE institutes,Satisfied,2013,80.4,80.4,reported,False,pct,overall,False,Employer survey — joins on state/industry/size. No ANZSCO occupation code available.,False
Table 12,12,"Employers satisfaction with aspects of training for apprentices and trainees from main training provider, timeseries (% of all employers with apprentices or trainees)",Overall,TAFE institutes,Satisfied,2015,78.3,78.3,reported,False,pct,overall,False,Employer survey — joins on state/industry/size. No ANZSCO occupation code available.,False
Table 12,12,"Employers satisfaction with aspects of training for apprentices and trainees from main training provider, timeseries (% of all employers with apprentices or trainees)",Overall,TAFE institutes,Satisfied,2017,82.5,82.5,reported,False,pct,overall,False,Employer survey — joins on state/industry/size. No ANZSCO occupation code available.,False
Table 12,12,"Employers satisfaction with aspects of training for apprentices and trainees from main training provider, timeseries (% of all employers with apprentices or trainees)",Overall,TAFE institutes,Satisfied,2019,76.6,76.6,reported,False,pct,overall,False,Employer survey — joins on state/industry/size. No ANZSCO occupation code available.,False
Table 12,12,"Employers satisfaction with aspects of training for apprentices and trainees from main training provider, timeseries (% of all employers with apprentices or trainees)",Overall,TAFE institutes,Satisfied,2021,77.2,77.2,reported,False,pct,overall,False,Employer survey — joins on state/industry/size. No ANZSCO occupation code available.,False
Table 12,12,"Employers satisfaction with aspects of training for apprentices and trainees from main training provider, timeseries (% of all employers with apprentices or trainees)",Overall,TAFE institutes,Satisfied,2023,75.5,75.5,reported,False,pct,overall,False,Employer survey — joins on state/industry/size. No ANZSCO occupation code available.,False
Table 12,12,"Employers satisfaction with aspects of training for apprentices and trainees from main training provider, timeseries (% of all employers with apprentices or trainees)",Overall,TAFE institutes,Satisfied,2025,81.1,81.1,reported,False,pct,overall,False,Employer survey — joins on state/industry/size. No ANZSCO occupation code available.,False
Table 14,14,"Reasons for choosing main provider for nationally recognised training, timeseries (% of all employers using nationally recognised training)",Overall,Content of training course was suitable,Other external providers used for nationally recognised training,2005,7.7,7.7*,reported,True,pct,overall,False,Employer survey — joins on state/industry/size. No ANZSCO occupation code available.,False
Table 14,14,"Reasons for choosing main provider for nationally recognised training, timeseries (% of all employers using nationally recognised training)",Overall,Content of training course was suitable,Other external providers used for nationally recognised training,2007,7.3,7.3*,reported,True,pct,overall,False,Employer survey — joins on state/industry/size. No ANZSCO occupation code available.,False
Table 14,14,"Reasons for choosing main provider for nationally recognised training, timeseries (% of all employers using nationally recognised training)",Overall,Content of training course was suitable,Other external providers used for nationally recognised training,2009,7.5,7.5*,reported,True,pct,overall,False,Employer survey — joins on state/industry/size. No ANZSCO occupation code available.,False
Table 14,14,"Reasons for choosing main provider for nationally recognised training, timeseries (% of all employers using nationally recognised training)",Overall,Content of training course was suitable,Other external providers used for nationally recognised training,2013,26.3,26.3*,reported,True,pct,overall,False,Employer survey — joins on state/industry/size. No ANZSCO occupation code available.,False
Table 14,14,"Reasons for choosing main provider for nationally recognised training, timeseries (% of all employers using nationally recognised training)",Overall,Content of training course was suitable,Other external providers used for nationally recognised training,2017,20.7,20.7*,reported,True,pct,overall,False,Employer survey — joins on state/industry/size. No ANZSCO occupation code available.,False
Table 14,14,"Reasons for choosing main provider for nationally recognised training, timeseries (% of all employers using nationally recognised training)",Overall,Content of training course was suitable,Other external providers used for nationally recognised training,2019,35.9,35.9*,reported,True,pct,overall,False,Employer survey — joins on state/industry/size. No ANZSCO occupation code available.,False
Table 14,14,"Reasons for choosing main provider for nationally recognised training, timeseries (% of all employers using nationally recognised training)",Overall,Content of training course was suitable,Other external providers used for nationally recognised training,2023,42.2,42.2*,reported,True,pct,overall,False,Employer survey — joins on state/industry/size. No ANZSCO occupation code available.,False
Table 14,14,"Reasons for choosing main provider for nationally recognised training, timeseries (% of all employers using nationally recognised training)",Overall,Content of training course was suitable,Other external providers used for nationally recognised training,2025,21.8,21.8*,reported,True,pct,overall,False,Employer survey — joins on state/industry/size. No ANZSCO occupation code available.,False
Table 14,14,"Reasons for choosing main provider for nationally recognised training, timeseries (% of all employers using nationally recognised training)",Overall,Content of training course was suitable,Other external providers used for nationally recognised training,2015,,np,not_publishable,False,pct,overall,False,Employer survey — joins on state/industry/size. No ANZSCO occupation code available.,
Table 14,14,"Reasons for choosing main provider for nationally recognised training, timeseries (% of all employers using nationally recognised training)",Overall,Content of training course was suitable,Other external providers used for nationally recognised training,2011,,na,not_available,False,pct,overall,False,Employer survey — joins on state/industry/size. No ANZSCO occupation code available.,
Table 14,14,"Reasons for choosing main provider for nationally recognised training, timeseries (% of all employers using nationally recognised training)",Overall,Content of training course was suitable,Other external providers used for nationally recognised training,2021,,na,not_available,False,pct,overall,False,Employer survey — joins on state/industry/size. No ANZSCO occupation code available.,
Table 14,14,"Reasons for choosing main provider for nationally recognised training, timeseries (% of all employers using nationally recognised training)",Overall,Content of training course was suitable,Private training providers,2005,21.7,21.7,reported,False,pct,overall,False,Employer survey — joins on state/industry/size. No ANZSCO occupation code available.,False
Table 14,14,"Reasons for choosing main provider for nationally recognised training, timeseries (% of all employers using nationally recognised training)",Overall,Content of training course was suitable,Private training providers,2007,16.2,16.2,reported,False,pct,overall,False,Employer survey — joins on state/industry/size. No ANZSCO occupation code available.,False
Table 14,14,"Reasons for choosing main provider for nationally recognised training, timeseries (% of all employers using nationally recognised training)",Overall,Content of training course was suitable,Private training providers,2009,11.4,11.4,reported,False,pct,overall,False,Employer survey — joins on state/industry/size. No ANZSCO occupation code available.,False
Table 14,14,"Reasons for choosing main provider for nationally recognised training, timeseries (% of all employers using nationally recognised training)",Overall,Content of training course was suitable,Private training providers,2013,25.8,25.8,reported,False,pct,overall,False,Employer survey — joins on state/industry/size. No ANZSCO occupation code available.,False
Table 14,14,"Reasons for choosing main provider for nationally recognised training, timeseries (% of all employers using nationally recognised training)",Overall,Content of training course was suitable,Private training providers,2015,24.5,24.5,reported,False,pct,overall,False,Employer survey — joins on state/industry/size. No ANZSCO occupation code available.,False
Table 14,14,"Reasons for choosing main provider for nationally recognised training, timeseries (% of all employers using nationally recognised training)",Overall,Content of training course was suitable,Private training providers,2017,20.1,20.1,reported,False,pct,overall,False,Employer survey — joins on state/industry/size. No ANZSCO occupation code available.,False
Table 14,14,"Reasons for choosing main provider for nationally recognised training, timeseries (% of all employers using nationally recognised training)",Overall,Content of training course was suitable,Private training providers,2019,37.2,37.2,reported,False,pct,overall,False,Employer survey — joins on state/industry/size. No ANZSCO occupation code available.,False
Table 14,14,"Reasons for choosing main provider for nationally recognised training, timeseries (% of all employers using nationally recognised training)",Overall,Content of training course was suitable,Private training providers,2023,31.0,31,reported,False,pct,overall,False,Employer survey — joins on state/industry/size. No ANZSCO occupation code available.,False
Table 14,14,"Reasons for choosing main provider for nationally recognised training, timeseries (% of all employers using nationally recognised training)",Overall,Content of training course was suitable,Private training providers,2025,21.0,21,reported,False,pct,overall,False,Employer survey — joins on state/industry/size. No ANZSCO occupation code available.,False
Table 14,14,"Reasons for choosing main provider for nationally recognised training, timeseries (% of all employers using nationally recognised training)",Overall,Content of training course was suitable,Private training providers,2011,,na,not_available,False,pct,overall,False,Employer survey — joins on state/industry/size. No ANZSCO occupation code available.,
Table 14,14,"Reasons for choosing main provider for nationally recognised training, timeseries (% of all employers using nationally recognised training)",Overall,Content of training course was suitable,Private training providers,2021,,na,not_available,False,pct,overall,False,Employer survey — joins on state/industry/size. No ANZSCO occupation code available.,
Table 14,14,"Reasons for choosing main provider for nationally recognised training, timeseries (% of all employers using nationally recognised training)",Overall,Content of training course was suitable,Professional or industry associations,2005,20.8,20.8*,reported,True,pct,overall,False,Employer survey — joins on state/industry/size. No ANZSCO occupation code available.,False
Table 14,14,"Reasons for choosing main provider for nationally recognised training, timeseries (% of all employers using nationally recognised training)",Overall,Content of training course was suitable,Professional or industry associations,2007,19.4,19.4*,reported,True,pct,overall,False,Employer survey — joins on state/industry/size. No ANZSCO occupation code available.,False
Table 14,14,"Reasons for choosing main provider for nationally recognised training, timeseries (% of all employers using nationally recognised training)",Overall,Content of training course was suitable,Professional or industry associations,2009,10.5,10.5*,reported,True,pct,overall,False,Employer survey — joins on state/industry/size. No ANZSCO occupation code available.,False
Table 14,14,"Reasons for choosing main provider for nationally recognised training, timeseries (% of all employers using nationally recognised training)",Overall,Content of training course was suitable,Professional or industry associations,2013,24.6,24.6,reported,False,pct,overall,False,Employer survey — joins on state/industry/size. No ANZSCO occupation code available.,False
Table 14,14,"Reasons for choosing main provider for nationally recognised training, timeseries (% of all employers using nationally recognised training)",Overall,Content of training course was suitable,Professional or industry associations,2015,22.0,22,reported,False,pct,overall,False,Employer survey — joins on state/industry/size. No ANZSCO occupation code available.,False
Table 14,14,"Reasons for choosing main provider for nationally recognised training, timeseries (% of all employers using nationally recognised training)",Overall,Content of training course was suitable,Professional or industry associations,2017,31.9,31.9,reported,False,pct,overall,False,Employer survey — joins on state/industry/size. No ANZSCO occupation code available.,False
Table 14,14,"Reasons for choosing main provider for nationally recognised training, timeseries (% of all employers using nationally recognised training)",Overall,Content of training course was suitable,Professional or industry associations,2019,41.9,41.9*,reported,True,pct,overall,False,Employer survey — joins on state/industry/size. No ANZSCO occupation code available.,False
Table 14,14,"Reasons for choosing main provider for nationally recognised training, timeseries (% of all employers using nationally recognised training)",Overall,Content of training course was suitable,Professional or industry associations,2023,43.2,43.2,reported,False,pct,overall,False,Employer survey — joins on state/industry/size. No ANZSCO occupation code available.,False
Table 14,14,"Reasons for choosing main provider for nationally recognised training, timeseries (% of all employers using nationally recognised training)",Overall,Content of training course was suitable,Professional or industry associations,2025,26.8,26.8*,reported,True,pct,overall,False,Employer survey — joins on state/industry/size. No ANZSCO occupation code available.,False
Table 14,14,"Reasons for choosing main provider for nationally recognised training, timeseries (% of all employers using nationally recognised training)",Overall,Content of training course was suitable,Professional or industry associations,2011,,na,not_available,False,pct,overall,False,Employer survey — joins on state/industry/size. No ANZSCO occupation code available.,
Table 14,14,"Reasons for choosing main provider for nationally recognised training, timeseries (% of all employers using nationally recognised training)",Overall,Content of training course was suitable,Professional or industry associations,2021,,na,not_available,False,pct,overall,False,Employer survey — joins on state/industry/size. No ANZSCO occupation code available.,
Table 14,14,"Reasons for choosing main provider for nationally recognised training, timeseries (% of all employers using nationally recognised training)",Overall,Content of training course was suitable,TAFE institutes,2005,27.7,27.7,reported,False,pct,overall,False,Employer survey — joins on state/industry/size. No ANZSCO occupation code available.,False
Table 14,14,"Reasons for choosing main provider for nationally recognised training, timeseries (% of all employers using nationally recognised training)",Overall,Content of training course was suitable,TAFE institutes,2007,16.0,16,reported,False,pct,overall,False,Employer survey — joins on state/industry/size. No ANZSCO occupation code available.,False
Table 14,14,"Reasons for choosing main provider for nationally recognised training, timeseries (% of all employers using nationally recognised training)",Overall,Content of training course was suitable,TAFE institutes,2009,18.3,18.3,reported,False,pct,overall,False,Employer survey — joins on state/industry/size. No ANZSCO occupation code available.,False
Table 14,14,"Reasons for choosing main provider for nationally recognised training, timeseries (% of all employers using nationally recognised training)",Overall,Content of training course was suitable,TAFE institutes,2013,24.5,24.5,reported,False,pct,overall,False,Employer survey — joins on state/industry/size. No ANZSCO occupation code available.,False
Table 14,14,"Reasons for choosing main provider for nationally recognised training, timeseries (% of all employers using nationally recognised training)",Overall,Content of training course was suitable,TAFE institutes,2015,26.3,26.3,reported,False,pct,overall,False,Employer survey — joins on state/industry/size. No ANZSCO occupation code available.,False
Table 14,14,"Reasons for choosing main provider for nationally recognised training, timeseries (% of all employers using nationally recognised training)",Overall,Content of training course was suitable,TAFE institutes,2017,20.2,20.2,reported,False,pct,overall,False,Employer survey — joins on state/industry/size. No ANZSCO occupation code available.,False
Table 14,14,"Reasons for choosing main provider for nationally recognised training, timeseries (% of all employers using nationally recognised training)",Overall,Content of training course was suitable,TAFE institutes,2019,36.8,36.8*,reported,True,pct,overall,False,Employer survey — joins on state/industry/size. No ANZSCO occupation code available.,False
Table 14,14,"Reasons for choosing main provider for nationally recognised training, timeseries (% of all employers using nationally recognised training)",Overall,Content of training course was suitable,TAFE institutes,2023,43.5,43.5*,reported,True,pct,overall,False,Employer survey — joins on state/industry/size. No ANZSCO occupation code available.,False
Table 14,14,"Reasons for choosing main provider for nationally recognised training, timeseries (% of all employers using nationally recognised training)",Overall,Content of training course was suitable,TAFE institutes,2025,21.3,21.3,reported,False,pct,overall,False,Employer survey — joins on state/industry/size. No ANZSCO occupation code available.,False
Table 14,14,"Reasons for choosing main provider for nationally recognised training, timeseries (% of all employers using nationally recognised training)",Overall,Content of training course was suitable,TAFE institutes,2011,,na,not_available,False,pct,overall,False,Employer survey — joins on state/industry/size. No ANZSCO occupation code available.,
Table 14,14,"Reasons for choosing main provider for nationally recognised training, timeseries (% of all employers using nationally recognised training)",Overall,Content of training course was suitable,TAFE institutes,2021,,na,not_available,False,pct,overall,False,Employer survey — joins on state/industry/size. No ANZSCO occupation code available.,
Table 14,14,"Reasons for choosing main provider for nationally recognised training, timeseries (% of all employers using nationally recognised training)",Overall,Content of training course was suitable,Universities,2005,38.3,38.3*,reported,True,pct,overall,False,Employer survey — joins on state/industry/size. No ANZSCO occupation code available.,False
Table 14,14,"Reasons for choosing main provider for nationally recognised training, timeseries (% of all employers using nationally recognised training)",Overall,Content of training course was suitable,Universities,2007,15.6,15.6*,reported,True,pct,overall,False,Employer survey — joins on state/industry/size. No ANZSCO occupation code available.,False
Table 14,14,"Reasons for choosing main provider for nationally recognised training, timeseries (% of all employers using nationally recognised training)",Overall,Content of training course was suitable,Universities,2009,9.8,9.8*,reported,True,pct,overall,False,Employer survey — joins on state/industry/size. No ANZSCO occupation code available.,False
Table 14,14,"Reasons for choosing main provider for nationally recognised training, timeseries (% of all employers using nationally recognised training)",Overall,Content of training course was suitable,Universities,2013,31.7,31.7*,reported,True,pct,overall,False,Employer survey — joins on state/industry/size. No ANZSCO occupation code available.,False
Table 14,14,"Reasons for choosing main provider for nationally recognised training, timeseries (% of all employers using nationally recognised training)",Overall,Content of training course was suitable,Universities,2015,16.9,16.9*,reported,True,pct,overall,False,Employer survey — joins on state/industry/size. No ANZSCO occupation code available.,False
Table 14,14,"Reasons for choosing main provider for nationally recognised training, timeseries (% of all employers using nationally recognised training)",Overall,Content of training course was suitable,Universities,2017,21.0,21.0*,reported,True,pct,overall,False,Employer survey — joins on state/industry/size. No ANZSCO occupation code available.,False
Table 14,14,"Reasons for choosing main provider for nationally recognised training, timeseries (% of all employers using nationally recognised training)",Overall,Content of training course was suitable,Universities,2019,36.8,36.8*,reported,True,pct,overall,False,Employer survey — joins on state/industry/size. No ANZSCO occupation code available.,False
Table 14,14,"Reasons for choosing main provider for nationally recognised training, timeseries (% of all employers using nationally recognised training)",Overall,Content of training course was suitable,Universities,2023,49.9,49.9*,reported,True,pct,overall,False,Employer survey — joins on state/industry/size. No ANZSCO occupation code available.,False
Table 14,14,"Reasons for choosing main provider for nationally recognised training, timeseries (% of all employers using nationally recognised training)",Overall,Content of training course was suitable,Universities,2025,22.7,22.7*,reported,True,pct,overall,False,Employer survey — joins on state/industry/size. No ANZSCO occupation code available.,False
Table 14,14,"Reasons for choosing main provider for nationally recognised training, timeseries (% of all employers using nationally recognised training)",Overall,Content of training course was suitable,Universities,2011,,na,not_available,False,pct,overall,False,Employer survey — joins on state/industry/size. No ANZSCO occupation code available.,
Table 14,14,"Reasons for choosing main provider for nationally recognised training, timeseries (% of all employers using nationally recognised training)",Overall,Content of training course was suitable,Universities,2021,,na,not_available,False,pct,overall,False,Employer survey — joins on state/industry/size. No ANZSCO occupation code available.,
Table 14,14,"Reasons for choosing main provider for nationally recognised training, timeseries (% of all employers using nationally recognised training)",Overall,Convenient access or location,Other external providers used for nationally recognised training,2005,16.6,16.6*,reported,True,pct,overall,False,Employer survey — joins on state/industry/size. No ANZSCO occupation code available.,False
Table 14,14,"Reasons for choosing main provider for nationally recognised training, timeseries (% of all employers using nationally recognised training)",Overall,Convenient access or location,Other external providers used for nationally recognised training,2007,12.6,12.6*,reported,True,pct,overall,False,Employer survey — joins on state/industry/size. No ANZSCO occupation code available.,False
Table 14,14,"Reasons for choosing main provider for nationally recognised training, timeseries (% of all employers using nationally recognised training)",Overall,Convenient access or location,Other external providers used for nationally recognised training,2009,8.2,8.2*,reported,True,pct,overall,False,Employer survey — joins on state/industry/size. No ANZSCO occupation code available.,False
Table 14,14,"Reasons for choosing main provider for nationally recognised training, timeseries (% of all employers using nationally recognised training)",Overall,Convenient access or location,Other external providers used for nationally recognised training,2013,7.0,7.0*,reported,True,pct,overall,False,Employer survey — joins on state/industry/size. No ANZSCO occupation code available.,False
Table 14,14,"Reasons for choosing main provider for nationally recognised training, timeseries (% of all employers using nationally recognised training)",Overall,Convenient access or location,Other external providers used for nationally recognised training,2017,11.4,11.4*,reported,True,pct,overall,False,Employer survey — joins on state/industry/size. No ANZSCO occupation code available.,False
Table 14,14,"Reasons for choosing main provider for nationally recognised training, timeseries (% of all employers using nationally recognised training)",Overall,Convenient access or location,Other external providers used for nationally recognised training,2019,18.0,18.0*,reported,True,pct,overall,False,Employer survey — joins on state/industry/size. No ANZSCO occupation code available.,False
Table 14,14,"Reasons for choosing main provider for nationally recognised training, timeseries (% of all employers using nationally recognised training)",Overall,Convenient access or location,Other external providers used for nationally recognised training,2023,22.7,22.7*,reported,True,pct,overall,False,Employer survey — joins on state/industry/size. No ANZSCO occupation code available.,False
Table 14,14,"Reasons for choosing main provider for nationally recognised training, timeseries (% of all employers using nationally recognised training)",Overall,Convenient access or location,Other external providers used for nationally recognised training,2025,8.8,8.8,reported,False,pct,overall,False,Employer survey — joins on state/industry/size. No ANZSCO occupation code available.,False
Table 14,14,"Reasons for choosing main provider for nationally recognised training, timeseries (% of all employers using nationally recognised training)",Overall,Convenient access or location,Other external providers used for nationally recognised training,2015,,np,not_publishable,False,pct,overall,False,Employer survey — joins on state/industry/size. No ANZSCO occupation code available.,
Table 14,14,"Reasons for choosing main provider for nationally recognised training, timeseries (% of all employers using nationally recognised training)",Overall,Convenient access or location,Other external providers used for nationally recognised training,2011,,na,not_available,False,pct,overall,False,Employer survey — joins on state/industry/size. No ANZSCO occupation code available.,
Table 14,14,"Reasons for choosing main provider for nationally recognised training, timeseries (% of all employers using nationally recognised training)",Overall,Convenient access or location,Other external providers used for nationally recognised training,2021,,na,not_available,False,pct,overall,False,Employer survey — joins on state/industry/size. No ANZSCO occupation code available.,
Table 14,14,"Reasons for choosing main provider for nationally recognised training, timeseries (% of all employers using nationally recognised training)",Overall,Convenient access or location,Private training providers,2005,11.2,11.2,reported,False,pct,overall,False,Employer survey — joins on state/industry/size. No ANZSCO occupation code available.,False
Table 14,14,"Reasons for choosing main provider for nationally recognised training, timeseries (% of all employers using nationally recognised training)",Overall,Convenient access or location,Private training providers,2007,15.7,15.7,reported,False,pct,overall,False,Employer survey — joins on state/industry/size. No ANZSCO occupation code available.,False
Table 14,14,"Reasons for choosing main provider for nationally recognised training, timeseries (% of all employers using nationally recognised training)",Overall,Convenient access or location,Private training providers,2009,17.1,17.1,reported,False,pct,overall,False,Employer survey — joins on state/industry/size. No ANZSCO occupation code available.,False
Table 14,14,"Reasons for choosing main provider for nationally recognised training, timeseries (% of all employers using nationally recognised training)",Overall,Convenient access or location,Private training providers,2013,25.7,25.7,reported,False,pct,overall,False,Employer survey — joins on state/industry/size. No ANZSCO occupation code available.,False
Table 14,14,"Reasons for choosing main provider for nationally recognised training, timeseries (% of all employers using nationally recognised training)",Overall,Convenient access or location,Private training providers,2015,26.1,26.1,reported,False,pct,overall,False,Employer survey — joins on state/industry/size. No ANZSCO occupation code available.,False
Table 14,14,"Reasons for choosing main provider for nationally recognised training, timeseries (% of all employers using nationally recognised training)",Overall,Convenient access or location,Private training providers,2017,25.4,25.4,reported,False,pct,overall,False,Employer survey — joins on state/industry/size. No ANZSCO occupation code available.,False
Table 14,14,"Reasons for choosing main provider for nationally recognised training, timeseries (% of all employers using nationally recognised training)",Overall,Convenient access or location,Private training providers,2019,35.8,35.8,reported,False,pct,overall,False,Employer survey — joins on state/industry/size. No ANZSCO occupation code available.,False
Table 14,14,"Reasons for choosing main provider for nationally recognised training, timeseries (% of all employers using nationally recognised training)",Overall,Convenient access or location,Private training providers,2023,36.0,36,reported,False,pct,overall,False,Employer survey — joins on state/industry/size. No ANZSCO occupation code available.,False
Table 14,14,"Reasons for choosing main provider for nationally recognised training, timeseries (% of all employers using nationally recognised training)",Overall,Convenient access or location,Private training providers,2025,31.9,31.9,reported,False,pct,overall,False,Employer survey — joins on state/industry/size. No ANZSCO occupation code available.,False
Table 14,14,"Reasons for choosing main provider for nationally recognised training, timeseries (% of all employers using nationally recognised training)",Overall,Convenient access or location,Private training providers,2011,,na,not_available,False,pct,overall,False,Employer survey — joins on state/industry/size. No ANZSCO occupation code available.,
Table 14,14,"Reasons for choosing main provider for nationally recognised training, timeseries (% of all employers using nationally recognised training)",Overall,Convenient access or location,Private training providers,2021,,na,not_available,False,pct,overall,False,Employer survey — joins on state/industry/size. No ANZSCO occupation code available.,
Table 14,14,"Reasons for choosing main provider for nationally recognised training, timeseries (% of all employers using nationally recognised training)",Overall,Convenient access or location,Professional or industry associations,2005,5.0,5.0*,reported,True,pct,overall,False,Employer survey — joins on state/industry/size. No ANZSCO occupation code available.,False
Table 14,14,"Reasons for choosing main provider for nationally recognised training, timeseries (% of all employers using nationally recognised training)",Overall,Convenient access or location,Professional or industry associations,2007,1.6,1.6*,reported,True,pct,overall,False,Employer survey — joins on state/industry/size. No ANZSCO occupation code available.,False
Table 14,14,"Reasons for choosing main provider for nationally recognised training, timeseries (% of all employers using nationally recognised training)",Overall,Convenient access or location,Professional or industry associations,2009,2.6,2.6*,reported,True,pct,overall,False,Employer survey — joins on state/industry/size. No ANZSCO occupation code available.,False
Table 14,14,"Reasons for choosing main provider for nationally recognised training, timeseries (% of all employers using nationally recognised training)",Overall,Convenient access or location,Professional or industry associations,2013,3.9,3.9*,reported,True,pct,overall,False,Employer survey — joins on state/industry/size. No ANZSCO occupation code available.,False
Table 14,14,"Reasons for choosing main provider for nationally recognised training, timeseries (% of all employers using nationally recognised training)",Overall,Convenient access or location,Professional or industry associations,2015,20.8,20.8*,reported,True,pct,overall,False,Employer survey — joins on state/industry/size. No ANZSCO occupation code available.,False
Table 14,14,"Reasons for choosing main provider for nationally recognised training, timeseries (% of all employers using nationally recognised training)",Overall,Convenient access or location,Professional or industry associations,2017,12.6,12.6*,reported,True,pct,overall,False,Employer survey — joins on state/industry/size. No ANZSCO occupation code available.,False
Table 14,14,"Reasons for choosing main provider for nationally recognised training, timeseries (% of all employers using nationally recognised training)",Overall,Convenient access or location,Professional or industry associations,2019,24.6,24.6*,reported,True,pct,overall,False,Employer survey — joins on state/industry/size. No ANZSCO occupation code available.,False
Table 14,14,"Reasons for choosing main provider for nationally recognised training, timeseries (% of all employers using nationally recognised training)",Overall,Convenient access or location,Professional or industry associations,2023,21.9,21.9,reported,False,pct,overall,False,Employer survey — joins on state/industry/size. No ANZSCO occupation code available.,False
Table 14,14,"Reasons for choosing main provider for nationally recognised training, timeseries (% of all employers using nationally recognised training)",Overall,Convenient access or location,Professional or industry associations,2025,15.2,15.2,reported,False,pct,overall,False,Employer survey — joins on state/industry/size. No ANZSCO occupation code available.,False
Table 14,14,"Reasons for choosing main provider for nationally recognised training, timeseries (% of all employers using nationally recognised training)",Overall,Convenient access or location,Professional or industry associations,2011,,na,not_available,False,pct,overall,False,Employer survey — joins on state/industry/size. No ANZSCO occupation code available.,
Table 14,14,"Reasons for choosing main provider for nationally recognised training, timeseries (% of all employers using nationally recognised training)",Overall,Convenient access or location,Professional or industry associations,2021,,na,not_available,False,pct,overall,False,Employer survey — joins on state/industry/size. No ANZSCO occupation code available.,
Table 14,14,"Reasons for choosing main provider for nationally recognised training, timeseries (% of all employers using nationally recognised training)",Overall,Convenient access or location,TAFE institutes,2005,26.7,26.7,reported,False,pct,overall,False,Employer survey — joins on state/industry/size. No ANZSCO occupation code available.,False
Table 14,14,"Reasons for choosing main provider for nationally recognised training, timeseries (% of all employers using nationally recognised training)",Overall,Convenient access or location,TAFE institutes,2007,24.5,24.5,reported,False,pct,overall,False,Employer survey — joins on state/industry/size. No ANZSCO occupation code available.,False
Table 14,14,"Reasons for choosing main provider for nationally recognised training, timeseries (% of all employers using nationally recognised training)",Overall,Convenient access or location,TAFE institutes,2009,18.6,18.6,reported,False,pct,overall,False,Employer survey — joins on state/industry/size. No ANZSCO occupation code available.,False
Table 14,14,"Reasons for choosing main provider for nationally recognised training, timeseries (% of all employers using nationally recognised training)",Overall,Convenient access or location,TAFE institutes,2013,15.8,15.8,reported,False,pct,overall,False,Employer survey — joins on state/industry/size. No ANZSCO occupation code available.,False
Table 14,14,"Reasons for choosing main provider for nationally recognised training, timeseries (% of all employers using nationally recognised training)",Overall,Convenient access or location,TAFE institutes,2015,33.0,33,reported,False,pct,overall,False,Employer survey — joins on state/industry/size. No ANZSCO occupation code available.,False
Table 14,14,"Reasons for choosing main provider for nationally recognised training, timeseries (% of all employers using nationally recognised training)",Overall,Convenient access or location,TAFE institutes,2017,25.2,25.2,reported,False,pct,overall,False,Employer survey — joins on state/industry/size. No ANZSCO occupation code available.,False
Table 14,14,"Reasons for choosing main provider for nationally recognised training, timeseries (% of all employers using nationally recognised training)",Overall,Convenient access or location,TAFE institutes,2019,39.7,39.7*,reported,True,pct,overall,False,Employer survey — joins on state/industry/size. No ANZSCO occupation code available.,False
Table 14,14,"Reasons for choosing main provider for nationally recognised training, timeseries (% of all employers using nationally recognised training)",Overall,Convenient access or location,TAFE institutes,2023,21.5,21.5,reported,False,pct,overall,False,Employer survey — joins on state/industry/size. No ANZSCO occupation code available.,False
Table 14,14,"Reasons for choosing main provider for nationally recognised training, timeseries (% of all employers using nationally recognised training)",Overall,Convenient access or location,TAFE institutes,2025,24.0,24,reported,False,pct,overall,False,Employer survey — joins on state/industry/size. No ANZSCO occupation code available.,False
Table 14,14,"Reasons for choosing main provider for nationally recognised training, timeseries (% of all employers using nationally recognised training)",Overall,Convenient access or location,TAFE institutes,2011,,na,not_available,False,pct,overall,False,Employer survey — joins on state/industry/size. No ANZSCO occupation code available.,
Table 14,14,"Reasons for choosing main provider for nationally recognised training, timeseries (% of all employers using nationally recognised training)",Overall,Convenient access or location,TAFE institutes,2021,,na,not_available,False,pct,overall,False,Employer survey — joins on state/industry/size. No ANZSCO occupation code available.,
Table 14,14,"Reasons for choosing main provider for nationally recognised training, timeseries (% of all employers using nationally recognised training)",Overall,Convenient access or location,Universities,2005,24.6,24.6*,reported,True,pct,overall,False,Employer survey — joins on state/industry/size. No ANZSCO occupation code available.,False
Table 14,14,"Reasons for choosing main provider for nationally recognised training, timeseries (% of all employers using nationally recognised training)",Overall,Convenient access or location,Universities,2007,2.6,2.6*,reported,True,pct,overall,False,Employer survey — joins on state/industry/size. No ANZSCO occupation code available.,False
Table 14,14,"Reasons for choosing main provider for nationally recognised training, timeseries (% of all employers using nationally recognised training)",Overall,Convenient access or location,Universities,2009,1.9,1.9*,reported,True,pct,overall,False,Employer survey — joins on state/industry/size. No ANZSCO occupation code available.,False
Table 14,14,"Reasons for choosing main provider for nationally recognised training, timeseries (% of all employers using nationally recognised training)",Overall,Convenient access or location,Universities,2013,9.1,9.1*,reported,True,pct,overall,False,Employer survey — joins on state/industry/size. No ANZSCO occupation code available.,False
Table 14,14,"Reasons for choosing main provider for nationally recognised training, timeseries (% of all employers using nationally recognised training)",Overall,Convenient access or location,Universities,2015,8.1,8.1*,reported,True,pct,overall,False,Employer survey — joins on state/industry/size. No ANZSCO occupation code available.,False
Table 14,14,"Reasons for choosing main provider for nationally recognised training, timeseries (% of all employers using nationally recognised training)",Overall,Convenient access or location,Universities,2017,8.6,8.6*,reported,True,pct,overall,False,Employer survey — joins on state/industry/size. No ANZSCO occupation code available.,False
Table 14,14,"Reasons for choosing main provider for nationally recognised training, timeseries (% of all employers using nationally recognised training)",Overall,Convenient access or location,Universities,2019,7.7,7.7*,reported,True,pct,overall,False,Employer survey — joins on state/industry/size. No ANZSCO occupation code available.,False
Table 14,14,"Reasons for choosing main provider for nationally recognised training, timeseries (% of all employers using nationally recognised training)",Overall,Convenient access or location,Universities,2023,11.6,11.6*,reported,True,pct,overall,False,Employer survey — joins on state/industry/size. No ANZSCO occupation code available.,False
Table 14,14,"Reasons for choosing main provider for nationally recognised training, timeseries (% of all employers using nationally recognised training)",Overall,Convenient access or location,Universities,2025,15.0,15.0*,reported,True,pct,overall,False,Employer survey — joins on state/industry/size. No ANZSCO occupation code available.,False
Table 14,14,"Reasons for choosing main provider for nationally recognised training, timeseries (% of all employers using nationally recognised training)",Overall,Convenient access or location,Universities,2011,,na,not_available,False,pct,overall,False,Employer survey — joins on state/industry/size. No ANZSCO occupation code available.,
Table 14,14,"Reasons for choosing main provider for nationally recognised training, timeseries (% of all employers using nationally recognised training)",Overall,Convenient access or location,Universities,2021,,na,not_available,False,pct,overall,False,Employer survey — joins on state/industry/size. No ANZSCO occupation code available.,
Table 14,14,"Reasons for choosing main provider for nationally recognised training, timeseries (% of all employers using nationally recognised training)",Overall,Convenient or flexible times,Other external providers used for nationally recognised training,2005,1.0,1.0*,reported,True,pct,overall,False,Employer survey — joins on state/industry/size. No ANZSCO occupation code available.,False
Table 14,14,"Reasons for choosing main provider for nationally recognised training, timeseries (% of all employers using nationally recognised training)",Overall,Convenient or flexible times,Other external providers used for nationally recognised training,2007,2.8,2.8*,reported,True,pct,overall,False,Employer survey — joins on state/industry/size. No ANZSCO occupation code available.,False
Table 14,14,"Reasons for choosing main provider for nationally recognised training, timeseries (% of all employers using nationally recognised training)",Overall,Convenient or flexible times,Other external providers used for nationally recognised training,2013,10.2,10.2*,reported,True,pct,overall,False,Employer survey — joins on state/industry/size. No ANZSCO occupation code available.,False
Table 14,14,"Reasons for choosing main provider for nationally recognised training, timeseries (% of all employers using nationally recognised training)",Overall,Convenient or flexible times,Other external providers used for nationally recognised training,2019,9.9,9.9*,reported,True,pct,overall,False,Employer survey — joins on state/industry/size. No ANZSCO occupation code available.,False
Table 14,14,"Reasons for choosing main provider for nationally recognised training, timeseries (% of all employers using nationally recognised training)",Overall,Convenient or flexible times,Other external providers used for nationally recognised training,2023,34.9,34.9*,reported,True,pct,overall,False,Employer survey — joins on state/industry/size. No ANZSCO occupation code available.,False
Table 14,14,"Reasons for choosing main provider for nationally recognised training, timeseries (% of all employers using nationally recognised training)",Overall,Convenient or flexible times,Other external providers used for nationally recognised training,2025,17.9,17.9*,reported,True,pct,overall,False,Employer survey — joins on state/industry/size. No ANZSCO occupation code available.,False
Table 14,14,"Reasons for choosing main provider for nationally recognised training, timeseries (% of all employers using nationally recognised training)",Overall,Convenient or flexible times,Other external providers used for nationally recognised training,2009,,np,not_publishable,False,pct,overall,False,Employer survey — joins on state/industry/size. No ANZSCO occupation code available.,
Table 14,14,"Reasons for choosing main provider for nationally recognised training, timeseries (% of all employers using nationally recognised training)",Overall,Convenient or flexible times,Other external providers used for nationally recognised training,2015,,np,not_publishable,False,pct,overall,False,Employer survey — joins on state/industry/size. No ANZSCO occupation code available.,
Table 14,14,"Reasons for choosing main provider for nationally recognised training, timeseries (% of all employers using nationally recognised training)",Overall,Convenient or flexible times,Other external providers used for nationally recognised training,2017,,np,not_publishable,False,pct,overall,False,Employer survey — joins on state/industry/size. No ANZSCO occupation code available.,
Table 14,14,"Reasons for choosing main provider for nationally recognised training, timeseries (% of all employers using nationally recognised training)",Overall,Convenient or flexible times,Other external providers used for nationally recognised training,2011,,na,not_available,False,pct,overall,False,Employer survey — joins on state/industry/size. No ANZSCO occupation code available.,
Table 14,14,"Reasons for choosing main provider for nationally recognised training, timeseries (% of all employers using nationally recognised training)",Overall,Convenient or flexible times,Other external providers used for nationally recognised training,2021,,na,not_available,False,pct,overall,False,Employer survey — joins on state/industry/size. No ANZSCO occupation code available.,
Table 14,14,"Reasons for choosing main provider for nationally recognised training, timeseries (% of all employers using nationally recognised training)",Overall,Convenient or flexible times,Private training providers,2005,11.1,11.1,reported,False,pct,overall,False,Employer survey — joins on state/industry/size. No ANZSCO occupation code available.,False
Table 14,14,"Reasons for choosing main provider for nationally recognised training, timeseries (% of all employers using nationally recognised training)",Overall,Convenient or flexible times,Private training providers,2007,12.2,12.2,reported,False,pct,overall,False,Employer survey — joins on state/industry/size. No ANZSCO occupation code available.,False
Table 14,14,"Reasons for choosing main provider for nationally recognised training, timeseries (% of all employers using nationally recognised training)",Overall,Convenient or flexible times,Private training providers,2009,16.2,16.2,reported,False,pct,overall,False,Employer survey — joins on state/industry/size. No ANZSCO occupation code available.,False
Table 14,14,"Reasons for choosing main provider for nationally recognised training, timeseries (% of all employers using nationally recognised training)",Overall,Convenient or flexible times,Private training providers,2013,20.9,20.9,reported,False,pct,overall,False,Employer survey — joins on state/industry/size. No ANZSCO occupation code available.,False
Table 14,14,"Reasons for choosing main provider for nationally recognised training, timeseries (% of all employers using nationally recognised training)",Overall,Convenient or flexible times,Private training providers,2015,34.0,34,reported,False,pct,overall,False,Employer survey — joins on state/industry/size. No ANZSCO occupation code available.,False
Table 14,14,"Reasons for choosing main provider for nationally recognised training, timeseries (% of all employers using nationally recognised training)",Overall,Convenient or flexible times,Private training providers,2017,29.2,29.2,reported,False,pct,overall,False,Employer survey — joins on state/industry/size. No ANZSCO occupation code available.,False
Table 14,14,"Reasons for choosing main provider for nationally recognised training, timeseries (% of all employers using nationally recognised training)",Overall,Convenient or flexible times,Private training providers,2019,33.4,33.4,reported,False,pct,overall,False,Employer survey — joins on state/industry/size. No ANZSCO occupation code available.,False
Table 14,14,"Reasons for choosing main provider for nationally recognised training, timeseries (% of all employers using nationally recognised training)",Overall,Convenient or flexible times,Private training providers,2023,29.8,29.8,reported,False,pct,overall,False,Employer survey — joins on state/industry/size. No ANZSCO occupation code available.,False
Table 14,14,"Reasons for choosing main provider for nationally recognised training, timeseries (% of all employers using nationally recognised training)",Overall,Convenient or flexible times,Private training providers,2025,27.8,27.8,reported,False,pct,overall,False,Employer survey — joins on state/industry/size. No ANZSCO occupation code available.,False
Table 14,14,"Reasons for choosing main provider for nationally recognised training, timeseries (% of all employers using nationally recognised training)",Overall,Convenient or flexible times,Private training providers,2011,,na,not_available,False,pct,overall,False,Employer survey — joins on state/industry/size. No ANZSCO occupation code available.,
Table 14,14,"Reasons for choosing main provider for nationally recognised training, timeseries (% of all employers using nationally recognised training)",Overall,Convenient or flexible times,Private training providers,2021,,na,not_available,False,pct,overall,False,Employer survey — joins on state/industry/size. No ANZSCO occupation code available.,
Table 14,14,"Reasons for choosing main provider for nationally recognised training, timeseries (% of all employers using nationally recognised training)",Overall,Convenient or flexible times,Professional or industry associations,2005,14.1,14.1*,reported,True,pct,overall,False,Employer survey — joins on state/industry/size. No ANZSCO occupation code available.,False
Table 14,14,"Reasons for choosing main provider for nationally recognised training, timeseries (% of all employers using nationally recognised training)",Overall,Convenient or flexible times,Professional or industry associations,2009,4.2,4.2*,reported,True,pct,overall,False,Employer survey — joins on state/industry/size. No ANZSCO occupation code available.,False
Table 14,14,"Reasons for choosing main provider for nationally recognised training, timeseries (% of all employers using nationally recognised training)",Overall,Convenient or flexible times,Professional or industry associations,2013,7.1,7.1*,reported,True,pct,overall,False,Employer survey — joins on state/industry/size. No ANZSCO occupation code available.,False
Table 14,14,"Reasons for choosing main provider for nationally recognised training, timeseries (% of all employers using nationally recognised training)",Overall,Convenient or flexible times,Professional or industry associations,2015,6.9,6.9*,reported,True,pct,overall,False,Employer survey — joins on state/industry/size. No ANZSCO occupation code available.,False
Table 14,14,"Reasons for choosing main provider for nationally recognised training, timeseries (% of all employers using nationally recognised training)",Overall,Convenient or flexible times,Professional or industry associations,2017,9.3,9.3*,reported,True,pct,overall,False,Employer survey — joins on state/industry/size. No ANZSCO occupation code available.,False
Table 14,14,"Reasons for choosing main provider for nationally recognised training, timeseries (% of all employers using nationally recognised training)",Overall,Convenient or flexible times,Professional or industry associations,2019,16.7,16.7,reported,False,pct,overall,False,Employer survey — joins on state/industry/size. No ANZSCO occupation code available.,False
Table 14,14,"Reasons for choosing main provider for nationally recognised training, timeseries (% of all employers using nationally recognised training)",Overall,Convenient or flexible times,Professional or industry associations,2023,20.9,20.9,reported,False,pct,overall,False,Employer survey — joins on state/industry/size. No ANZSCO occupation code available.,False
Table 14,14,"Reasons for choosing main provider for nationally recognised training, timeseries (% of all employers using nationally recognised training)",Overall,Convenient or flexible times,Professional or industry associations,2025,22.0,22.0*,reported,True,pct,overall,False,Employer survey — joins on state/industry/size. No ANZSCO occupation code available.,False
Table 14,14,"Reasons for choosing main provider for nationally recognised training, timeseries (% of all employers using nationally recognised training)",Overall,Convenient or flexible times,Professional or industry associations,2007,,np,not_publishable,False,pct,overall,False,Employer survey — joins on state/industry/size. No ANZSCO occupation code available.,
Table 14,14,"Reasons for choosing main provider for nationally recognised training, timeseries (% of all employers using nationally recognised training)",Overall,Convenient or flexible times,Professional or industry associations,2011,,na,not_available,False,pct,overall,False,Employer survey — joins on state/industry/size. No ANZSCO occupation code available.,
Table 14,14,"Reasons for choosing main provider for nationally recognised training, timeseries (% of all employers using nationally recognised training)",Overall,Convenient or flexible times,Professional or industry associations,2021,,na,not_available,False,pct,overall,False,Employer survey — joins on state/industry/size. No ANZSCO occupation code available.,
Table 14,14,"Reasons for choosing main provider for nationally recognised training, timeseries (% of all employers using nationally recognised training)",Overall,Convenient or flexible times,TAFE institutes,2005,10.3,10.3*,reported,True,pct,overall,False,Employer survey — joins on state/industry/size. No ANZSCO occupation code available.,False
Table 14,14,"Reasons for choosing main provider for nationally recognised training, timeseries (% of all employers using nationally recognised training)",Overall,Convenient or flexible times,TAFE institutes,2007,10.3,10.3*,reported,True,pct,overall,False,Employer survey — joins on state/industry/size. No ANZSCO occupation code available.,False
Table 14,14,"Reasons for choosing main provider for nationally recognised training, timeseries (% of all employers using nationally recognised training)",Overall,Convenient or flexible times,TAFE institutes,2009,9.2,9.2,reported,False,pct,overall,False,Employer survey — joins on state/industry/size. No ANZSCO occupation code available.,False
Table 14,14,"Reasons for choosing main provider for nationally recognised training, timeseries (% of all employers using nationally recognised training)",Overall,Convenient or flexible times,TAFE institutes,2013,12.4,12.4*,reported,True,pct,overall,False,Employer survey — joins on state/industry/size. No ANZSCO occupation code available.,False
Table 14,14,"Reasons for choosing main provider for nationally recognised training, timeseries (% of all employers using nationally recognised training)",Overall,Convenient or flexible times,TAFE institutes,2015,17.6,17.6*,reported,True,pct,overall,False,Employer survey — joins on state/industry/size. No ANZSCO occupation code available.,False
Table 14,14,"Reasons for choosing main provider for nationally recognised training, timeseries (% of all employers using nationally recognised training)",Overall,Convenient or flexible times,TAFE institutes,2017,8.7,8.7*,reported,True,pct,overall,False,Employer survey — joins on state/industry/size. No ANZSCO occupation code available.,False
Table 14,14,"Reasons for choosing main provider for nationally recognised training, timeseries (% of all employers using nationally recognised training)",Overall,Convenient or flexible times,TAFE institutes,2019,21.0,21.0*,reported,True,pct,overall,False,Employer survey — joins on state/industry/size. No ANZSCO occupation code available.,False
Table 14,14,"Reasons for choosing main provider for nationally recognised training, timeseries (% of all employers using nationally recognised training)",Overall,Convenient or flexible times,TAFE institutes,2023,17.2,17.2,reported,False,pct,overall,False,Employer survey — joins on state/industry/size. No ANZSCO occupation code available.,False
Table 14,14,"Reasons for choosing main provider for nationally recognised training, timeseries (% of all employers using nationally recognised training)",Overall,Convenient or flexible times,TAFE institutes,2025,7.8,7.8,reported,False,pct,overall,False,Employer survey — joins on state/industry/size. No ANZSCO occupation code available.,False
Table 14,14,"Reasons for choosing main provider for nationally recognised training, timeseries (% of all employers using nationally recognised training)",Overall,Convenient or flexible times,TAFE institutes,2011,,na,not_available,False,pct,overall,False,Employer survey — joins on state/industry/size. No ANZSCO occupation code available.,
Table 14,14,"Reasons for choosing main provider for nationally recognised training, timeseries (% of all employers using nationally recognised training)",Overall,Convenient or flexible times,TAFE institutes,2021,,na,not_available,False,pct,overall,False,Employer survey — joins on state/industry/size. No ANZSCO occupation code available.,
Table 14,14,"Reasons for choosing main provider for nationally recognised training, timeseries (% of all employers using nationally recognised training)",Overall,Convenient or flexible times,Universities,2007,1.5,1.5*,reported,True,pct,overall,False,Employer survey — joins on state/industry/size. No ANZSCO occupation code available.,False
Table 14,14,"Reasons for choosing main provider for nationally recognised training, timeseries (% of all employers using nationally recognised training)",Overall,Convenient or flexible times,Universities,2009,0.6,0.6*,reported,True,pct,overall,False,Employer survey — joins on state/industry/size. No ANZSCO occupation code available.,False
Table 14,14,"Reasons for choosing main provider for nationally recognised training, timeseries (% of all employers using nationally recognised training)",Overall,Convenient or flexible times,Universities,2013,1.2,1.2*,reported,True,pct,overall,False,Employer survey — joins on state/industry/size. No ANZSCO occupation code available.,False
Table 14,14,"Reasons for choosing main provider for nationally recognised training, timeseries (% of all employers using nationally recognised training)",Overall,Convenient or flexible times,Universities,2015,49.1,49.1*,reported,True,pct,overall,False,Employer survey — joins on state/industry/size. No ANZSCO occupation code available.,False
Table 14,14,"Reasons for choosing main provider for nationally recognised training, timeseries (% of all employers using nationally recognised training)",Overall,Convenient or flexible times,Universities,2019,7.8,7.8*,reported,True,pct,overall,False,Employer survey — joins on state/industry/size. No ANZSCO occupation code available.,False
Table 14,14,"Reasons for choosing main provider for nationally recognised training, timeseries (% of all employers using nationally recognised training)",Overall,Convenient or flexible times,Universities,2023,8.0,8,reported,False,pct,overall,False,Employer survey — joins on state/industry/size. No ANZSCO occupation code available.,False
Table 14,14,"Reasons for choosing main provider for nationally recognised training, timeseries (% of all employers using nationally recognised training)",Overall,Convenient or flexible times,Universities,2025,16.4,16.4*,reported,True,pct,overall,False,Employer survey — joins on state/industry/size. No ANZSCO occupation code available.,False
Table 14,14,"Reasons for choosing main provider for nationally recognised training, timeseries (% of all employers using nationally recognised training)",Overall,Convenient or flexible times,Universities,2005,,np,not_publishable,False,pct,overall,False,Employer survey — joins on state/industry/size. No ANZSCO occupation code available.,
Table 14,14,"Reasons for choosing main provider for nationally recognised training, timeseries (% of all employers using nationally recognised training)",Overall,Convenient or flexible times,Universities,2017,,np,not_publishable,False,pct,overall,False,Employer survey — joins on state/industry/size. No ANZSCO occupation code available.,
Table 14,14,"Reasons for choosing main provider for nationally recognised training, timeseries (% of all employers using nationally recognised training)",Overall,Convenient or flexible times,Universities,2011,,na,not_available,False,pct,overall,False,Employer survey — joins on state/industry/size. No ANZSCO occupation code available.,
Table 14,14,"Reasons for choosing main provider for nationally recognised training, timeseries (% of all employers using nationally recognised training)",Overall,Convenient or flexible times,Universities,2021,,na,not_available,False,pct,overall,False,Employer survey — joins on state/industry/size. No ANZSCO occupation code available.,
Table 14,14,"Reasons for choosing main provider for nationally recognised training, timeseries (% of all employers using nationally recognised training)",Overall,Courses tailored to suit our needs,Other external providers used for nationally recognised training,2015,16.5,16.5*,reported,True,pct,overall,False,Employer survey — joins on state/industry/size. No ANZSCO occupation code available.,False
Table 14,14,"Reasons for choosing main provider for nationally recognised training, timeseries (% of all employers using nationally recognised training)",Overall,Courses tailored to suit our needs,Other external providers used for nationally recognised training,2017,24.2,24.2*,reported,True,pct,overall,False,Employer survey — joins on state/industry/size. No ANZSCO occupation code available.,False
Table 14,14,"Reasons for choosing main provider for nationally recognised training, timeseries (% of all employers using nationally recognised training)",Overall,Courses tailored to suit our needs,Other external providers used for nationally recognised training,2019,30.2,30.2*,reported,True,pct,overall,False,Employer survey — joins on state/industry/size. No ANZSCO occupation code available.,False
Table 14,14,"Reasons for choosing main provider for nationally recognised training, timeseries (% of all employers using nationally recognised training)",Overall,Courses tailored to suit our needs,Other external providers used for nationally recognised training,2023,12.4,12.4*,reported,True,pct,overall,False,Employer survey — joins on state/industry/size. No ANZSCO occupation code available.,False
Table 14,14,"Reasons for choosing main provider for nationally recognised training, timeseries (% of all employers using nationally recognised training)",Overall,Courses tailored to suit our needs,Other external providers used for nationally recognised training,2025,12.5,12.5*,reported,True,pct,overall,False,Employer survey — joins on state/industry/size. No ANZSCO occupation code available.,False
Table 14,14,"Reasons for choosing main provider for nationally recognised training, timeseries (% of all employers using nationally recognised training)",Overall,Courses tailored to suit our needs,Other external providers used for nationally recognised training,2005,,np,not_publishable,False,pct,overall,False,Employer survey — joins on state/industry/size. No ANZSCO occupation code available.,
Table 14,14,"Reasons for choosing main provider for nationally recognised training, timeseries (% of all employers using nationally recognised training)",Overall,Courses tailored to suit our needs,Other external providers used for nationally recognised training,2007,,np,not_publishable,False,pct,overall,False,Employer survey — joins on state/industry/size. No ANZSCO occupation code available.,
Table 14,14,"Reasons for choosing main provider for nationally recognised training, timeseries (% of all employers using nationally recognised training)",Overall,Courses tailored to suit our needs,Other external providers used for nationally recognised training,2009,,np,not_publishable,False,pct,overall,False,Employer survey — joins on state/industry/size. No ANZSCO occupation code available.,
Table 14,14,"Reasons for choosing main provider for nationally recognised training, timeseries (% of all employers using nationally recognised training)",Overall,Courses tailored to suit our needs,Other external providers used for nationally recognised training,2013,,np,not_publishable,False,pct,overall,False,Employer survey — joins on state/industry/size. No ANZSCO occupation code available.,
Table 14,14,"Reasons for choosing main provider for nationally recognised training, timeseries (% of all employers using nationally recognised training)",Overall,Courses tailored to suit our needs,Other external providers used for nationally recognised training,2011,,na,not_available,False,pct,overall,False,Employer survey — joins on state/industry/size. No ANZSCO occupation code available.,
Table 14,14,"Reasons for choosing main provider for nationally recognised training, timeseries (% of all employers using nationally recognised training)",Overall,Courses tailored to suit our needs,Other external providers used for nationally recognised training,2021,,na,not_available,False,pct,overall,False,Employer survey — joins on state/industry/size. No ANZSCO occupation code available.,
Table 14,14,"Reasons for choosing main provider for nationally recognised training, timeseries (% of all employers using nationally recognised training)",Overall,Courses tailored to suit our needs,Private training providers,2005,3.0,3.0*,reported,True,pct,overall,False,Employer survey — joins on state/industry/size. No ANZSCO occupation code available.,False
Table 14,14,"Reasons for choosing main provider for nationally recognised training, timeseries (% of all employers using nationally recognised training)",Overall,Courses tailored to suit our needs,Private training providers,2007,2.3,2.3*,reported,True,pct,overall,False,Employer survey — joins on state/industry/size. No ANZSCO occupation code available.,False
Table 14,14,"Reasons for choosing main provider for nationally recognised training, timeseries (% of all employers using nationally recognised training)",Overall,Courses tailored to suit our needs,Private training providers,2009,1.6,1.6*,reported,True,pct,overall,False,Employer survey — joins on state/industry/size. No ANZSCO occupation code available.,False
Table 14,14,"Reasons for choosing main provider for nationally recognised training, timeseries (% of all employers using nationally recognised training)",Overall,Courses tailored to suit our needs,Private training providers,2013,6.1,6.1*,reported,True,pct,overall,False,Employer survey — joins on state/industry/size. No ANZSCO occupation code available.,False
Table 14,14,"Reasons for choosing main provider for nationally recognised training, timeseries (% of all employers using nationally recognised training)",Overall,Courses tailored to suit our needs,Private training providers,2015,12.8,12.8*,reported,True,pct,overall,False,Employer survey — joins on state/industry/size. No ANZSCO occupation code available.,False
Table 14,14,"Reasons for choosing main provider for nationally recognised training, timeseries (% of all employers using nationally recognised training)",Overall,Courses tailored to suit our needs,Private training providers,2017,5.4,5.4*,reported,True,pct,overall,False,Employer survey — joins on state/industry/size. No ANZSCO occupation code available.,False
Table 14,14,"Reasons for choosing main provider for nationally recognised training, timeseries (% of all employers using nationally recognised training)",Overall,Courses tailored to suit our needs,Private training providers,2019,19.7,19.7,reported,False,pct,overall,False,Employer survey — joins on state/industry/size. No ANZSCO occupation code available.,False
Table 14,14,"Reasons for choosing main provider for nationally recognised training, timeseries (% of all employers using nationally recognised training)",Overall,Courses tailored to suit our needs,Private training providers,2023,13.3,13.3,reported,False,pct,overall,False,Employer survey — joins on state/industry/size. No ANZSCO occupation code available.,False
Table 14,14,"Reasons for choosing main provider for nationally recognised training, timeseries (% of all employers using nationally recognised training)",Overall,Courses tailored to suit our needs,Private training providers,2025,9.8,9.8,reported,False,pct,overall,False,Employer survey — joins on state/industry/size. No ANZSCO occupation code available.,False
Table 14,14,"Reasons for choosing main provider for nationally recognised training, timeseries (% of all employers using nationally recognised training)",Overall,Courses tailored to suit our needs,Private training providers,2011,,na,not_available,False,pct,overall,False,Employer survey — joins on state/industry/size. No ANZSCO occupation code available.,
Table 14,14,"Reasons for choosing main provider for nationally recognised training, timeseries (% of all employers using nationally recognised training)",Overall,Courses tailored to suit our needs,Private training providers,2021,,na,not_available,False,pct,overall,False,Employer survey — joins on state/industry/size. No ANZSCO occupation code available.,
Table 14,14,"Reasons for choosing main provider for nationally recognised training, timeseries (% of all employers using nationally recognised training)",Overall,Courses tailored to suit our needs,Professional or industry associations,2007,0.0,0,reported,False,pct,overall,False,Employer survey — joins on state/industry/size. No ANZSCO occupation code available.,False
Table 14,14,"Reasons for choosing main provider for nationally recognised training, timeseries (% of all employers using nationally recognised training)",Overall,Courses tailored to suit our needs,Professional or industry associations,2013,4.4,4.4*,reported,True,pct,overall,False,Employer survey — joins on state/industry/size. No ANZSCO occupation code available.,False
Table 14,14,"Reasons for choosing main provider for nationally recognised training, timeseries (% of all employers using nationally recognised training)",Overall,Courses tailored to suit our needs,Professional or industry associations,2015,9.2,9.2*,reported,True,pct,overall,False,Employer survey — joins on state/industry/size. No ANZSCO occupation code available.,False
Table 14,14,"Reasons for choosing main provider for nationally recognised training, timeseries (% of all employers using nationally recognised training)",Overall,Courses tailored to suit our needs,Professional or industry associations,2017,16.0,16.0*,reported,True,pct,overall,False,Employer survey — joins on state/industry/size. No ANZSCO occupation code available.,False
Table 14,14,"Reasons for choosing main provider for nationally recognised training, timeseries (% of all employers using nationally recognised training)",Overall,Courses tailored to suit our needs,Professional or industry associations,2019,18.6,18.6,reported,False,pct,overall,False,Employer survey — joins on state/industry/size. No ANZSCO occupation code available.,False
Table 14,14,"Reasons for choosing main provider for nationally recognised training, timeseries (% of all employers using nationally recognised training)",Overall,Courses tailored to suit our needs,Professional or industry associations,2023,11.3,11.3,reported,False,pct,overall,False,Employer survey — joins on state/industry/size. No ANZSCO occupation code available.,False
Table 14,14,"Reasons for choosing main provider for nationally recognised training, timeseries (% of all employers using nationally recognised training)",Overall,Courses tailored to suit our needs,Professional or industry associations,2025,13.3,13.3,reported,False,pct,overall,False,Employer survey — joins on state/industry/size. No ANZSCO occupation code available.,False
Table 14,14,"Reasons for choosing main provider for nationally recognised training, timeseries (% of all employers using nationally recognised training)",Overall,Courses tailored to suit our needs,Professional or industry associations,2005,,np,not_publishable,False,pct,overall,False,Employer survey — joins on state/industry/size. No ANZSCO occupation code available.,
Table 14,14,"Reasons for choosing main provider for nationally recognised training, timeseries (% of all employers using nationally recognised training)",Overall,Courses tailored to suit our needs,Professional or industry associations,2009,,np,not_publishable,False,pct,overall,False,Employer survey — joins on state/industry/size. No ANZSCO occupation code available.,
Table 14,14,"Reasons for choosing main provider for nationally recognised training, timeseries (% of all employers using nationally recognised training)",Overall,Courses tailored to suit our needs,Professional or industry associations,2011,,na,not_available,False,pct,overall,False,Employer survey — joins on state/industry/size. No ANZSCO occupation code available.,
Table 14,14,"Reasons for choosing main provider for nationally recognised training, timeseries (% of all employers using nationally recognised training)",Overall,Courses tailored to suit our needs,Professional or industry associations,2021,,na,not_available,False,pct,overall,False,Employer survey — joins on state/industry/size. No ANZSCO occupation code available.,
Table 14,14,"Reasons for choosing main provider for nationally recognised training, timeseries (% of all employers using nationally recognised training)",Overall,Courses tailored to suit our needs,TAFE institutes,2007,0.8,0.8*,reported,True,pct,overall,False,Employer survey — joins on state/industry/size. No ANZSCO occupation code available.,False
Table 14,14,"Reasons for choosing main provider for nationally recognised training, timeseries (% of all employers using nationally recognised training)",Overall,Courses tailored to suit our needs,TAFE institutes,2015,4.3,4.3*,reported,True,pct,overall,False,Employer survey — joins on state/industry/size. No ANZSCO occupation code available.,False
Table 14,14,"Reasons for choosing main provider for nationally recognised training, timeseries (% of all employers using nationally recognised training)",Overall,Courses tailored to suit our needs,TAFE institutes,2017,3.5,3.5*,reported,True,pct,overall,False,Employer survey — joins on state/industry/size. No ANZSCO occupation code available.,False
Table 14,14,"Reasons for choosing main provider for nationally recognised training, timeseries (% of all employers using nationally recognised training)",Overall,Courses tailored to suit our needs,TAFE institutes,2019,13.4,13.4,reported,False,pct,overall,False,Employer survey — joins on state/industry/size. No ANZSCO occupation code available.,False
Table 14,14,"Reasons for choosing main provider for nationally recognised training, timeseries (% of all employers using nationally recognised training)",Overall,Courses tailored to suit our needs,TAFE institutes,2023,7.1,7.1,reported,False,pct,overall,False,Employer survey — joins on state/industry/size. No ANZSCO occupation code available.,False
Table 14,14,"Reasons for choosing main provider for nationally recognised training, timeseries (% of all employers using nationally recognised training)",Overall,Courses tailored to suit our needs,TAFE institutes,2025,10.3,10.3,reported,False,pct,overall,False,Employer survey — joins on state/industry/size. No ANZSCO occupation code available.,False
Table 14,14,"Reasons for choosing main provider for nationally recognised training, timeseries (% of all employers using nationally recognised training)",Overall,Courses tailored to suit our needs,TAFE institutes,2005,,np,not_publishable,False,pct,overall,False,Employer survey — joins on state/industry/size. No ANZSCO occupation code available.,
Table 14,14,"Reasons for choosing main provider for nationally recognised training, timeseries (% of all employers using nationally recognised training)",Overall,Courses tailored to suit our needs,TAFE institutes,2009,,np,not_publishable,False,pct,overall,False,Employer survey — joins on state/industry/size. No ANZSCO occupation code available.,
Table 14,14,"Reasons for choosing main provider for nationally recognised training, timeseries (% of all employers using nationally recognised training)",Overall,Courses tailored to suit our needs,TAFE institutes,2013,,np,not_publishable,False,pct,overall,False,Employer survey — joins on state/industry/size. No ANZSCO occupation code available.,
Table 14,14,"Reasons for choosing main provider for nationally recognised training, timeseries (% of all employers using nationally recognised training)",Overall,Courses tailored to suit our needs,TAFE institutes,2011,,na,not_available,False,pct,overall,False,Employer survey — joins on state/industry/size. No ANZSCO occupation code available.,
Table 14,14,"Reasons for choosing main provider for nationally recognised training, timeseries (% of all employers using nationally recognised training)",Overall,Courses tailored to suit our needs,TAFE institutes,2021,,na,not_available,False,pct,overall,False,Employer survey — joins on state/industry/size. No ANZSCO occupation code available.,
Table 14,14,"Reasons for choosing main provider for nationally recognised training, timeseries (% of all employers using nationally recognised training)",Overall,Courses tailored to suit our needs,Universities,2005,0.0,0,reported,False,pct,overall,False,Employer survey — joins on state/industry/size. No ANZSCO occupation code available.,False
Table 14,14,"Reasons for choosing main provider for nationally recognised training, timeseries (% of all employers using nationally recognised training)",Overall,Courses tailored to suit our needs,Universities,2015,1.5,1.5*,reported,True,pct,overall,False,Employer survey — joins on state/industry/size. No ANZSCO occupation code available.,False
Table 14,14,"Reasons for choosing main provider for nationally recognised training, timeseries (% of all employers using nationally recognised training)",Overall,Courses tailored to suit our needs,Universities,2017,2.8,2.8*,reported,True,pct,overall,False,Employer survey — joins on state/industry/size. No ANZSCO occupation code available.,False
Table 14,14,"Reasons for choosing main provider for nationally recognised training, timeseries (% of all employers using nationally recognised training)",Overall,Courses tailored to suit our needs,Universities,2019,2.1,2.1,reported,False,pct,overall,False,Employer survey — joins on state/industry/size. No ANZSCO occupation code available.,False
Table 14,14,"Reasons for choosing main provider for nationally recognised training, timeseries (% of all employers using nationally recognised training)",Overall,Courses tailored to suit our needs,Universities,2023,4.2,4.2,reported,False,pct,overall,False,Employer survey — joins on state/industry/size. No ANZSCO occupation code available.,False
Table 14,14,"Reasons for choosing main provider for nationally recognised training, timeseries (% of all employers using nationally recognised training)",Overall,Courses tailored to suit our needs,Universities,2025,18.3,18.3*,reported,True,pct,overall,False,Employer survey — joins on state/industry/size. No ANZSCO occupation code available.,False
Table 14,14,"Reasons for choosing main provider for nationally recognised training, timeseries (% of all employers using nationally recognised training)",Overall,Courses tailored to suit our needs,Universities,2007,,np,not_publishable,False,pct,overall,False,Employer survey — joins on state/industry/size. No ANZSCO occupation code available.,
Table 14,14,"Reasons for choosing main provider for nationally recognised training, timeseries (% of all employers using nationally recognised training)",Overall,Courses tailored to suit our needs,Universities,2009,,np,not_publishable,False,pct,overall,False,Employer survey — joins on state/industry/size. No ANZSCO occupation code available.,
Table 14,14,"Reasons for choosing main provider for nationally recognised training, timeseries (% of all employers using nationally recognised training)",Overall,Courses tailored to suit our needs,Universities,2013,,np,not_publishable,False,pct,overall,False,Employer survey — joins on state/industry/size. No ANZSCO occupation code available.,
Table 14,14,"Reasons for choosing main provider for nationally recognised training, timeseries (% of all employers using nationally recognised training)",Overall,Courses tailored to suit our needs,Universities,2011,,na,not_available,False,pct,overall,False,Employer survey — joins on state/industry/size. No ANZSCO occupation code available.,
Table 14,14,"Reasons for choosing main provider for nationally recognised training, timeseries (% of all employers using nationally recognised training)",Overall,Courses tailored to suit our needs,Universities,2021,,na,not_available,False,pct,overall,False,Employer survey — joins on state/industry/size. No ANZSCO occupation code available.,
Table 14,14,"Reasons for choosing main provider for nationally recognised training, timeseries (% of all employers using nationally recognised training)",Overall,Expertise not available elsewhere,Other external providers used for nationally recognised training,2005,6.8,6.8*,reported,True,pct,overall,False,Employer survey — joins on state/industry/size. No ANZSCO occupation code available.,False
Table 14,14,"Reasons for choosing main provider for nationally recognised training, timeseries (% of all employers using nationally recognised training)",Overall,Expertise not available elsewhere,Other external providers used for nationally recognised training,2007,9.8,9.8*,reported,True,pct,overall,False,Employer survey — joins on state/industry/size. No ANZSCO occupation code available.,False
Table 14,14,"Reasons for choosing main provider for nationally recognised training, timeseries (% of all employers using nationally recognised training)",Overall,Expertise not available elsewhere,Other external providers used for nationally recognised training,2009,11.5,11.5*,reported,True,pct,overall,False,Employer survey — joins on state/industry/size. No ANZSCO occupation code available.,False
Table 14,14,"Reasons for choosing main provider for nationally recognised training, timeseries (% of all employers using nationally recognised training)",Overall,Expertise not available elsewhere,Other external providers used for nationally recognised training,2013,10.4,10.4*,reported,True,pct,overall,False,Employer survey — joins on state/industry/size. No ANZSCO occupation code available.,False
Table 14,14,"Reasons for choosing main provider for nationally recognised training, timeseries (% of all employers using nationally recognised training)",Overall,Expertise not available elsewhere,Other external providers used for nationally recognised training,2015,0.0,0,reported,False,pct,overall,False,Employer survey — joins on state/industry/size. No ANZSCO occupation code available.,False
Table 14,14,"Reasons for choosing main provider for nationally recognised training, timeseries (% of all employers using nationally recognised training)",Overall,Expertise not available elsewhere,Other external providers used for nationally recognised training,2019,0.0,0,reported,False,pct,overall,False,Employer survey — joins on state/industry/size. No ANZSCO occupation code available.,False
Table 14,14,"Reasons for choosing main provider for nationally recognised training, timeseries (% of all employers using nationally recognised training)",Overall,Expertise not available elsewhere,Other external providers used for nationally recognised training,2025,,np,not_publishable,False,pct,overall,False,Employer survey — joins on state/industry/size. No ANZSCO occupation code available.,
Table 14,14,"Reasons for choosing main provider for nationally recognised training, timeseries (% of all employers using nationally recognised training)",Overall,Expertise not available elsewhere,Other external providers used for nationally recognised training,2011,,na,not_available,False,pct,overall,False,Employer survey — joins on state/industry/size. No ANZSCO occupation code available.,
Table 14,14,"Reasons for choosing main provider for nationally recognised training, timeseries (% of all employers using nationally recognised training)",Overall,Expertise not available elsewhere,Other external providers used for nationally recognised training,2017,,na,not_available,False,pct,overall,False,Employer survey — joins on state/industry/size. No ANZSCO occupation code available.,
Table 14,14,"Reasons for choosing main provider for nationally recognised training, timeseries (% of all employers using nationally recognised training)",Overall,Expertise not available elsewhere,Other external providers used for nationally recognised training,2021,,na,not_available,False,pct,overall,False,Employer survey — joins on state/industry/size. No ANZSCO occupation code available.,
Table 14,14,"Reasons for choosing main provider for nationally recognised training, timeseries (% of all employers using nationally recognised training)",Overall,Expertise not available elsewhere,Other external providers used for nationally recognised training,2023,,na,not_available,False,pct,overall,False,Employer survey — joins on state/industry/size. No ANZSCO occupation code available.,
Table 14,14,"Reasons for choosing main provider for nationally recognised training, timeseries (% of all employers using nationally recognised training)",Overall,Expertise not available elsewhere,Private training providers,2005,13.6,13.6,reported,False,pct,overall,False,Employer survey — joins on state/industry/size. No ANZSCO occupation code available.,False
Table 14,14,"Reasons for choosing main provider for nationally recognised training, timeseries (% of all employers using nationally recognised training)",Overall,Expertise not available elsewhere,Private training providers,2007,12.6,12.6,reported,False,pct,overall,False,Employer survey — joins on state/industry/size. No ANZSCO occupation code available.,False
Table 14,14,"Reasons for choosing main provider for nationally recognised training, timeseries (% of all employers using nationally recognised training)",Overall,Expertise not available elsewhere,Private training providers,2009,5.4,5.4*,reported,True,pct,overall,False,Employer survey — joins on state/industry/size. No ANZSCO occupation code available.,False
Table 14,14,"Reasons for choosing main provider for nationally recognised training, timeseries (% of all employers using nationally recognised training)",Overall,Expertise not available elsewhere,Private training providers,2013,2.8,2.8*,reported,True,pct,overall,False,Employer survey — joins on state/industry/size. No ANZSCO occupation code available.,False
Table 14,14,"Reasons for choosing main provider for nationally recognised training, timeseries (% of all employers using nationally recognised training)",Overall,Expertise not available elsewhere,Private training providers,2015,0.0,0,reported,False,pct,overall,False,Employer survey — joins on state/industry/size. No ANZSCO occupation code available.,False
Table 14,14,"Reasons for choosing main provider for nationally recognised training, timeseries (% of all employers using nationally recognised training)",Overall,Expertise not available elsewhere,Private training providers,2019,1.2,1.2,reported,False,pct,overall,False,Employer survey — joins on state/industry/size. No ANZSCO occupation code available.,False
Table 14,14,"Reasons for choosing main provider for nationally recognised training, timeseries (% of all employers using nationally recognised training)",Overall,Expertise not available elsewhere,Private training providers,2025,,np,not_publishable,False,pct,overall,False,Employer survey — joins on state/industry/size. No ANZSCO occupation code available.,
Table 14,14,"Reasons for choosing main provider for nationally recognised training, timeseries (% of all employers using nationally recognised training)",Overall,Expertise not available elsewhere,Private training providers,2011,,na,not_available,False,pct,overall,False,Employer survey — joins on state/industry/size. No ANZSCO occupation code available.,
Table 14,14,"Reasons for choosing main provider for nationally recognised training, timeseries (% of all employers using nationally recognised training)",Overall,Expertise not available elsewhere,Private training providers,2017,,na,not_available,False,pct,overall,False,Employer survey — joins on state/industry/size. No ANZSCO occupation code available.,
Table 14,14,"Reasons for choosing main provider for nationally recognised training, timeseries (% of all employers using nationally recognised training)",Overall,Expertise not available elsewhere,Private training providers,2021,,na,not_available,False,pct,overall,False,Employer survey — joins on state/industry/size. No ANZSCO occupation code available.,
Table 14,14,"Reasons for choosing main provider for nationally recognised training, timeseries (% of all employers using nationally recognised training)",Overall,Expertise not available elsewhere,Private training providers,2023,,na,not_available,False,pct,overall,False,Employer survey — joins on state/industry/size. No ANZSCO occupation code available.,
Table 14,14,"Reasons for choosing main provider for nationally recognised training, timeseries (% of all employers using nationally recognised training)",Overall,Expertise not available elsewhere,Professional or industry associations,2005,13.4,13.4*,reported,True,pct,overall,False,Employer survey — joins on state/industry/size. No ANZSCO occupation code available.,False
Table 14,14,"Reasons for choosing main provider for nationally recognised training, timeseries (% of all employers using nationally recognised training)",Overall,Expertise not available elsewhere,Professional or industry associations,2007,17.7,17.7*,reported,True,pct,overall,False,Employer survey — joins on state/industry/size. No ANZSCO occupation code available.,False
Table 14,14,"Reasons for choosing main provider for nationally recognised training, timeseries (% of all employers using nationally recognised training)",Overall,Expertise not available elsewhere,Professional or industry associations,2009,17.9,17.9*,reported,True,pct,overall,False,Employer survey — joins on state/industry/size. No ANZSCO occupation code available.,False
Table 14,14,"Reasons for choosing main provider for nationally recognised training, timeseries (% of all employers using nationally recognised training)",Overall,Expertise not available elsewhere,Professional or industry associations,2013,6.7,6.7*,reported,True,pct,overall,False,Employer survey — joins on state/industry/size. No ANZSCO occupation code available.,False
Table 14,14,"Reasons for choosing main provider for nationally recognised training, timeseries (% of all employers using nationally recognised training)",Overall,Expertise not available elsewhere,Professional or industry associations,2015,0.0,0,reported,False,pct,overall,False,Employer survey — joins on state/industry/size. No ANZSCO occupation code available.,False
Table 14,14,"Reasons for choosing main provider for nationally recognised training, timeseries (% of all employers using nationally recognised training)",Overall,Expertise not available elsewhere,Professional or industry associations,2019,0.0,0,reported,False,pct,overall,False,Employer survey — joins on state/industry/size. No ANZSCO occupation code available.,False
Table 14,14,"Reasons for choosing main provider for nationally recognised training, timeseries (% of all employers using nationally recognised training)",Overall,Expertise not available elsewhere,Professional or industry associations,2025,,np,not_publishable,False,pct,overall,False,Employer survey — joins on state/industry/size. No ANZSCO occupation code available.,
Table 14,14,"Reasons for choosing main provider for nationally recognised training, timeseries (% of all employers using nationally recognised training)",Overall,Expertise not available elsewhere,Professional or industry associations,2011,,na,not_available,False,pct,overall,False,Employer survey — joins on state/industry/size. No ANZSCO occupation code available.,
Table 14,14,"Reasons for choosing main provider for nationally recognised training, timeseries (% of all employers using nationally recognised training)",Overall,Expertise not available elsewhere,Professional or industry associations,2017,,na,not_available,False,pct,overall,False,Employer survey — joins on state/industry/size. No ANZSCO occupation code available.,
Table 14,14,"Reasons for choosing main provider for nationally recognised training, timeseries (% of all employers using nationally recognised training)",Overall,Expertise not available elsewhere,Professional or industry associations,2021,,na,not_available,False,pct,overall,False,Employer survey — joins on state/industry/size. No ANZSCO occupation code available.,
Table 14,14,"Reasons for choosing main provider for nationally recognised training, timeseries (% of all employers using nationally recognised training)",Overall,Expertise not available elsewhere,Professional or industry associations,2023,,na,not_available,False,pct,overall,False,Employer survey — joins on state/industry/size. No ANZSCO occupation code available.,
Table 14,14,"Reasons for choosing main provider for nationally recognised training, timeseries (% of all employers using nationally recognised training)",Overall,Expertise not available elsewhere,TAFE institutes,2005,2.8,2.8*,reported,True,pct,overall,False,Employer survey — joins on state/industry/size. No ANZSCO occupation code available.,False
Table 14,14,"Reasons for choosing main provider for nationally recognised training, timeseries (% of all employers using nationally recognised training)",Overall,Expertise not available elsewhere,TAFE institutes,2007,4.4,4.4*,reported,True,pct,overall,False,Employer survey — joins on state/industry/size. No ANZSCO occupation code available.,False
Table 14,14,"Reasons for choosing main provider for nationally recognised training, timeseries (% of all employers using nationally recognised training)",Overall,Expertise not available elsewhere,TAFE institutes,2009,2.1,2.1*,reported,True,pct,overall,False,Employer survey — joins on state/industry/size. No ANZSCO occupation code available.,False
Table 14,14,"Reasons for choosing main provider for nationally recognised training, timeseries (% of all employers using nationally recognised training)",Overall,Expertise not available elsewhere,TAFE institutes,2013,4.9,4.9*,reported,True,pct,overall,False,Employer survey — joins on state/industry/size. No ANZSCO occupation code available.,False
Table 14,14,"Reasons for choosing main provider for nationally recognised training, timeseries (% of all employers using nationally recognised training)",Overall,Expertise not available elsewhere,TAFE institutes,2015,0.0,0,reported,False,pct,overall,False,Employer survey — joins on state/industry/size. No ANZSCO occupation code available.,False
Table 14,14,"Reasons for choosing main provider for nationally recognised training, timeseries (% of all employers using nationally recognised training)",Overall,Expertise not available elsewhere,TAFE institutes,2019,0.0,0,reported,False,pct,overall,False,Employer survey — joins on state/industry/size. No ANZSCO occupation code available.,False
Table 14,14,"Reasons for choosing main provider for nationally recognised training, timeseries (% of all employers using nationally recognised training)",Overall,Expertise not available elsewhere,TAFE institutes,2025,,np,not_publishable,False,pct,overall,False,Employer survey — joins on state/industry/size. No ANZSCO occupation code available.,
Table 14,14,"Reasons for choosing main provider for nationally recognised training, timeseries (% of all employers using nationally recognised training)",Overall,Expertise not available elsewhere,TAFE institutes,2011,,na,not_available,False,pct,overall,False,Employer survey — joins on state/industry/size. No ANZSCO occupation code available.,
Table 14,14,"Reasons for choosing main provider for nationally recognised training, timeseries (% of all employers using nationally recognised training)",Overall,Expertise not available elsewhere,TAFE institutes,2017,,na,not_available,False,pct,overall,False,Employer survey — joins on state/industry/size. No ANZSCO occupation code available.,
Table 14,14,"Reasons for choosing main provider for nationally recognised training, timeseries (% of all employers using nationally recognised training)",Overall,Expertise not available elsewhere,TAFE institutes,2021,,na,not_available,False,pct,overall,False,Employer survey — joins on state/industry/size. No ANZSCO occupation code available.,
Table 14,14,"Reasons for choosing main provider for nationally recognised training, timeseries (% of all employers using nationally recognised training)",Overall,Expertise not available elsewhere,TAFE institutes,2023,,na,not_available,False,pct,overall,False,Employer survey — joins on state/industry/size. No ANZSCO occupation code available.,
Table 14,14,"Reasons for choosing main provider for nationally recognised training, timeseries (% of all employers using nationally recognised training)",Overall,Expertise not available elsewhere,Universities,2005,3.4,3.4*,reported,True,pct,overall,False,Employer survey — joins on state/industry/size. No ANZSCO occupation code available.,False
Table 14,14,"Reasons for choosing main provider for nationally recognised training, timeseries (% of all employers using nationally recognised training)",Overall,Expertise not available elsewhere,Universities,2007,20.9,20.9*,reported,True,pct,overall,False,Employer survey — joins on state/industry/size. No ANZSCO occupation code available.,False
Table 14,14,"Reasons for choosing main provider for nationally recognised training, timeseries (% of all employers using nationally recognised training)",Overall,Expertise not available elsewhere,Universities,2009,7.0,7.0*,reported,True,pct,overall,False,Employer survey — joins on state/industry/size. No ANZSCO occupation code available.,False
Table 14,14,"Reasons for choosing main provider for nationally recognised training, timeseries (% of all employers using nationally recognised training)",Overall,Expertise not available elsewhere,Universities,2015,0.0,0,reported,False,pct,overall,False,Employer survey — joins on state/industry/size. No ANZSCO occupation code available.,False
Table 14,14,"Reasons for choosing main provider for nationally recognised training, timeseries (% of all employers using nationally recognised training)",Overall,Expertise not available elsewhere,Universities,2019,0.0,0,reported,False,pct,overall,False,Employer survey — joins on state/industry/size. No ANZSCO occupation code available.,False
Table 14,14,"Reasons for choosing main provider for nationally recognised training, timeseries (% of all employers using nationally recognised training)",Overall,Expertise not available elsewhere,Universities,2013,,np,not_publishable,False,pct,overall,False,Employer survey — joins on state/industry/size. No ANZSCO occupation code available.,
Table 14,14,"Reasons for choosing main provider for nationally recognised training, timeseries (% of all employers using nationally recognised training)",Overall,Expertise not available elsewhere,Universities,2025,,np,not_publishable,False,pct,overall,False,Employer survey — joins on state/industry/size. No ANZSCO occupation code available.,
Table 14,14,"Reasons for choosing main provider for nationally recognised training, timeseries (% of all employers using nationally recognised training)",Overall,Expertise not available elsewhere,Universities,2011,,na,not_available,False,pct,overall,False,Employer survey — joins on state/industry/size. No ANZSCO occupation code available.,
Table 14,14,"Reasons for choosing main provider for nationally recognised training, timeseries (% of all employers using nationally recognised training)",Overall,Expertise not available elsewhere,Universities,2017,,na,not_available,False,pct,overall,False,Employer survey — joins on state/industry/size. No ANZSCO occupation code available.,
Table 14,14,"Reasons for choosing main provider for nationally recognised training, timeseries (% of all employers using nationally recognised training)",Overall,Expertise not available elsewhere,Universities,2021,,na,not_available,False,pct,overall,False,Employer survey — joins on state/industry/size. No ANZSCO occupation code available.,
Table 14,14,"Reasons for choosing main provider for nationally recognised training, timeseries (% of all employers using nationally recognised training)",Overall,Expertise not available elsewhere,Universities,2023,,na,not_available,False,pct,overall,False,Employer survey — joins on state/industry/size. No ANZSCO occupation code available.,
Table 14,14,"Reasons for choosing main provider for nationally recognised training, timeseries (% of all employers using nationally recognised training)",Overall,Had used the provider previously and were satisfied,Other external providers used for nationally recognised training,2005,6.5,6.5*,reported,True,pct,overall,False,Employer survey — joins on state/industry/size. No ANZSCO occupation code available.,False
Table 14,14,"Reasons for choosing main provider for nationally recognised training, timeseries (% of all employers using nationally recognised training)",Overall,Had used the provider previously and were satisfied,Other external providers used for nationally recognised training,2007,9.6,9.6*,reported,True,pct,overall,False,Employer survey — joins on state/industry/size. No ANZSCO occupation code available.,False
Table 14,14,"Reasons for choosing main provider for nationally recognised training, timeseries (% of all employers using nationally recognised training)",Overall,Had used the provider previously and were satisfied,Other external providers used for nationally recognised training,2009,1.2,1.2*,reported,True,pct,overall,False,Employer survey — joins on state/industry/size. No ANZSCO occupation code available.,False
Table 14,14,"Reasons for choosing main provider for nationally recognised training, timeseries (% of all employers using nationally recognised training)",Overall,Had used the provider previously and were satisfied,Other external providers used for nationally recognised training,2013,15.2,15.2*,reported,True,pct,overall,False,Employer survey — joins on state/industry/size. No ANZSCO occupation code available.,False
Table 14,14,"Reasons for choosing main provider for nationally recognised training, timeseries (% of all employers using nationally recognised training)",Overall,Had used the provider previously and were satisfied,Other external providers used for nationally recognised training,2019,10.8,10.8*,reported,True,pct,overall,False,Employer survey — joins on state/industry/size. No ANZSCO occupation code available.,False
Table 14,14,"Reasons for choosing main provider for nationally recognised training, timeseries (% of all employers using nationally recognised training)",Overall,Had used the provider previously and were satisfied,Other external providers used for nationally recognised training,2023,22.8,22.8*,reported,True,pct,overall,False,Employer survey — joins on state/industry/size. No ANZSCO occupation code available.,False
Table 14,14,"Reasons for choosing main provider for nationally recognised training, timeseries (% of all employers using nationally recognised training)",Overall,Had used the provider previously and were satisfied,Other external providers used for nationally recognised training,2025,10.3,10.3*,reported,True,pct,overall,False,Employer survey — joins on state/industry/size. No ANZSCO occupation code available.,False
Table 14,14,"Reasons for choosing main provider for nationally recognised training, timeseries (% of all employers using nationally recognised training)",Overall,Had used the provider previously and were satisfied,Other external providers used for nationally recognised training,2015,,np,not_publishable,False,pct,overall,False,Employer survey — joins on state/industry/size. No ANZSCO occupation code available.,
Table 14,14,"Reasons for choosing main provider for nationally recognised training, timeseries (% of all employers using nationally recognised training)",Overall,Had used the provider previously and were satisfied,Other external providers used for nationally recognised training,2017,,np,not_publishable,False,pct,overall,False,Employer survey — joins on state/industry/size. No ANZSCO occupation code available.,
Table 14,14,"Reasons for choosing main provider for nationally recognised training, timeseries (% of all employers using nationally recognised training)",Overall,Had used the provider previously and were satisfied,Other external providers used for nationally recognised training,2011,,na,not_available,False,pct,overall,False,Employer survey — joins on state/industry/size. No ANZSCO occupation code available.,
Table 14,14,"Reasons for choosing main provider for nationally recognised training, timeseries (% of all employers using nationally recognised training)",Overall,Had used the provider previously and were satisfied,Other external providers used for nationally recognised training,2021,,na,not_available,False,pct,overall,False,Employer survey — joins on state/industry/size. No ANZSCO occupation code available.,
Table 14,14,"Reasons for choosing main provider for nationally recognised training, timeseries (% of all employers using nationally recognised training)",Overall,Had used the provider previously and were satisfied,Private training providers,2005,10.5,10.5*,reported,True,pct,overall,False,Employer survey — joins on state/industry/size. No ANZSCO occupation code available.,False
Table 14,14,"Reasons for choosing main provider for nationally recognised training, timeseries (% of all employers using nationally recognised training)",Overall,Had used the provider previously and were satisfied,Private training providers,2007,14.4,14.4*,reported,True,pct,overall,False,Employer survey — joins on state/industry/size. No ANZSCO occupation code available.,False
Table 14,14,"Reasons for choosing main provider for nationally recognised training, timeseries (% of all employers using nationally recognised training)",Overall,Had used the provider previously and were satisfied,Private training providers,2009,14.4,14.4,reported,False,pct,overall,False,Employer survey — joins on state/industry/size. No ANZSCO occupation code available.,False
Table 14,14,"Reasons for choosing main provider for nationally recognised training, timeseries (% of all employers using nationally recognised training)",Overall,Had used the provider previously and were satisfied,Private training providers,2013,12.1,12.1,reported,False,pct,overall,False,Employer survey — joins on state/industry/size. No ANZSCO occupation code available.,False
Table 14,14,"Reasons for choosing main provider for nationally recognised training, timeseries (% of all employers using nationally recognised training)",Overall,Had used the provider previously and were satisfied,Private training providers,2015,12.3,12.3,reported,False,pct,overall,False,Employer survey — joins on state/industry/size. No ANZSCO occupation code available.,False
Table 14,14,"Reasons for choosing main provider for nationally recognised training, timeseries (% of all employers using nationally recognised training)",Overall,Had used the provider previously and were satisfied,Private training providers,2017,13.1,13.1,reported,False,pct,overall,False,Employer survey — joins on state/industry/size. No ANZSCO occupation code available.,False
Table 14,14,"Reasons for choosing main provider for nationally recognised training, timeseries (% of all employers using nationally recognised training)",Overall,Had used the provider previously and were satisfied,Private training providers,2019,20.8,20.8,reported,False,pct,overall,False,Employer survey — joins on state/industry/size. No ANZSCO occupation code available.,False
Table 14,14,"Reasons for choosing main provider for nationally recognised training, timeseries (% of all employers using nationally recognised training)",Overall,Had used the provider previously and were satisfied,Private training providers,2023,24.3,24.3,reported,False,pct,overall,False,Employer survey — joins on state/industry/size. No ANZSCO occupation code available.,False
Table 14,14,"Reasons for choosing main provider for nationally recognised training, timeseries (% of all employers using nationally recognised training)",Overall,Had used the provider previously and were satisfied,Private training providers,2025,18.8,18.8,reported,False,pct,overall,False,Employer survey — joins on state/industry/size. No ANZSCO occupation code available.,False
Table 14,14,"Reasons for choosing main provider for nationally recognised training, timeseries (% of all employers using nationally recognised training)",Overall,Had used the provider previously and were satisfied,Private training providers,2011,,na,not_available,False,pct,overall,False,Employer survey — joins on state/industry/size. No ANZSCO occupation code available.,
Table 14,14,"Reasons for choosing main provider for nationally recognised training, timeseries (% of all employers using nationally recognised training)",Overall,Had used the provider previously and were satisfied,Private training providers,2021,,na,not_available,False,pct,overall,False,Employer survey — joins on state/industry/size. No ANZSCO occupation code available.,
Table 14,14,"Reasons for choosing main provider for nationally recognised training, timeseries (% of all employers using nationally recognised training)",Overall,Had used the provider previously and were satisfied,Professional or industry associations,2005,3.9,3.9*,reported,True,pct,overall,False,Employer survey — joins on state/industry/size. No ANZSCO occupation code available.,False
Table 14,14,"Reasons for choosing main provider for nationally recognised training, timeseries (% of all employers using nationally recognised training)",Overall,Had used the provider previously and were satisfied,Professional or industry associations,2007,10.0,10.0*,reported,True,pct,overall,False,Employer survey — joins on state/industry/size. No ANZSCO occupation code available.,False
Table 14,14,"Reasons for choosing main provider for nationally recognised training, timeseries (% of all employers using nationally recognised training)",Overall,Had used the provider previously and were satisfied,Professional or industry associations,2009,18.3,18.3,reported,False,pct,overall,False,Employer survey — joins on state/industry/size. No ANZSCO occupation code available.,False
Table 14,14,"Reasons for choosing main provider for nationally recognised training, timeseries (% of all employers using nationally recognised training)",Overall,Had used the provider previously and were satisfied,Professional or industry associations,2013,3.4,3.4*,reported,True,pct,overall,False,Employer survey — joins on state/industry/size. No ANZSCO occupation code available.,False
Table 14,14,"Reasons for choosing main provider for nationally recognised training, timeseries (% of all employers using nationally recognised training)",Overall,Had used the provider previously and were satisfied,Professional or industry associations,2015,12.6,12.6*,reported,True,pct,overall,False,Employer survey — joins on state/industry/size. No ANZSCO occupation code available.,False
Table 14,14,"Reasons for choosing main provider for nationally recognised training, timeseries (% of all employers using nationally recognised training)",Overall,Had used the provider previously and were satisfied,Professional or industry associations,2017,9.1,9.1*,reported,True,pct,overall,False,Employer survey — joins on state/industry/size. No ANZSCO occupation code available.,False
Table 14,14,"Reasons for choosing main provider for nationally recognised training, timeseries (% of all employers using nationally recognised training)",Overall,Had used the provider previously and were satisfied,Professional or industry associations,2019,26.8,26.8*,reported,True,pct,overall,False,Employer survey — joins on state/industry/size. No ANZSCO occupation code available.,False
Table 14,14,"Reasons for choosing main provider for nationally recognised training, timeseries (% of all employers using nationally recognised training)",Overall,Had used the provider previously and were satisfied,Professional or industry associations,2023,20.5,20.5,reported,False,pct,overall,False,Employer survey — joins on state/industry/size. No ANZSCO occupation code available.,False
Table 14,14,"Reasons for choosing main provider for nationally recognised training, timeseries (% of all employers using nationally recognised training)",Overall,Had used the provider previously and were satisfied,Professional or industry associations,2025,15.1,15.1,reported,False,pct,overall,False,Employer survey — joins on state/industry/size. No ANZSCO occupation code available.,False
Table 14,14,"Reasons for choosing main provider for nationally recognised training, timeseries (% of all employers using nationally recognised training)",Overall,Had used the provider previously and were satisfied,Professional or industry associations,2011,,na,not_available,False,pct,overall,False,Employer survey — joins on state/industry/size. No ANZSCO occupation code available.,
Table 14,14,"Reasons for choosing main provider for nationally recognised training, timeseries (% of all employers using nationally recognised training)",Overall,Had used the provider previously and were satisfied,Professional or industry associations,2021,,na,not_available,False,pct,overall,False,Employer survey — joins on state/industry/size. No ANZSCO occupation code available.,
Table 14,14,"Reasons for choosing main provider for nationally recognised training, timeseries (% of all employers using nationally recognised training)",Overall,Had used the provider previously and were satisfied,TAFE institutes,2005,3.4,3.4*,reported,True,pct,overall,False,Employer survey — joins on state/industry/size. No ANZSCO occupation code available.,False
Table 14,14,"Reasons for choosing main provider for nationally recognised training, timeseries (% of all employers using nationally recognised training)",Overall,Had used the provider previously and were satisfied,TAFE institutes,2007,4.9,4.9*,reported,True,pct,overall,False,Employer survey — joins on state/industry/size. No ANZSCO occupation code available.,False
Table 14,14,"Reasons for choosing main provider for nationally recognised training, timeseries (% of all employers using nationally recognised training)",Overall,Had used the provider previously and were satisfied,TAFE institutes,2009,10.0,10.0*,reported,True,pct,overall,False,Employer survey — joins on state/industry/size. No ANZSCO occupation code available.,False
Table 14,14,"Reasons for choosing main provider for nationally recognised training, timeseries (% of all employers using nationally recognised training)",Overall,Had used the provider previously and were satisfied,TAFE institutes,2013,5.5,5.5*,reported,True,pct,overall,False,Employer survey — joins on state/industry/size. No ANZSCO occupation code available.,False
Table 14,14,"Reasons for choosing main provider for nationally recognised training, timeseries (% of all employers using nationally recognised training)",Overall,Had used the provider previously and were satisfied,TAFE institutes,2015,10.6,10.6*,reported,True,pct,overall,False,Employer survey — joins on state/industry/size. No ANZSCO occupation code available.,False
Table 14,14,"Reasons for choosing main provider for nationally recognised training, timeseries (% of all employers using nationally recognised training)",Overall,Had used the provider previously and were satisfied,TAFE institutes,2017,12.5,12.5*,reported,True,pct,overall,False,Employer survey — joins on state/industry/size. No ANZSCO occupation code available.,False
Table 14,14,"Reasons for choosing main provider for nationally recognised training, timeseries (% of all employers using nationally recognised training)",Overall,Had used the provider previously and were satisfied,TAFE institutes,2019,13.7,13.7,reported,False,pct,overall,False,Employer survey — joins on state/industry/size. No ANZSCO occupation code available.,False
Table 14,14,"Reasons for choosing main provider for nationally recognised training, timeseries (% of all employers using nationally recognised training)",Overall,Had used the provider previously and were satisfied,TAFE institutes,2023,11.7,11.7,reported,False,pct,overall,False,Employer survey — joins on state/industry/size. No ANZSCO occupation code available.,False
Table 14,14,"Reasons for choosing main provider for nationally recognised training, timeseries (% of all employers using nationally recognised training)",Overall,Had used the provider previously and were satisfied,TAFE institutes,2025,14.2,14.2,reported,False,pct,overall,False,Employer survey — joins on state/industry/size. No ANZSCO occupation code available.,False
Table 14,14,"Reasons for choosing main provider for nationally recognised training, timeseries (% of all employers using nationally recognised training)",Overall,Had used the provider previously and were satisfied,TAFE institutes,2011,,na,not_available,False,pct,overall,False,Employer survey — joins on state/industry/size. No ANZSCO occupation code available.,
Table 14,14,"Reasons for choosing main provider for nationally recognised training, timeseries (% of all employers using nationally recognised training)",Overall,Had used the provider previously and were satisfied,TAFE institutes,2021,,na,not_available,False,pct,overall,False,Employer survey — joins on state/industry/size. No ANZSCO occupation code available.,
Table 14,14,"Reasons for choosing main provider for nationally recognised training, timeseries (% of all employers using nationally recognised training)",Overall,Had used the provider previously and were satisfied,Universities,2005,5.4,5.4*,reported,True,pct,overall,False,Employer survey — joins on state/industry/size. No ANZSCO occupation code available.,False
Table 14,14,"Reasons for choosing main provider for nationally recognised training, timeseries (% of all employers using nationally recognised training)",Overall,Had used the provider previously and were satisfied,Universities,2007,0.9,0.9*,reported,True,pct,overall,False,Employer survey — joins on state/industry/size. No ANZSCO occupation code available.,False
Table 14,14,"Reasons for choosing main provider for nationally recognised training, timeseries (% of all employers using nationally recognised training)",Overall,Had used the provider previously and were satisfied,Universities,2009,0.5,0.5*,reported,True,pct,overall,False,Employer survey — joins on state/industry/size. No ANZSCO occupation code available.,False
Table 14,14,"Reasons for choosing main provider for nationally recognised training, timeseries (% of all employers using nationally recognised training)",Overall,Had used the provider previously and were satisfied,Universities,2017,9.5,9.5*,reported,True,pct,overall,False,Employer survey — joins on state/industry/size. No ANZSCO occupation code available.,False
Table 14,14,"Reasons for choosing main provider for nationally recognised training, timeseries (% of all employers using nationally recognised training)",Overall,Had used the provider previously and were satisfied,Universities,2019,5.9,5.9*,reported,True,pct,overall,False,Employer survey — joins on state/industry/size. No ANZSCO occupation code available.,False
Table 14,14,"Reasons for choosing main provider for nationally recognised training, timeseries (% of all employers using nationally recognised training)",Overall,Had used the provider previously and were satisfied,Universities,2023,6.5,6.5,reported,False,pct,overall,False,Employer survey — joins on state/industry/size. No ANZSCO occupation code available.,False
Table 14,14,"Reasons for choosing main provider for nationally recognised training, timeseries (% of all employers using nationally recognised training)",Overall,Had used the provider previously and were satisfied,Universities,2025,19.5,19.5*,reported,True,pct,overall,False,Employer survey — joins on state/industry/size. No ANZSCO occupation code available.,False
Table 14,14,"Reasons for choosing main provider for nationally recognised training, timeseries (% of all employers using nationally recognised training)",Overall,Had used the provider previously and were satisfied,Universities,2013,,np,not_publishable,False,pct,overall,False,Employer survey — joins on state/industry/size. No ANZSCO occupation code available.,
Table 14,14,"Reasons for choosing main provider for nationally recognised training, timeseries (% of all employers using nationally recognised training)",Overall,Had used the provider previously and were satisfied,Universities,2015,,np,not_publishable,False,pct,overall,False,Employer survey — joins on state/industry/size. No ANZSCO occupation code available.,
Table 14,14,"Reasons for choosing main provider for nationally recognised training, timeseries (% of all employers using nationally recognised training)",Overall,Had used the provider previously and were satisfied,Universities,2011,,na,not_available,False,pct,overall,False,Employer survey — joins on state/industry/size. No ANZSCO occupation code available.,
Table 14,14,"Reasons for choosing main provider for nationally recognised training, timeseries (% of all employers using nationally recognised training)",Overall,Had used the provider previously and were satisfied,Universities,2021,,na,not_available,False,pct,overall,False,Employer survey — joins on state/industry/size. No ANZSCO occupation code available.,
Table 14,14,"Reasons for choosing main provider for nationally recognised training, timeseries (% of all employers using nationally recognised training)",Overall,It is a requirement of our business/industry,Other external providers used for nationally recognised training,2013,10.2,10.2*,reported,True,pct,overall,False,Employer survey — joins on state/industry/size. No ANZSCO occupation code available.,False
Table 14,14,"Reasons for choosing main provider for nationally recognised training, timeseries (% of all employers using nationally recognised training)",Overall,It is a requirement of our business/industry,Other external providers used for nationally recognised training,2019,2.3,2.3,reported,False,pct,overall,False,Employer survey — joins on state/industry/size. No ANZSCO occupation code available.,False
Table 14,14,"Reasons for choosing main provider for nationally recognised training, timeseries (% of all employers using nationally recognised training)",Overall,It is a requirement of our business/industry,Other external providers used for nationally recognised training,2015,,np,not_publishable,False,pct,overall,False,Employer survey — joins on state/industry/size. No ANZSCO occupation code available.,
Table 14,14,"Reasons for choosing main provider for nationally recognised training, timeseries (% of all employers using nationally recognised training)",Overall,It is a requirement of our business/industry,Other external providers used for nationally recognised training,2017,,np,not_publishable,False,pct,overall,False,Employer survey — joins on state/industry/size. No ANZSCO occupation code available.,
Table 14,14,"Reasons for choosing main provider for nationally recognised training, timeseries (% of all employers using nationally recognised training)",Overall,It is a requirement of our business/industry,Other external providers used for nationally recognised training,2025,,np,not_publishable,False,pct,overall,False,Employer survey — joins on state/industry/size. No ANZSCO occupation code available.,
Table 14,14,"Reasons for choosing main provider for nationally recognised training, timeseries (% of all employers using nationally recognised training)",Overall,It is a requirement of our business/industry,Other external providers used for nationally recognised training,2005,,na,not_available,False,pct,overall,False,Employer survey — joins on state/industry/size. No ANZSCO occupation code available.,
Table 14,14,"Reasons for choosing main provider for nationally recognised training, timeseries (% of all employers using nationally recognised training)",Overall,It is a requirement of our business/industry,Other external providers used for nationally recognised training,2007,,na,not_available,False,pct,overall,False,Employer survey — joins on state/industry/size. No ANZSCO occupation code available.,
Table 14,14,"Reasons for choosing main provider for nationally recognised training, timeseries (% of all employers using nationally recognised training)",Overall,It is a requirement of our business/industry,Other external providers used for nationally recognised training,2009,,na,not_available,False,pct,overall,False,Employer survey — joins on state/industry/size. No ANZSCO occupation code available.,
Table 14,14,"Reasons for choosing main provider for nationally recognised training, timeseries (% of all employers using nationally recognised training)",Overall,It is a requirement of our business/industry,Other external providers used for nationally recognised training,2011,,na,not_available,False,pct,overall,False,Employer survey — joins on state/industry/size. No ANZSCO occupation code available.,
Table 14,14,"Reasons for choosing main provider for nationally recognised training, timeseries (% of all employers using nationally recognised training)",Overall,It is a requirement of our business/industry,Other external providers used for nationally recognised training,2021,,na,not_available,False,pct,overall,False,Employer survey — joins on state/industry/size. No ANZSCO occupation code available.,
Table 14,14,"Reasons for choosing main provider for nationally recognised training, timeseries (% of all employers using nationally recognised training)",Overall,It is a requirement of our business/industry,Other external providers used for nationally recognised training,2023,,na,not_available,False,pct,overall,False,Employer survey — joins on state/industry/size. No ANZSCO occupation code available.,
Table 14,14,"Reasons for choosing main provider for nationally recognised training, timeseries (% of all employers using nationally recognised training)",Overall,It is a requirement of our business/industry,Private training providers,2013,1.7,1.7*,reported,True,pct,overall,False,Employer survey — joins on state/industry/size. No ANZSCO occupation code available.,False
Table 14,14,"Reasons for choosing main provider for nationally recognised training, timeseries (% of all employers using nationally recognised training)",Overall,It is a requirement of our business/industry,Private training providers,2017,1.8,1.8*,reported,True,pct,overall,False,Employer survey — joins on state/industry/size. No ANZSCO occupation code available.,False
Table 14,14,"Reasons for choosing main provider for nationally recognised training, timeseries (% of all employers using nationally recognised training)",Overall,It is a requirement of our business/industry,Private training providers,2019,1.4,1.4,reported,False,pct,overall,False,Employer survey — joins on state/industry/size. No ANZSCO occupation code available.,False
Table 14,14,"Reasons for choosing main provider for nationally recognised training, timeseries (% of all employers using nationally recognised training)",Overall,It is a requirement of our business/industry,Private training providers,2015,,np,not_publishable,False,pct,overall,False,Employer survey — joins on state/industry/size. No ANZSCO occupation code available.,
Table 14,14,"Reasons for choosing main provider for nationally recognised training, timeseries (% of all employers using nationally recognised training)",Overall,It is a requirement of our business/industry,Private training providers,2025,,np,not_publishable,False,pct,overall,False,Employer survey — joins on state/industry/size. No ANZSCO occupation code available.,
Table 14,14,"Reasons for choosing main provider for nationally recognised training, timeseries (% of all employers using nationally recognised training)",Overall,It is a requirement of our business/industry,Private training providers,2005,,na,not_available,False,pct,overall,False,Employer survey — joins on state/industry/size. No ANZSCO occupation code available.,
Table 14,14,"Reasons for choosing main provider for nationally recognised training, timeseries (% of all employers using nationally recognised training)",Overall,It is a requirement of our business/industry,Private training providers,2007,,na,not_available,False,pct,overall,False,Employer survey — joins on state/industry/size. No ANZSCO occupation code available.,
Table 14,14,"Reasons for choosing main provider for nationally recognised training, timeseries (% of all employers using nationally recognised training)",Overall,It is a requirement of our business/industry,Private training providers,2009,,na,not_available,False,pct,overall,False,Employer survey — joins on state/industry/size. No ANZSCO occupation code available.,
Table 14,14,"Reasons for choosing main provider for nationally recognised training, timeseries (% of all employers using nationally recognised training)",Overall,It is a requirement of our business/industry,Private training providers,2011,,na,not_available,False,pct,overall,False,Employer survey — joins on state/industry/size. No ANZSCO occupation code available.,
Table 14,14,"Reasons for choosing main provider for nationally recognised training, timeseries (% of all employers using nationally recognised training)",Overall,It is a requirement of our business/industry,Private training providers,2021,,na,not_available,False,pct,overall,False,Employer survey — joins on state/industry/size. No ANZSCO occupation code available.,
Table 14,14,"Reasons for choosing main provider for nationally recognised training, timeseries (% of all employers using nationally recognised training)",Overall,It is a requirement of our business/industry,Private training providers,2023,,na,not_available,False,pct,overall,False,Employer survey — joins on state/industry/size. No ANZSCO occupation code available.,
Table 14,14,"Reasons for choosing main provider for nationally recognised training, timeseries (% of all employers using nationally recognised training)",Overall,It is a requirement of our business/industry,Professional or industry associations,2013,12.2,12.2*,reported,True,pct,overall,False,Employer survey — joins on state/industry/size. No ANZSCO occupation code available.,False
Table 14,14,"Reasons for choosing main provider for nationally recognised training, timeseries (% of all employers using nationally recognised training)",Overall,It is a requirement of our business/industry,Professional or industry associations,2015,5.4,5.4*,reported,True,pct,overall,False,Employer survey — joins on state/industry/size. No ANZSCO occupation code available.,False
Table 14,14,"Reasons for choosing main provider for nationally recognised training, timeseries (% of all employers using nationally recognised training)",Overall,It is a requirement of our business/industry,Professional or industry associations,2017,8.5,8.5*,reported,True,pct,overall,False,Employer survey — joins on state/industry/size. No ANZSCO occupation code available.,False
Table 14,14,"Reasons for choosing main provider for nationally recognised training, timeseries (% of all employers using nationally recognised training)",Overall,It is a requirement of our business/industry,Professional or industry associations,2019,5.4,5.4,reported,False,pct,overall,False,Employer survey — joins on state/industry/size. No ANZSCO occupation code available.,False
Table 14,14,"Reasons for choosing main provider for nationally recognised training, timeseries (% of all employers using nationally recognised training)",Overall,It is a requirement of our business/industry,Professional or industry associations,2025,,np,not_publishable,False,pct,overall,False,Employer survey — joins on state/industry/size. No ANZSCO occupation code available.,
Table 14,14,"Reasons for choosing main provider for nationally recognised training, timeseries (% of all employers using nationally recognised training)",Overall,It is a requirement of our business/industry,Professional or industry associations,2005,,na,not_available,False,pct,overall,False,Employer survey — joins on state/industry/size. No ANZSCO occupation code available.,
Table 14,14,"Reasons for choosing main provider for nationally recognised training, timeseries (% of all employers using nationally recognised training)",Overall,It is a requirement of our business/industry,Professional or industry associations,2007,,na,not_available,False,pct,overall,False,Employer survey — joins on state/industry/size. No ANZSCO occupation code available.,
Table 14,14,"Reasons for choosing main provider for nationally recognised training, timeseries (% of all employers using nationally recognised training)",Overall,It is a requirement of our business/industry,Professional or industry associations,2009,,na,not_available,False,pct,overall,False,Employer survey — joins on state/industry/size. No ANZSCO occupation code available.,
Table 14,14,"Reasons for choosing main provider for nationally recognised training, timeseries (% of all employers using nationally recognised training)",Overall,It is a requirement of our business/industry,Professional or industry associations,2011,,na,not_available,False,pct,overall,False,Employer survey — joins on state/industry/size. No ANZSCO occupation code available.,
Table 14,14,"Reasons for choosing main provider for nationally recognised training, timeseries (% of all employers using nationally recognised training)",Overall,It is a requirement of our business/industry,Professional or industry associations,2021,,na,not_available,False,pct,overall,False,Employer survey — joins on state/industry/size. No ANZSCO occupation code available.,
Table 14,14,"Reasons for choosing main provider for nationally recognised training, timeseries (% of all employers using nationally recognised training)",Overall,It is a requirement of our business/industry,Professional or industry associations,2023,,na,not_available,False,pct,overall,False,Employer survey — joins on state/industry/size. No ANZSCO occupation code available.,
Table 14,14,"Reasons for choosing main provider for nationally recognised training, timeseries (% of all employers using nationally recognised training)",Overall,It is a requirement of our business/industry,TAFE institutes,2013,3.2,3.2*,reported,True,pct,overall,False,Employer survey — joins on state/industry/size. No ANZSCO occupation code available.,False
Table 14,14,"Reasons for choosing main provider for nationally recognised training, timeseries (% of all employers using nationally recognised training)",Overall,It is a requirement of our business/industry,TAFE institutes,2019,1.3,1.3,reported,False,pct,overall,False,Employer survey — joins on state/industry/size. No ANZSCO occupation code available.,False
Table 14,14,"Reasons for choosing main provider for nationally recognised training, timeseries (% of all employers using nationally recognised training)",Overall,It is a requirement of our business/industry,TAFE institutes,2015,,np,not_publishable,False,pct,overall,False,Employer survey — joins on state/industry/size. No ANZSCO occupation code available.,
Table 14,14,"Reasons for choosing main provider for nationally recognised training, timeseries (% of all employers using nationally recognised training)",Overall,It is a requirement of our business/industry,TAFE institutes,2017,,np,not_publishable,False,pct,overall,False,Employer survey — joins on state/industry/size. No ANZSCO occupation code available.,
Table 14,14,"Reasons for choosing main provider for nationally recognised training, timeseries (% of all employers using nationally recognised training)",Overall,It is a requirement of our business/industry,TAFE institutes,2025,,np,not_publishable,False,pct,overall,False,Employer survey — joins on state/industry/size. No ANZSCO occupation code available.,
Table 14,14,"Reasons for choosing main provider for nationally recognised training, timeseries (% of all employers using nationally recognised training)",Overall,It is a requirement of our business/industry,TAFE institutes,2005,,na,not_available,False,pct,overall,False,Employer survey — joins on state/industry/size. No ANZSCO occupation code available.,
Table 14,14,"Reasons for choosing main provider for nationally recognised training, timeseries (% of all employers using nationally recognised training)",Overall,It is a requirement of our business/industry,TAFE institutes,2007,,na,not_available,False,pct,overall,False,Employer survey — joins on state/industry/size. No ANZSCO occupation code available.,
Table 14,14,"Reasons for choosing main provider for nationally recognised training, timeseries (% of all employers using nationally recognised training)",Overall,It is a requirement of our business/industry,TAFE institutes,2009,,na,not_available,False,pct,overall,False,Employer survey — joins on state/industry/size. No ANZSCO occupation code available.,
Table 14,14,"Reasons for choosing main provider for nationally recognised training, timeseries (% of all employers using nationally recognised training)",Overall,It is a requirement of our business/industry,TAFE institutes,2011,,na,not_available,False,pct,overall,False,Employer survey — joins on state/industry/size. No ANZSCO occupation code available.,
Table 14,14,"Reasons for choosing main provider for nationally recognised training, timeseries (% of all employers using nationally recognised training)",Overall,It is a requirement of our business/industry,TAFE institutes,2021,,na,not_available,False,pct,overall,False,Employer survey — joins on state/industry/size. No ANZSCO occupation code available.,
Table 14,14,"Reasons for choosing main provider for nationally recognised training, timeseries (% of all employers using nationally recognised training)",Overall,It is a requirement of our business/industry,TAFE institutes,2023,,na,not_available,False,pct,overall,False,Employer survey — joins on state/industry/size. No ANZSCO occupation code available.,
Table 14,14,"Reasons for choosing main provider for nationally recognised training, timeseries (% of all employers using nationally recognised training)",Overall,It is a requirement of our business/industry,Universities,2017,0.0,0,reported,False,pct,overall,False,Employer survey — joins on state/industry/size. No ANZSCO occupation code available.,False
Table 14,14,"Reasons for choosing main provider for nationally recognised training, timeseries (% of all employers using nationally recognised training)",Overall,It is a requirement of our business/industry,Universities,2019,0.2,0.2,reported,False,pct,overall,False,Employer survey — joins on state/industry/size. No ANZSCO occupation code available.,False
Table 14,14,"Reasons for choosing main provider for nationally recognised training, timeseries (% of all employers using nationally recognised training)",Overall,It is a requirement of our business/industry,Universities,2013,,np,not_publishable,False,pct,overall,False,Employer survey — joins on state/industry/size. No ANZSCO occupation code available.,
Table 14,14,"Reasons for choosing main provider for nationally recognised training, timeseries (% of all employers using nationally recognised training)",Overall,It is a requirement of our business/industry,Universities,2015,,np,not_publishable,False,pct,overall,False,Employer survey — joins on state/industry/size. No ANZSCO occupation code available.,
Table 14,14,"Reasons for choosing main provider for nationally recognised training, timeseries (% of all employers using nationally recognised training)",Overall,It is a requirement of our business/industry,Universities,2025,,np,not_publishable,False,pct,overall,False,Employer survey — joins on state/industry/size. No ANZSCO occupation code available.,
Table 14,14,"Reasons for choosing main provider for nationally recognised training, timeseries (% of all employers using nationally recognised training)",Overall,It is a requirement of our business/industry,Universities,2005,,na,not_available,False,pct,overall,False,Employer survey — joins on state/industry/size. No ANZSCO occupation code available.,
Table 14,14,"Reasons for choosing main provider for nationally recognised training, timeseries (% of all employers using nationally recognised training)",Overall,It is a requirement of our business/industry,Universities,2007,,na,not_available,False,pct,overall,False,Employer survey — joins on state/industry/size. No ANZSCO occupation code available.,
Table 14,14,"Reasons for choosing main provider for nationally recognised training, timeseries (% of all employers using nationally recognised training)",Overall,It is a requirement of our business/industry,Universities,2009,,na,not_available,False,pct,overall,False,Employer survey — joins on state/industry/size. No ANZSCO occupation code available.,
Table 14,14,"Reasons for choosing main provider for nationally recognised training, timeseries (% of all employers using nationally recognised training)",Overall,It is a requirement of our business/industry,Universities,2011,,na,not_available,False,pct,overall,False,Employer survey — joins on state/industry/size. No ANZSCO occupation code available.,
Table 14,14,"Reasons for choosing main provider for nationally recognised training, timeseries (% of all employers using nationally recognised training)",Overall,It is a requirement of our business/industry,Universities,2021,,na,not_available,False,pct,overall,False,Employer survey — joins on state/industry/size. No ANZSCO occupation code available.,
Table 14,14,"Reasons for choosing main provider for nationally recognised training, timeseries (% of all employers using nationally recognised training)",Overall,It is a requirement of our business/industry,Universities,2023,,na,not_available,False,pct,overall,False,Employer survey — joins on state/industry/size. No ANZSCO occupation code available.,
Table 14,14,"Reasons for choosing main provider for nationally recognised training, timeseries (% of all employers using nationally recognised training)",Overall,Other reasons,Other external providers used for nationally recognised training,2005,20.0,20.0*,reported,True,pct,overall,False,Employer survey — joins on state/industry/size. No ANZSCO occupation code available.,False
Table 14,14,"Reasons for choosing main provider for nationally recognised training, timeseries (% of all employers using nationally recognised training)",Overall,Other reasons,Other external providers used for nationally recognised training,2007,42.3,42.3,reported,False,pct,overall,False,Employer survey — joins on state/industry/size. No ANZSCO occupation code available.,False
Table 14,14,"Reasons for choosing main provider for nationally recognised training, timeseries (% of all employers using nationally recognised training)",Overall,Other reasons,Other external providers used for nationally recognised training,2009,31.1,31.1*,reported,True,pct,overall,False,Employer survey — joins on state/industry/size. No ANZSCO occupation code available.,False
Table 14,14,"Reasons for choosing main provider for nationally recognised training, timeseries (% of all employers using nationally recognised training)",Overall,Other reasons,Other external providers used for nationally recognised training,2013,30.7,30.7*,reported,True,pct,overall,False,Employer survey — joins on state/industry/size. No ANZSCO occupation code available.,False
Table 14,14,"Reasons for choosing main provider for nationally recognised training, timeseries (% of all employers using nationally recognised training)",Overall,Other reasons,Other external providers used for nationally recognised training,2015,30.6,30.6*,reported,True,pct,overall,False,Employer survey — joins on state/industry/size. No ANZSCO occupation code available.,False
Table 14,14,"Reasons for choosing main provider for nationally recognised training, timeseries (% of all employers using nationally recognised training)",Overall,Other reasons,Other external providers used for nationally recognised training,2019,0.7,0.7,reported,False,pct,overall,False,Employer survey — joins on state/industry/size. No ANZSCO occupation code available.,False
Table 14,14,"Reasons for choosing main provider for nationally recognised training, timeseries (% of all employers using nationally recognised training)",Overall,Other reasons,Other external providers used for nationally recognised training,2023,15.9,15.9*,reported,True,pct,overall,False,Employer survey — joins on state/industry/size. No ANZSCO occupation code available.,False
Table 14,14,"Reasons for choosing main provider for nationally recognised training, timeseries (% of all employers using nationally recognised training)",Overall,Other reasons,Other external providers used for nationally recognised training,2025,28.4,28.4*,reported,True,pct,overall,False,Employer survey — joins on state/industry/size. No ANZSCO occupation code available.,False
Table 14,14,"Reasons for choosing main provider for nationally recognised training, timeseries (% of all employers using nationally recognised training)",Overall,Other reasons,Other external providers used for nationally recognised training,2017,,np,not_publishable,False,pct,overall,False,Employer survey — joins on state/industry/size. No ANZSCO occupation code available.,
Table 14,14,"Reasons for choosing main provider for nationally recognised training, timeseries (% of all employers using nationally recognised training)",Overall,Other reasons,Other external providers used for nationally recognised training,2011,,na,not_available,False,pct,overall,False,Employer survey — joins on state/industry/size. No ANZSCO occupation code available.,
Table 14,14,"Reasons for choosing main provider for nationally recognised training, timeseries (% of all employers using nationally recognised training)",Overall,Other reasons,Other external providers used for nationally recognised training,2021,,na,not_available,False,pct,overall,False,Employer survey — joins on state/industry/size. No ANZSCO occupation code available.,
Table 14,14,"Reasons for choosing main provider for nationally recognised training, timeseries (% of all employers using nationally recognised training)",Overall,Other reasons,Private training providers,2005,20.1,20.1,reported,False,pct,overall,False,Employer survey — joins on state/industry/size. No ANZSCO occupation code available.,False
Table 14,14,"Reasons for choosing main provider for nationally recognised training, timeseries (% of all employers using nationally recognised training)",Overall,Other reasons,Private training providers,2007,14.4,14.4,reported,False,pct,overall,False,Employer survey — joins on state/industry/size. No ANZSCO occupation code available.,False
Table 14,14,"Reasons for choosing main provider for nationally recognised training, timeseries (% of all employers using nationally recognised training)",Overall,Other reasons,Private training providers,2009,12.5,12.5,reported,False,pct,overall,False,Employer survey — joins on state/industry/size. No ANZSCO occupation code available.,False
Table 14,14,"Reasons for choosing main provider for nationally recognised training, timeseries (% of all employers using nationally recognised training)",Overall,Other reasons,Private training providers,2013,15.7,15.7,reported,False,pct,overall,False,Employer survey — joins on state/industry/size. No ANZSCO occupation code available.,False
Table 14,14,"Reasons for choosing main provider for nationally recognised training, timeseries (% of all employers using nationally recognised training)",Overall,Other reasons,Private training providers,2015,8.9,8.9,reported,False,pct,overall,False,Employer survey — joins on state/industry/size. No ANZSCO occupation code available.,False
Table 14,14,"Reasons for choosing main provider for nationally recognised training, timeseries (% of all employers using nationally recognised training)",Overall,Other reasons,Private training providers,2017,10.7,10.7,reported,False,pct,overall,False,Employer survey — joins on state/industry/size. No ANZSCO occupation code available.,False
Table 14,14,"Reasons for choosing main provider for nationally recognised training, timeseries (% of all employers using nationally recognised training)",Overall,Other reasons,Private training providers,2019,12.0,12,reported,False,pct,overall,False,Employer survey — joins on state/industry/size. No ANZSCO occupation code available.,False
Table 14,14,"Reasons for choosing main provider for nationally recognised training, timeseries (% of all employers using nationally recognised training)",Overall,Other reasons,Private training providers,2023,11.2,11.2,reported,False,pct,overall,False,Employer survey — joins on state/industry/size. No ANZSCO occupation code available.,False
Table 14,14,"Reasons for choosing main provider for nationally recognised training, timeseries (% of all employers using nationally recognised training)",Overall,Other reasons,Private training providers,2025,19.2,19.2,reported,False,pct,overall,False,Employer survey — joins on state/industry/size. No ANZSCO occupation code available.,False
Table 14,14,"Reasons for choosing main provider for nationally recognised training, timeseries (% of all employers using nationally recognised training)",Overall,Other reasons,Private training providers,2011,,na,not_available,False,pct,overall,False,Employer survey — joins on state/industry/size. No ANZSCO occupation code available.,
Table 14,14,"Reasons for choosing main provider for nationally recognised training, timeseries (% of all employers using nationally recognised training)",Overall,Other reasons,Private training providers,2021,,na,not_available,False,pct,overall,False,Employer survey — joins on state/industry/size. No ANZSCO occupation code available.,
Table 14,14,"Reasons for choosing main provider for nationally recognised training, timeseries (% of all employers using nationally recognised training)",Overall,Other reasons,Professional or industry associations,2005,25.0,25,reported,False,pct,overall,False,Employer survey — joins on state/industry/size. No ANZSCO occupation code available.,False
Table 14,14,"Reasons for choosing main provider for nationally recognised training, timeseries (% of all employers using nationally recognised training)",Overall,Other reasons,Professional or industry associations,2007,16.7,16.7*,reported,True,pct,overall,False,Employer survey — joins on state/industry/size. No ANZSCO occupation code available.,False
Table 14,14,"Reasons for choosing main provider for nationally recognised training, timeseries (% of all employers using nationally recognised training)",Overall,Other reasons,Professional or industry associations,2009,15.4,15.4,reported,False,pct,overall,False,Employer survey — joins on state/industry/size. No ANZSCO occupation code available.,False
Table 14,14,"Reasons for choosing main provider for nationally recognised training, timeseries (% of all employers using nationally recognised training)",Overall,Other reasons,Professional or industry associations,2013,11.7,11.7,reported,False,pct,overall,False,Employer survey — joins on state/industry/size. No ANZSCO occupation code available.,False
Table 14,14,"Reasons for choosing main provider for nationally recognised training, timeseries (% of all employers using nationally recognised training)",Overall,Other reasons,Professional or industry associations,2015,15.6,15.6*,reported,True,pct,overall,False,Employer survey — joins on state/industry/size. No ANZSCO occupation code available.,False
Table 14,14,"Reasons for choosing main provider for nationally recognised training, timeseries (% of all employers using nationally recognised training)",Overall,Other reasons,Professional or industry associations,2017,10.7,10.7*,reported,True,pct,overall,False,Employer survey — joins on state/industry/size. No ANZSCO occupation code available.,False
Table 14,14,"Reasons for choosing main provider for nationally recognised training, timeseries (% of all employers using nationally recognised training)",Overall,Other reasons,Professional or industry associations,2019,13.2,13.2,reported,False,pct,overall,False,Employer survey — joins on state/industry/size. No ANZSCO occupation code available.,False
Table 14,14,"Reasons for choosing main provider for nationally recognised training, timeseries (% of all employers using nationally recognised training)",Overall,Other reasons,Professional or industry associations,2023,6.7,6.7,reported,False,pct,overall,False,Employer survey — joins on state/industry/size. No ANZSCO occupation code available.,False
Table 14,14,"Reasons for choosing main provider for nationally recognised training, timeseries (% of all employers using nationally recognised training)",Overall,Other reasons,Professional or industry associations,2025,15.0,15,reported,False,pct,overall,False,Employer survey — joins on state/industry/size. No ANZSCO occupation code available.,False
Table 14,14,"Reasons for choosing main provider for nationally recognised training, timeseries (% of all employers using nationally recognised training)",Overall,Other reasons,Professional or industry associations,2011,,na,not_available,False,pct,overall,False,Employer survey — joins on state/industry/size. No ANZSCO occupation code available.,
Table 14,14,"Reasons for choosing main provider for nationally recognised training, timeseries (% of all employers using nationally recognised training)",Overall,Other reasons,Professional or industry associations,2021,,na,not_available,False,pct,overall,False,Employer survey — joins on state/industry/size. No ANZSCO occupation code available.,
Table 14,14,"Reasons for choosing main provider for nationally recognised training, timeseries (% of all employers using nationally recognised training)",Overall,Other reasons,TAFE institutes,2005,11.9,11.9,reported,False,pct,overall,False,Employer survey — joins on state/industry/size. No ANZSCO occupation code available.,False
Table 14,14,"Reasons for choosing main provider for nationally recognised training, timeseries (% of all employers using nationally recognised training)",Overall,Other reasons,TAFE institutes,2007,18.9,18.9,reported,False,pct,overall,False,Employer survey — joins on state/industry/size. No ANZSCO occupation code available.,False
Table 14,14,"Reasons for choosing main provider for nationally recognised training, timeseries (% of all employers using nationally recognised training)",Overall,Other reasons,TAFE institutes,2009,8.2,8.2*,reported,True,pct,overall,False,Employer survey — joins on state/industry/size. No ANZSCO occupation code available.,False
Table 14,14,"Reasons for choosing main provider for nationally recognised training, timeseries (% of all employers using nationally recognised training)",Overall,Other reasons,TAFE institutes,2013,7.2,7.2*,reported,True,pct,overall,False,Employer survey — joins on state/industry/size. No ANZSCO occupation code available.,False
Table 14,14,"Reasons for choosing main provider for nationally recognised training, timeseries (% of all employers using nationally recognised training)",Overall,Other reasons,TAFE institutes,2015,13.8,13.8*,reported,True,pct,overall,False,Employer survey — joins on state/industry/size. No ANZSCO occupation code available.,False
Table 14,14,"Reasons for choosing main provider for nationally recognised training, timeseries (% of all employers using nationally recognised training)",Overall,Other reasons,TAFE institutes,2017,11.1,11.1*,reported,True,pct,overall,False,Employer survey — joins on state/industry/size. No ANZSCO occupation code available.,False
Table 14,14,"Reasons for choosing main provider for nationally recognised training, timeseries (% of all employers using nationally recognised training)",Overall,Other reasons,TAFE institutes,2019,10.5,10.5,reported,False,pct,overall,False,Employer survey — joins on state/industry/size. No ANZSCO occupation code available.,False
Table 14,14,"Reasons for choosing main provider for nationally recognised training, timeseries (% of all employers using nationally recognised training)",Overall,Other reasons,TAFE institutes,2023,8.9,8.9,reported,False,pct,overall,False,Employer survey — joins on state/industry/size. No ANZSCO occupation code available.,False
Table 14,14,"Reasons for choosing main provider for nationally recognised training, timeseries (% of all employers using nationally recognised training)",Overall,Other reasons,TAFE institutes,2025,8.8,8.8,reported,False,pct,overall,False,Employer survey — joins on state/industry/size. No ANZSCO occupation code available.,False
Table 14,14,"Reasons for choosing main provider for nationally recognised training, timeseries (% of all employers using nationally recognised training)",Overall,Other reasons,TAFE institutes,2011,,na,not_available,False,pct,overall,False,Employer survey — joins on state/industry/size. No ANZSCO occupation code available.,
Table 14,14,"Reasons for choosing main provider for nationally recognised training, timeseries (% of all employers using nationally recognised training)",Overall,Other reasons,TAFE institutes,2021,,na,not_available,False,pct,overall,False,Employer survey — joins on state/industry/size. No ANZSCO occupation code available.,
Table 14,14,"Reasons for choosing main provider for nationally recognised training, timeseries (% of all employers using nationally recognised training)",Overall,Other reasons,Universities,2005,25.4,25.4*,reported,True,pct,overall,False,Employer survey — joins on state/industry/size. No ANZSCO occupation code available.,False
Table 14,14,"Reasons for choosing main provider for nationally recognised training, timeseries (% of all employers using nationally recognised training)",Overall,Other reasons,Universities,2007,13.6,13.6*,reported,True,pct,overall,False,Employer survey — joins on state/industry/size. No ANZSCO occupation code available.,False
Table 14,14,"Reasons for choosing main provider for nationally recognised training, timeseries (% of all employers using nationally recognised training)",Overall,Other reasons,Universities,2009,17.2,17.2*,reported,True,pct,overall,False,Employer survey — joins on state/industry/size. No ANZSCO occupation code available.,False
Table 14,14,"Reasons for choosing main provider for nationally recognised training, timeseries (% of all employers using nationally recognised training)",Overall,Other reasons,Universities,2013,4.3,4.3*,reported,True,pct,overall,False,Employer survey — joins on state/industry/size. No ANZSCO occupation code available.,False
Table 14,14,"Reasons for choosing main provider for nationally recognised training, timeseries (% of all employers using nationally recognised training)",Overall,Other reasons,Universities,2015,15.2,15.2*,reported,True,pct,overall,False,Employer survey — joins on state/industry/size. No ANZSCO occupation code available.,False
Table 14,14,"Reasons for choosing main provider for nationally recognised training, timeseries (% of all employers using nationally recognised training)",Overall,Other reasons,Universities,2017,12.6,12.6*,reported,True,pct,overall,False,Employer survey — joins on state/industry/size. No ANZSCO occupation code available.,False
Table 14,14,"Reasons for choosing main provider for nationally recognised training, timeseries (% of all employers using nationally recognised training)",Overall,Other reasons,Universities,2019,16.5,16.5*,reported,True,pct,overall,False,Employer survey — joins on state/industry/size. No ANZSCO occupation code available.,False
Table 14,14,"Reasons for choosing main provider for nationally recognised training, timeseries (% of all employers using nationally recognised training)",Overall,Other reasons,Universities,2023,10.9,10.9*,reported,True,pct,overall,False,Employer survey — joins on state/industry/size. No ANZSCO occupation code available.,False
Table 14,14,"Reasons for choosing main provider for nationally recognised training, timeseries (% of all employers using nationally recognised training)",Overall,Other reasons,Universities,2025,6.1,6.1,reported,False,pct,overall,False,Employer survey — joins on state/industry/size. No ANZSCO occupation code available.,False
Table 14,14,"Reasons for choosing main provider for nationally recognised training, timeseries (% of all employers using nationally recognised training)",Overall,Other reasons,Universities,2011,,na,not_available,False,pct,overall,False,Employer survey — joins on state/industry/size. No ANZSCO occupation code available.,
Table 14,14,"Reasons for choosing main provider for nationally recognised training, timeseries (% of all employers using nationally recognised training)",Overall,Other reasons,Universities,2021,,na,not_available,False,pct,overall,False,Employer survey — joins on state/industry/size. No ANZSCO occupation code available.,
Table 14,14,"Reasons for choosing main provider for nationally recognised training, timeseries (% of all employers using nationally recognised training)",Overall,They were more cost effective,Other external providers used for nationally recognised training,2005,14.1,14.1*,reported,True,pct,overall,False,Employer survey — joins on state/industry/size. No ANZSCO occupation code available.,False
Table 14,14,"Reasons for choosing main provider for nationally recognised training, timeseries (% of all employers using nationally recognised training)",Overall,They were more cost effective,Other external providers used for nationally recognised training,2007,8.1,8.1*,reported,True,pct,overall,False,Employer survey — joins on state/industry/size. No ANZSCO occupation code available.,False
Table 14,14,"Reasons for choosing main provider for nationally recognised training, timeseries (% of all employers using nationally recognised training)",Overall,They were more cost effective,Other external providers used for nationally recognised training,2009,10.9,10.9*,reported,True,pct,overall,False,Employer survey — joins on state/industry/size. No ANZSCO occupation code available.,False
Table 14,14,"Reasons for choosing main provider for nationally recognised training, timeseries (% of all employers using nationally recognised training)",Overall,They were more cost effective,Other external providers used for nationally recognised training,2013,9.8,9.8*,reported,True,pct,overall,False,Employer survey — joins on state/industry/size. No ANZSCO occupation code available.,False
Table 14,14,"Reasons for choosing main provider for nationally recognised training, timeseries (% of all employers using nationally recognised training)",Overall,They were more cost effective,Other external providers used for nationally recognised training,2015,4.2,4.2*,reported,True,pct,overall,False,Employer survey — joins on state/industry/size. No ANZSCO occupation code available.,False
Table 14,14,"Reasons for choosing main provider for nationally recognised training, timeseries (% of all employers using nationally recognised training)",Overall,They were more cost effective,Other external providers used for nationally recognised training,2019,2.4,2.4,reported,False,pct,overall,False,Employer survey — joins on state/industry/size. No ANZSCO occupation code available.,False
Table 14,14,"Reasons for choosing main provider for nationally recognised training, timeseries (% of all employers using nationally recognised training)",Overall,They were more cost effective,Other external providers used for nationally recognised training,2023,14.2,14.2*,reported,True,pct,overall,False,Employer survey — joins on state/industry/size. No ANZSCO occupation code available.,False
Table 14,14,"Reasons for choosing main provider for nationally recognised training, timeseries (% of all employers using nationally recognised training)",Overall,They were more cost effective,Other external providers used for nationally recognised training,2025,6.8,6.8*,reported,True,pct,overall,False,Employer survey — joins on state/industry/size. No ANZSCO occupation code available.,False
Table 14,14,"Reasons for choosing main provider for nationally recognised training, timeseries (% of all employers using nationally recognised training)",Overall,They were more cost effective,Other external providers used for nationally recognised training,2017,,np,not_publishable,False,pct,overall,False,Employer survey — joins on state/industry/size. No ANZSCO occupation code available.,
Table 14,14,"Reasons for choosing main provider for nationally recognised training, timeseries (% of all employers using nationally recognised training)",Overall,They were more cost effective,Other external providers used for nationally recognised training,2011,,na,not_available,False,pct,overall,False,Employer survey — joins on state/industry/size. No ANZSCO occupation code available.,
Table 14,14,"Reasons for choosing main provider for nationally recognised training, timeseries (% of all employers using nationally recognised training)",Overall,They were more cost effective,Other external providers used for nationally recognised training,2021,,na,not_available,False,pct,overall,False,Employer survey — joins on state/industry/size. No ANZSCO occupation code available.,
Table 14,14,"Reasons for choosing main provider for nationally recognised training, timeseries (% of all employers using nationally recognised training)",Overall,They were more cost effective,Private training providers,2005,11.8,11.8,reported,False,pct,overall,False,Employer survey — joins on state/industry/size. No ANZSCO occupation code available.,False
Table 14,14,"Reasons for choosing main provider for nationally recognised training, timeseries (% of all employers using nationally recognised training)",Overall,They were more cost effective,Private training providers,2007,9.7,9.7*,reported,True,pct,overall,False,Employer survey — joins on state/industry/size. No ANZSCO occupation code available.,False
Table 14,14,"Reasons for choosing main provider for nationally recognised training, timeseries (% of all employers using nationally recognised training)",Overall,They were more cost effective,Private training providers,2009,5.8,5.8*,reported,True,pct,overall,False,Employer survey — joins on state/industry/size. No ANZSCO occupation code available.,False
Table 14,14,"Reasons for choosing main provider for nationally recognised training, timeseries (% of all employers using nationally recognised training)",Overall,They were more cost effective,Private training providers,2013,9.4,9.4,reported,False,pct,overall,False,Employer survey — joins on state/industry/size. No ANZSCO occupation code available.,False
Table 14,14,"Reasons for choosing main provider for nationally recognised training, timeseries (% of all employers using nationally recognised training)",Overall,They were more cost effective,Private training providers,2015,17.5,17.5,reported,False,pct,overall,False,Employer survey — joins on state/industry/size. No ANZSCO occupation code available.,False
Table 14,14,"Reasons for choosing main provider for nationally recognised training, timeseries (% of all employers using nationally recognised training)",Overall,They were more cost effective,Private training providers,2017,10.6,10.6,reported,False,pct,overall,False,Employer survey — joins on state/industry/size. No ANZSCO occupation code available.,False
Table 14,14,"Reasons for choosing main provider for nationally recognised training, timeseries (% of all employers using nationally recognised training)",Overall,They were more cost effective,Private training providers,2019,16.2,16.2,reported,False,pct,overall,False,Employer survey — joins on state/industry/size. No ANZSCO occupation code available.,False
Table 14,14,"Reasons for choosing main provider for nationally recognised training, timeseries (% of all employers using nationally recognised training)",Overall,They were more cost effective,Private training providers,2023,15.7,15.7,reported,False,pct,overall,False,Employer survey — joins on state/industry/size. No ANZSCO occupation code available.,False
Table 14,14,"Reasons for choosing main provider for nationally recognised training, timeseries (% of all employers using nationally recognised training)",Overall,They were more cost effective,Private training providers,2025,11.7,11.7,reported,False,pct,overall,False,Employer survey — joins on state/industry/size. No ANZSCO occupation code available.,False
Table 14,14,"Reasons for choosing main provider for nationally recognised training, timeseries (% of all employers using nationally recognised training)",Overall,They were more cost effective,Private training providers,2011,,na,not_available,False,pct,overall,False,Employer survey — joins on state/industry/size. No ANZSCO occupation code available.,
Table 14,14,"Reasons for choosing main provider for nationally recognised training, timeseries (% of all employers using nationally recognised training)",Overall,They were more cost effective,Private training providers,2021,,na,not_available,False,pct,overall,False,Employer survey — joins on state/industry/size. No ANZSCO occupation code available.,
Table 14,14,"Reasons for choosing main provider for nationally recognised training, timeseries (% of all employers using nationally recognised training)",Overall,They were more cost effective,Professional or industry associations,2005,5.1,5.1*,reported,True,pct,overall,False,Employer survey — joins on state/industry/size. No ANZSCO occupation code available.,False
Table 14,14,"Reasons for choosing main provider for nationally recognised training, timeseries (% of all employers using nationally recognised training)",Overall,They were more cost effective,Professional or industry associations,2007,9.2,9.2*,reported,True,pct,overall,False,Employer survey — joins on state/industry/size. No ANZSCO occupation code available.,False
Table 14,14,"Reasons for choosing main provider for nationally recognised training, timeseries (% of all employers using nationally recognised training)",Overall,They were more cost effective,Professional or industry associations,2009,3.0,3.0*,reported,True,pct,overall,False,Employer survey — joins on state/industry/size. No ANZSCO occupation code available.,False
Table 14,14,"Reasons for choosing main provider for nationally recognised training, timeseries (% of all employers using nationally recognised training)",Overall,They were more cost effective,Professional or industry associations,2013,10.8,10.8*,reported,True,pct,overall,False,Employer survey — joins on state/industry/size. No ANZSCO occupation code available.,False
Table 14,14,"Reasons for choosing main provider for nationally recognised training, timeseries (% of all employers using nationally recognised training)",Overall,They were more cost effective,Professional or industry associations,2015,6.3,6.3*,reported,True,pct,overall,False,Employer survey — joins on state/industry/size. No ANZSCO occupation code available.,False
Table 14,14,"Reasons for choosing main provider for nationally recognised training, timeseries (% of all employers using nationally recognised training)",Overall,They were more cost effective,Professional or industry associations,2017,3.9,3.9*,reported,True,pct,overall,False,Employer survey — joins on state/industry/size. No ANZSCO occupation code available.,False
Table 14,14,"Reasons for choosing main provider for nationally recognised training, timeseries (% of all employers using nationally recognised training)",Overall,They were more cost effective,Professional or industry associations,2019,10.0,10,reported,False,pct,overall,False,Employer survey — joins on state/industry/size. No ANZSCO occupation code available.,False
Table 14,14,"Reasons for choosing main provider for nationally recognised training, timeseries (% of all employers using nationally recognised training)",Overall,They were more cost effective,Professional or industry associations,2023,9.1,9.1,reported,False,pct,overall,False,Employer survey — joins on state/industry/size. No ANZSCO occupation code available.,False
Table 14,14,"Reasons for choosing main provider for nationally recognised training, timeseries (% of all employers using nationally recognised training)",Overall,They were more cost effective,Professional or industry associations,2025,11.1,11.1,reported,False,pct,overall,False,Employer survey — joins on state/industry/size. No ANZSCO occupation code available.,False
Table 14,14,"Reasons for choosing main provider for nationally recognised training, timeseries (% of all employers using nationally recognised training)",Overall,They were more cost effective,Professional or industry associations,2011,,na,not_available,False,pct,overall,False,Employer survey — joins on state/industry/size. No ANZSCO occupation code available.,
Table 14,14,"Reasons for choosing main provider for nationally recognised training, timeseries (% of all employers using nationally recognised training)",Overall,They were more cost effective,Professional or industry associations,2021,,na,not_available,False,pct,overall,False,Employer survey — joins on state/industry/size. No ANZSCO occupation code available.,
Table 14,14,"Reasons for choosing main provider for nationally recognised training, timeseries (% of all employers using nationally recognised training)",Overall,They were more cost effective,TAFE institutes,2005,6.5,6.5*,reported,True,pct,overall,False,Employer survey — joins on state/industry/size. No ANZSCO occupation code available.,False
Table 14,14,"Reasons for choosing main provider for nationally recognised training, timeseries (% of all employers using nationally recognised training)",Overall,They were more cost effective,TAFE institutes,2007,9.5,9.5*,reported,True,pct,overall,False,Employer survey — joins on state/industry/size. No ANZSCO occupation code available.,False
Table 14,14,"Reasons for choosing main provider for nationally recognised training, timeseries (% of all employers using nationally recognised training)",Overall,They were more cost effective,TAFE institutes,2009,8.6,8.6*,reported,True,pct,overall,False,Employer survey — joins on state/industry/size. No ANZSCO occupation code available.,False
Table 14,14,"Reasons for choosing main provider for nationally recognised training, timeseries (% of all employers using nationally recognised training)",Overall,They were more cost effective,TAFE institutes,2013,10.1,10.1*,reported,True,pct,overall,False,Employer survey — joins on state/industry/size. No ANZSCO occupation code available.,False
Table 14,14,"Reasons for choosing main provider for nationally recognised training, timeseries (% of all employers using nationally recognised training)",Overall,They were more cost effective,TAFE institutes,2015,10.9,10.9*,reported,True,pct,overall,False,Employer survey — joins on state/industry/size. No ANZSCO occupation code available.,False
Table 14,14,"Reasons for choosing main provider for nationally recognised training, timeseries (% of all employers using nationally recognised training)",Overall,They were more cost effective,TAFE institutes,2017,13.7,13.7*,reported,True,pct,overall,False,Employer survey — joins on state/industry/size. No ANZSCO occupation code available.,False
Table 14,14,"Reasons for choosing main provider for nationally recognised training, timeseries (% of all employers using nationally recognised training)",Overall,They were more cost effective,TAFE institutes,2019,16.4,16.4,reported,False,pct,overall,False,Employer survey — joins on state/industry/size. No ANZSCO occupation code available.,False
Table 14,14,"Reasons for choosing main provider for nationally recognised training, timeseries (% of all employers using nationally recognised training)",Overall,They were more cost effective,TAFE institutes,2023,14.4,14.4,reported,False,pct,overall,False,Employer survey — joins on state/industry/size. No ANZSCO occupation code available.,False
Table 14,14,"Reasons for choosing main provider for nationally recognised training, timeseries (% of all employers using nationally recognised training)",Overall,They were more cost effective,TAFE institutes,2025,3.0,3,reported,False,pct,overall,False,Employer survey — joins on state/industry/size. No ANZSCO occupation code available.,False
Table 14,14,"Reasons for choosing main provider for nationally recognised training, timeseries (% of all employers using nationally recognised training)",Overall,They were more cost effective,TAFE institutes,2011,,na,not_available,False,pct,overall,False,Employer survey — joins on state/industry/size. No ANZSCO occupation code available.,
Table 14,14,"Reasons for choosing main provider for nationally recognised training, timeseries (% of all employers using nationally recognised training)",Overall,They were more cost effective,TAFE institutes,2021,,na,not_available,False,pct,overall,False,Employer survey — joins on state/industry/size. No ANZSCO occupation code available.,
Table 14,14,"Reasons for choosing main provider for nationally recognised training, timeseries (% of all employers using nationally recognised training)",Overall,They were more cost effective,Universities,2005,1.8,1.8*,reported,True,pct,overall,False,Employer survey — joins on state/industry/size. No ANZSCO occupation code available.,False
Table 14,14,"Reasons for choosing main provider for nationally recognised training, timeseries (% of all employers using nationally recognised training)",Overall,They were more cost effective,Universities,2009,0.0,0,reported,False,pct,overall,False,Employer survey — joins on state/industry/size. No ANZSCO occupation code available.,False
Table 14,14,"Reasons for choosing main provider for nationally recognised training, timeseries (% of all employers using nationally recognised training)",Overall,They were more cost effective,Universities,2019,0.9,0.9,reported,False,pct,overall,False,Employer survey — joins on state/industry/size. No ANZSCO occupation code available.,False
Table 14,14,"Reasons for choosing main provider for nationally recognised training, timeseries (% of all employers using nationally recognised training)",Overall,They were more cost effective,Universities,2023,4.9,4.9,reported,False,pct,overall,False,Employer survey — joins on state/industry/size. No ANZSCO occupation code available.,False
Table 14,14,"Reasons for choosing main provider for nationally recognised training, timeseries (% of all employers using nationally recognised training)",Overall,They were more cost effective,Universities,2025,8.7,8.7*,reported,True,pct,overall,False,Employer survey — joins on state/industry/size. No ANZSCO occupation code available.,False
Table 14,14,"Reasons for choosing main provider for nationally recognised training, timeseries (% of all employers using nationally recognised training)",Overall,They were more cost effective,Universities,2007,,np,not_publishable,False,pct,overall,False,Employer survey — joins on state/industry/size. No ANZSCO occupation code available.,
Table 14,14,"Reasons for choosing main provider for nationally recognised training, timeseries (% of all employers using nationally recognised training)",Overall,They were more cost effective,Universities,2013,,np,not_publishable,False,pct,overall,False,Employer survey — joins on state/industry/size. No ANZSCO occupation code available.,
Table 14,14,"Reasons for choosing main provider for nationally recognised training, timeseries (% of all employers using nationally recognised training)",Overall,They were more cost effective,Universities,2015,,np,not_publishable,False,pct,overall,False,Employer survey — joins on state/industry/size. No ANZSCO occupation code available.,
Table 14,14,"Reasons for choosing main provider for nationally recognised training, timeseries (% of all employers using nationally recognised training)",Overall,They were more cost effective,Universities,2017,,np,not_publishable,False,pct,overall,False,Employer survey — joins on state/industry/size. No ANZSCO occupation code available.,
Table 14,14,"Reasons for choosing main provider for nationally recognised training, timeseries (% of all employers using nationally recognised training)",Overall,They were more cost effective,Universities,2011,,na,not_available,False,pct,overall,False,Employer survey — joins on state/industry/size. No ANZSCO occupation code available.,
Table 14,14,"Reasons for choosing main provider for nationally recognised training, timeseries (% of all employers using nationally recognised training)",Overall,They were more cost effective,Universities,2021,,na,not_available,False,pct,overall,False,Employer survey — joins on state/industry/size. No ANZSCO occupation code available.,
Table 14,14,"Reasons for choosing main provider for nationally recognised training, timeseries (% of all employers using nationally recognised training)",Overall,They were specialists with a high level of industry knowledge,Other external providers used for nationally recognised training,2005,9.4,9.4*,reported,True,pct,overall,False,Employer survey — joins on state/industry/size. No ANZSCO occupation code available.,False
Table 14,14,"Reasons for choosing main provider for nationally recognised training, timeseries (% of all employers using nationally recognised training)",Overall,They were specialists with a high level of industry knowledge,Other external providers used for nationally recognised training,2007,26.7,26.7*,reported,True,pct,overall,False,Employer survey — joins on state/industry/size. No ANZSCO occupation code available.,False
Table 14,14,"Reasons for choosing main provider for nationally recognised training, timeseries (% of all employers using nationally recognised training)",Overall,They were specialists with a high level of industry knowledge,Other external providers used for nationally recognised training,2009,21.6,21.6*,reported,True,pct,overall,False,Employer survey — joins on state/industry/size. No ANZSCO occupation code available.,False
Table 14,14,"Reasons for choosing main provider for nationally recognised training, timeseries (% of all employers using nationally recognised training)",Overall,They were specialists with a high level of industry knowledge,Other external providers used for nationally recognised training,2013,21.6,21.6*,reported,True,pct,overall,False,Employer survey — joins on state/industry/size. No ANZSCO occupation code available.,False
Table 14,14,"Reasons for choosing main provider for nationally recognised training, timeseries (% of all employers using nationally recognised training)",Overall,They were specialists with a high level of industry knowledge,Other external providers used for nationally recognised training,2015,13.4,13.4*,reported,True,pct,overall,False,Employer survey — joins on state/industry/size. No ANZSCO occupation code available.,False
Table 14,14,"Reasons for choosing main provider for nationally recognised training, timeseries (% of all employers using nationally recognised training)",Overall,They were specialists with a high level of industry knowledge,Other external providers used for nationally recognised training,2017,45.6,45.6*,reported,True,pct,overall,False,Employer survey — joins on state/industry/size. No ANZSCO occupation code available.,False
Table 14,14,"Reasons for choosing main provider for nationally recognised training, timeseries (% of all employers using nationally recognised training)",Overall,They were specialists with a high level of industry knowledge,Other external providers used for nationally recognised training,2019,35.2,35.2*,reported,True,pct,overall,False,Employer survey — joins on state/industry/size. No ANZSCO occupation code available.,False
Table 14,14,"Reasons for choosing main provider for nationally recognised training, timeseries (% of all employers using nationally recognised training)",Overall,They were specialists with a high level of industry knowledge,Other external providers used for nationally recognised training,2023,49.4,49.4*,reported,True,pct,overall,False,Employer survey — joins on state/industry/size. No ANZSCO occupation code available.,False
Table 14,14,"Reasons for choosing main provider for nationally recognised training, timeseries (% of all employers using nationally recognised training)",Overall,They were specialists with a high level of industry knowledge,Other external providers used for nationally recognised training,2025,22.6,22.6*,reported,True,pct,overall,False,Employer survey — joins on state/industry/size. No ANZSCO occupation code available.,False
Table 14,14,"Reasons for choosing main provider for nationally recognised training, timeseries (% of all employers using nationally recognised training)",Overall,They were specialists with a high level of industry knowledge,Other external providers used for nationally recognised training,2011,,na,not_available,False,pct,overall,False,Employer survey — joins on state/industry/size. No ANZSCO occupation code available.,
Table 14,14,"Reasons for choosing main provider for nationally recognised training, timeseries (% of all employers using nationally recognised training)",Overall,They were specialists with a high level of industry knowledge,Other external providers used for nationally recognised training,2021,,na,not_available,False,pct,overall,False,Employer survey — joins on state/industry/size. No ANZSCO occupation code available.,
Table 14,14,"Reasons for choosing main provider for nationally recognised training, timeseries (% of all employers using nationally recognised training)",Overall,They were specialists with a high level of industry knowledge,Private training providers,2005,18.0,18,reported,False,pct,overall,False,Employer survey — joins on state/industry/size. No ANZSCO occupation code available.,False
Table 14,14,"Reasons for choosing main provider for nationally recognised training, timeseries (% of all employers using nationally recognised training)",Overall,They were specialists with a high level of industry knowledge,Private training providers,2007,12.5,12.5*,reported,True,pct,overall,False,Employer survey — joins on state/industry/size. No ANZSCO occupation code available.,False
Table 14,14,"Reasons for choosing main provider for nationally recognised training, timeseries (% of all employers using nationally recognised training)",Overall,They were specialists with a high level of industry knowledge,Private training providers,2009,17.8,17.8,reported,False,pct,overall,False,Employer survey — joins on state/industry/size. No ANZSCO occupation code available.,False
Table 14,14,"Reasons for choosing main provider for nationally recognised training, timeseries (% of all employers using nationally recognised training)",Overall,They were specialists with a high level of industry knowledge,Private training providers,2013,14.8,14.8,reported,False,pct,overall,False,Employer survey — joins on state/industry/size. No ANZSCO occupation code available.,False
Table 14,14,"Reasons for choosing main provider for nationally recognised training, timeseries (% of all employers using nationally recognised training)",Overall,They were specialists with a high level of industry knowledge,Private training providers,2015,6.3,6.3*,reported,True,pct,overall,False,Employer survey — joins on state/industry/size. No ANZSCO occupation code available.,False
Table 14,14,"Reasons for choosing main provider for nationally recognised training, timeseries (% of all employers using nationally recognised training)",Overall,They were specialists with a high level of industry knowledge,Private training providers,2017,16.6,16.6,reported,False,pct,overall,False,Employer survey — joins on state/industry/size. No ANZSCO occupation code available.,False
Table 14,14,"Reasons for choosing main provider for nationally recognised training, timeseries (% of all employers using nationally recognised training)",Overall,They were specialists with a high level of industry knowledge,Private training providers,2019,21.7,21.7,reported,False,pct,overall,False,Employer survey — joins on state/industry/size. No ANZSCO occupation code available.,False
Table 14,14,"Reasons for choosing main provider for nationally recognised training, timeseries (% of all employers using nationally recognised training)",Overall,They were specialists with a high level of industry knowledge,Private training providers,2023,11.3,11.3,reported,False,pct,overall,False,Employer survey — joins on state/industry/size. No ANZSCO occupation code available.,False
Table 14,14,"Reasons for choosing main provider for nationally recognised training, timeseries (% of all employers using nationally recognised training)",Overall,They were specialists with a high level of industry knowledge,Private training providers,2025,15.3,15.3,reported,False,pct,overall,False,Employer survey — joins on state/industry/size. No ANZSCO occupation code available.,False
Table 14,14,"Reasons for choosing main provider for nationally recognised training, timeseries (% of all employers using nationally recognised training)",Overall,They were specialists with a high level of industry knowledge,Private training providers,2011,,na,not_available,False,pct,overall,False,Employer survey — joins on state/industry/size. No ANZSCO occupation code available.,
Table 14,14,"Reasons for choosing main provider for nationally recognised training, timeseries (% of all employers using nationally recognised training)",Overall,They were specialists with a high level of industry knowledge,Private training providers,2021,,na,not_available,False,pct,overall,False,Employer survey — joins on state/industry/size. No ANZSCO occupation code available.,
Table 14,14,"Reasons for choosing main provider for nationally recognised training, timeseries (% of all employers using nationally recognised training)",Overall,They were specialists with a high level of industry knowledge,Professional or industry associations,2005,28.2,28.2,reported,False,pct,overall,False,Employer survey — joins on state/industry/size. No ANZSCO occupation code available.,False
Table 14,14,"Reasons for choosing main provider for nationally recognised training, timeseries (% of all employers using nationally recognised training)",Overall,They were specialists with a high level of industry knowledge,Professional or industry associations,2007,29.0,29,reported,False,pct,overall,False,Employer survey — joins on state/industry/size. No ANZSCO occupation code available.,False
Table 14,14,"Reasons for choosing main provider for nationally recognised training, timeseries (% of all employers using nationally recognised training)",Overall,They were specialists with a high level of industry knowledge,Professional or industry associations,2009,40.0,40,reported,False,pct,overall,False,Employer survey — joins on state/industry/size. No ANZSCO occupation code available.,False
Table 14,14,"Reasons for choosing main provider for nationally recognised training, timeseries (% of all employers using nationally recognised training)",Overall,They were specialists with a high level of industry knowledge,Professional or industry associations,2013,28.8,28.8,reported,False,pct,overall,False,Employer survey — joins on state/industry/size. No ANZSCO occupation code available.,False
Table 14,14,"Reasons for choosing main provider for nationally recognised training, timeseries (% of all employers using nationally recognised training)",Overall,They were specialists with a high level of industry knowledge,Professional or industry associations,2015,31.7,31.7,reported,False,pct,overall,False,Employer survey — joins on state/industry/size. No ANZSCO occupation code available.,False
Table 14,14,"Reasons for choosing main provider for nationally recognised training, timeseries (% of all employers using nationally recognised training)",Overall,They were specialists with a high level of industry knowledge,Professional or industry associations,2017,35.4,35.4,reported,False,pct,overall,False,Employer survey — joins on state/industry/size. No ANZSCO occupation code available.,False
Table 14,14,"Reasons for choosing main provider for nationally recognised training, timeseries (% of all employers using nationally recognised training)",Overall,They were specialists with a high level of industry knowledge,Professional or industry associations,2019,31.8,31.8*,reported,True,pct,overall,False,Employer survey — joins on state/industry/size. No ANZSCO occupation code available.,False
Table 14,14,"Reasons for choosing main provider for nationally recognised training, timeseries (% of all employers using nationally recognised training)",Overall,They were specialists with a high level of industry knowledge,Professional or industry associations,2023,47.5,47.5,reported,False,pct,overall,False,Employer survey — joins on state/industry/size. No ANZSCO occupation code available.,False
Table 14,14,"Reasons for choosing main provider for nationally recognised training, timeseries (% of all employers using nationally recognised training)",Overall,They were specialists with a high level of industry knowledge,Professional or industry associations,2025,38.7,38.7*,reported,True,pct,overall,False,Employer survey — joins on state/industry/size. No ANZSCO occupation code available.,False
Table 14,14,"Reasons for choosing main provider for nationally recognised training, timeseries (% of all employers using nationally recognised training)",Overall,They were specialists with a high level of industry knowledge,Professional or industry associations,2011,,na,not_available,False,pct,overall,False,Employer survey — joins on state/industry/size. No ANZSCO occupation code available.,
Table 14,14,"Reasons for choosing main provider for nationally recognised training, timeseries (% of all employers using nationally recognised training)",Overall,They were specialists with a high level of industry knowledge,Professional or industry associations,2021,,na,not_available,False,pct,overall,False,Employer survey — joins on state/industry/size. No ANZSCO occupation code available.,
Table 14,14,"Reasons for choosing main provider for nationally recognised training, timeseries (% of all employers using nationally recognised training)",Overall,They were specialists with a high level of industry knowledge,TAFE institutes,2005,8.3,8.3*,reported,True,pct,overall,False,Employer survey — joins on state/industry/size. No ANZSCO occupation code available.,False
Table 14,14,"Reasons for choosing main provider for nationally recognised training, timeseries (% of all employers using nationally recognised training)",Overall,They were specialists with a high level of industry knowledge,TAFE institutes,2007,6.8,6.8*,reported,True,pct,overall,False,Employer survey — joins on state/industry/size. No ANZSCO occupation code available.,False
Table 14,14,"Reasons for choosing main provider for nationally recognised training, timeseries (% of all employers using nationally recognised training)",Overall,They were specialists with a high level of industry knowledge,TAFE institutes,2009,5.7,5.7*,reported,True,pct,overall,False,Employer survey — joins on state/industry/size. No ANZSCO occupation code available.,False
Table 14,14,"Reasons for choosing main provider for nationally recognised training, timeseries (% of all employers using nationally recognised training)",Overall,They were specialists with a high level of industry knowledge,TAFE institutes,2013,4.4,4.4*,reported,True,pct,overall,False,Employer survey — joins on state/industry/size. No ANZSCO occupation code available.,False
Table 14,14,"Reasons for choosing main provider for nationally recognised training, timeseries (% of all employers using nationally recognised training)",Overall,They were specialists with a high level of industry knowledge,TAFE institutes,2015,2.6,2.6*,reported,True,pct,overall,False,Employer survey — joins on state/industry/size. No ANZSCO occupation code available.,False
Table 14,14,"Reasons for choosing main provider for nationally recognised training, timeseries (% of all employers using nationally recognised training)",Overall,They were specialists with a high level of industry knowledge,TAFE institutes,2017,9.3,9.3*,reported,True,pct,overall,False,Employer survey — joins on state/industry/size. No ANZSCO occupation code available.,False
Table 14,14,"Reasons for choosing main provider for nationally recognised training, timeseries (% of all employers using nationally recognised training)",Overall,They were specialists with a high level of industry knowledge,TAFE institutes,2019,13.3,13.3,reported,False,pct,overall,False,Employer survey — joins on state/industry/size. No ANZSCO occupation code available.,False
Table 14,14,"Reasons for choosing main provider for nationally recognised training, timeseries (% of all employers using nationally recognised training)",Overall,They were specialists with a high level of industry knowledge,TAFE institutes,2023,9.3,9.3,reported,False,pct,overall,False,Employer survey — joins on state/industry/size. No ANZSCO occupation code available.,False
Table 14,14,"Reasons for choosing main provider for nationally recognised training, timeseries (% of all employers using nationally recognised training)",Overall,They were specialists with a high level of industry knowledge,TAFE institutes,2025,11.4,11.4,reported,False,pct,overall,False,Employer survey — joins on state/industry/size. No ANZSCO occupation code available.,False
Table 14,14,"Reasons for choosing main provider for nationally recognised training, timeseries (% of all employers using nationally recognised training)",Overall,They were specialists with a high level of industry knowledge,TAFE institutes,2011,,na,not_available,False,pct,overall,False,Employer survey — joins on state/industry/size. No ANZSCO occupation code available.,
Table 14,14,"Reasons for choosing main provider for nationally recognised training, timeseries (% of all employers using nationally recognised training)",Overall,They were specialists with a high level of industry knowledge,TAFE institutes,2021,,na,not_available,False,pct,overall,False,Employer survey — joins on state/industry/size. No ANZSCO occupation code available.,
Table 14,14,"Reasons for choosing main provider for nationally recognised training, timeseries (% of all employers using nationally recognised training)",Overall,They were specialists with a high level of industry knowledge,Universities,2005,9.2,9.2*,reported,True,pct,overall,False,Employer survey — joins on state/industry/size. No ANZSCO occupation code available.,False
Table 14,14,"Reasons for choosing main provider for nationally recognised training, timeseries (% of all employers using nationally recognised training)",Overall,They were specialists with a high level of industry knowledge,Universities,2007,8.4,8.4*,reported,True,pct,overall,False,Employer survey — joins on state/industry/size. No ANZSCO occupation code available.,False
Table 14,14,"Reasons for choosing main provider for nationally recognised training, timeseries (% of all employers using nationally recognised training)",Overall,They were specialists with a high level of industry knowledge,Universities,2009,26.3,26.3*,reported,True,pct,overall,False,Employer survey — joins on state/industry/size. No ANZSCO occupation code available.,False
Table 14,14,"Reasons for choosing main provider for nationally recognised training, timeseries (% of all employers using nationally recognised training)",Overall,They were specialists with a high level of industry knowledge,Universities,2015,3.6,3.6*,reported,True,pct,overall,False,Employer survey — joins on state/industry/size. No ANZSCO occupation code available.,False
Table 14,14,"Reasons for choosing main provider for nationally recognised training, timeseries (% of all employers using nationally recognised training)",Overall,They were specialists with a high level of industry knowledge,Universities,2017,10.2,10.2*,reported,True,pct,overall,False,Employer survey — joins on state/industry/size. No ANZSCO occupation code available.,False
Table 14,14,"Reasons for choosing main provider for nationally recognised training, timeseries (% of all employers using nationally recognised training)",Overall,They were specialists with a high level of industry knowledge,Universities,2019,18.7,18.7*,reported,True,pct,overall,False,Employer survey — joins on state/industry/size. No ANZSCO occupation code available.,False
Table 14,14,"Reasons for choosing main provider for nationally recognised training, timeseries (% of all employers using nationally recognised training)",Overall,They were specialists with a high level of industry knowledge,Universities,2023,23.1,23.1*,reported,True,pct,overall,False,Employer survey — joins on state/industry/size. No ANZSCO occupation code available.,False
Table 14,14,"Reasons for choosing main provider for nationally recognised training, timeseries (% of all employers using nationally recognised training)",Overall,They were specialists with a high level of industry knowledge,Universities,2025,5.4,5.4,reported,False,pct,overall,False,Employer survey — joins on state/industry/size. No ANZSCO occupation code available.,False
Table 14,14,"Reasons for choosing main provider for nationally recognised training, timeseries (% of all employers using nationally recognised training)",Overall,They were specialists with a high level of industry knowledge,Universities,2013,,np,not_publishable,False,pct,overall,False,Employer survey — joins on state/industry/size. No ANZSCO occupation code available.,
Table 14,14,"Reasons for choosing main provider for nationally recognised training, timeseries (% of all employers using nationally recognised training)",Overall,They were specialists with a high level of industry knowledge,Universities,2011,,na,not_available,False,pct,overall,False,Employer survey — joins on state/industry/size. No ANZSCO occupation code available.,
Table 14,14,"Reasons for choosing main provider for nationally recognised training, timeseries (% of all employers using nationally recognised training)",Overall,They were specialists with a high level of industry knowledge,Universities,2021,,na,not_available,False,pct,overall,False,Employer survey — joins on state/industry/size. No ANZSCO occupation code available.,
Table 14,14,"Reasons for choosing main provider for nationally recognised training, timeseries (% of all employers using nationally recognised training)",Overall,They were the only suitable provider available,Other external providers used for nationally recognised training,2005,48.4,48.4,reported,False,pct,overall,False,Employer survey — joins on state/industry/size. No ANZSCO occupation code available.,False
Table 14,14,"Reasons for choosing main provider for nationally recognised training, timeseries (% of all employers using nationally recognised training)",Overall,They were the only suitable provider available,Other external providers used for nationally recognised training,2007,24.2,24.2*,reported,True,pct,overall,False,Employer survey — joins on state/industry/size. No ANZSCO occupation code available.,False
Table 14,14,"Reasons for choosing main provider for nationally recognised training, timeseries (% of all employers using nationally recognised training)",Overall,They were the only suitable provider available,Other external providers used for nationally recognised training,2009,31.1,31.1,reported,False,pct,overall,False,Employer survey — joins on state/industry/size. No ANZSCO occupation code available.,False
Table 14,14,"Reasons for choosing main provider for nationally recognised training, timeseries (% of all employers using nationally recognised training)",Overall,They were the only suitable provider available,Other external providers used for nationally recognised training,2013,18.4,18.4*,reported,True,pct,overall,False,Employer survey — joins on state/industry/size. No ANZSCO occupation code available.,False
Table 14,14,"Reasons for choosing main provider for nationally recognised training, timeseries (% of all employers using nationally recognised training)",Overall,They were the only suitable provider available,Other external providers used for nationally recognised training,2015,21.9,21.9*,reported,True,pct,overall,False,Employer survey — joins on state/industry/size. No ANZSCO occupation code available.,False
Table 14,14,"Reasons for choosing main provider for nationally recognised training, timeseries (% of all employers using nationally recognised training)",Overall,They were the only suitable provider available,Other external providers used for nationally recognised training,2019,19.9,19.9*,reported,True,pct,overall,False,Employer survey — joins on state/industry/size. No ANZSCO occupation code available.,False
Table 14,14,"Reasons for choosing main provider for nationally recognised training, timeseries (% of all employers using nationally recognised training)",Overall,They were the only suitable provider available,Other external providers used for nationally recognised training,2023,28.7,28.7*,reported,True,pct,overall,False,Employer survey — joins on state/industry/size. No ANZSCO occupation code available.,False
Table 14,14,"Reasons for choosing main provider for nationally recognised training, timeseries (% of all employers using nationally recognised training)",Overall,They were the only suitable provider available,Other external providers used for nationally recognised training,2025,17.5,17.5*,reported,True,pct,overall,False,Employer survey — joins on state/industry/size. No ANZSCO occupation code available.,False
Table 14,14,"Reasons for choosing main provider for nationally recognised training, timeseries (% of all employers using nationally recognised training)",Overall,They were the only suitable provider available,Other external providers used for nationally recognised training,2017,,np,not_publishable,False,pct,overall,False,Employer survey — joins on state/industry/size. No ANZSCO occupation code available.,
Table 14,14,"Reasons for choosing main provider for nationally recognised training, timeseries (% of all employers using nationally recognised training)",Overall,They were the only suitable provider available,Other external providers used for nationally recognised training,2011,,na,not_available,False,pct,overall,False,Employer survey — joins on state/industry/size. No ANZSCO occupation code available.,
Table 14,14,"Reasons for choosing main provider for nationally recognised training, timeseries (% of all employers using nationally recognised training)",Overall,They were the only suitable provider available,Other external providers used for nationally recognised training,2021,,na,not_available,False,pct,overall,False,Employer survey — joins on state/industry/size. No ANZSCO occupation code available.,
Table 14,14,"Reasons for choosing main provider for nationally recognised training, timeseries (% of all employers using nationally recognised training)",Overall,They were the only suitable provider available,Private training providers,2005,31.8,31.8,reported,False,pct,overall,False,Employer survey — joins on state/industry/size. No ANZSCO occupation code available.,False
Table 14,14,"Reasons for choosing main provider for nationally recognised training, timeseries (% of all employers using nationally recognised training)",Overall,They were the only suitable provider available,Private training providers,2007,29.5,29.5,reported,False,pct,overall,False,Employer survey — joins on state/industry/size. No ANZSCO occupation code available.,False
Table 14,14,"Reasons for choosing main provider for nationally recognised training, timeseries (% of all employers using nationally recognised training)",Overall,They were the only suitable provider available,Private training providers,2009,25.9,25.9,reported,False,pct,overall,False,Employer survey — joins on state/industry/size. No ANZSCO occupation code available.,False
Table 14,14,"Reasons for choosing main provider for nationally recognised training, timeseries (% of all employers using nationally recognised training)",Overall,They were the only suitable provider available,Private training providers,2013,17.4,17.4,reported,False,pct,overall,False,Employer survey — joins on state/industry/size. No ANZSCO occupation code available.,False
Table 14,14,"Reasons for choosing main provider for nationally recognised training, timeseries (% of all employers using nationally recognised training)",Overall,They were the only suitable provider available,Private training providers,2015,17.5,17.5,reported,False,pct,overall,False,Employer survey — joins on state/industry/size. No ANZSCO occupation code available.,False
Table 14,14,"Reasons for choosing main provider for nationally recognised training, timeseries (% of all employers using nationally recognised training)",Overall,They were the only suitable provider available,Private training providers,2017,15.0,15,reported,False,pct,overall,False,Employer survey — joins on state/industry/size. No ANZSCO occupation code available.,False
Table 14,14,"Reasons for choosing main provider for nationally recognised training, timeseries (% of all employers using nationally recognised training)",Overall,They were the only suitable provider available,Private training providers,2019,14.3,14.3,reported,False,pct,overall,False,Employer survey — joins on state/industry/size. No ANZSCO occupation code available.,False
Table 14,14,"Reasons for choosing main provider for nationally recognised training, timeseries (% of all employers using nationally recognised training)",Overall,They were the only suitable provider available,Private training providers,2023,20.4,20.4,reported,False,pct,overall,False,Employer survey — joins on state/industry/size. No ANZSCO occupation code available.,False
Table 14,14,"Reasons for choosing main provider for nationally recognised training, timeseries (% of all employers using nationally recognised training)",Overall,They were the only suitable provider available,Private training providers,2025,19.6,19.6,reported,False,pct,overall,False,Employer survey — joins on state/industry/size. No ANZSCO occupation code available.,False
Table 14,14,"Reasons for choosing main provider for nationally recognised training, timeseries (% of all employers using nationally recognised training)",Overall,They were the only suitable provider available,Private training providers,2011,,na,not_available,False,pct,overall,False,Employer survey — joins on state/industry/size. No ANZSCO occupation code available.,
Table 14,14,"Reasons for choosing main provider for nationally recognised training, timeseries (% of all employers using nationally recognised training)",Overall,They were the only suitable provider available,Private training providers,2021,,na,not_available,False,pct,overall,False,Employer survey — joins on state/industry/size. No ANZSCO occupation code available.,
Table 14,14,"Reasons for choosing main provider for nationally recognised training, timeseries (% of all employers using nationally recognised training)",Overall,They were the only suitable provider available,Professional or industry associations,2005,25.5,25.5,reported,False,pct,overall,False,Employer survey — joins on state/industry/size. No ANZSCO occupation code available.,False
Table 14,14,"Reasons for choosing main provider for nationally recognised training, timeseries (% of all employers using nationally recognised training)",Overall,They were the only suitable provider available,Professional or industry associations,2007,38.6,38.6,reported,False,pct,overall,False,Employer survey — joins on state/industry/size. No ANZSCO occupation code available.,False
Table 14,14,"Reasons for choosing main provider for nationally recognised training, timeseries (% of all employers using nationally recognised training)",Overall,They were the only suitable provider available,Professional or industry associations,2009,22.3,22.3,reported,False,pct,overall,False,Employer survey — joins on state/industry/size. No ANZSCO occupation code available.,False
Table 14,14,"Reasons for choosing main provider for nationally recognised training, timeseries (% of all employers using nationally recognised training)",Overall,They were the only suitable provider available,Professional or industry associations,2013,18.8,18.8,reported,False,pct,overall,False,Employer survey — joins on state/industry/size. No ANZSCO occupation code available.,False
Table 14,14,"Reasons for choosing main provider for nationally recognised training, timeseries (% of all employers using nationally recognised training)",Overall,They were the only suitable provider available,Professional or industry associations,2015,20.0,20,reported,False,pct,overall,False,Employer survey — joins on state/industry/size. No ANZSCO occupation code available.,False
Table 14,14,"Reasons for choosing main provider for nationally recognised training, timeseries (% of all employers using nationally recognised training)",Overall,They were the only suitable provider available,Professional or industry associations,2017,25.2,25.2,reported,False,pct,overall,False,Employer survey — joins on state/industry/size. No ANZSCO occupation code available.,False
Table 14,14,"Reasons for choosing main provider for nationally recognised training, timeseries (% of all employers using nationally recognised training)",Overall,They were the only suitable provider available,Professional or industry associations,2019,20.6,20.6,reported,False,pct,overall,False,Employer survey — joins on state/industry/size. No ANZSCO occupation code available.,False
Table 14,14,"Reasons for choosing main provider for nationally recognised training, timeseries (% of all employers using nationally recognised training)",Overall,They were the only suitable provider available,Professional or industry associations,2023,24.2,24.2,reported,False,pct,overall,False,Employer survey — joins on state/industry/size. No ANZSCO occupation code available.,False
Table 14,14,"Reasons for choosing main provider for nationally recognised training, timeseries (% of all employers using nationally recognised training)",Overall,They were the only suitable provider available,Professional or industry associations,2025,27.8,27.8*,reported,True,pct,overall,False,Employer survey — joins on state/industry/size. No ANZSCO occupation code available.,False
Table 14,14,"Reasons for choosing main provider for nationally recognised training, timeseries (% of all employers using nationally recognised training)",Overall,They were the only suitable provider available,Professional or industry associations,2011,,na,not_available,False,pct,overall,False,Employer survey — joins on state/industry/size. No ANZSCO occupation code available.,
Table 14,14,"Reasons for choosing main provider for nationally recognised training, timeseries (% of all employers using nationally recognised training)",Overall,They were the only suitable provider available,Professional or industry associations,2021,,na,not_available,False,pct,overall,False,Employer survey — joins on state/industry/size. No ANZSCO occupation code available.,
Table 14,14,"Reasons for choosing main provider for nationally recognised training, timeseries (% of all employers using nationally recognised training)",Overall,They were the only suitable provider available,TAFE institutes,2005,36.0,36,reported,False,pct,overall,False,Employer survey — joins on state/industry/size. No ANZSCO occupation code available.,False
Table 14,14,"Reasons for choosing main provider for nationally recognised training, timeseries (% of all employers using nationally recognised training)",Overall,They were the only suitable provider available,TAFE institutes,2007,40.6,40.6,reported,False,pct,overall,False,Employer survey — joins on state/industry/size. No ANZSCO occupation code available.,False
Table 14,14,"Reasons for choosing main provider for nationally recognised training, timeseries (% of all employers using nationally recognised training)",Overall,They were the only suitable provider available,TAFE institutes,2009,36.1,36.1,reported,False,pct,overall,False,Employer survey — joins on state/industry/size. No ANZSCO occupation code available.,False
Table 14,14,"Reasons for choosing main provider for nationally recognised training, timeseries (% of all employers using nationally recognised training)",Overall,They were the only suitable provider available,TAFE institutes,2013,40.5,40.5,reported,False,pct,overall,False,Employer survey — joins on state/industry/size. No ANZSCO occupation code available.,False
Table 14,14,"Reasons for choosing main provider for nationally recognised training, timeseries (% of all employers using nationally recognised training)",Overall,They were the only suitable provider available,TAFE institutes,2015,23.8,23.8*,reported,True,pct,overall,False,Employer survey — joins on state/industry/size. No ANZSCO occupation code available.,False
Table 14,14,"Reasons for choosing main provider for nationally recognised training, timeseries (% of all employers using nationally recognised training)",Overall,They were the only suitable provider available,TAFE institutes,2017,35.7,35.7,reported,False,pct,overall,False,Employer survey — joins on state/industry/size. No ANZSCO occupation code available.,False
Table 14,14,"Reasons for choosing main provider for nationally recognised training, timeseries (% of all employers using nationally recognised training)",Overall,They were the only suitable provider available,TAFE institutes,2019,25.7,25.7*,reported,True,pct,overall,False,Employer survey — joins on state/industry/size. No ANZSCO occupation code available.,False
Table 14,14,"Reasons for choosing main provider for nationally recognised training, timeseries (% of all employers using nationally recognised training)",Overall,They were the only suitable provider available,TAFE institutes,2023,28.6,28.6,reported,False,pct,overall,False,Employer survey — joins on state/industry/size. No ANZSCO occupation code available.,False
Table 14,14,"Reasons for choosing main provider for nationally recognised training, timeseries (% of all employers using nationally recognised training)",Overall,They were the only suitable provider available,TAFE institutes,2025,37.1,37.1,reported,False,pct,overall,False,Employer survey — joins on state/industry/size. No ANZSCO occupation code available.,False
Table 14,14,"Reasons for choosing main provider for nationally recognised training, timeseries (% of all employers using nationally recognised training)",Overall,They were the only suitable provider available,TAFE institutes,2011,,na,not_available,False,pct,overall,False,Employer survey — joins on state/industry/size. No ANZSCO occupation code available.,
Table 14,14,"Reasons for choosing main provider for nationally recognised training, timeseries (% of all employers using nationally recognised training)",Overall,They were the only suitable provider available,TAFE institutes,2021,,na,not_available,False,pct,overall,False,Employer survey — joins on state/industry/size. No ANZSCO occupation code available.,
Table 14,14,"Reasons for choosing main provider for nationally recognised training, timeseries (% of all employers using nationally recognised training)",Overall,They were the only suitable provider available,Universities,2005,33.4,33.4*,reported,True,pct,overall,False,Employer survey — joins on state/industry/size. No ANZSCO occupation code available.,False
Table 14,14,"Reasons for choosing main provider for nationally recognised training, timeseries (% of all employers using nationally recognised training)",Overall,They were the only suitable provider available,Universities,2007,49.2,49.2,reported,False,pct,overall,False,Employer survey — joins on state/industry/size. No ANZSCO occupation code available.,False
Table 14,14,"Reasons for choosing main provider for nationally recognised training, timeseries (% of all employers using nationally recognised training)",Overall,They were the only suitable provider available,Universities,2009,41.5,41.5,reported,False,pct,overall,False,Employer survey — joins on state/industry/size. No ANZSCO occupation code available.,False
Table 14,14,"Reasons for choosing main provider for nationally recognised training, timeseries (% of all employers using nationally recognised training)",Overall,They were the only suitable provider available,Universities,2013,59.1,59.1,reported,False,pct,overall,False,Employer survey — joins on state/industry/size. No ANZSCO occupation code available.,False
Table 14,14,"Reasons for choosing main provider for nationally recognised training, timeseries (% of all employers using nationally recognised training)",Overall,They were the only suitable provider available,Universities,2015,22.3,22.3*,reported,True,pct,overall,False,Employer survey — joins on state/industry/size. No ANZSCO occupation code available.,False
Table 14,14,"Reasons for choosing main provider for nationally recognised training, timeseries (% of all employers using nationally recognised training)",Overall,They were the only suitable provider available,Universities,2017,52.4,52.4*,reported,True,pct,overall,False,Employer survey — joins on state/industry/size. No ANZSCO occupation code available.,False
Table 14,14,"Reasons for choosing main provider for nationally recognised training, timeseries (% of all employers using nationally recognised training)",Overall,They were the only suitable provider available,Universities,2019,47.6,47.6*,reported,True,pct,overall,False,Employer survey — joins on state/industry/size. No ANZSCO occupation code available.,False
Table 14,14,"Reasons for choosing main provider for nationally recognised training, timeseries (% of all employers using nationally recognised training)",Overall,They were the only suitable provider available,Universities,2023,27.4,27.4*,reported,True,pct,overall,False,Employer survey — joins on state/industry/size. No ANZSCO occupation code available.,False
Table 14,14,"Reasons for choosing main provider for nationally recognised training, timeseries (% of all employers using nationally recognised training)",Overall,They were the only suitable provider available,Universities,2025,27.6,27.6*,reported,True,pct,overall,False,Employer survey — joins on state/industry/size. No ANZSCO occupation code available.,False
Table 14,14,"Reasons for choosing main provider for nationally recognised training, timeseries (% of all employers using nationally recognised training)",Overall,They were the only suitable provider available,Universities,2011,,na,not_available,False,pct,overall,False,Employer survey — joins on state/industry/size. No ANZSCO occupation code available.,
Table 14,14,"Reasons for choosing main provider for nationally recognised training, timeseries (% of all employers using nationally recognised training)",Overall,They were the only suitable provider available,Universities,2021,,na,not_available,False,pct,overall,False,Employer survey — joins on state/industry/size. No ANZSCO occupation code available.,
Table 15,15,"Employers satisfaction with aspects of nationally recognised training from main training provider, timeseries (% of all employers using nationally recognised training)",Overall,Other providers used for nationally recognised training,Dissatisfied,2013,0.0,0,reported,False,pct,overall,False,Employer survey — joins on state/industry/size. No ANZSCO occupation code available.,False
Table 15,15,"Employers satisfaction with aspects of nationally recognised training from main training provider, timeseries (% of all employers using nationally recognised training)",Overall,Other providers used for nationally recognised training,Dissatisfied,2015,0.0,0,reported,False,pct,overall,False,Employer survey — joins on state/industry/size. No ANZSCO occupation code available.,False
Table 15,15,"Employers satisfaction with aspects of nationally recognised training from main training provider, timeseries (% of all employers using nationally recognised training)",Overall,Other providers used for nationally recognised training,Dissatisfied,2017,0.0,0,reported,False,pct,overall,False,Employer survey — joins on state/industry/size. No ANZSCO occupation code available.,False
Table 15,15,"Employers satisfaction with aspects of nationally recognised training from main training provider, timeseries (% of all employers using nationally recognised training)",Overall,Other providers used for nationally recognised training,Dissatisfied,2019,0.7,0.7,reported,False,pct,overall,False,Employer survey — joins on state/industry/size. No ANZSCO occupation code available.,False
Table 15,15,"Employers satisfaction with aspects of nationally recognised training from main training provider, timeseries (% of all employers using nationally recognised training)",Overall,Other providers used for nationally recognised training,Dissatisfied,2021,6.9,6.9,reported,False,pct,overall,False,Employer survey — joins on state/industry/size. No ANZSCO occupation code available.,False
Table 15,15,"Employers satisfaction with aspects of nationally recognised training from main training provider, timeseries (% of all employers using nationally recognised training)",Overall,Other providers used for nationally recognised training,Dissatisfied,2023,1.6,1.6,reported,False,pct,overall,False,Employer survey — joins on state/industry/size. No ANZSCO occupation code available.,False
Table 15,15,"Employers satisfaction with aspects of nationally recognised training from main training provider, timeseries (% of all employers using nationally recognised training)",Overall,Other providers used for nationally recognised training,Dissatisfied,2025,0.5,0.5,reported,False,pct,overall,False,Employer survey — joins on state/industry/size. No ANZSCO occupation code available.,False
Table 15,15,"Employers satisfaction with aspects of nationally recognised training from main training provider, timeseries (% of all employers using nationally recognised training)",Overall,Other providers used for nationally recognised training,Satisfied,2013,98.3,98.3,reported,False,pct,overall,False,Employer survey — joins on state/industry/size. No ANZSCO occupation code available.,False
Table 15,15,"Employers satisfaction with aspects of nationally recognised training from main training provider, timeseries (% of all employers using nationally recognised training)",Overall,Other providers used for nationally recognised training,Satisfied,2015,100.0,100,reported,False,pct,overall,False,Employer survey — joins on state/industry/size. No ANZSCO occupation code available.,False
Table 15,15,"Employers satisfaction with aspects of nationally recognised training from main training provider, timeseries (% of all employers using nationally recognised training)",Overall,Other providers used for nationally recognised training,Satisfied,2017,96.6,96.6,reported,False,pct,overall,False,Employer survey — joins on state/industry/size. No ANZSCO occupation code available.,False
Table 15,15,"Employers satisfaction with aspects of nationally recognised training from main training provider, timeseries (% of all employers using nationally recognised training)",Overall,Other providers used for nationally recognised training,Satisfied,2019,90.7,90.7*,reported,True,pct,overall,False,Employer survey — joins on state/industry/size. No ANZSCO occupation code available.,False
Table 15,15,"Employers satisfaction with aspects of nationally recognised training from main training provider, timeseries (% of all employers using nationally recognised training)",Overall,Other providers used for nationally recognised training,Satisfied,2021,86.6,86.6*,reported,True,pct,overall,False,Employer survey — joins on state/industry/size. No ANZSCO occupation code available.,False
Table 15,15,"Employers satisfaction with aspects of nationally recognised training from main training provider, timeseries (% of all employers using nationally recognised training)",Overall,Other providers used for nationally recognised training,Satisfied,2023,96.9,96.9,reported,False,pct,overall,False,Employer survey — joins on state/industry/size. No ANZSCO occupation code available.,False
Table 15,15,"Employers satisfaction with aspects of nationally recognised training from main training provider, timeseries (% of all employers using nationally recognised training)",Overall,Other providers used for nationally recognised training,Satisfied,2025,90.0,90.0*,reported,True,pct,overall,False,Employer survey — joins on state/industry/size. No ANZSCO occupation code available.,False
Table 15,15,"Employers satisfaction with aspects of nationally recognised training from main training provider, timeseries (% of all employers using nationally recognised training)",Overall,Private training providers,Dissatisfied,2013,2.8,2.8*,reported,True,pct,overall,False,Employer survey — joins on state/industry/size. No ANZSCO occupation code available.,False
Table 15,15,"Employers satisfaction with aspects of nationally recognised training from main training provider, timeseries (% of all employers using nationally recognised training)",Overall,Private training providers,Dissatisfied,2015,2.2,2.2*,reported,True,pct,overall,False,Employer survey — joins on state/industry/size. No ANZSCO occupation code available.,False
Table 15,15,"Employers satisfaction with aspects of nationally recognised training from main training provider, timeseries (% of all employers using nationally recognised training)",Overall,Private training providers,Dissatisfied,2017,4.3,4.3*,reported,True,pct,overall,False,Employer survey — joins on state/industry/size. No ANZSCO occupation code available.,False
Table 15,15,"Employers satisfaction with aspects of nationally recognised training from main training provider, timeseries (% of all employers using nationally recognised training)",Overall,Private training providers,Dissatisfied,2019,3.9,3.9,reported,False,pct,overall,False,Employer survey — joins on state/industry/size. No ANZSCO occupation code available.,False
Table 15,15,"Employers satisfaction with aspects of nationally recognised training from main training provider, timeseries (% of all employers using nationally recognised training)",Overall,Private training providers,Dissatisfied,2021,2.0,2,reported,False,pct,overall,False,Employer survey — joins on state/industry/size. No ANZSCO occupation code available.,False
Table 15,15,"Employers satisfaction with aspects of nationally recognised training from main training provider, timeseries (% of all employers using nationally recognised training)",Overall,Private training providers,Dissatisfied,2023,6.8,6.8,reported,False,pct,overall,False,Employer survey — joins on state/industry/size. No ANZSCO occupation code available.,False
Table 15,15,"Employers satisfaction with aspects of nationally recognised training from main training provider, timeseries (% of all employers using nationally recognised training)",Overall,Private training providers,Dissatisfied,2025,3.0,3,reported,False,pct,overall,False,Employer survey — joins on state/industry/size. No ANZSCO occupation code available.,False
Table 15,15,"Employers satisfaction with aspects of nationally recognised training from main training provider, timeseries (% of all employers using nationally recognised training)",Overall,Private training providers,Satisfied,2013,91.5,91.5,reported,False,pct,overall,False,Employer survey — joins on state/industry/size. No ANZSCO occupation code available.,False
Table 15,15,"Employers satisfaction with aspects of nationally recognised training from main training provider, timeseries (% of all employers using nationally recognised training)",Overall,Private training providers,Satisfied,2015,94.0,94,reported,False,pct,overall,False,Employer survey — joins on state/industry/size. No ANZSCO occupation code available.,False
Table 15,15,"Employers satisfaction with aspects of nationally recognised training from main training provider, timeseries (% of all employers using nationally recognised training)",Overall,Private training providers,Satisfied,2017,90.5,90.5,reported,False,pct,overall,False,Employer survey — joins on state/industry/size. No ANZSCO occupation code available.,False
Table 15,15,"Employers satisfaction with aspects of nationally recognised training from main training provider, timeseries (% of all employers using nationally recognised training)",Overall,Private training providers,Satisfied,2019,89.7,89.7,reported,False,pct,overall,False,Employer survey — joins on state/industry/size. No ANZSCO occupation code available.,False
Table 15,15,"Employers satisfaction with aspects of nationally recognised training from main training provider, timeseries (% of all employers using nationally recognised training)",Overall,Private training providers,Satisfied,2021,92.4,92.4,reported,False,pct,overall,False,Employer survey — joins on state/industry/size. No ANZSCO occupation code available.,False
Table 15,15,"Employers satisfaction with aspects of nationally recognised training from main training provider, timeseries (% of all employers using nationally recognised training)",Overall,Private training providers,Satisfied,2023,85.7,85.7,reported,False,pct,overall,False,Employer survey — joins on state/industry/size. No ANZSCO occupation code available.,False
Table 15,15,"Employers satisfaction with aspects of nationally recognised training from main training provider, timeseries (% of all employers using nationally recognised training)",Overall,Private training providers,Satisfied,2025,90.9,90.9,reported,False,pct,overall,False,Employer survey — joins on state/industry/size. No ANZSCO occupation code available.,False
Table 15,15,"Employers satisfaction with aspects of nationally recognised training from main training provider, timeseries (% of all employers using nationally recognised training)",Overall,Professional or industry associations,Dissatisfied,2013,8.0,8.0*,reported,True,pct,overall,False,Employer survey — joins on state/industry/size. No ANZSCO occupation code available.,False
Table 15,15,"Employers satisfaction with aspects of nationally recognised training from main training provider, timeseries (% of all employers using nationally recognised training)",Overall,Professional or industry associations,Dissatisfied,2015,9.3,9.3*,reported,True,pct,overall,False,Employer survey — joins on state/industry/size. No ANZSCO occupation code available.,False
Table 15,15,"Employers satisfaction with aspects of nationally recognised training from main training provider, timeseries (% of all employers using nationally recognised training)",Overall,Professional or industry associations,Dissatisfied,2017,6.6,6.6*,reported,True,pct,overall,False,Employer survey — joins on state/industry/size. No ANZSCO occupation code available.,False
Table 15,15,"Employers satisfaction with aspects of nationally recognised training from main training provider, timeseries (% of all employers using nationally recognised training)",Overall,Professional or industry associations,Dissatisfied,2019,0.1,0.1,reported,False,pct,overall,False,Employer survey — joins on state/industry/size. No ANZSCO occupation code available.,False
Table 15,15,"Employers satisfaction with aspects of nationally recognised training from main training provider, timeseries (% of all employers using nationally recognised training)",Overall,Professional or industry associations,Dissatisfied,2021,2.4,2.4,reported,False,pct,overall,False,Employer survey — joins on state/industry/size. No ANZSCO occupation code available.,False
Table 15,15,"Employers satisfaction with aspects of nationally recognised training from main training provider, timeseries (% of all employers using nationally recognised training)",Overall,Professional or industry associations,Dissatisfied,2023,1.4,1.4,reported,False,pct,overall,False,Employer survey — joins on state/industry/size. No ANZSCO occupation code available.,False
Table 15,15,"Employers satisfaction with aspects of nationally recognised training from main training provider, timeseries (% of all employers using nationally recognised training)",Overall,Professional or industry associations,Dissatisfied,2025,0.7,0.7,reported,False,pct,overall,False,Employer survey — joins on state/industry/size. No ANZSCO occupation code available.,False
Table 15,15,"Employers satisfaction with aspects of nationally recognised training from main training provider, timeseries (% of all employers using nationally recognised training)",Overall,Professional or industry associations,Satisfied,2013,93.1,93.1,reported,False,pct,overall,False,Employer survey — joins on state/industry/size. No ANZSCO occupation code available.,False
Table 15,15,"Employers satisfaction with aspects of nationally recognised training from main training provider, timeseries (% of all employers using nationally recognised training)",Overall,Professional or industry associations,Satisfied,2015,94.2,94.2,reported,False,pct,overall,False,Employer survey — joins on state/industry/size. No ANZSCO occupation code available.,False
Table 15,15,"Employers satisfaction with aspects of nationally recognised training from main training provider, timeseries (% of all employers using nationally recognised training)",Overall,Professional or industry associations,Satisfied,2017,96.0,96,reported,False,pct,overall,False,Employer survey — joins on state/industry/size. No ANZSCO occupation code available.,False
Table 15,15,"Employers satisfaction with aspects of nationally recognised training from main training provider, timeseries (% of all employers using nationally recognised training)",Overall,Professional or industry associations,Satisfied,2019,94.1,94.1,reported,False,pct,overall,False,Employer survey — joins on state/industry/size. No ANZSCO occupation code available.,False
Table 15,15,"Employers satisfaction with aspects of nationally recognised training from main training provider, timeseries (% of all employers using nationally recognised training)",Overall,Professional or industry associations,Satisfied,2021,93.9,93.9,reported,False,pct,overall,False,Employer survey — joins on state/industry/size. No ANZSCO occupation code available.,False
Table 15,15,"Employers satisfaction with aspects of nationally recognised training from main training provider, timeseries (% of all employers using nationally recognised training)",Overall,Professional or industry associations,Satisfied,2023,95.0,95,reported,False,pct,overall,False,Employer survey — joins on state/industry/size. No ANZSCO occupation code available.,False
Table 15,15,"Employers satisfaction with aspects of nationally recognised training from main training provider, timeseries (% of all employers using nationally recognised training)",Overall,Professional or industry associations,Satisfied,2025,96.0,96,reported,False,pct,overall,False,Employer survey — joins on state/industry/size. No ANZSCO occupation code available.,False
Table 15,15,"Employers satisfaction with aspects of nationally recognised training from main training provider, timeseries (% of all employers using nationally recognised training)",Overall,TAFE institutes,Dissatisfied,2013,5.5,5.5*,reported,True,pct,overall,False,Employer survey — joins on state/industry/size. No ANZSCO occupation code available.,False
Table 15,15,"Employers satisfaction with aspects of nationally recognised training from main training provider, timeseries (% of all employers using nationally recognised training)",Overall,TAFE institutes,Dissatisfied,2015,3.2,3.2*,reported,True,pct,overall,False,Employer survey — joins on state/industry/size. No ANZSCO occupation code available.,False
Table 15,15,"Employers satisfaction with aspects of nationally recognised training from main training provider, timeseries (% of all employers using nationally recognised training)",Overall,TAFE institutes,Dissatisfied,2017,2.0,2.0*,reported,True,pct,overall,False,Employer survey — joins on state/industry/size. No ANZSCO occupation code available.,False
Table 15,15,"Employers satisfaction with aspects of nationally recognised training from main training provider, timeseries (% of all employers using nationally recognised training)",Overall,TAFE institutes,Dissatisfied,2019,7.0,7,reported,False,pct,overall,False,Employer survey — joins on state/industry/size. No ANZSCO occupation code available.,False
Table 15,15,"Employers satisfaction with aspects of nationally recognised training from main training provider, timeseries (% of all employers using nationally recognised training)",Overall,TAFE institutes,Dissatisfied,2021,7.0,7,reported,False,pct,overall,False,Employer survey — joins on state/industry/size. No ANZSCO occupation code available.,False
Table 15,15,"Employers satisfaction with aspects of nationally recognised training from main training provider, timeseries (% of all employers using nationally recognised training)",Overall,TAFE institutes,Dissatisfied,2023,8.2,8.2,reported,False,pct,overall,False,Employer survey — joins on state/industry/size. No ANZSCO occupation code available.,False
Table 15,15,"Employers satisfaction with aspects of nationally recognised training from main training provider, timeseries (% of all employers using nationally recognised training)",Overall,TAFE institutes,Dissatisfied,2025,10.0,10,reported,False,pct,overall,False,Employer survey — joins on state/industry/size. No ANZSCO occupation code available.,False
Table 15,15,"Employers satisfaction with aspects of nationally recognised training from main training provider, timeseries (% of all employers using nationally recognised training)",Overall,TAFE institutes,Satisfied,2013,91.9,91.9,reported,False,pct,overall,False,Employer survey — joins on state/industry/size. No ANZSCO occupation code available.,False
Table 15,15,"Employers satisfaction with aspects of nationally recognised training from main training provider, timeseries (% of all employers using nationally recognised training)",Overall,TAFE institutes,Satisfied,2015,92.5,92.5,reported,False,pct,overall,False,Employer survey — joins on state/industry/size. No ANZSCO occupation code available.,False
Table 15,15,"Employers satisfaction with aspects of nationally recognised training from main training provider, timeseries (% of all employers using nationally recognised training)",Overall,TAFE institutes,Satisfied,2017,86.8,86.8,reported,False,pct,overall,False,Employer survey — joins on state/industry/size. No ANZSCO occupation code available.,False
Table 15,15,"Employers satisfaction with aspects of nationally recognised training from main training provider, timeseries (% of all employers using nationally recognised training)",Overall,TAFE institutes,Satisfied,2019,85.8,85.8,reported,False,pct,overall,False,Employer survey — joins on state/industry/size. No ANZSCO occupation code available.,False
Table 15,15,"Employers satisfaction with aspects of nationally recognised training from main training provider, timeseries (% of all employers using nationally recognised training)",Overall,TAFE institutes,Satisfied,2021,84.5,84.5,reported,False,pct,overall,False,Employer survey — joins on state/industry/size. No ANZSCO occupation code available.,False
Table 15,15,"Employers satisfaction with aspects of nationally recognised training from main training provider, timeseries (% of all employers using nationally recognised training)",Overall,TAFE institutes,Satisfied,2023,80.1,80.1,reported,False,pct,overall,False,Employer survey — joins on state/industry/size. No ANZSCO occupation code available.,False
Table 15,15,"Employers satisfaction with aspects of nationally recognised training from main training provider, timeseries (% of all employers using nationally recognised training)",Overall,TAFE institutes,Satisfied,2025,79.7,79.7,reported,False,pct,overall,False,Employer survey — joins on state/industry/size. No ANZSCO occupation code available.,False
Table 15,15,"Employers satisfaction with aspects of nationally recognised training from main training provider, timeseries (% of all employers using nationally recognised training)",Overall,Universities,Dissatisfied,2013,0.0,0,reported,False,pct,overall,False,Employer survey — joins on state/industry/size. No ANZSCO occupation code available.,False
Table 15,15,"Employers satisfaction with aspects of nationally recognised training from main training provider, timeseries (% of all employers using nationally recognised training)",Overall,Universities,Dissatisfied,2015,0.0,0,reported,False,pct,overall,False,Employer survey — joins on state/industry/size. No ANZSCO occupation code available.,False
Table 15,15,"Employers satisfaction with aspects of nationally recognised training from main training provider, timeseries (% of all employers using nationally recognised training)",Overall,Universities,Dissatisfied,2017,0.0,0,reported,False,pct,overall,False,Employer survey — joins on state/industry/size. No ANZSCO occupation code available.,False
Table 15,15,"Employers satisfaction with aspects of nationally recognised training from main training provider, timeseries (% of all employers using nationally recognised training)",Overall,Universities,Dissatisfied,2019,4.4,4.4,reported,False,pct,overall,False,Employer survey — joins on state/industry/size. No ANZSCO occupation code available.,False
Table 15,15,"Employers satisfaction with aspects of nationally recognised training from main training provider, timeseries (% of all employers using nationally recognised training)",Overall,Universities,Dissatisfied,2021,1.5,1.5,reported,False,pct,overall,False,Employer survey — joins on state/industry/size. No ANZSCO occupation code available.,False
Table 15,15,"Employers satisfaction with aspects of nationally recognised training from main training provider, timeseries (% of all employers using nationally recognised training)",Overall,Universities,Dissatisfied,2023,18.9,18.9*,reported,True,pct,overall,False,Employer survey — joins on state/industry/size. No ANZSCO occupation code available.,False
Table 15,15,"Employers satisfaction with aspects of nationally recognised training from main training provider, timeseries (% of all employers using nationally recognised training)",Overall,Universities,Dissatisfied,2025,8.8,8.8,reported,False,pct,overall,False,Employer survey — joins on state/industry/size. No ANZSCO occupation code available.,False
Table 15,15,"Employers satisfaction with aspects of nationally recognised training from main training provider, timeseries (% of all employers using nationally recognised training)",Overall,Universities,Satisfied,2013,88.3,88.3,reported,False,pct,overall,False,Employer survey — joins on state/industry/size. No ANZSCO occupation code available.,False
Table 15,15,"Employers satisfaction with aspects of nationally recognised training from main training provider, timeseries (% of all employers using nationally recognised training)",Overall,Universities,Satisfied,2015,98.1,98.1,reported,False,pct,overall,False,Employer survey — joins on state/industry/size. No ANZSCO occupation code available.,False
Table 15,15,"Employers satisfaction with aspects of nationally recognised training from main training provider, timeseries (% of all employers using nationally recognised training)",Overall,Universities,Satisfied,2017,90.1,90.1,reported,False,pct,overall,False,Employer survey — joins on state/industry/size. No ANZSCO occupation code available.,False
Table 15,15,"Employers satisfaction with aspects of nationally recognised training from main training provider, timeseries (% of all employers using nationally recognised training)",Overall,Universities,Satisfied,2019,78.1,78.1*,reported,True,pct,overall,False,Employer survey — joins on state/industry/size. No ANZSCO occupation code available.,False
Table 15,15,"Employers satisfaction with aspects of nationally recognised training from main training provider, timeseries (% of all employers using nationally recognised training)",Overall,Universities,Satisfied,2021,79.0,79.0*,reported,True,pct,overall,False,Employer survey — joins on state/industry/size. No ANZSCO occupation code available.,False
Table 15,15,"Employers satisfaction with aspects of nationally recognised training from main training provider, timeseries (% of all employers using nationally recognised training)",Overall,Universities,Satisfied,2023,75.7,75.7*,reported,True,pct,overall,False,Employer survey — joins on state/industry/size. No ANZSCO occupation code available.,False
Table 15,15,"Employers satisfaction with aspects of nationally recognised training from main training provider, timeseries (% of all employers using nationally recognised training)",Overall,Universities,Satisfied,2025,90.5,90.5,reported,False,pct,overall,False,Employer survey — joins on state/industry/size. No ANZSCO occupation code available.,False
Table 18,18,"Reasons for choosing unaccredited training over nationally recognised training, timeseries (% of all employers using unaccredited training and choosing that over nationally recognised training)",Overall,Approach that was tailored to our needs,Overall,2005,1.4,1.4,reported,False,pct,overall,False,Employer survey — joins on state/industry/size. No ANZSCO occupation code available.,False
Table 18,18,"Reasons for choosing unaccredited training over nationally recognised training, timeseries (% of all employers using unaccredited training and choosing that over nationally recognised training)",Overall,Approach that was tailored to our needs,Overall,2007,3.5,3.5,reported,False,pct,overall,False,Employer survey — joins on state/industry/size. No ANZSCO occupation code available.,False
Table 18,18,"Reasons for choosing unaccredited training over nationally recognised training, timeseries (% of all employers using unaccredited training and choosing that over nationally recognised training)",Overall,Approach that was tailored to our needs,Overall,2009,4.7,4.7,reported,False,pct,overall,False,Employer survey — joins on state/industry/size. No ANZSCO occupation code available.,False
Table 18,18,"Reasons for choosing unaccredited training over nationally recognised training, timeseries (% of all employers using unaccredited training and choosing that over nationally recognised training)",Overall,Approach that was tailored to our needs,Overall,2013,27.2,27.2*,reported,True,pct,overall,False,Employer survey — joins on state/industry/size. No ANZSCO occupation code available.,False
Table 18,18,"Reasons for choosing unaccredited training over nationally recognised training, timeseries (% of all employers using unaccredited training and choosing that over nationally recognised training)",Overall,Approach that was tailored to our needs,Overall,2015,22.3,22.3,reported,False,pct,overall,False,Employer survey — joins on state/industry/size. No ANZSCO occupation code available.,False
Table 18,18,"Reasons for choosing unaccredited training over nationally recognised training, timeseries (% of all employers using unaccredited training and choosing that over nationally recognised training)",Overall,Approach that was tailored to our needs,Overall,2017,26.3,26.3,reported,False,pct,overall,False,Employer survey — joins on state/industry/size. No ANZSCO occupation code available.,False
Table 18,18,"Reasons for choosing unaccredited training over nationally recognised training, timeseries (% of all employers using unaccredited training and choosing that over nationally recognised training)",Overall,Approach that was tailored to our needs,Overall,2019,32.5,32.5,reported,False,pct,overall,False,Employer survey — joins on state/industry/size. No ANZSCO occupation code available.,False
Table 18,18,"Reasons for choosing unaccredited training over nationally recognised training, timeseries (% of all employers using unaccredited training and choosing that over nationally recognised training)",Overall,Approach that was tailored to our needs,Overall,2021,37.6,37.6,reported,False,pct,overall,False,Employer survey — joins on state/industry/size. No ANZSCO occupation code available.,False
Table 18,18,"Reasons for choosing unaccredited training over nationally recognised training, timeseries (% of all employers using unaccredited training and choosing that over nationally recognised training)",Overall,Approach that was tailored to our needs,Overall,2023,35.5,35.5,reported,False,pct,overall,False,Employer survey — joins on state/industry/size. No ANZSCO occupation code available.,False
Table 18,18,"Reasons for choosing unaccredited training over nationally recognised training, timeseries (% of all employers using unaccredited training and choosing that over nationally recognised training)",Overall,Approach that was tailored to our needs,Overall,2025,33.9,33.9,reported,False,pct,overall,False,Employer survey — joins on state/industry/size. No ANZSCO occupation code available.,False
Table 18,18,"Reasons for choosing unaccredited training over nationally recognised training, timeseries (% of all employers using unaccredited training and choosing that over nationally recognised training)",Overall,Approach that was tailored to our needs,Overall,2011,,na,not_available,False,pct,overall,False,Employer survey — joins on state/industry/size. No ANZSCO occupation code available.,
Table 18,18,"Reasons for choosing unaccredited training over nationally recognised training, timeseries (% of all employers using unaccredited training and choosing that over nationally recognised training)",Overall,Convenient access or location,Overall,2005,13.2,13.2,reported,False,pct,overall,False,Employer survey — joins on state/industry/size. No ANZSCO occupation code available.,False
Table 18,18,"Reasons for choosing unaccredited training over nationally recognised training, timeseries (% of all employers using unaccredited training and choosing that over nationally recognised training)",Overall,Convenient access or location,Overall,2007,13.9,13.9,reported,False,pct,overall,False,Employer survey — joins on state/industry/size. No ANZSCO occupation code available.,False
Table 18,18,"Reasons for choosing unaccredited training over nationally recognised training, timeseries (% of all employers using unaccredited training and choosing that over nationally recognised training)",Overall,Convenient access or location,Overall,2009,24.9,24.9,reported,False,pct,overall,False,Employer survey — joins on state/industry/size. No ANZSCO occupation code available.,False
Table 18,18,"Reasons for choosing unaccredited training over nationally recognised training, timeseries (% of all employers using unaccredited training and choosing that over nationally recognised training)",Overall,Convenient access or location,Overall,2013,25.9,25.9*,reported,True,pct,overall,False,Employer survey — joins on state/industry/size. No ANZSCO occupation code available.,False
Table 18,18,"Reasons for choosing unaccredited training over nationally recognised training, timeseries (% of all employers using unaccredited training and choosing that over nationally recognised training)",Overall,Convenient access or location,Overall,2015,9.3,9.3,reported,False,pct,overall,False,Employer survey — joins on state/industry/size. No ANZSCO occupation code available.,False
Table 18,18,"Reasons for choosing unaccredited training over nationally recognised training, timeseries (% of all employers using unaccredited training and choosing that over nationally recognised training)",Overall,Convenient access or location,Overall,2017,8.4,8.4,reported,False,pct,overall,False,Employer survey — joins on state/industry/size. No ANZSCO occupation code available.,False
Table 18,18,"Reasons for choosing unaccredited training over nationally recognised training, timeseries (% of all employers using unaccredited training and choosing that over nationally recognised training)",Overall,Convenient access or location,Overall,2019,18.5,18.5,reported,False,pct,overall,False,Employer survey — joins on state/industry/size. No ANZSCO occupation code available.,False
Table 18,18,"Reasons for choosing unaccredited training over nationally recognised training, timeseries (% of all employers using unaccredited training and choosing that over nationally recognised training)",Overall,Convenient access or location,Overall,2021,20.2,20.2,reported,False,pct,overall,False,Employer survey — joins on state/industry/size. No ANZSCO occupation code available.,False
Table 18,18,"Reasons for choosing unaccredited training over nationally recognised training, timeseries (% of all employers using unaccredited training and choosing that over nationally recognised training)",Overall,Convenient access or location,Overall,2023,16.0,16,reported,False,pct,overall,False,Employer survey — joins on state/industry/size. No ANZSCO occupation code available.,False
Table 18,18,"Reasons for choosing unaccredited training over nationally recognised training, timeseries (% of all employers using unaccredited training and choosing that over nationally recognised training)",Overall,Convenient access or location,Overall,2025,17.5,17.5,reported,False,pct,overall,False,Employer survey — joins on state/industry/size. No ANZSCO occupation code available.,False
Table 18,18,"Reasons for choosing unaccredited training over nationally recognised training, timeseries (% of all employers using unaccredited training and choosing that over nationally recognised training)",Overall,Convenient access or location,Overall,2011,,na,not_available,False,pct,overall,False,Employer survey — joins on state/industry/size. No ANZSCO occupation code available.,
Table 18,18,"Reasons for choosing unaccredited training over nationally recognised training, timeseries (% of all employers using unaccredited training and choosing that over nationally recognised training)",Overall,Convenient or flexible times,Overall,2005,17.5,17.5,reported,False,pct,overall,False,Employer survey — joins on state/industry/size. No ANZSCO occupation code available.,False
Table 18,18,"Reasons for choosing unaccredited training over nationally recognised training, timeseries (% of all employers using unaccredited training and choosing that over nationally recognised training)",Overall,Convenient or flexible times,Overall,2007,22.5,22.5,reported,False,pct,overall,False,Employer survey — joins on state/industry/size. No ANZSCO occupation code available.,False
Table 18,18,"Reasons for choosing unaccredited training over nationally recognised training, timeseries (% of all employers using unaccredited training and choosing that over nationally recognised training)",Overall,Convenient or flexible times,Overall,2009,21.5,21.5,reported,False,pct,overall,False,Employer survey — joins on state/industry/size. No ANZSCO occupation code available.,False
Table 18,18,"Reasons for choosing unaccredited training over nationally recognised training, timeseries (% of all employers using unaccredited training and choosing that over nationally recognised training)",Overall,Convenient or flexible times,Overall,2013,16.5,16.5,reported,False,pct,overall,False,Employer survey — joins on state/industry/size. No ANZSCO occupation code available.,False
Table 18,18,"Reasons for choosing unaccredited training over nationally recognised training, timeseries (% of all employers using unaccredited training and choosing that over nationally recognised training)",Overall,Convenient or flexible times,Overall,2015,24.9,24.9*,reported,True,pct,overall,False,Employer survey — joins on state/industry/size. No ANZSCO occupation code available.,False
Table 18,18,"Reasons for choosing unaccredited training over nationally recognised training, timeseries (% of all employers using unaccredited training and choosing that over nationally recognised training)",Overall,Convenient or flexible times,Overall,2017,21.3,21.3,reported,False,pct,overall,False,Employer survey — joins on state/industry/size. No ANZSCO occupation code available.,False
Table 18,18,"Reasons for choosing unaccredited training over nationally recognised training, timeseries (% of all employers using unaccredited training and choosing that over nationally recognised training)",Overall,Convenient or flexible times,Overall,2019,34.3,34.3*,reported,True,pct,overall,False,Employer survey — joins on state/industry/size. No ANZSCO occupation code available.,False
Table 18,18,"Reasons for choosing unaccredited training over nationally recognised training, timeseries (% of all employers using unaccredited training and choosing that over nationally recognised training)",Overall,Convenient or flexible times,Overall,2021,27.6,27.6,reported,False,pct,overall,False,Employer survey — joins on state/industry/size. No ANZSCO occupation code available.,False
Table 18,18,"Reasons for choosing unaccredited training over nationally recognised training, timeseries (% of all employers using unaccredited training and choosing that over nationally recognised training)",Overall,Convenient or flexible times,Overall,2023,36.4,36.4,reported,False,pct,overall,False,Employer survey — joins on state/industry/size. No ANZSCO occupation code available.,False
Table 18,18,"Reasons for choosing unaccredited training over nationally recognised training, timeseries (% of all employers using unaccredited training and choosing that over nationally recognised training)",Overall,Convenient or flexible times,Overall,2025,24.3,24.3,reported,False,pct,overall,False,Employer survey — joins on state/industry/size. No ANZSCO occupation code available.,False
Table 18,18,"Reasons for choosing unaccredited training over nationally recognised training, timeseries (% of all employers using unaccredited training and choosing that over nationally recognised training)",Overall,Convenient or flexible times,Overall,2011,,na,not_available,False,pct,overall,False,Employer survey — joins on state/industry/size. No ANZSCO occupation code available.,
Table 18,18,"Reasons for choosing unaccredited training over nationally recognised training, timeseries (% of all employers using unaccredited training and choosing that over nationally recognised training)",Overall,Expertise not available elsewhere,Overall,2005,4.9,4.9,reported,False,pct,overall,False,Employer survey — joins on state/industry/size. No ANZSCO occupation code available.,False
Table 18,18,"Reasons for choosing unaccredited training over nationally recognised training, timeseries (% of all employers using unaccredited training and choosing that over nationally recognised training)",Overall,Expertise not available elsewhere,Overall,2007,6.9,6.9,reported,False,pct,overall,False,Employer survey — joins on state/industry/size. No ANZSCO occupation code available.,False
Table 18,18,"Reasons for choosing unaccredited training over nationally recognised training, timeseries (% of all employers using unaccredited training and choosing that over nationally recognised training)",Overall,Expertise not available elsewhere,Overall,2009,7.6,7.6,reported,False,pct,overall,False,Employer survey — joins on state/industry/size. No ANZSCO occupation code available.,False
Table 18,18,"Reasons for choosing unaccredited training over nationally recognised training, timeseries (% of all employers using unaccredited training and choosing that over nationally recognised training)",Overall,Expertise not available elsewhere,Overall,2013,8.2,8.2,reported,False,pct,overall,False,Employer survey — joins on state/industry/size. No ANZSCO occupation code available.,False
Table 18,18,"Reasons for choosing unaccredited training over nationally recognised training, timeseries (% of all employers using unaccredited training and choosing that over nationally recognised training)",Overall,Expertise not available elsewhere,Overall,2017,0.4,0.4,reported,False,pct,overall,False,Employer survey — joins on state/industry/size. No ANZSCO occupation code available.,False
Table 18,18,"Reasons for choosing unaccredited training over nationally recognised training, timeseries (% of all employers using unaccredited training and choosing that over nationally recognised training)",Overall,Expertise not available elsewhere,Overall,2019,3.5,3.5,reported,False,pct,overall,False,Employer survey — joins on state/industry/size. No ANZSCO occupation code available.,False
Table 18,18,"Reasons for choosing unaccredited training over nationally recognised training, timeseries (% of all employers using unaccredited training and choosing that over nationally recognised training)",Overall,Expertise not available elsewhere,Overall,2021,3.7,3.7,reported,False,pct,overall,False,Employer survey — joins on state/industry/size. No ANZSCO occupation code available.,False
Table 18,18,"Reasons for choosing unaccredited training over nationally recognised training, timeseries (% of all employers using unaccredited training and choosing that over nationally recognised training)",Overall,Expertise not available elsewhere,Overall,2023,0.1,0.1,reported,False,pct,overall,False,Employer survey — joins on state/industry/size. No ANZSCO occupation code available.,False
Table 18,18,"Reasons for choosing unaccredited training over nationally recognised training, timeseries (% of all employers using unaccredited training and choosing that over nationally recognised training)",Overall,Expertise not available elsewhere,Overall,2025,1.9,1.9,reported,False,pct,overall,False,Employer survey — joins on state/industry/size. No ANZSCO occupation code available.,False
Table 18,18,"Reasons for choosing unaccredited training over nationally recognised training, timeseries (% of all employers using unaccredited training and choosing that over nationally recognised training)",Overall,Expertise not available elsewhere,Overall,2011,,na,not_available,False,pct,overall,False,Employer survey — joins on state/industry/size. No ANZSCO occupation code available.,
Table 18,18,"Reasons for choosing unaccredited training over nationally recognised training, timeseries (% of all employers using unaccredited training and choosing that over nationally recognised training)",Overall,Expertise not available elsewhere,Overall,2015,,na,not_available,False,pct,overall,False,Employer survey — joins on state/industry/size. No ANZSCO occupation code available.,
Table 18,18,"Reasons for choosing unaccredited training over nationally recognised training, timeseries (% of all employers using unaccredited training and choosing that over nationally recognised training)",Overall,More cost effective,Overall,2005,28.3,28.3*,reported,True,pct,overall,False,Employer survey — joins on state/industry/size. No ANZSCO occupation code available.,False
Table 18,18,"Reasons for choosing unaccredited training over nationally recognised training, timeseries (% of all employers using unaccredited training and choosing that over nationally recognised training)",Overall,More cost effective,Overall,2007,30.1,30.1,reported,False,pct,overall,False,Employer survey — joins on state/industry/size. No ANZSCO occupation code available.,False
Table 18,18,"Reasons for choosing unaccredited training over nationally recognised training, timeseries (% of all employers using unaccredited training and choosing that over nationally recognised training)",Overall,More cost effective,Overall,2009,38.1,38.1,reported,False,pct,overall,False,Employer survey — joins on state/industry/size. No ANZSCO occupation code available.,False
Table 18,18,"Reasons for choosing unaccredited training over nationally recognised training, timeseries (% of all employers using unaccredited training and choosing that over nationally recognised training)",Overall,More cost effective,Overall,2013,34.6,34.6*,reported,True,pct,overall,False,Employer survey — joins on state/industry/size. No ANZSCO occupation code available.,False
Table 18,18,"Reasons for choosing unaccredited training over nationally recognised training, timeseries (% of all employers using unaccredited training and choosing that over nationally recognised training)",Overall,More cost effective,Overall,2015,49.8,49.8*,reported,True,pct,overall,False,Employer survey — joins on state/industry/size. No ANZSCO occupation code available.,False
Table 18,18,"Reasons for choosing unaccredited training over nationally recognised training, timeseries (% of all employers using unaccredited training and choosing that over nationally recognised training)",Overall,More cost effective,Overall,2017,37.0,37,reported,False,pct,overall,False,Employer survey — joins on state/industry/size. No ANZSCO occupation code available.,False
Table 18,18,"Reasons for choosing unaccredited training over nationally recognised training, timeseries (% of all employers using unaccredited training and choosing that over nationally recognised training)",Overall,More cost effective,Overall,2019,51.2,51.2*,reported,True,pct,overall,False,Employer survey — joins on state/industry/size. No ANZSCO occupation code available.,False
Table 18,18,"Reasons for choosing unaccredited training over nationally recognised training, timeseries (% of all employers using unaccredited training and choosing that over nationally recognised training)",Overall,More cost effective,Overall,2021,33.8,33.8,reported,False,pct,overall,False,Employer survey — joins on state/industry/size. No ANZSCO occupation code available.,False
Table 18,18,"Reasons for choosing unaccredited training over nationally recognised training, timeseries (% of all employers using unaccredited training and choosing that over nationally recognised training)",Overall,More cost effective,Overall,2023,40.2,40.2,reported,False,pct,overall,False,Employer survey — joins on state/industry/size. No ANZSCO occupation code available.,False
Table 18,18,"Reasons for choosing unaccredited training over nationally recognised training, timeseries (% of all employers using unaccredited training and choosing that over nationally recognised training)",Overall,More cost effective,Overall,2025,21.3,21.3,reported,False,pct,overall,False,Employer survey — joins on state/industry/size. No ANZSCO occupation code available.,False
Table 18,18,"Reasons for choosing unaccredited training over nationally recognised training, timeseries (% of all employers using unaccredited training and choosing that over nationally recognised training)",Overall,More cost effective,Overall,2011,,na,not_available,False,pct,overall,False,Employer survey — joins on state/industry/size. No ANZSCO occupation code available.,
Table 18,18,"Reasons for choosing unaccredited training over nationally recognised training, timeseries (% of all employers using unaccredited training and choosing that over nationally recognised training)",Overall,Nationally recognised training was not needed,Overall,2005,0.7,0.7,reported,False,pct,overall,False,Employer survey — joins on state/industry/size. No ANZSCO occupation code available.,False
Table 18,18,"Reasons for choosing unaccredited training over nationally recognised training, timeseries (% of all employers using unaccredited training and choosing that over nationally recognised training)",Overall,Nationally recognised training was not needed,Overall,2007,9.5,9.5,reported,False,pct,overall,False,Employer survey — joins on state/industry/size. No ANZSCO occupation code available.,False
Table 18,18,"Reasons for choosing unaccredited training over nationally recognised training, timeseries (% of all employers using unaccredited training and choosing that over nationally recognised training)",Overall,Nationally recognised training was not needed,Overall,2009,5.3,5.3,reported,False,pct,overall,False,Employer survey — joins on state/industry/size. No ANZSCO occupation code available.,False
Table 18,18,"Reasons for choosing unaccredited training over nationally recognised training, timeseries (% of all employers using unaccredited training and choosing that over nationally recognised training)",Overall,Nationally recognised training was not needed,Overall,2013,8.5,8.5,reported,False,pct,overall,False,Employer survey — joins on state/industry/size. No ANZSCO occupation code available.,False
Table 18,18,"Reasons for choosing unaccredited training over nationally recognised training, timeseries (% of all employers using unaccredited training and choosing that over nationally recognised training)",Overall,Nationally recognised training was not needed,Overall,2015,9.1,9.1,reported,False,pct,overall,False,Employer survey — joins on state/industry/size. No ANZSCO occupation code available.,False
Table 18,18,"Reasons for choosing unaccredited training over nationally recognised training, timeseries (% of all employers using unaccredited training and choosing that over nationally recognised training)",Overall,Nationally recognised training was not needed,Overall,2017,11.5,11.5,reported,False,pct,overall,False,Employer survey — joins on state/industry/size. No ANZSCO occupation code available.,False
Table 18,18,"Reasons for choosing unaccredited training over nationally recognised training, timeseries (% of all employers using unaccredited training and choosing that over nationally recognised training)",Overall,Nationally recognised training was not needed,Overall,2019,23.1,23.1,reported,False,pct,overall,False,Employer survey — joins on state/industry/size. No ANZSCO occupation code available.,False
Table 18,18,"Reasons for choosing unaccredited training over nationally recognised training, timeseries (% of all employers using unaccredited training and choosing that over nationally recognised training)",Overall,Nationally recognised training was not needed,Overall,2021,11.0,11,reported,False,pct,overall,False,Employer survey — joins on state/industry/size. No ANZSCO occupation code available.,False
Table 18,18,"Reasons for choosing unaccredited training over nationally recognised training, timeseries (% of all employers using unaccredited training and choosing that over nationally recognised training)",Overall,Nationally recognised training was not needed,Overall,2023,29.6,29.6,reported,False,pct,overall,False,Employer survey — joins on state/industry/size. No ANZSCO occupation code available.,False
Table 18,18,"Reasons for choosing unaccredited training over nationally recognised training, timeseries (% of all employers using unaccredited training and choosing that over nationally recognised training)",Overall,Nationally recognised training was not needed,Overall,2025,19.7,19.7,reported,False,pct,overall,False,Employer survey — joins on state/industry/size. No ANZSCO occupation code available.,False
Table 18,18,"Reasons for choosing unaccredited training over nationally recognised training, timeseries (% of all employers using unaccredited training and choosing that over nationally recognised training)",Overall,Nationally recognised training was not needed,Overall,2011,,na,not_available,False,pct,overall,False,Employer survey — joins on state/industry/size. No ANZSCO occupation code available.,
Table 18,18,"Reasons for choosing unaccredited training over nationally recognised training, timeseries (% of all employers using unaccredited training and choosing that over nationally recognised training)",Overall,Other reasons,Overall,2005,31.9,31.9*,reported,True,pct,overall,False,Employer survey — joins on state/industry/size. No ANZSCO occupation code available.,False
Table 18,18,"Reasons for choosing unaccredited training over nationally recognised training, timeseries (% of all employers using unaccredited training and choosing that over nationally recognised training)",Overall,Other reasons,Overall,2007,15.6,15.6,reported,False,pct,overall,False,Employer survey — joins on state/industry/size. No ANZSCO occupation code available.,False
Table 18,18,"Reasons for choosing unaccredited training over nationally recognised training, timeseries (% of all employers using unaccredited training and choosing that over nationally recognised training)",Overall,Other reasons,Overall,2009,7.2,7.2,reported,False,pct,overall,False,Employer survey — joins on state/industry/size. No ANZSCO occupation code available.,False
Table 18,18,"Reasons for choosing unaccredited training over nationally recognised training, timeseries (% of all employers using unaccredited training and choosing that over nationally recognised training)",Overall,Other reasons,Overall,2013,10.5,10.5*,reported,True,pct,overall,False,Employer survey — joins on state/industry/size. No ANZSCO occupation code available.,False
Table 18,18,"Reasons for choosing unaccredited training over nationally recognised training, timeseries (% of all employers using unaccredited training and choosing that over nationally recognised training)",Overall,Other reasons,Overall,2015,7.5,7.5,reported,False,pct,overall,False,Employer survey — joins on state/industry/size. No ANZSCO occupation code available.,False
Table 18,18,"Reasons for choosing unaccredited training over nationally recognised training, timeseries (% of all employers using unaccredited training and choosing that over nationally recognised training)",Overall,Other reasons,Overall,2017,5.9,5.9,reported,False,pct,overall,False,Employer survey — joins on state/industry/size. No ANZSCO occupation code available.,False
Table 18,18,"Reasons for choosing unaccredited training over nationally recognised training, timeseries (% of all employers using unaccredited training and choosing that over nationally recognised training)",Overall,Other reasons,Overall,2019,7.5,7.5,reported,False,pct,overall,False,Employer survey — joins on state/industry/size. No ANZSCO occupation code available.,False
Table 18,18,"Reasons for choosing unaccredited training over nationally recognised training, timeseries (% of all employers using unaccredited training and choosing that over nationally recognised training)",Overall,Other reasons,Overall,2021,6.2,6.2,reported,False,pct,overall,False,Employer survey — joins on state/industry/size. No ANZSCO occupation code available.,False
Table 18,18,"Reasons for choosing unaccredited training over nationally recognised training, timeseries (% of all employers using unaccredited training and choosing that over nationally recognised training)",Overall,Other reasons,Overall,2023,6.3,6.3,reported,False,pct,overall,False,Employer survey — joins on state/industry/size. No ANZSCO occupation code available.,False
Table 18,18,"Reasons for choosing unaccredited training over nationally recognised training, timeseries (% of all employers using unaccredited training and choosing that over nationally recognised training)",Overall,Other reasons,Overall,2025,13.7,13.7,reported,False,pct,overall,False,Employer survey — joins on state/industry/size. No ANZSCO occupation code available.,False
Table 18,18,"Reasons for choosing unaccredited training over nationally recognised training, timeseries (% of all employers using unaccredited training and choosing that over nationally recognised training)",Overall,Other reasons,Overall,2011,,na,not_available,False,pct,overall,False,Employer survey — joins on state/industry/size. No ANZSCO occupation code available.,
Table 18,18,"Reasons for choosing unaccredited training over nationally recognised training, timeseries (% of all employers using unaccredited training and choosing that over nationally recognised training)",Overall,Prefer to use our own trainers,Overall,2005,12.5,12.5*,reported,True,pct,overall,False,Employer survey — joins on state/industry/size. No ANZSCO occupation code available.,False
Table 18,18,"Reasons for choosing unaccredited training over nationally recognised training, timeseries (% of all employers using unaccredited training and choosing that over nationally recognised training)",Overall,Prefer to use our own trainers,Overall,2007,20.1,20.1,reported,False,pct,overall,False,Employer survey — joins on state/industry/size. No ANZSCO occupation code available.,False
Table 18,18,"Reasons for choosing unaccredited training over nationally recognised training, timeseries (% of all employers using unaccredited training and choosing that over nationally recognised training)",Overall,Prefer to use our own trainers,Overall,2009,20.1,20.1,reported,False,pct,overall,False,Employer survey — joins on state/industry/size. No ANZSCO occupation code available.,False
Table 18,18,"Reasons for choosing unaccredited training over nationally recognised training, timeseries (% of all employers using unaccredited training and choosing that over nationally recognised training)",Overall,Prefer to use our own trainers,Overall,2013,29.9,29.9*,reported,True,pct,overall,False,Employer survey — joins on state/industry/size. No ANZSCO occupation code available.,False
Table 18,18,"Reasons for choosing unaccredited training over nationally recognised training, timeseries (% of all employers using unaccredited training and choosing that over nationally recognised training)",Overall,Prefer to use our own trainers,Overall,2015,9.5,9.5,reported,False,pct,overall,False,Employer survey — joins on state/industry/size. No ANZSCO occupation code available.,False
Table 18,18,"Reasons for choosing unaccredited training over nationally recognised training, timeseries (% of all employers using unaccredited training and choosing that over nationally recognised training)",Overall,Prefer to use our own trainers,Overall,2017,15.0,15,reported,False,pct,overall,False,Employer survey — joins on state/industry/size. No ANZSCO occupation code available.,False
Table 18,18,"Reasons for choosing unaccredited training over nationally recognised training, timeseries (% of all employers using unaccredited training and choosing that over nationally recognised training)",Overall,Prefer to use our own trainers,Overall,2019,21.4,21.4,reported,False,pct,overall,False,Employer survey — joins on state/industry/size. No ANZSCO occupation code available.,False
Table 18,18,"Reasons for choosing unaccredited training over nationally recognised training, timeseries (% of all employers using unaccredited training and choosing that over nationally recognised training)",Overall,Prefer to use our own trainers,Overall,2021,21.7,21.7,reported,False,pct,overall,False,Employer survey — joins on state/industry/size. No ANZSCO occupation code available.,False
Table 18,18,"Reasons for choosing unaccredited training over nationally recognised training, timeseries (% of all employers using unaccredited training and choosing that over nationally recognised training)",Overall,Prefer to use our own trainers,Overall,2023,18.8,18.8,reported,False,pct,overall,False,Employer survey — joins on state/industry/size. No ANZSCO occupation code available.,False
Table 18,18,"Reasons for choosing unaccredited training over nationally recognised training, timeseries (% of all employers using unaccredited training and choosing that over nationally recognised training)",Overall,Prefer to use our own trainers,Overall,2025,19.3,19.3,reported,False,pct,overall,False,Employer survey — joins on state/industry/size. No ANZSCO occupation code available.,False
Table 18,18,"Reasons for choosing unaccredited training over nationally recognised training, timeseries (% of all employers using unaccredited training and choosing that over nationally recognised training)",Overall,Prefer to use our own trainers,Overall,2011,,na,not_available,False,pct,overall,False,Employer survey — joins on state/industry/size. No ANZSCO occupation code available.,
Table 18,18,"Reasons for choosing unaccredited training over nationally recognised training, timeseries (% of all employers using unaccredited training and choosing that over nationally recognised training)",Overall,Specialists that have a high level of industry knowledge,Overall,2005,9.5,9.5,reported,False,pct,overall,False,Employer survey — joins on state/industry/size. No ANZSCO occupation code available.,False
Table 18,18,"Reasons for choosing unaccredited training over nationally recognised training, timeseries (% of all employers using unaccredited training and choosing that over nationally recognised training)",Overall,Specialists that have a high level of industry knowledge,Overall,2007,16.0,16,reported,False,pct,overall,False,Employer survey — joins on state/industry/size. No ANZSCO occupation code available.,False
Table 18,18,"Reasons for choosing unaccredited training over nationally recognised training, timeseries (% of all employers using unaccredited training and choosing that over nationally recognised training)",Overall,Specialists that have a high level of industry knowledge,Overall,2009,9.7,9.7,reported,False,pct,overall,False,Employer survey — joins on state/industry/size. No ANZSCO occupation code available.,False
Table 18,18,"Reasons for choosing unaccredited training over nationally recognised training, timeseries (% of all employers using unaccredited training and choosing that over nationally recognised training)",Overall,Specialists that have a high level of industry knowledge,Overall,2013,8.9,8.9,reported,False,pct,overall,False,Employer survey — joins on state/industry/size. No ANZSCO occupation code available.,False
Table 18,18,"Reasons for choosing unaccredited training over nationally recognised training, timeseries (% of all employers using unaccredited training and choosing that over nationally recognised training)",Overall,Specialists that have a high level of industry knowledge,Overall,2015,8.7,8.7,reported,False,pct,overall,False,Employer survey — joins on state/industry/size. No ANZSCO occupation code available.,False
Table 18,18,"Reasons for choosing unaccredited training over nationally recognised training, timeseries (% of all employers using unaccredited training and choosing that over nationally recognised training)",Overall,Specialists that have a high level of industry knowledge,Overall,2017,10.4,10.4,reported,False,pct,overall,False,Employer survey — joins on state/industry/size. No ANZSCO occupation code available.,False
Table 18,18,"Reasons for choosing unaccredited training over nationally recognised training, timeseries (% of all employers using unaccredited training and choosing that over nationally recognised training)",Overall,Specialists that have a high level of industry knowledge,Overall,2019,21.6,21.6,reported,False,pct,overall,False,Employer survey — joins on state/industry/size. No ANZSCO occupation code available.,False
Table 18,18,"Reasons for choosing unaccredited training over nationally recognised training, timeseries (% of all employers using unaccredited training and choosing that over nationally recognised training)",Overall,Specialists that have a high level of industry knowledge,Overall,2021,16.5,16.5,reported,False,pct,overall,False,Employer survey — joins on state/industry/size. No ANZSCO occupation code available.,False
Table 18,18,"Reasons for choosing unaccredited training over nationally recognised training, timeseries (% of all employers using unaccredited training and choosing that over nationally recognised training)",Overall,Specialists that have a high level of industry knowledge,Overall,2023,17.2,17.2,reported,False,pct,overall,False,Employer survey — joins on state/industry/size. No ANZSCO occupation code available.,False
Table 18,18,"Reasons for choosing unaccredited training over nationally recognised training, timeseries (% of all employers using unaccredited training and choosing that over nationally recognised training)",Overall,Specialists that have a high level of industry knowledge,Overall,2025,19.1,19.1,reported,False,pct,overall,False,Employer survey — joins on state/industry/size. No ANZSCO occupation code available.,False
Table 18,18,"Reasons for choosing unaccredited training over nationally recognised training, timeseries (% of all employers using unaccredited training and choosing that over nationally recognised training)",Overall,Specialists that have a high level of industry knowledge,Overall,2011,,na,not_available,False,pct,overall,False,Employer survey — joins on state/industry/size. No ANZSCO occupation code available.,
Table 18,18,"Reasons for choosing unaccredited training over nationally recognised training, timeseries (% of all employers using unaccredited training and choosing that over nationally recognised training)",Overall,Training course content was suitable,Overall,2005,25.2,25.2*,reported,True,pct,overall,False,Employer survey — joins on state/industry/size. No ANZSCO occupation code available.,False
Table 18,18,"Reasons for choosing unaccredited training over nationally recognised training, timeseries (% of all employers using unaccredited training and choosing that over nationally recognised training)",Overall,Training course content was suitable,Overall,2007,17.2,17.2,reported,False,pct,overall,False,Employer survey — joins on state/industry/size. No ANZSCO occupation code available.,False
Table 18,18,"Reasons for choosing unaccredited training over nationally recognised training, timeseries (% of all employers using unaccredited training and choosing that over nationally recognised training)",Overall,Training course content was suitable,Overall,2009,13.4,13.4,reported,False,pct,overall,False,Employer survey — joins on state/industry/size. No ANZSCO occupation code available.,False
Table 18,18,"Reasons for choosing unaccredited training over nationally recognised training, timeseries (% of all employers using unaccredited training and choosing that over nationally recognised training)",Overall,Training course content was suitable,Overall,2013,4.3,4.3,reported,False,pct,overall,False,Employer survey — joins on state/industry/size. No ANZSCO occupation code available.,False
Table 18,18,"Reasons for choosing unaccredited training over nationally recognised training, timeseries (% of all employers using unaccredited training and choosing that over nationally recognised training)",Overall,Training course content was suitable,Overall,2015,16.2,16.2,reported,False,pct,overall,False,Employer survey — joins on state/industry/size. No ANZSCO occupation code available.,False
Table 18,18,"Reasons for choosing unaccredited training over nationally recognised training, timeseries (% of all employers using unaccredited training and choosing that over nationally recognised training)",Overall,Training course content was suitable,Overall,2017,10.2,10.2,reported,False,pct,overall,False,Employer survey — joins on state/industry/size. No ANZSCO occupation code available.,False
Table 18,18,"Reasons for choosing unaccredited training over nationally recognised training, timeseries (% of all employers using unaccredited training and choosing that over nationally recognised training)",Overall,Training course content was suitable,Overall,2019,27.1,27.1,reported,False,pct,overall,False,Employer survey — joins on state/industry/size. No ANZSCO occupation code available.,False
Table 18,18,"Reasons for choosing unaccredited training over nationally recognised training, timeseries (% of all employers using unaccredited training and choosing that over nationally recognised training)",Overall,Training course content was suitable,Overall,2021,28.2,28.2,reported,False,pct,overall,False,Employer survey — joins on state/industry/size. No ANZSCO occupation code available.,False
Table 18,18,"Reasons for choosing unaccredited training over nationally recognised training, timeseries (% of all employers using unaccredited training and choosing that over nationally recognised training)",Overall,Training course content was suitable,Overall,2023,37.7,37.7,reported,False,pct,overall,False,Employer survey — joins on state/industry/size. No ANZSCO occupation code available.,False
Table 18,18,"Reasons for choosing unaccredited training over nationally recognised training, timeseries (% of all employers using unaccredited training and choosing that over nationally recognised training)",Overall,Training course content was suitable,Overall,2025,26.0,26,reported,False,pct,overall,False,Employer survey — joins on state/industry/size. No ANZSCO occupation code available.,False
Table 18,18,"Reasons for choosing unaccredited training over nationally recognised training, timeseries (% of all employers using unaccredited training and choosing that over nationally recognised training)",Overall,Training course content was suitable,Overall,2011,,na,not_available,False,pct,overall,False,Employer survey — joins on state/industry/size. No ANZSCO occupation code available.,
Table 20,20,"Reasons for not providing any training to employees in the last 12 months, 2021, 2023 and 2025 (% of all employers who provided no training in the last 12 months)",Overall,Cost/too expensive,Overall,2021,4.1,4.1,reported,False,pct,overall,False,Employer survey — joins on state/industry/size. No ANZSCO occupation code available.,False
Table 20,20,"Reasons for not providing any training to employees in the last 12 months, 2021, 2023 and 2025 (% of all employers who provided no training in the last 12 months)",Overall,Cost/too expensive,Overall,2023,2.9,2.9,reported,False,pct,overall,False,Employer survey — joins on state/industry/size. No ANZSCO occupation code available.,False
Table 20,20,"Reasons for not providing any training to employees in the last 12 months, 2021, 2023 and 2025 (% of all employers who provided no training in the last 12 months)",Overall,Cost/too expensive,Overall,2025,2.7,2.7,reported,False,pct,overall,False,Employer survey — joins on state/industry/size. No ANZSCO occupation code available.,False
Table 20,20,"Reasons for not providing any training to employees in the last 12 months, 2021, 2023 and 2025 (% of all employers who provided no training in the last 12 months)",Overall,Couldn’t find suitable training,Overall,2021,3.2,3.2,reported,False,pct,overall,False,Employer survey — joins on state/industry/size. No ANZSCO occupation code available.,False
Table 20,20,"Reasons for not providing any training to employees in the last 12 months, 2021, 2023 and 2025 (% of all employers who provided no training in the last 12 months)",Overall,Couldn’t find suitable training,Overall,2023,3.3,3.3,reported,False,pct,overall,False,Employer survey — joins on state/industry/size. No ANZSCO occupation code available.,False
Table 20,20,"Reasons for not providing any training to employees in the last 12 months, 2021, 2023 and 2025 (% of all employers who provided no training in the last 12 months)",Overall,Couldn’t find suitable training,Overall,2025,3.6,3.6,reported,False,pct,overall,False,Employer survey — joins on state/industry/size. No ANZSCO occupation code available.,False
Table 20,20,"Reasons for not providing any training to employees in the last 12 months, 2021, 2023 and 2025 (% of all employers who provided no training in the last 12 months)",Overall,Current employees are adequately trained,Overall,2021,51.6,51.6,reported,False,pct,overall,False,Employer survey — joins on state/industry/size. No ANZSCO occupation code available.,False
Table 20,20,"Reasons for not providing any training to employees in the last 12 months, 2021, 2023 and 2025 (% of all employers who provided no training in the last 12 months)",Overall,Current employees are adequately trained,Overall,2023,49.5,49.5,reported,False,pct,overall,False,Employer survey — joins on state/industry/size. No ANZSCO occupation code available.,False
Table 20,20,"Reasons for not providing any training to employees in the last 12 months, 2021, 2023 and 2025 (% of all employers who provided no training in the last 12 months)",Overall,Current employees are adequately trained,Overall,2025,52.8,52.8,reported,False,pct,overall,False,Employer survey — joins on state/industry/size. No ANZSCO occupation code available.,False
Table 20,20,"Reasons for not providing any training to employees in the last 12 months, 2021, 2023 and 2025 (% of all employers who provided no training in the last 12 months)",Overall,No need/not relevant to our organisation,Overall,2021,52.7,52.7,reported,False,pct,overall,False,Employer survey — joins on state/industry/size. No ANZSCO occupation code available.,False
Table 20,20,"Reasons for not providing any training to employees in the last 12 months, 2021, 2023 and 2025 (% of all employers who provided no training in the last 12 months)",Overall,No need/not relevant to our organisation,Overall,2023,52.2,52.2,reported,False,pct,overall,False,Employer survey — joins on state/industry/size. No ANZSCO occupation code available.,False
Table 20,20,"Reasons for not providing any training to employees in the last 12 months, 2021, 2023 and 2025 (% of all employers who provided no training in the last 12 months)",Overall,No need/not relevant to our organisation,Overall,2025,46.0,46,reported,False,pct,overall,False,Employer survey — joins on state/industry/size. No ANZSCO occupation code available.,False
Table 20,20,"Reasons for not providing any training to employees in the last 12 months, 2021, 2023 and 2025 (% of all employers who provided no training in the last 12 months)",Overall,No particular reason,Overall,2021,5.5,5.5,reported,False,pct,overall,False,Employer survey — joins on state/industry/size. No ANZSCO occupation code available.,False
Table 20,20,"Reasons for not providing any training to employees in the last 12 months, 2021, 2023 and 2025 (% of all employers who provided no training in the last 12 months)",Overall,No particular reason,Overall,2023,6.9,6.9,reported,False,pct,overall,False,Employer survey — joins on state/industry/size. No ANZSCO occupation code available.,False
Table 20,20,"Reasons for not providing any training to employees in the last 12 months, 2021, 2023 and 2025 (% of all employers who provided no training in the last 12 months)",Overall,No particular reason,Overall,2025,4.0,4,reported,False,pct,overall,False,Employer survey — joins on state/industry/size. No ANZSCO occupation code available.,False
Table 20,20,"Reasons for not providing any training to employees in the last 12 months, 2021, 2023 and 2025 (% of all employers who provided no training in the last 12 months)",Overall,Other reason,Overall,2021,4.0,4,reported,False,pct,overall,False,Employer survey — joins on state/industry/size. No ANZSCO occupation code available.,False
Table 20,20,"Reasons for not providing any training to employees in the last 12 months, 2021, 2023 and 2025 (% of all employers who provided no training in the last 12 months)",Overall,Other reason,Overall,2023,4.5,4.5,reported,False,pct,overall,False,Employer survey — joins on state/industry/size. No ANZSCO occupation code available.,False
Table 20,20,"Reasons for not providing any training to employees in the last 12 months, 2021, 2023 and 2025 (% of all employers who provided no training in the last 12 months)",Overall,Other reason,Overall,2025,6.0,6,reported,False,pct,overall,False,Employer survey — joins on state/industry/size. No ANZSCO occupation code available.,False
Table 24,24,"Ways AI has helped organisation in the last 12 months, 2025 (% of all employers who said AI helped their organisation in the last 12 months)",Overall,At least one benefit,Only using chatbots,2025,99.6,99.6,reported,False,pct,overall,True,Employer survey — joins on state/industry/size. No ANZSCO occupation code available.,False
Table 24,24,"Ways AI has helped organisation in the last 12 months, 2025 (% of all employers who said AI helped their organisation in the last 12 months)",Overall,At least one benefit,Only using other AI tools,2025,99.7,99.7,reported,False,pct,overall,True,Employer survey — joins on state/industry/size. No ANZSCO occupation code available.,False
Table 24,24,"Ways AI has helped organisation in the last 12 months, 2025 (% of all employers who said AI helped their organisation in the last 12 months)",Overall,At least one benefit,Total,2025,99.6,99.6,reported,False,pct,overall,True,Employer survey — joins on state/industry/size. No ANZSCO occupation code available.,False
Table 24,24,"Ways AI has helped organisation in the last 12 months, 2025 (% of all employers who said AI helped their organisation in the last 12 months)",Overall,At least one benefit,Using chatbots and other AI tools,2025,99.8,99.8,reported,False,pct,overall,True,Employer survey — joins on state/industry/size. No ANZSCO occupation code available.,False
Table 24,24,"Ways AI has helped organisation in the last 12 months, 2025 (% of all employers who said AI helped their organisation in the last 12 months)",Overall,At least one benefit | Automation of process or tasks,Only using chatbots,2025,31.0,31,reported,False,pct,overall,True,Employer survey — joins on state/industry/size. No ANZSCO occupation code available.,False
Table 24,24,"Ways AI has helped organisation in the last 12 months, 2025 (% of all employers who said AI helped their organisation in the last 12 months)",Overall,At least one benefit | Automation of process or tasks,Only using other AI tools,2025,23.7,23.7,reported,False,pct,overall,True,Employer survey — joins on state/industry/size. No ANZSCO occupation code available.,False
Table 24,24,"Ways AI has helped organisation in the last 12 months, 2025 (% of all employers who said AI helped their organisation in the last 12 months)",Overall,At least one benefit | Automation of process or tasks,Total,2025,32.3,32.3,reported,False,pct,overall,True,Employer survey — joins on state/industry/size. No ANZSCO occupation code available.,False
Table 24,24,"Ways AI has helped organisation in the last 12 months, 2025 (% of all employers who said AI helped their organisation in the last 12 months)",Overall,At least one benefit | Automation of process or tasks,Using chatbots and other AI tools,2025,40.5,40.5,reported,False,pct,overall,True,Employer survey — joins on state/industry/size. No ANZSCO occupation code available.,False
Table 24,24,"Ways AI has helped organisation in the last 12 months, 2025 (% of all employers who said AI helped their organisation in the last 12 months)",Overall,At least one benefit | Improved decision making,Only using chatbots,2025,11.6,11.6,reported,False,pct,overall,True,Employer survey — joins on state/industry/size. No ANZSCO occupation code available.,False
Table 24,24,"Ways AI has helped organisation in the last 12 months, 2025 (% of all employers who said AI helped their organisation in the last 12 months)",Overall,At least one benefit | Improved decision making,Only using other AI tools,2025,6.1,6.1,reported,False,pct,overall,True,Employer survey — joins on state/industry/size. No ANZSCO occupation code available.,False
Table 24,24,"Ways AI has helped organisation in the last 12 months, 2025 (% of all employers who said AI helped their organisation in the last 12 months)",Overall,At least one benefit | Improved decision making,Total,2025,12.9,12.9,reported,False,pct,overall,True,Employer survey — joins on state/industry/size. No ANZSCO occupation code available.,False
Table 24,24,"Ways AI has helped organisation in the last 12 months, 2025 (% of all employers who said AI helped their organisation in the last 12 months)",Overall,At least one benefit | Improved decision making,Using chatbots and other AI tools,2025,18.9,18.9,reported,False,pct,overall,True,Employer survey — joins on state/industry/size. No ANZSCO occupation code available.,False
Table 24,24,"Ways AI has helped organisation in the last 12 months, 2025 (% of all employers who said AI helped their organisation in the last 12 months)",Overall,At least one benefit | Improved the quality of work,Only using chatbots,2025,44.8,44.8,reported,False,pct,overall,True,Employer survey — joins on state/industry/size. No ANZSCO occupation code available.,False
Table 24,24,"Ways AI has helped organisation in the last 12 months, 2025 (% of all employers who said AI helped their organisation in the last 12 months)",Overall,At least one benefit | Improved the quality of work,Only using other AI tools,2025,42.1,42.1,reported,False,pct,overall,True,Employer survey — joins on state/industry/size. No ANZSCO occupation code available.,False
Table 24,24,"Ways AI has helped organisation in the last 12 months, 2025 (% of all employers who said AI helped their organisation in the last 12 months)",Overall,At least one benefit | Improved the quality of work,Total,2025,45.7,45.7,reported,False,pct,overall,True,Employer survey — joins on state/industry/size. No ANZSCO occupation code available.,False
Table 24,24,"Ways AI has helped organisation in the last 12 months, 2025 (% of all employers who said AI helped their organisation in the last 12 months)",Overall,At least one benefit | Improved the quality of work,Using chatbots and other AI tools,2025,51.2,51.2,reported,False,pct,overall,True,Employer survey — joins on state/industry/size. No ANZSCO occupation code available.,False
Table 24,24,"Ways AI has helped organisation in the last 12 months, 2025 (% of all employers who said AI helped their organisation in the last 12 months)",Overall,At least one benefit | Increased efficiency,Only using chatbots,2025,58.8,58.8,reported,False,pct,overall,True,Employer survey — joins on state/industry/size. No ANZSCO occupation code available.,False
Table 24,24,"Ways AI has helped organisation in the last 12 months, 2025 (% of all employers who said AI helped their organisation in the last 12 months)",Overall,At least one benefit | Increased efficiency,Only using other AI tools,2025,66.3,66.3,reported,False,pct,overall,True,Employer survey — joins on state/industry/size. No ANZSCO occupation code available.,False
Table 24,24,"Ways AI has helped organisation in the last 12 months, 2025 (% of all employers who said AI helped their organisation in the last 12 months)",Overall,At least one benefit | Increased efficiency,Total,2025,63.9,63.9,reported,False,pct,overall,True,Employer survey — joins on state/industry/size. No ANZSCO occupation code available.,False
Table 24,24,"Ways AI has helped organisation in the last 12 months, 2025 (% of all employers who said AI helped their organisation in the last 12 months)",Overall,At least one benefit | Increased efficiency,Using chatbots and other AI tools,2025,81.1,81.1,reported,False,pct,overall,True,Employer survey — joins on state/industry/size. No ANZSCO occupation code available.,False
Table 24,24,"Ways AI has helped organisation in the last 12 months, 2025 (% of all employers who said AI helped their organisation in the last 12 months)",Overall,At least one benefit | Innovation or created new opportunities,Only using chatbots,2025,10.3,10.3,reported,False,pct,overall,True,Employer survey — joins on state/industry/size. No ANZSCO occupation code available.,False
Table 24,24,"Ways AI has helped organisation in the last 12 months, 2025 (% of all employers who said AI helped their organisation in the last 12 months)",Overall,At least one benefit | Innovation or created new opportunities,Only using other AI tools,2025,14.4,14.4,reported,False,pct,overall,True,Employer survey — joins on state/industry/size. No ANZSCO occupation code available.,False
Table 24,24,"Ways AI has helped organisation in the last 12 months, 2025 (% of all employers who said AI helped their organisation in the last 12 months)",Overall,At least one benefit | Innovation or created new opportunities,Total,2025,12.8,12.8,reported,False,pct,overall,True,Employer survey — joins on state/industry/size. No ANZSCO occupation code available.,False
Table 24,24,"Ways AI has helped organisation in the last 12 months, 2025 (% of all employers who said AI helped their organisation in the last 12 months)",Overall,At least one benefit | Innovation or created new opportunities,Using chatbots and other AI tools,2025,20.6,20.6,reported,False,pct,overall,True,Employer survey — joins on state/industry/size. No ANZSCO occupation code available.,False
Table 24,24,"Ways AI has helped organisation in the last 12 months, 2025 (% of all employers who said AI helped their organisation in the last 12 months)",Overall,At least one benefit | Other reason,Only using chatbots,2025,0.8,0.8,reported,False,pct,overall,True,Employer survey — joins on state/industry/size. No ANZSCO occupation code available.,False
Table 24,24,"Ways AI has helped organisation in the last 12 months, 2025 (% of all employers who said AI helped their organisation in the last 12 months)",Overall,At least one benefit | Other reason,Only using other AI tools,2025,8.0,8,reported,False,pct,overall,True,Employer survey — joins on state/industry/size. No ANZSCO occupation code available.,False
Table 24,24,"Ways AI has helped organisation in the last 12 months, 2025 (% of all employers who said AI helped their organisation in the last 12 months)",Overall,At least one benefit | Other reason,Total,2025,1.6,1.6,reported,False,pct,overall,True,Employer survey — joins on state/industry/size. No ANZSCO occupation code available.,False
Table 24,24,"Ways AI has helped organisation in the last 12 months, 2025 (% of all employers who said AI helped their organisation in the last 12 months)",Overall,At least one benefit | Other reason,Using chatbots and other AI tools,2025,1.3,1.3,reported,False,pct,overall,True,Employer survey — joins on state/industry/size. No ANZSCO occupation code available.,False
Table 24,24,"Ways AI has helped organisation in the last 12 months, 2025 (% of all employers who said AI helped their organisation in the last 12 months)",Overall,At least one benefit | Risk management and fraud detection,Only using chatbots,2025,2.3,2.3,reported,False,pct,overall,True,Employer survey — joins on state/industry/size. No ANZSCO occupation code available.,False
Table 24,24,"Ways AI has helped organisation in the last 12 months, 2025 (% of all employers who said AI helped their organisation in the last 12 months)",Overall,At least one benefit | Risk management and fraud detection,Only using other AI tools,2025,5.1,5.1,reported,False,pct,overall,True,Employer survey — joins on state/industry/size. No ANZSCO occupation code available.,False
Table 24,24,"Ways AI has helped organisation in the last 12 months, 2025 (% of all employers who said AI helped their organisation in the last 12 months)",Overall,At least one benefit | Risk management and fraud detection,Total,2025,3.6,3.6,reported,False,pct,overall,True,Employer survey — joins on state/industry/size. No ANZSCO occupation code available.,False
Table 24,24,"Ways AI has helped organisation in the last 12 months, 2025 (% of all employers who said AI helped their organisation in the last 12 months)",Overall,At least one benefit | Risk management and fraud detection,Using chatbots and other AI tools,2025,7.4,7.4,reported,False,pct,overall,True,Employer survey — joins on state/industry/size. No ANZSCO occupation code available.,False
Table 24,24,"Ways AI has helped organisation in the last 12 months, 2025 (% of all employers who said AI helped their organisation in the last 12 months)",Overall,At least one benefit | Saved costs,Only using chatbots,2025,7.8,7.8,reported,False,pct,overall,True,Employer survey — joins on state/industry/size. No ANZSCO occupation code available.,False
Table 24,24,"Ways AI has helped organisation in the last 12 months, 2025 (% of all employers who said AI helped their organisation in the last 12 months)",Overall,At least one benefit | Saved costs,Only using other AI tools,2025,10.8,10.8,reported,False,pct,overall,True,Employer survey — joins on state/industry/size. No ANZSCO occupation code available.,False
Table 24,24,"Ways AI has helped organisation in the last 12 months, 2025 (% of all employers who said AI helped their organisation in the last 12 months)",Overall,At least one benefit | Saved costs,Total,2025,12.9,12.9,reported,False,pct,overall,True,Employer survey — joins on state/industry/size. No ANZSCO occupation code available.,False
Table 24,24,"Ways AI has helped organisation in the last 12 months, 2025 (% of all employers who said AI helped their organisation in the last 12 months)",Overall,At least one benefit | Saved costs,Using chatbots and other AI tools,2025,29.5,29.5,reported,False,pct,overall,True,Employer survey — joins on state/industry/size. No ANZSCO occupation code available.,False
Table 24,24,"Ways AI has helped organisation in the last 12 months, 2025 (% of all employers who said AI helped their organisation in the last 12 months)",Overall,No benefits,Only using chatbots,2025,0.4,0.4,reported,False,pct,overall,True,Employer survey — joins on state/industry/size. No ANZSCO occupation code available.,False
Table 24,24,"Ways AI has helped organisation in the last 12 months, 2025 (% of all employers who said AI helped their organisation in the last 12 months)",Overall,No benefits,Only using other AI tools,2025,0.3,0.3,reported,False,pct,overall,True,Employer survey — joins on state/industry/size. No ANZSCO occupation code available.,False
Table 24,24,"Ways AI has helped organisation in the last 12 months, 2025 (% of all employers who said AI helped their organisation in the last 12 months)",Overall,No benefits,Total,2025,0.4,0.4,reported,False,pct,overall,True,Employer survey — joins on state/industry/size. No ANZSCO occupation code available.,False
Table 24,24,"Ways AI has helped organisation in the last 12 months, 2025 (% of all employers who said AI helped their organisation in the last 12 months)",Overall,No benefits,Using chatbots and other AI tools,2025,0.2,0.2,reported,False,pct,overall,True,Employer survey — joins on state/industry/size. No ANZSCO occupation code available.,False
Table 27,27,"Barriers to using AI at work currently, 2025 (% all employers)",Overall,At least one barrier,Has not used AI in the last 12 months,2025,75.1,75.1,reported,False,pct,overall,True,Employer survey — joins on state/industry/size. No ANZSCO occupation code available.,False
Table 27,27,"Barriers to using AI at work currently, 2025 (% all employers)",Overall,At least one barrier,Total,2025,69.5,69.5,reported,False,pct,overall,True,Employer survey — joins on state/industry/size. No ANZSCO occupation code available.,False
Table 27,27,"Barriers to using AI at work currently, 2025 (% all employers)",Overall,At least one barrier,Used AI in the last 12 months,2025,61.4,61.4,reported,False,pct,overall,True,Employer survey — joins on state/industry/size. No ANZSCO occupation code available.,False
Table 27,27,"Barriers to using AI at work currently, 2025 (% all employers)",Overall,At least one barrier | Cost/lack of funds,Has not used AI in the last 12 months,2025,4.0,4,reported,False,pct,overall,True,Employer survey — joins on state/industry/size. No ANZSCO occupation code available.,False
Table 27,27,"Barriers to using AI at work currently, 2025 (% all employers)",Overall,At least one barrier | Cost/lack of funds,Total,2025,5.9,5.9,reported,False,pct,overall,True,Employer survey — joins on state/industry/size. No ANZSCO occupation code available.,False
Table 27,27,"Barriers to using AI at work currently, 2025 (% all employers)",Overall,At least one barrier | Cost/lack of funds,Used AI in the last 12 months,2025,8.8,8.8,reported,False,pct,overall,True,Employer survey — joins on state/industry/size. No ANZSCO occupation code available.,False
Table 27,27,"Barriers to using AI at work currently, 2025 (% all employers)",Overall,At least one barrier | Lack of investment from the organisation,Has not used AI in the last 12 months,2025,0.8,0.8,reported,False,pct,overall,True,Employer survey — joins on state/industry/size. No ANZSCO occupation code available.,False
Table 27,27,"Barriers to using AI at work currently, 2025 (% all employers)",Overall,At least one barrier | Lack of investment from the organisation,Total,2025,1.4,1.4,reported,False,pct,overall,True,Employer survey — joins on state/industry/size. No ANZSCO occupation code available.,False
Table 27,27,"Barriers to using AI at work currently, 2025 (% all employers)",Overall,At least one barrier | Lack of investment from the organisation,Used AI in the last 12 months,2025,2.3,2.3,reported,False,pct,overall,True,Employer survey — joins on state/industry/size. No ANZSCO occupation code available.,False
Table 27,27,"Barriers to using AI at work currently, 2025 (% all employers)",Overall,At least one barrier | Lack of skills and capabilities within the organisation,Has not used AI in the last 12 months,2025,10.5,10.5,reported,False,pct,overall,True,Employer survey — joins on state/industry/size. No ANZSCO occupation code available.,False
Table 27,27,"Barriers to using AI at work currently, 2025 (% all employers)",Overall,At least one barrier | Lack of skills and capabilities within the organisation,Total,2025,13.0,13,reported,False,pct,overall,True,Employer survey — joins on state/industry/size. No ANZSCO occupation code available.,False
Table 27,27,"Barriers to using AI at work currently, 2025 (% all employers)",Overall,At least one barrier | Lack of skills and capabilities within the organisation,Used AI in the last 12 months,2025,16.6,16.6,reported,False,pct,overall,True,Employer survey — joins on state/industry/size. No ANZSCO occupation code available.,False
Table 27,27,"Barriers to using AI at work currently, 2025 (% all employers)",Overall,At least one barrier | Limited training available,Has not used AI in the last 12 months,2025,3.5,3.5,reported,False,pct,overall,True,Employer survey — joins on state/industry/size. No ANZSCO occupation code available.,False
Table 27,27,"Barriers to using AI at work currently, 2025 (% all employers)",Overall,At least one barrier | Limited training available,Total,2025,5.7,5.7,reported,False,pct,overall,True,Employer survey — joins on state/industry/size. No ANZSCO occupation code available.,False
Table 27,27,"Barriers to using AI at work currently, 2025 (% all employers)",Overall,At least one barrier | Limited training available,Used AI in the last 12 months,2025,8.9,8.9,reported,False,pct,overall,True,Employer survey — joins on state/industry/size. No ANZSCO occupation code available.,False
Table 27,27,"Barriers to using AI at work currently, 2025 (% all employers)",Overall,At least one barrier | Not enough time to learn/use,Has not used AI in the last 12 months,2025,8.2,8.2,reported,False,pct,overall,True,Employer survey — joins on state/industry/size. No ANZSCO occupation code available.,False
Table 27,27,"Barriers to using AI at work currently, 2025 (% all employers)",Overall,At least one barrier | Not enough time to learn/use,Total,2025,11.4,11.4,reported,False,pct,overall,True,Employer survey — joins on state/industry/size. No ANZSCO occupation code available.,False
Table 27,27,"Barriers to using AI at work currently, 2025 (% all employers)",Overall,At least one barrier | Not enough time to learn/use,Used AI in the last 12 months,2025,16.1,16.1,reported,False,pct,overall,True,Employer survey — joins on state/industry/size. No ANZSCO occupation code available.,False
Table 27,27,"Barriers to using AI at work currently, 2025 (% all employers)",Overall,At least one barrier | Not relevant to my organisation,Has not used AI in the last 12 months,2025,49.6,49.6,reported,False,pct,overall,True,Employer survey — joins on state/industry/size. No ANZSCO occupation code available.,False
Table 27,27,"Barriers to using AI at work currently, 2025 (% all employers)",Overall,At least one barrier | Not relevant to my organisation,Total,2025,35.4,35.4,reported,False,pct,overall,True,Employer survey — joins on state/industry/size. No ANZSCO occupation code available.,False
Table 27,27,"Barriers to using AI at work currently, 2025 (% all employers)",Overall,At least one barrier | Not relevant to my organisation,Used AI in the last 12 months,2025,14.2,14.2,reported,False,pct,overall,True,Employer survey — joins on state/industry/size. No ANZSCO occupation code available.,False
Table 27,27,"Barriers to using AI at work currently, 2025 (% all employers)",Overall,At least one barrier | Other reason,Has not used AI in the last 12 months,2025,6.0,6,reported,False,pct,overall,True,Employer survey — joins on state/industry/size. No ANZSCO occupation code available.,False
Table 27,27,"Barriers to using AI at work currently, 2025 (% all employers)",Overall,At least one barrier | Other reason,Total,2025,6.5,6.5,reported,False,pct,overall,True,Employer survey — joins on state/industry/size. No ANZSCO occupation code available.,False
Table 27,27,"Barriers to using AI at work currently, 2025 (% all employers)",Overall,At least one barrier | Other reason,Used AI in the last 12 months,2025,7.1,7.1,reported,False,pct,overall,True,Employer survey — joins on state/industry/size. No ANZSCO occupation code available.,False
Table 27,27,"Barriers to using AI at work currently, 2025 (% all employers)",Overall,At least one barrier | Risk or security/privacy concerns,Has not used AI in the last 12 months,2025,6.4,6.4,reported,False,pct,overall,True,Employer survey — joins on state/industry/size. No ANZSCO occupation code available.,False
Table 27,27,"Barriers to using AI at work currently, 2025 (% all employers)",Overall,At least one barrier | Risk or security/privacy concerns,Total,2025,9.7,9.7,reported,False,pct,overall,True,Employer survey — joins on state/industry/size. No ANZSCO occupation code available.,False
Table 27,27,"Barriers to using AI at work currently, 2025 (% all employers)",Overall,At least one barrier | Risk or security/privacy concerns,Used AI in the last 12 months,2025,14.7,14.7,reported,False,pct,overall,True,Employer survey — joins on state/industry/size. No ANZSCO occupation code available.,False
Table 27,27,"Barriers to using AI at work currently, 2025 (% all employers)",Overall,At least one barrier | Technology or computing infrastructure lacking,Has not used AI in the last 12 months,2025,4.5,4.5,reported,False,pct,overall,True,Employer survey — joins on state/industry/size. No ANZSCO occupation code available.,False
Table 27,27,"Barriers to using AI at work currently, 2025 (% all employers)",Overall,At least one barrier | Technology or computing infrastructure lacking,Total,2025,4.3,4.3,reported,False,pct,overall,True,Employer survey — joins on state/industry/size. No ANZSCO occupation code available.,False
Table 27,27,"Barriers to using AI at work currently, 2025 (% all employers)",Overall,At least one barrier | Technology or computing infrastructure lacking,Used AI in the last 12 months,2025,4.0,4,reported,False,pct,overall,True,Employer survey — joins on state/industry/size. No ANZSCO occupation code available.,False
Table 27,27,"Barriers to using AI at work currently, 2025 (% all employers)",Overall,At least one barrier | Workplace restrictions,Has not used AI in the last 12 months,2025,2.5,2.5,reported,False,pct,overall,True,Employer survey — joins on state/industry/size. No ANZSCO occupation code available.,False
Table 27,27,"Barriers to using AI at work currently, 2025 (% all employers)",Overall,At least one barrier | Workplace restrictions,Total,2025,2.9,2.9,reported,False,pct,overall,True,Employer survey — joins on state/industry/size. No ANZSCO occupation code available.,False
Table 27,27,"Barriers to using AI at work currently, 2025 (% all employers)",Overall,At least one barrier | Workplace restrictions,Used AI in the last 12 months,2025,3.6,3.6,reported,False,pct,overall,True,Employer survey — joins on state/industry/size. No ANZSCO occupation code available.,False
Table 27,27,"Barriers to using AI at work currently, 2025 (% all employers)",Overall,No barriers,Has not used AI in the last 12 months,2025,24.9,24.9,reported,False,pct,overall,True,Employer survey — joins on state/industry/size. No ANZSCO occupation code available.,False
Table 27,27,"Barriers to using AI at work currently, 2025 (% all employers)",Overall,No barriers,Total,2025,30.5,30.5,reported,False,pct,overall,True,Employer survey — joins on state/industry/size. No ANZSCO occupation code available.,False
Table 27,27,"Barriers to using AI at work currently, 2025 (% all employers)",Overall,No barriers,Used AI in the last 12 months,2025,38.6,38.6,reported,False,pct,overall,True,Employer survey — joins on state/industry/size. No ANZSCO occupation code available.,False
Table 28,28,"Changes the organisation will make in the next 12 months to use AI technologies, 2025 (% all employers)",Overall,Change data management practices,Has not used AI in the last 12 months,2025,3.1,3.1,reported,False,pct,overall,True,Employer survey — joins on state/industry/size. No ANZSCO occupation code available.,False
Table 28,28,"Changes the organisation will make in the next 12 months to use AI technologies, 2025 (% all employers)",Overall,Change data management practices,Total,2025,6.0,6,reported,False,pct,overall,True,Employer survey — joins on state/industry/size. No ANZSCO occupation code available.,False
Table 28,28,"Changes the organisation will make in the next 12 months to use AI technologies, 2025 (% all employers)",Overall,Change data management practices,Used AI in the last 12 months,2025,10.1,10.1,reported,False,pct,overall,True,Employer survey — joins on state/industry/size. No ANZSCO occupation code available.,False
Table 28,28,"Changes the organisation will make in the next 12 months to use AI technologies, 2025 (% all employers)",Overall,Change workplans or workflows,Has not used AI in the last 12 months,2025,3.8,3.8,reported,False,pct,overall,True,Employer survey — joins on state/industry/size. No ANZSCO occupation code available.,False
Table 28,28,"Changes the organisation will make in the next 12 months to use AI technologies, 2025 (% all employers)",Overall,Change workplans or workflows,Total,2025,8.3,8.3,reported,False,pct,overall,True,Employer survey — joins on state/industry/size. No ANZSCO occupation code available.,False
Table 28,28,"Changes the organisation will make in the next 12 months to use AI technologies, 2025 (% all employers)",Overall,Change workplans or workflows,Used AI in the last 12 months,2025,14.7,14.7,reported,False,pct,overall,True,Employer survey — joins on state/industry/size. No ANZSCO occupation code available.,False
Table 28,28,"Changes the organisation will make in the next 12 months to use AI technologies, 2025 (% all employers)",Overall,Hire consultants to install or integrate AI technologies,Has not used AI in the last 12 months,2025,1.9,1.9,reported,False,pct,overall,True,Employer survey — joins on state/industry/size. No ANZSCO occupation code available.,False
Table 28,28,"Changes the organisation will make in the next 12 months to use AI technologies, 2025 (% all employers)",Overall,Hire consultants to install or integrate AI technologies,Total,2025,2.7,2.7,reported,False,pct,overall,True,Employer survey — joins on state/industry/size. No ANZSCO occupation code available.,False
Table 28,28,"Changes the organisation will make in the next 12 months to use AI technologies, 2025 (% all employers)",Overall,Hire consultants to install or integrate AI technologies,Used AI in the last 12 months,2025,3.8,3.8,reported,False,pct,overall,True,Employer survey — joins on state/industry/size. No ANZSCO occupation code available.,False
Table 28,28,"Changes the organisation will make in the next 12 months to use AI technologies, 2025 (% all employers)",Overall,Hire staff qualified in AI technologies,Has not used AI in the last 12 months,2025,1.4,1.4,reported,False,pct,overall,True,Employer survey — joins on state/industry/size. No ANZSCO occupation code available.,False
Table 28,28,"Changes the organisation will make in the next 12 months to use AI technologies, 2025 (% all employers)",Overall,Hire staff qualified in AI technologies,Total,2025,2.1,2.1,reported,False,pct,overall,True,Employer survey — joins on state/industry/size. No ANZSCO occupation code available.,False
Table 28,28,"Changes the organisation will make in the next 12 months to use AI technologies, 2025 (% all employers)",Overall,Hire staff qualified in AI technologies,Used AI in the last 12 months,2025,3.2,3.2,reported,False,pct,overall,True,Employer survey — joins on state/industry/size. No ANZSCO occupation code available.,False
Table 28,28,"Changes the organisation will make in the next 12 months to use AI technologies, 2025 (% all employers)",Overall,Improve IT/computing infrastructurre,Has not used AI in the last 12 months,2025,6.2,6.2,reported,False,pct,overall,True,Employer survey — joins on state/industry/size. No ANZSCO occupation code available.,False
Table 28,28,"Changes the organisation will make in the next 12 months to use AI technologies, 2025 (% all employers)",Overall,Improve IT/computing infrastructurre,Total,2025,10.2,10.2,reported,False,pct,overall,True,Employer survey — joins on state/industry/size. No ANZSCO occupation code available.,False
Table 28,28,"Changes the organisation will make in the next 12 months to use AI technologies, 2025 (% all employers)",Overall,Improve IT/computing infrastructurre,Used AI in the last 12 months,2025,16.1,16.1,reported,False,pct,overall,True,Employer survey — joins on state/industry/size. No ANZSCO occupation code available.,False
Table 28,28,"Changes the organisation will make in the next 12 months to use AI technologies, 2025 (% all employers)",Overall,Other,Has not used AI in the last 12 months,2025,14.9,14.9,reported,False,pct,overall,True,Employer survey — joins on state/industry/size. No ANZSCO occupation code available.,False
Table 28,28,"Changes the organisation will make in the next 12 months to use AI technologies, 2025 (% all employers)",Overall,Other,Total,2025,21.3,21.3,reported,False,pct,overall,True,Employer survey — joins on state/industry/size. No ANZSCO occupation code available.,False
Table 28,28,"Changes the organisation will make in the next 12 months to use AI technologies, 2025 (% all employers)",Overall,Other,Used AI in the last 12 months,2025,30.6,30.6,reported,False,pct,overall,True,Employer survey — joins on state/industry/size. No ANZSCO occupation code available.,False
Table 28,28,"Changes the organisation will make in the next 12 months to use AI technologies, 2025 (% all employers)",Overall,Train current staff in AI technologies,Has not used AI in the last 12 months,2025,5.1,5.1,reported,False,pct,overall,True,Employer survey — joins on state/industry/size. No ANZSCO occupation code available.,False
Table 28,28,"Changes the organisation will make in the next 12 months to use AI technologies, 2025 (% all employers)",Overall,Train current staff in AI technologies,Total,2025,12.7,12.7,reported,False,pct,overall,True,Employer survey — joins on state/industry/size. No ANZSCO occupation code available.,False
Table 28,28,"Changes the organisation will make in the next 12 months to use AI technologies, 2025 (% all employers)",Overall,Train current staff in AI technologies,Used AI in the last 12 months,2025,23.9,23.9,reported,False,pct,overall,True,Employer survey — joins on state/industry/size. No ANZSCO occupation code available.,False
