course_id,course_name,aqf_level,foe,course_rank,small_count_flag,pct_employed_prior,pct_employed_post,pptchange_employment,pct_employed_tot_prior,pct_employed_tot_post,pctpt_change_in_tot_employment,pct_employed_pt_prior,pct_employed_pt_post,pctpt_change_in_pt_employment,pct_employed_ft_prior,pct_employed_ft_post,pctpt_change_in_ft_employment,median_income,median_income_change,median_income_total,median_income_total_change,total_ft_median_income,total_ft_median_income_change,income_support_exit_rate,pct_higher_vet_progression,pct_any_vet_progression,pct_female,pct_disability,pct_apprentice_trainees,pct_first_nations,pct_no_yr12_no_cert_iii,pct_government_funded,median_completion_age_yrs,median_completion_time_days,pct_remote,pct_regional,pct_major_city,count_of_unique_occupations,source_sheet,suppressed_value_count,has_suppressed_values,median_income_outlier_flag,median_income_change_outlier_flag,median_income_total_outlier_flag,median_income_total_change_outlier_flag,total_ft_median_income_outlier_flag,total_ft_median_income_change_outlier_flag
CHC33021,Certificate III In Individual Support,Certificate III,Society And Culture,1,False,65.0,93.0,28.0,69.0,95.0,26.0,40.0,40.0,0.0,29.0,55.0,26.0,48000.0,17400.0,49000.0,18600.0,62200.0,14700.0,53,17.0,23.0,75.0,6.0,3.0,3.0,27.0,68.0,35.0,211.0,1.0,29.0,70.0,72,qualification,0,False,False,False,False,False,False,False
BSB30120,Certificate III In Business,Certificate III,Management And Commerce,2,False,61.0,76.0,15.0,62.0,77.0,15.0,37.0,35.0,-2.0,25.0,43.0,18.0,38700.0,15600.0,38700.0,15600.0,54300.0,11200.0,28,16.0,26.0,74.0,24.0,26.0,7.0,36.0,60.0,29.0,268.0,1.0,30.0,68.0,66,qualification,0,False,False,False,False,False,False,False
TAE40122,Certificate IV In Training And Assessment,Certificate IV,Education,3,False,91.0,95.0,4.0,94.0,97.0,3.0,18.0,15.0,-3.0,76.0,81.0,5.0,87200.0,8600.0,87000.0,8800.0,94800.0,8400.0,69,6.0,21.0,53.0,4.0,0.0,2.0,10.0,25.0,43.0,276.0,2.0,28.0,70.0,79,qualification,0,False,False,False,False,False,False,False
CHC30121,Certificate III In Early Childhood Education And Care,Certificate III,Education,4,False,56.0,92.0,36.0,58.0,94.0,36.0,43.0,59.0,16.0,15.0,35.0,20.0,37800.0,19100.0,38200.0,18900.0,48100.0,12800.0,49,41.0,46.0,97.0,7.0,26.0,4.0,22.0,85.0,27.0,365.0,1.0,24.0,75.0,29,qualification,0,False,False,False,False,False,False,False
CPP20218,Certificate II In Security Operations,Certificate II,Society And Culture,5,False,72.0,89.0,17.0,78.0,93.0,15.0,24.0,19.0,-5.0,54.0,74.0,20.0,47200.0,13600.0,47600.0,14000.0,55600.0,12000.0,65,23.0,25.0,17.0,4.0,0.0,4.0,18.0,34.0,29.0,25.0,3.0,17.0,80.0,50,qualification,0,False,False,False,False,False,False,False
CHC50121,Diploma Of Early Childhood Education And Care,Diploma,Education,6,False,75.0,94.0,19.0,77.0,96.0,19.0,55.0,46.0,-9.0,22.0,50.0,28.0,47000.0,17400.0,47100.0,17600.0,54800.0,10900.0,56,1.0,12.0,97.0,4.0,22.0,3.0,9.0,82.0,31.0,568.0,1.0,22.0,77.0,18,qualification,0,False,False,False,False,False,False,False
CPC30220,Certificate III In Carpentry,Certificate III,Architecture And Building,7,False,75.0,85.0,10.0,80.0,94.0,14.0,14.0,2.0,-12.0,66.0,92.0,26.0,59700.0,33600.0,60200.0,33700.0,60800.0,31000.0,78,19.0,24.0,1.0,3.0,78.0,4.0,34.0,81.0,23.0,1069.0,1.0,28.0,71.0,11,qualification,0,False,False,False,False,False,False,False
UEE30820,Certificate III In Electrotechnology Electrician,Certificate III,Engineering And Related Technologies,8,False,84.0,96.0,12.0,86.0,98.0,12.0,17.0,1.0,-16.0,68.0,97.0,29.0,83900.0,55800.0,83600.0,54700.0,84000.0,50100.0,87,7.0,19.0,3.0,3.0,92.0,3.0,21.0,92.0,23.0,1353.0,2.0,26.0,72.0,6,qualification,0,False,False,True,False,True,False,False
HLT54121,Diploma Of Nursing,Diploma,Health,9,False,80.0,96.0,16.0,81.0,97.0,16.0,48.0,31.0,-17.0,33.0,66.0,33.0,55100.0,23400.0,55300.0,23900.0,63600.0,16300.0,57,0.0,7.0,88.0,7.0,0.0,4.0,14.0,95.0,26.0,622.0,1.0,30.0,69.0,22,qualification,0,False,False,False,False,False,False,False
CHC43121,Certificate IV In Disability Support,Certificate IV,Society And Culture,10,False,82.0,95.0,13.0,86.0,97.0,11.0,33.0,24.0,-9.0,52.0,73.0,21.0,65700.0,19900.0,67500.0,21300.0,77500.0,17700.0,61,11.0,25.0,57.0,4.0,2.0,2.0,15.0,54.0,36.0,242.0,1.0,21.0,78.0,19,qualification,0,False,False,False,False,False,False,False
SIS40221,Certificate IV In Fitness,Certificate IV,Society And Culture,11,False,84.0,87.0,3.0,86.0,93.0,7.0,35.0,35.0,0.0,51.0,59.0,8.0,34000.0,4000.0,35900.0,5900.0,50300.0,5000.0,57,4.0,34.0,52.0,4.0,0.0,2.0,15.0,14.0,25.0,226.0,1.0,20.0,79.0,27,qualification,0,False,False,False,False,False,False,False
SIS30321,Certificate III In Fitness,Certificate III,Society And Culture,12,False,77.0,89.0,12.0,79.0,93.0,14.0,31.0,36.0,5.0,49.0,57.0,8.0,34000.0,5600.0,35400.0,6500.0,53400.0,6000.0,50,62.0,66.0,55.0,5.0,2.0,3.0,21.0,31.0,26.0,257.0,2.0,23.0,75.0,31,qualification,0,False,False,False,False,False,False,False
FNS40222,Certificate IV In Accounting And Bookkeeping,Certificate IV,Management And Commerce,13,False,76.0,87.0,11.0,80.0,90.0,10.0,35.0,34.0,-1.0,45.0,56.0,11.0,46800.0,7200.0,47500.0,7600.0,61900.0,6800.0,55,18.0,26.0,84.0,6.0,1.0,1.0,13.0,76.0,38.0,462.0,2.0,25.0,73.0,20,qualification,0,False,False,False,False,False,False,False
CHC52021,Diploma Of Community Services,Diploma,Society And Culture,14,False,82.0,92.0,10.0,84.0,94.0,10.0,34.0,24.0,-10.0,50.0,70.0,20.0,70800.0,21100.0,71100.0,22000.0,79900.0,17800.0,54,2.0,23.0,69.0,9.0,1.0,6.0,13.0,57.0,36.0,387.0,2.0,27.0,72.0,23,qualification,0,False,False,False,False,False,False,False
CHC30221,Certificate III In School Based Education Support,Certificate III,Education,15,False,64.0,92.0,28.0,67.0,93.0,26.0,48.0,66.0,18.0,19.0,27.0,8.0,31200.0,8300.0,31700.0,8900.0,46100.0,2700.0,36,14.0,21.0,92.0,9.0,5.0,3.0,24.0,82.0,37.0,316.0,2.0,34.0,64.0,21,qualification,0,False,False,False,False,False,False,False
SIT30622,Certificate III In Hospitality,Certificate III,"Food, Hospitality And Personal Services",16,False,58.0,90.0,32.0,58.0,90.0,32.0,35.0,53.0,18.0,23.0,37.0,14.0,28200.0,15900.0,28400.0,16100.0,45400.0,14000.0,36,13.0,31.0,61.0,12.0,34.0,8.0,37.0,79.0,20.0,235.0,1.0,32.0,67.0,22,qualification,0,False,False,False,False,False,False,False
CPC40120,Certificate IV In Building And Construction,Certificate IV,Architecture And Building,17,False,78.0,79.0,1.0,90.0,91.0,1.0,5.0,4.0,-1.0,85.0,88.0,3.0,68000.0,8200.0,67100.0,8900.0,68900.0,8800.0,75,14.0,30.0,5.0,2.0,1.0,1.0,13.0,59.0,33.0,313.0,1.0,21.0,78.0,14,qualification,0,False,False,False,False,False,False,False
CHC40221,Certificate IV In School Based Education Support,Certificate IV,Education,18,False,71.0,93.0,22.0,74.0,94.0,20.0,54.0,64.0,10.0,21.0,30.0,9.0,36300.0,6600.0,36700.0,6900.0,49800.0,3500.0,41,4.0,16.0,94.0,5.0,1.0,3.0,15.0,81.0,39.0,321.0,2.0,27.0,71.0,19,qualification,0,False,False,False,False,False,False,False
BSB41419,Certificate IV In Work Health And Safety,Certificate IV,Health,19,False,93.0,96.0,3.0,94.0,97.0,3.0,10.0,7.0,-3.0,85.0,90.0,5.0,92500.0,9900.0,92300.0,10000.0,95700.0,9300.0,74,12.0,26.0,35.0,3.0,1.0,3.0,15.0,21.0,38.0,164.0,2.0,22.0,75.0,24,qualification,0,False,False,False,False,False,False,False
SIS30122,"Certificate III In Sport, Aquatics And Recreation",Certificate III,Society And Culture,20,False,43.0,93.0,50.0,44.0,94.0,50.0,19.0,50.0,31.0,25.0,44.0,19.0,20700.0,13700.0,21000.0,13900.0,35700.0,13600.0,69,14.0,32.0,49.0,5.0,12.0,3.0,65.0,15.0,17.0,299.0,2.0,29.0,69.0,25,qualification,0,False,False,False,False,False,False,False
CPC10120,Certificate I In Construction,Certificate I,Architecture And Building,21,False,69.0,75.0,6.0,78.0,85.0,7.0,12.0,14.0,2.0,66.0,71.0,5.0,61200.0,2000.0,56900.0,1400.0,69500.0,1300.0,49,17.0,17.0,19.0,3.0,12.0,7.0,82.0,19.0,40.0,13.0,1.0,28.0,71.0,14,qualification,0,False,False,False,False,False,False,False
CPP41419,Certificate IV In Real Estate Practice,Certificate IV,Management And Commerce,22,False,83.0,88.0,5.0,87.0,92.0,5.0,21.0,14.0,-7.0,66.0,78.0,12.0,63100.0,13100.0,62500.0,12800.0,70000.0,11000.0,61,6.0,13.0,53.0,2.0,4.0,2.0,18.0,27.0,35.0,268.0,1.0,17.0,82.0,12,qualification,0,False,False,False,False,False,False,False
TLI30321,Certificate III In Supply Chain Operations,Certificate III,Management And Commerce,23,False,60.0,79.0,19.0,61.0,80.0,19.0,17.0,19.0,2.0,44.0,61.0,17.0,44900.0,12600.0,45200.0,12800.0,54600.0,10400.0,36,5.0,20.0,21.0,20.0,27.0,6.0,50.0,68.0,34.0,288.0,1.0,21.0,78.0,15,qualification,0,False,False,False,False,False,False,False
SIR30216,Certificate III In Retail,Certificate III,Management And Commerce,24,False,65.0,86.0,21.0,65.0,86.0,21.0,36.0,44.0,8.0,30.0,42.0,12.0,31600.0,20600.0,31700.0,20700.0,47300.0,23300.0,22,10.0,28.0,62.0,16.0,58.0,6.0,56.0,65.0,19.0,356.0,2.0,29.0,69.0,21,qualification,0,False,False,False,False,False,False,False
BSB50420,Diploma Of Leadership And Management,Diploma,Management And Commerce,25,False,91.0,94.0,3.0,92.0,96.0,4.0,12.0,11.0,-1.0,80.0,85.0,5.0,95100.0,10700.0,93800.0,11100.0,99700.0,10700.0,63,6.0,22.0,55.0,2.0,8.0,4.0,12.0,36.0,37.0,375.0,2.0,23.0,75.0,20,qualification,0,False,False,False,False,False,False,False
CHC43015,Certificate IV In Ageing Support,Certificate IV,Society And Culture,26,False,77.0,94.0,17.0,80.0,96.0,16.0,43.0,32.0,-11.0,37.0,64.0,27.0,55700.0,15800.0,56400.0,16300.0,67000.0,11200.0,56,12.0,25.0,79.0,2.0,1.0,1.0,17.0,52.0,34.0,174.0,1.0,19.0,79.0,14,qualification,0,False,False,False,False,False,False,False
FNS40821,Certificate IV In Finance And Mortgage Broking,Certificate IV,Management And Commerce,27,False,85.0,85.0,0.0,89.0,93.0,4.0,17.0,15.0,-2.0,72.0,78.0,6.0,62600.0,5900.0,60600.0,5300.0,68900.0,5100.0,79,29.0,38.0,36.0,1.0,1.0,1.0,13.0,6.0,35.0,128.0,0.0,9.0,91.0,18,qualification,0,False,False,False,False,False,False,False
CPC32420,Certificate III In Plumbing,Certificate III,Architecture And Building,28,False,79.0,96.0,17.0,80.0,98.0,18.0,16.0,1.0,-15.0,64.0,97.0,33.0,69100.0,47600.0,69000.0,46900.0,69300.0,44200.0,89,29.0,35.0,1.0,3.0,94.0,4.0,30.0,96.0,22.0,1213.0,1.0,27.0,71.0,6,qualification,0,False,False,False,False,False,False,False
UEE22020,Certificate II In Electrotechnology (Career Start),Certificate II,Engineering And Related Technologies,29,False,77.0,96.0,19.0,79.0,97.0,18.0,27.0,16.0,-11.0,52.0,81.0,29.0,41700.0,16700.0,41900.0,16700.0,45500.0,12600.0,86,53.0,59.0,7.0,4.0,0.0,2.0,26.0,97.0,21.0,121.0,1.0,19.0,80.0,9,qualification,0,False,False,False,False,False,False,False
BSB50820,Diploma Of Project Management,Diploma,Management And Commerce,30,False,90.0,94.0,4.0,92.0,96.0,4.0,9.0,7.0,-2.0,83.0,88.0,5.0,104100.0,12900.0,103300.0,12600.0,107200.0,12200.0,78,5.0,22.0,37.0,2.0,5.0,3.0,11.0,33.0,35.0,292.0,2.0,18.0,80.0,16,qualification,0,False,False,False,False,False,False,False
HLT33115,Certificate III In Health Services Assistance,Certificate III,Health,31,False,65.0,92.0,27.0,68.0,93.0,25.0,36.0,45.0,9.0,32.0,48.0,16.0,43000.0,15500.0,43400.0,15900.0,63000.0,13500.0,57,23.0,32.0,78.0,7.0,2.0,3.0,31.0,76.0,32.0,208.0,0.0,13.0,86.0,19,qualification,0,False,False,False,False,False,False,False
BSB50120,Diploma Of Business,Diploma,Management And Commerce,32,False,73.0,88.0,15.0,75.0,91.0,16.0,27.0,29.0,2.0,48.0,62.0,14.0,47100.0,12900.0,47500.0,12800.0,62800.0,11100.0,52,7.0,30.0,60.0,5.0,1.0,3.0,21.0,39.0,26.0,333.0,1.0,17.0,82.0,17,qualification,0,False,False,False,False,False,False,False
BSB40120,Certificate IV In Business,Certificate IV,Management And Commerce,33,False,76.0,87.0,11.0,78.0,90.0,12.0,36.0,28.0,-8.0,42.0,61.0,19.0,52900.0,15400.0,52900.0,16000.0,64500.0,11600.0,48,17.0,36.0,74.0,8.0,19.0,4.0,16.0,64.0,29.0,294.0,1.0,24.0,74.0,14,qualification,0,False,False,False,False,False,False,False
CHC32015,Certificate III In Community Services,Certificate III,Society And Culture,34,False,60.0,82.0,22.0,62.0,83.0,21.0,36.0,49.0,13.0,26.0,34.0,8.0,31500.0,9000.0,32400.0,9200.0,58200.0,8600.0,34,36.0,48.0,79.0,19.0,3.0,13.0,33.0,87.0,33.0,225.0,3.0,32.0,66.0,12,qualification,0,False,False,False,False,False,False,False
BSB40520,Certificate IV In Leadership And Management,Certificate IV,Management And Commerce,35,False,95.0,97.0,2.0,95.0,97.0,2.0,11.0,10.0,-1.0,84.0,87.0,3.0,90700.0,8500.0,90200.0,8500.0,95700.0,8300.0,49,6.0,18.0,45.0,4.0,17.0,3.0,13.0,57.0,36.0,387.0,2.0,33.0,64.0,15,qualification,0,False,False,False,False,False,False,False
AUR30620,Certificate III In Light Vehicle Mechanical Technology,Certificate III,Engineering And Related Technologies,36,False,73.0,95.0,22.0,76.0,97.0,21.0,23.0,5.0,-18.0,53.0,92.0,39.0,58200.0,38800.0,58100.0,38200.0,59300.0,33900.0,80,7.0,21.0,3.0,6.0,80.0,4.0,44.0,83.0,23.0,1095.0,3.0,33.0,64.0,6,qualification,0,False,False,False,False,False,False,False
SIT30821,Certificate III In Commercial Cookery,Certificate III,"Food, Hospitality And Personal Services",37,False,78.0,95.0,17.0,79.0,95.0,16.0,39.0,28.0,-11.0,40.0,68.0,28.0,49900.0,20800.0,50200.0,21000.0,56800.0,16400.0,69,17.0,24.0,39.0,6.0,55.0,3.0,32.0,81.0,25.0,672.0,1.0,33.0,66.0,6,qualification,0,False,False,False,False,False,False,False
ACM20121,Certificate II In Animal Care,Certificate II,Health,38,False,69.0,88.0,19.0,70.0,89.0,19.0,43.0,51.0,8.0,27.0,38.0,11.0,28800.0,7800.0,29000.0,7800.0,45100.0,4000.0,49,59.0,61.0,87.0,18.0,1.0,5.0,28.0,78.0,21.0,149.0,1.0,27.0,73.0,13,qualification,0,False,False,False,False,False,False,False
CSC30122,Certificate III In Correctional Practice,Certificate III,Society And Culture,39,False,91.0,100.0,9.0,94.0,100.0,6.0,17.0,4.0,-13.0,77.0,96.0,19.0,86600.0,28100.0,86200.0,28000.0,87200.0,23000.0,84,10.0,14.0,33.0,3.0,3.0,3.0,19.0,12.0,35.0,387.0,1.0,38.0,61.0,3,qualification,0,False,False,False,False,False,False,False
CPC50220,Diploma Of Building And Construction (Building),Diploma,Architecture And Building,40,False,74.0,78.0,4.0,84.0,87.0,3.0,7.0,6.0,-1.0,77.0,81.0,4.0,70900.0,9400.0,68000.0,8700.0,73000.0,8400.0,69,2.0,24.0,6.0,2.0,1.0,1.0,8.0,50.0,35.0,331.0,1.0,9.0,90.0,9,qualification,0,False,False,False,False,False,False,False
HLT37215,Certificate III In Pathology Collection,Certificate III,Natural And Physical Sciences,41,False,69.0,93.0,24.0,71.0,94.0,23.0,45.0,48.0,3.0,27.0,46.0,19.0,44900.0,13700.0,45100.0,14600.0,60000.0,9800.0,55,12.0,19.0,90.0,5.0,2.0,3.0,13.0,76.0,33.0,243.0,0.0,13.0,87.0,8,qualification,0,False,False,False,False,False,False,False
CHC42021,Certificate IV In Community Services,Certificate IV,Society And Culture,42,False,72.0,88.0,16.0,74.0,90.0,16.0,39.0,41.0,2.0,35.0,49.0,14.0,44200.0,14100.0,45100.0,13800.0,65700.0,12200.0,40,24.0,43.0,79.0,18.0,2.0,9.0,23.0,92.0,34.0,309.0,2.0,39.0,59.0,12,qualification,0,False,False,False,False,False,False,False
MEM30219,Certificate III In Engineering - Mechanical Trade,Certificate III,Engineering And Related Technologies,43,False,86.0,98.0,12.0,88.0,99.0,11.0,10.0,1.0,-9.0,77.0,98.0,21.0,97800.0,47300.0,97400.0,46000.0,98000.0,41100.0,71,6.0,19.0,3.0,3.0,79.0,4.0,31.0,82.0,25.0,1064.0,6.0,45.0,49.0,13,qualification,0,False,False,False,False,False,False,False
FSK20119,Certificate II In Skills For Work And Vocational Pathways,Certificate II,Mixed Field Programmes,44,False,29.0,62.0,33.0,30.0,63.0,33.0,12.0,30.0,18.0,18.0,33.0,15.0,16300.0,6300.0,16800.0,7800.0,22800.0,7000.0,25,32.0,54.0,45.0,20.0,4.0,18.0,72.0,87.0,21.0,124.0,3.0,38.0,59.0,5,qualification,0,False,False,False,False,False,False,False
MSM30116,Certificate III In Process Manufacturing,Certificate III,Engineering And Related Technologies,45,False,70.0,92.0,22.0,71.0,92.0,21.0,21.0,25.0,4.0,50.0,67.0,17.0,43400.0,10300.0,44100.0,10800.0,51600.0,7800.0,55,5.0,22.0,22.0,9.0,2.0,6.0,38.0,96.0,25.0,68.0,1.0,24.0,74.0,10,qualification,0,False,False,False,False,False,False,False
SHB30416,Certificate III In Hairdressing,Certificate III,"Food, Hospitality And Personal Services",46,False,65.0,89.0,24.0,66.0,92.0,26.0,46.0,35.0,-11.0,20.0,57.0,37.0,38800.0,25600.0,39000.0,25400.0,45900.0,31300.0,35,6.0,14.0,95.0,7.0,75.0,4.0,37.0,93.0,21.0,921.0,1.0,30.0,69.0,4,qualification,0,False,False,False,False,False,False,False
TLI31222,Certificate III In Driving Operations,Certificate III,Engineering And Related Technologies,47,False,83.0,96.0,13.0,90.0,97.0,7.0,12.0,7.0,-5.0,78.0,90.0,12.0,83500.0,19100.0,83200.0,20800.0,85100.0,19300.0,61,4.0,10.0,7.0,5.0,76.0,2.0,27.0,90.0,45.0,587.0,0.0,15.0,85.0,5,qualification,0,False,False,False,False,False,False,False
BSB20120,Certificate II In Workplace Skills,Certificate II,Management And Commerce,48,False,41.0,77.0,36.0,43.0,79.0,36.0,22.0,41.0,19.0,21.0,38.0,17.0,24100.0,13400.0,25900.0,14300.0,42400.0,12800.0,25,50.0,59.0,58.0,18.0,4.0,9.0,54.0,55.0,21.0,215.0,2.0,26.0,71.0,9,qualification,0,False,False,False,False,False,False,False
SHB50121,Diploma Of Beauty Therapy,Diploma,"Food, Hospitality And Personal Services",49,False,70.0,88.0,18.0,72.0,91.0,19.0,50.0,54.0,4.0,22.0,37.0,15.0,31600.0,12900.0,31900.0,12700.0,45900.0,7200.0,41,2.0,22.0,100.0,9.0,0.0,4.0,17.0,75.0,22.0,345.0,1.0,22.0,78.0,6,qualification,0,False,False,False,False,False,False,False
MEM31719,Certificate III In Engineering - Casting And Moulding Trade,Certificate III,Engineering And Related Technologies,50,False,78.0,98.0,20.0,79.0,98.0,19.0,13.0,1.0,-12.0,66.0,98.0,32.0,75500.0,47800.0,75800.0,47800.0,76000.0,43300.0,89,5.0,13.0,2.0,6.0,90.0,6.0,41.0,94.0,22.0,1205.0,3.0,51.0,46.0,5,qualification,0,False,False,False,False,False,False,False
RII30820,Certificate III In Civil Construction Plant Operations,Certificate III,Engineering And Related Technologies,51,False,77.0,88.0,11.0,80.0,92.0,12.0,9.0,9.0,0.0,71.0,83.0,12.0,72300.0,13000.0,70500.0,12700.0,77200.0,11500.0,57,7.0,23.0,7.0,5.0,25.0,13.0,49.0,83.0,34.0,128.0,9.0,38.0,54.0,11,qualification,0,False,False,False,False,False,False,False
FNS50322,Diploma Of Finance And Mortgage Broking Management,Diploma,Management And Commerce,52,False,85.0,83.0,-2.0,91.0,90.0,-1.0,14.0,12.0,-2.0,77.0,78.0,1.0,65900.0,3700.0,65800.0,4700.0,74900.0,5800.0,71,1.0,19.0,35.0,1.0,0.0,0.0,20.0,2.0,37.0,145.0,0.0,10.0,89.0,12,qualification,0,False,False,False,False,False,False,False
SHB30121,Certificate III In Beauty Services,Certificate III,"Food, Hospitality And Personal Services",53,False,60.0,80.0,20.0,63.0,84.0,21.0,41.0,62.0,21.0,21.0,22.0,1.0,22900.0,8600.0,23600.0,8700.0,47800.0,8500.0,32,35.0,50.0,99.0,12.0,1.0,8.0,30.0,87.0,22.0,151.0,1.0,34.0,65.0,9,qualification,0,False,False,False,False,False,False,False
PUA20119,Certificate II In Public Safety (Aquatic Rescue),Certificate II,Health,54,False,67.0,84.0,17.0,70.0,88.0,18.0,15.0,23.0,8.0,56.0,64.0,8.0,53700.0,4900.0,53400.0,4700.0,81700.0,4500.0,70,16.0,22.0,40.0,4.0,0.0,2.0,34.0,0.0,37.0,34.0,1.0,20.0,79.0,5,qualification,0,False,False,False,False,False,False,False
HLT52021,Diploma Of Remedial Massage,Diploma,Health,55,False,68.0,70.0,2.0,77.0,90.0,13.0,44.0,54.0,10.0,33.0,36.0,3.0,25500.0,-1000.0,29000.0,2200.0,50500.0,100.0,46,5.0,21.0,75.0,4.0,0.0,1.0,14.0,25.0,36.0,421.0,0.0,21.0,78.0,3,qualification,0,False,False,False,False,False,False,False
ICT30120,Certificate III In Information Technology,Certificate III,Information Technology,56,False,53.0,78.0,25.0,55.0,79.0,24.0,20.0,29.0,9.0,35.0,50.0,15.0,29200.0,10900.0,29100.0,10600.0,45400.0,7700.0,53,50.0,57.0,18.0,20.0,16.0,3.0,29.0,88.0,21.0,221.0,0.0,32.0,68.0,8,qualification,0,False,False,False,False,False,False,False
ACM30122,Certificate III In Animal Care Services,Certificate III,Health,57,False,72.0,88.0,16.0,73.0,89.0,16.0,47.0,48.0,1.0,26.0,41.0,15.0,32000.0,11000.0,32500.0,11300.0,46700.0,4100.0,39,46.0,54.0,91.0,19.0,1.0,4.0,19.0,85.0,22.0,302.0,1.0,27.0,73.0,8,qualification,0,False,False,False,False,False,False,False
FBP30121,Certificate III In Food Processing,Certificate III,Engineering And Related Technologies,58,False,67.0,90.0,23.0,69.0,91.0,22.0,25.0,28.0,3.0,45.0,64.0,19.0,44300.0,12600.0,44400.0,12700.0,53100.0,9700.0,52,5.0,24.0,35.0,8.0,10.0,5.0,31.0,93.0,28.0,68.0,0.0,17.0,83.0,10,qualification,0,False,False,False,False,False,False,False
AHC30722,Certificate III In Horticulture,Certificate III,"Agriculture, Environment And Related Studies",59,False,76.0,86.0,10.0,79.0,89.0,10.0,30.0,30.0,0.0,49.0,59.0,10.0,42900.0,7200.0,43100.0,7700.0,53900.0,7300.0,57,10.0,31.0,41.0,14.0,12.0,4.0,26.0,96.0,31.0,344.0,2.0,38.0,60.0,8,qualification,0,False,False,False,False,False,False,False
ICT40120,Certificate IV In Information Technology,Certificate IV,Information Technology,60,False,66.0,84.0,18.0,68.0,85.0,17.0,25.0,21.0,-4.0,43.0,65.0,22.0,47400.0,15100.0,48000.0,15100.0,57300.0,12400.0,59,27.0,41.0,21.0,12.0,15.0,2.0,10.0,89.0,26.0,313.0,0.0,16.0,83.0,6,qualification,0,False,False,False,False,False,False,False
ACM40418,Certificate IV In Veterinary Nursing,Certificate IV,Health,61,False,84.0,98.0,14.0,84.0,98.0,14.0,53.0,22.0,-31.0,31.0,76.0,45.0,51700.0,24100.0,51800.0,24100.0,54600.0,15100.0,57,1.0,8.0,97.0,12.0,4.0,3.0,14.0,72.0,23.0,658.0,1.0,30.0,68.0,3,qualification,0,False,False,False,False,False,False,False
HLT35021,Certificate III In Dental Assisting,Certificate III,Health,62,False,78.0,97.0,19.0,80.0,97.0,17.0,53.0,46.0,-7.0,27.0,51.0,24.0,43700.0,17900.0,43900.0,17800.0,52200.0,10500.0,63,20.0,24.0,97.0,3.0,35.0,4.0,12.0,79.0,23.0,336.0,1.0,29.0,70.0,2,qualification,0,False,False,False,False,False,False,False
CPP30321,Certificate III In Cleaning Operations,Certificate III,Engineering And Related Technologies,63,False,89.0,95.0,6.0,90.0,95.0,5.0,47.0,41.0,-6.0,43.0,55.0,12.0,50600.0,1900.0,50600.0,2100.0,58000.0,2700.0,40,2.0,10.0,71.0,8.0,16.0,6.0,60.0,83.0,50.0,141.0,2.0,47.0,52.0,3,qualification,0,False,False,False,False,False,False,False
CHC51015,Diploma Of Counselling,Diploma,Society And Culture,64,False,75.0,80.0,5.0,81.0,87.0,6.0,34.0,39.0,5.0,46.0,49.0,3.0,49000.0,2900.0,48700.0,3800.0,72300.0,4100.0,38,2.0,18.0,78.0,8.0,0.0,4.0,11.0,24.0,42.0,449.0,1.0,25.0,74.0,7,qualification,0,False,False,False,False,False,False,False
RII30920,Certificate III In Civil Construction,Certificate III,Engineering And Related Technologies,65,False,81.0,94.0,13.0,83.0,94.0,11.0,12.0,9.0,-3.0,70.0,85.0,15.0,69100.0,15000.0,68700.0,14900.0,72000.0,12400.0,49,6.0,23.0,8.0,8.0,50.0,8.0,44.0,89.0,30.0,451.0,3.0,51.0,46.0,11,qualification,0,False,False,False,False,False,False,False
ICT50220,Diploma Of Information Technology,Diploma,Information Technology,66,False,62.0,79.0,17.0,64.0,82.0,18.0,22.0,24.0,2.0,43.0,58.0,15.0,41300.0,15700.0,41200.0,16000.0,53000.0,14300.0,63,9.0,25.0,18.0,13.0,1.0,2.0,9.0,85.0,25.0,323.0,0.0,12.0,87.0,7,qualification,0,False,False,False,False,False,False,False
TLI42622,Certificate IV In Train Driving,Certificate IV,Engineering And Related Technologies,67,False,97.0,99.0,2.0,98.0,99.0,1.0,6.0,2.0,-4.0,92.0,98.0,6.0,133000.0,16900.0,132700.0,17100.0,133200.0,15300.0,93,1.0,8.0,17.0,2.0,2.0,7.0,30.0,7.0,43.0,113.0,1.0,31.0,67.0,4,qualification,0,False,False,False,False,False,False,False
SIT40422,Certificate IV In Hospitality,Certificate IV,"Food, Hospitality And Personal Services",68,False,87.0,94.0,7.0,89.0,95.0,6.0,46.0,43.0,-3.0,43.0,53.0,10.0,42100.0,8100.0,42500.0,8500.0,57000.0,7000.0,61,5.0,14.0,70.0,3.0,8.0,2.0,25.0,96.0,29.0,117.0,1.0,42.0,57.0,11,qualification,0,False,False,False,False,False,False,False
FNS30122,Certificate III In Financial Services,Certificate III,Management And Commerce,69,False,84.0,98.0,14.0,85.0,98.0,13.0,42.0,19.0,-23.0,44.0,79.0,35.0,56100.0,21700.0,56200.0,22400.0,61000.0,13300.0,63,12.0,16.0,71.0,2.0,36.0,8.0,9.0,16.0,26.0,324.0,3.0,26.0,71.0,6,qualification,0,False,False,False,False,False,False,False
BSB40920,Certificate IV In Project Management Practice,Certificate IV,Management And Commerce,70,False,94.0,97.0,3.0,96.0,98.0,2.0,10.0,6.0,-4.0,86.0,92.0,6.0,92500.0,12400.0,92700.0,12500.0,95900.0,11600.0,72,11.0,21.0,46.0,4.0,12.0,5.0,12.0,51.0,35.0,239.0,3.0,28.0,69.0,8,qualification,0,False,False,False,False,False,False,False
AHC30921,Certificate III In Landscape Construction,Certificate III,Architecture And Building,71,False,77.0,87.0,10.0,83.0,94.0,11.0,14.0,8.0,-6.0,69.0,86.0,17.0,53900.0,17500.0,53800.0,17200.0,56100.0,14000.0,55,7.0,21.0,4.0,7.0,40.0,5.0,32.0,81.0,27.0,240.0,0.0,22.0,78.0,5,qualification,0,False,False,False,False,False,False,False
CUA51020,Diploma Of Screen And Media,Diploma,Creative Arts,72,False,61.0,84.0,23.0,62.0,86.0,24.0,33.0,49.0,16.0,28.0,37.0,9.0,24100.0,10500.0,24000.0,10000.0,38500.0,4800.0,40,30.0,44.0,51.0,16.0,0.0,3.0,21.0,64.0,20.0,317.0,0.0,11.0,88.0,5,qualification,0,False,False,False,False,False,False,False
HLT43021,Certificate IV In Allied Health Assistance,Certificate IV,Health,73,False,78.0,93.0,15.0,81.0,95.0,14.0,45.0,47.0,2.0,36.0,48.0,12.0,43100.0,9100.0,43100.0,9400.0,60400.0,6500.0,51,6.0,19.0,80.0,7.0,1.0,2.0,17.0,88.0,34.0,393.0,0.0,23.0,77.0,8,qualification,0,False,False,False,False,False,False,False
SIT20322,Certificate II In Hospitality,Certificate II,"Food, Hospitality And Personal Services",74,False,44.0,81.0,37.0,45.0,82.0,37.0,22.0,47.0,25.0,24.0,35.0,11.0,23100.0,9600.0,23900.0,10100.0,44300.0,6000.0,30,27.0,35.0,66.0,18.0,11.0,11.0,55.0,82.0,21.0,124.0,2.0,36.0,61.0,9,qualification,0,False,False,False,False,False,False,False
SIT40521,Certificate IV In Kitchen Management,Certificate IV,"Food, Hospitality And Personal Services",75,False,89.0,95.0,6.0,91.0,97.0,6.0,34.0,19.0,-15.0,57.0,77.0,20.0,56300.0,14400.0,56300.0,14400.0,60600.0,9900.0,72,18.0,34.0,22.0,1.0,5.0,1.0,26.0,23.0,30.0,172.0,1.0,13.0,85.0,4,qualification,0,False,False,False,False,False,False,False
22603VIC,Certificate IV In Cyber Security,Certificate IV,Information Technology,76,False,70.0,82.0,12.0,73.0,85.0,12.0,18.0,15.0,-3.0,55.0,70.0,15.0,53500.0,10500.0,53300.0,10500.0,62000.0,8900.0,64,16.0,26.0,22.0,8.0,0.0,0.0,8.0,99.0,35.0,339.0,0.0,4.0,96.0,4,qualification,0,False,False,False,False,False,False,False
AUR31120,Certificate III In Heavy Commercial Vehicle Mechanical Technology,Certificate III,Engineering And Related Technologies,77,False,85.0,98.0,13.0,85.0,99.0,14.0,13.0,1.0,-12.0,73.0,98.0,25.0,85600.0,44100.0,85200.0,43200.0,85600.0,36600.0,,1.0,19.0,2.0,3.0,76.0,5.0,40.0,81.0,23.0,1012.0,4.0,51.0,46.0,3,qualification,1,True,False,False,False,False,False,False
ICT20120,Certificate II In Applied Digital Technologies,Certificate II,Information Technology,78,False,42.0,55.0,13.0,44.0,57.0,13.0,22.0,31.0,9.0,23.0,26.0,3.0,20400.0,600.0,20400.0,600.0,46800.0,300.0,22,32.0,45.0,51.0,28.0,0.0,5.0,39.0,93.0,41.0,145.0,1.0,37.0,63.0,2,qualification,0,False,False,False,False,False,False,False
AUR20220,Certificate II In Automotive Air Conditioning Technology,Certificate II,Engineering And Related Technologies,79,False,94.0,94.0,0.0,97.0,97.0,0.0,2.0,1.0,-1.0,94.0,96.0,2.0,91700.0,10600.0,90000.0,10300.0,90700.0,10000.0,70,13.0,16.0,2.0,2.0,0.0,3.0,19.0,35.0,33.0,46.0,7.0,47.0,46.0,5,qualification,0,False,False,False,False,False,False,False
CPC30620,Certificate III In Painting And Decorating,Certificate III,Architecture And Building,80,False,64.0,68.0,4.0,82.0,90.0,8.0,15.0,5.0,-10.0,67.0,85.0,18.0,50300.0,19600.0,50000.0,16800.0,51300.0,14400.0,74,5.0,12.0,8.0,3.0,44.0,3.0,38.0,48.0,28.0,652.0,0.0,21.0,79.0,3,qualification,0,False,False,False,False,False,False,False
SIT50422,Diploma Of Hospitality Management,Diploma,Management And Commerce,81,False,85.0,94.0,9.0,87.0,96.0,9.0,37.0,26.0,-11.0,50.0,69.0,19.0,50900.0,12900.0,51300.0,12900.0,59800.0,8100.0,70,8.0,32.0,46.0,3.0,0.0,1.0,29.0,42.0,29.0,150.0,1.0,16.0,83.0,6,qualification,0,False,False,False,False,False,False,False
PSP40416,Certificate IV In Government Investigations,Certificate IV,Society And Culture,82,False,99.0,99.0,0.0,99.0,99.0,0.0,6.0,3.0,-3.0,93.0,97.0,4.0,99000.0,9600.0,98800.0,9500.0,99800.0,8900.0,,4.0,13.0,51.0,2.0,5.0,2.0,21.0,8.0,40.0,179.0,1.0,31.0,67.0,8,qualification,1,True,False,False,False,False,False,False
10728NAT,Certificate II In Spoken And Written English,Certificate II,Mixed Field Programmes,83,False,18.0,49.0,31.0,21.0,53.0,32.0,14.0,34.0,20.0,7.0,19.0,12.0,22000.0,3200.0,22900.0,6000.0,45600.0,8700.0,27,75.0,81.0,76.0,2.0,0.0,0.0,32.0,99.0,37.0,312.0,0.0,16.0,82.0,3,qualification,0,False,False,False,False,False,False,False
UEE20120,Certificate II In Split Air Conditioning And Heat Pump Systems,Certificate II,Engineering And Related Technologies,84,False,90.0,84.0,-6.0,95.0,94.0,-1.0,2.0,2.0,0.0,94.0,92.0,-2.0,81900.0,3200.0,81600.0,4100.0,82300.0,4200.0,82,16.0,17.0,0.0,1.0,0.0,2.0,25.0,3.0,32.0,45.0,4.0,28.0,68.0,2,qualification,0,False,False,False,False,False,False,False
AUR31220,Certificate III In Mobile Plant Technology,Certificate III,Engineering And Related Technologies,85,False,90.0,98.0,8.0,91.0,99.0,8.0,9.0,1.0,-8.0,82.0,99.0,17.0,132200.0,48400.0,130100.0,47800.0,130800.0,42200.0,,4.0,21.0,3.0,3.0,61.0,6.0,40.0,70.0,28.0,733.0,5.0,43.0,52.0,4,qualification,1,True,False,False,False,False,False,False
10727NAT,Certificate I In Spoken And Written English,Certificate I,Mixed Field Programmes,86,False,13.0,33.0,20.0,16.0,38.0,22.0,10.0,23.0,13.0,6.0,15.0,9.0,23900.0,3300.0,23500.0,6100.0,41900.0,2200.0,20,78.0,82.0,72.0,4.0,0.0,0.0,47.0,100.0,40.0,325.0,0.0,23.0,77.0,2,qualification,0,False,False,False,False,False,False,False
UEE32220,Certificate III In Air Conditioning And Refrigeration,Certificate III,Engineering And Related Technologies,87,False,86.0,96.0,10.0,88.0,99.0,11.0,15.0,1.0,-14.0,73.0,97.0,24.0,76000.0,42800.0,75800.0,41200.0,76000.0,35700.0,,4.0,14.0,1.0,2.0,84.0,3.0,23.0,93.0,24.0,1220.0,2.0,28.0,71.0,4,qualification,1,True,False,False,False,False,False,False
MAR20321,Certificate II In Maritime Operations (Coxswain Grade 1 Near Coastal),Certificate II,Engineering And Related Technologies,88,False,80.0,83.0,3.0,85.0,87.0,2.0,16.0,13.0,-3.0,69.0,74.0,5.0,60100.0,5800.0,59200.0,6400.0,69000.0,5900.0,68,16.0,24.0,18.0,3.0,1.0,10.0,26.0,60.0,35.0,73.0,16.0,36.0,48.0,2,qualification,0,False,False,False,False,False,False,False
SIR20216,Certificate II In Retail Services,Certificate II,Management And Commerce,89,False,46.0,80.0,34.0,46.0,80.0,34.0,26.0,50.0,24.0,20.0,30.0,10.0,22100.0,14900.0,22700.0,14800.0,39200.0,19400.0,35,31.0,39.0,64.0,20.0,21.0,11.0,46.0,90.0,22.0,88.0,4.0,32.0,63.0,4,qualification,0,False,False,False,False,False,False,False
CHC43315,Certificate IV In Mental Health,Certificate IV,Society And Culture,90,False,83.0,92.0,9.0,85.0,94.0,9.0,39.0,32.0,-7.0,46.0,62.0,16.0,57300.0,15100.0,58500.0,15400.0,73900.0,11600.0,55,16.0,31.0,73.0,14.0,0.0,8.0,19.0,74.0,37.0,381.0,5.0,29.0,66.0,4,qualification,0,False,False,False,False,False,False,False
RII30120,Certificate III In Surface Extraction Operations,Certificate III,Engineering And Related Technologies,91,False,84.0,95.0,11.0,85.0,96.0,11.0,8.0,5.0,-3.0,77.0,91.0,14.0,112900.0,28200.0,112200.0,29000.0,113700.0,26300.0,60,3.0,15.0,23.0,3.0,64.0,10.0,36.0,80.0,36.0,366.0,11.0,46.0,43.0,6,qualification,0,False,False,False,False,False,False,False
10729NAT,Certificate III In Spoken And Written English,Certificate III,Mixed Field Programmes,92,False,22.0,57.0,35.0,25.0,61.0,36.0,17.0,36.0,19.0,8.0,25.0,17.0,26900.0,6700.0,26900.0,5700.0,51800.0,5400.0,36,26.0,63.0,80.0,2.0,0.0,0.0,31.0,99.0,35.0,291.0,1.0,15.0,84.0,2,qualification,0,False,False,False,False,False,False,False
MSF30322,Certificate III In Cabinet Making And Timber Technology,Certificate III,Engineering And Related Technologies,93,False,77.0,96.0,19.0,79.0,98.0,19.0,17.0,3.0,-14.0,61.0,96.0,35.0,58500.0,39700.0,59000.0,40300.0,59400.0,38200.0,,3.0,8.0,4.0,7.0,92.0,3.0,34.0,94.0,22.0,1223.0,1.0,34.0,65.0,3,qualification,1,True,False,False,False,False,False,False
TLI41222,Certificate IV In Motor Vehicle Driver Training,Certificate IV,Education,94,False,79.0,71.0,-8.0,88.0,92.0,4.0,19.0,28.0,9.0,69.0,64.0,-5.0,40900.0,-7800.0,37900.0,-5800.0,53300.0,-5000.0,72,3.0,19.0,28.0,3.0,0.0,1.0,18.0,16.0,44.0,61.0,1.0,18.0,80.0,3,qualification,0,False,False,False,False,False,False,False
CHC40421,Certificate IV In Youth Work,Certificate IV,Society And Culture,95,False,80.0,91.0,11.0,83.0,92.0,9.0,38.0,36.0,-2.0,44.0,56.0,12.0,44700.0,14100.0,45000.0,14400.0,65200.0,14100.0,52,20.0,32.0,63.0,12.0,1.0,4.0,18.0,85.0,28.0,351.0,1.0,17.0,82.0,6,qualification,0,False,False,False,False,False,False,False
BSB40320,Certificate IV In Entrepreneurship And New Business,Certificate IV,Management And Commerce,96,False,74.0,73.0,-1.0,82.0,85.0,3.0,35.0,37.0,2.0,47.0,48.0,1.0,41400.0,3800.0,39400.0,2800.0,62100.0,2600.0,57,4.0,20.0,64.0,8.0,0.0,2.0,19.0,77.0,40.0,223.0,1.0,21.0,78.0,2,qualification,0,False,False,False,False,False,False,False
CHC41015,Certificate IV In Celebrancy,Certificate IV,Society And Culture,97,False,87.0,86.0,-1.0,90.0,91.0,1.0,22.0,27.0,5.0,69.0,64.0,-5.0,70700.0,1600.0,69500.0,1000.0,88000.0,4500.0,51,2.0,6.0,76.0,3.0,0.0,2.0,13.0,9.0,45.0,340.0,2.0,25.0,73.0,2,qualification,0,False,False,False,False,False,False,False
SHB30321,Certificate III In Nail Technology,Certificate III,"Food, Hospitality And Personal Services",98,False,67.0,77.0,10.0,70.0,84.0,14.0,45.0,57.0,12.0,24.0,25.0,1.0,25200.0,4200.0,25700.0,4900.0,52500.0,6300.0,39,14.0,28.0,99.0,9.0,0.0,7.0,25.0,72.0,27.0,152.0,1.0,27.0,72.0,4,qualification,0,False,False,False,False,False,False,False
BSB50320,Diploma Of Human Resource Management,Diploma,Management And Commerce,99,False,92.0,94.0,2.0,92.0,95.0,3.0,22.0,12.0,-10.0,71.0,83.0,12.0,73700.0,13900.0,74300.0,14200.0,78300.0,12300.0,78,2.0,19.0,84.0,4.0,3.0,3.0,13.0,41.0,34.0,348.0,2.0,22.0,76.0,7,qualification,0,False,False,False,False,False,False,False
MSL40122,Certificate IV In Laboratory Techniques,Certificate IV,Natural And Physical Sciences,100,False,71.0,88.0,17.0,73.0,91.0,18.0,25.0,24.0,-1.0,48.0,66.0,18.0,55200.0,13100.0,55100.0,13500.0,63800.0,11900.0,64,30.0,39.0,52.0,7.0,26.0,2.0,10.0,90.0,31.0,304.0,1.0,22.0,77.0,5,qualification,0,False,False,False,False,False,False,False
HLT21020,Certificate II In Medical Service First Response,Certificate II,Health,101,False,89.0,96.0,7.0,91.0,97.0,6.0,20.0,21.0,1.0,71.0,76.0,5.0,95200.0,13100.0,94400.0,12800.0,114900.0,13200.0,56,22.0,24.0,41.0,3.0,0.0,2.0,20.0,5.0,32.0,5.0,5.0,42.0,52.0,4,qualification,0,False,False,False,False,False,False,False
AHC20422,Certificate II In Horticulture,Certificate II,"Agriculture, Environment And Related Studies",102,False,60.0,75.0,15.0,63.0,78.0,15.0,27.0,35.0,8.0,35.0,43.0,8.0,29600.0,3900.0,29600.0,4100.0,43900.0,4500.0,48,44.0,53.0,44.0,22.0,23.0,7.0,38.0,92.0,28.0,198.0,2.0,36.0,63.0,4,qualification,0,False,False,False,False,False,False,False
BSB60420,Advanced Diploma Of Leadership And Management,Advanced Diploma,Management And Commerce,103,False,84.0,88.0,4.0,88.0,91.0,3.0,19.0,17.0,-2.0,69.0,74.0,5.0,81700.0,10700.0,80600.0,10900.0,91900.0,11200.0,60,5.0,39.0,39.0,2.0,0.0,1.0,20.0,18.0,36.0,329.0,1.0,17.0,81.0,3,qualification,0,False,False,False,False,False,False,False
CUA40720,Certificate IV In Design,Certificate IV,Creative Arts,104,False,69.0,82.0,13.0,71.0,85.0,14.0,36.0,45.0,9.0,35.0,41.0,6.0,27400.0,6400.0,28400.0,6300.0,48200.0,4800.0,59,43.0,52.0,67.0,14.0,0.0,2.0,11.0,75.0,23.0,148.0,0.0,14.0,86.0,3,qualification,0,False,False,False,False,False,False,False
CUA30920,Certificate III In Music,Certificate III,Creative Arts,105,False,38.0,78.0,40.0,39.0,79.0,40.0,16.0,46.0,30.0,23.0,33.0,10.0,16500.0,9500.0,16900.0,9200.0,21000.0,9000.0,40,40.0,49.0,32.0,17.0,0.0,5.0,60.0,54.0,18.0,306.0,0.0,23.0,76.0,3,qualification,0,False,False,False,False,False,False,False
CHC22015,Certificate II In Community Services,Certificate II,Society And Culture,106,False,32.0,82.0,50.0,33.0,81.0,48.0,18.0,58.0,40.0,15.0,24.0,9.0,16400.0,13000.0,16700.0,13200.0,38200.0,12900.0,33,50.0,58.0,82.0,18.0,4.0,7.0,78.0,40.0,17.0,285.0,2.0,35.0,62.0,3,qualification,0,False,False,False,False,False,False,False
CPC40920,Certificate IV In Plumbing And Services,Certificate IV,Architecture And Building,107,False,94.0,87.0,-7.0,97.0,96.0,-1.0,2.0,1.0,-1.0,95.0,95.0,0.0,74400.0,15400.0,73700.0,15300.0,74200.0,15300.0,,2.0,14.0,0.0,2.0,1.0,2.0,11.0,69.0,26.0,507.0,0.0,20.0,80.0,2,qualification,1,True,False,False,False,False,False,False
SFL30115,Certificate III In Floristry,Certificate III,Creative Arts,108,False,68.0,78.0,10.0,71.0,82.0,11.0,41.0,52.0,11.0,30.0,31.0,1.0,31100.0,3100.0,30700.0,3100.0,55600.0,5200.0,45,14.0,23.0,98.0,9.0,3.0,3.0,16.0,84.0,33.0,315.0,0.0,8.0,92.0,3,qualification,0,False,False,False,False,False,False,False
FSK10219,Certificate I In Skills For Vocational Pathways,Certificate I,Mixed Field Programmes,109,False,20.0,53.0,33.0,21.0,54.0,33.0,8.0,29.0,21.0,12.0,25.0,13.0,13700.0,9800.0,14300.0,9900.0,22000.0,19600.0,22,58.0,63.0,45.0,25.0,0.0,14.0,72.0,58.0,24.0,146.0,0.0,26.0,72.0,1,qualification,0,False,False,False,False,False,False,False
RII20120,Certificate II In Resources And Infrastructure Work Preparation,Certificate II,Engineering And Related Technologies,110,False,59.0,77.0,18.0,61.0,79.0,18.0,20.0,21.0,1.0,41.0,58.0,17.0,37200.0,14600.0,37700.0,15100.0,49700.0,16100.0,40,25.0,37.0,27.0,11.0,3.0,43.0,58.0,92.0,26.0,21.0,14.0,60.0,26.0,2,qualification,0,False,False,False,False,False,False,False
FNS50222,Diploma Of Accounting,Diploma,Management And Commerce,111,False,71.0,86.0,15.0,75.0,89.0,14.0,33.0,33.0,0.0,42.0,57.0,15.0,44300.0,9900.0,45300.0,10500.0,60600.0,9700.0,53,13.0,28.0,71.0,5.0,0.0,1.0,8.0,75.0,37.0,308.0,2.0,17.0,81.0,6,qualification,0,False,False,False,False,False,False,False
PSP50122,Diploma Of Government,Diploma,Management And Commerce,112,False,92.0,98.0,6.0,92.0,99.0,7.0,38.0,5.0,-33.0,54.0,93.0,39.0,83700.0,35600.0,83600.0,35400.0,85200.0,19200.0,81,2.0,13.0,66.0,7.0,32.0,33.0,8.0,37.0,28.0,329.0,1.0,16.0,83.0,5,qualification,0,False,False,False,False,False,False,False
CHC43415,Certificate IV In Leisure And Health,Certificate IV,Society And Culture,113,False,89.0,95.0,6.0,91.0,97.0,6.0,56.0,50.0,-6.0,35.0,46.0,11.0,46000.0,6300.0,46200.0,7100.0,62800.0,3200.0,49,4.0,18.0,92.0,9.0,7.0,2.0,11.0,89.0,49.0,370.0,0.0,31.0,70.0,6,qualification,0,False,False,False,False,False,False,False
SIT20421,Certificate II In Cookery,Certificate II,"Food, Hospitality And Personal Services",114,False,37.0,72.0,35.0,38.0,74.0,36.0,19.0,44.0,25.0,19.0,29.0,10.0,19700.0,10700.0,20100.0,10200.0,34700.0,9200.0,25,36.0,47.0,52.0,25.0,7.0,6.0,57.0,78.0,23.0,179.0,3.0,36.0,62.0,3,qualification,0,False,False,False,False,False,False,False
ICT30519,Certificate III In Telecommunications Technology,Certificate III,Engineering And Related Technologies,115,False,89.0,96.0,7.0,91.0,98.0,7.0,8.0,3.0,-5.0,82.0,95.0,13.0,74600.0,12300.0,74800.0,12900.0,76300.0,9900.0,,11.0,23.0,3.0,4.0,73.0,3.0,17.0,78.0,30.0,449.0,0.0,17.0,83.0,4,qualification,1,True,False,False,False,False,False,False
22473VIC,Certificate II In General Education For Adults,Certificate II,Mixed Field Programmes,116,False,35.0,70.0,35.0,35.0,71.0,36.0,13.0,31.0,18.0,23.0,41.0,18.0,18400.0,12900.0,18500.0,13600.0,33800.0,15500.0,22,41.0,53.0,49.0,21.0,0.0,9.0,82.0,94.0,18.0,164.0,1.0,24.0,74.0,2,qualification,0,False,False,False,False,False,False,False
CSC40122,Certificate IV In Correctional Practice,Certificate IV,Society And Culture,117,False,99.0,100.0,1.0,99.0,100.0,1.0,6.0,2.0,-4.0,94.0,98.0,4.0,97100.0,14000.0,97100.0,13900.0,97200.0,13400.0,,11.0,20.0,38.0,1.0,0.0,6.0,14.0,5.0,41.0,337.0,3.0,48.0,48.0,2,qualification,1,True,False,False,False,False,False,False
MEM20105,Certificate II In Engineering,Certificate II,Engineering And Related Technologies,118,False,72.0,90.0,18.0,73.0,92.0,19.0,16.0,12.0,-4.0,57.0,80.0,23.0,48700.0,18700.0,48900.0,19000.0,53500.0,15700.0,62,49.0,55.0,16.0,7.0,22.0,7.0,45.0,87.0,23.0,148.0,3.0,28.0,68.0,5,qualification,0,False,False,False,False,False,False,False
CPC31420,Certificate III In Construction Waterproofing,Certificate III,Architecture And Building,119,False,66.0,64.0,-2.0,85.0,86.0,1.0,6.0,6.0,0.0,79.0,81.0,2.0,56400.0,100.0,55000.0,2700.0,59300.0,2800.0,49,14.0,21.0,3.0,2.0,3.0,2.0,22.0,51.0,36.0,103.0,1.0,19.0,81.0,5,qualification,0,False,False,False,False,False,False,False
AMP20316,Certificate II In Meat Processing (Abattoirs),Certificate II,"Food, Hospitality And Personal Services",120,False,74.0,95.0,21.0,75.0,97.0,22.0,20.0,15.0,-5.0,54.0,82.0,28.0,51800.0,16800.0,51600.0,17700.0,54800.0,13400.0,69,21.0,23.0,26.0,3.0,76.0,8.0,37.0,72.0,26.0,317.0,2.0,81.0,18.0,4,qualification,0,False,False,False,False,False,False,False
BSB30220,Certificate III In Entrepreneurship And New Business,Certificate III,Management And Commerce,121,False,69.0,67.0,-2.0,74.0,83.0,9.0,35.0,45.0,10.0,39.0,37.0,-2.0,20900.0,1200.0,22000.0,900.0,45000.0,3700.0,71,9.0,18.0,57.0,10.0,0.0,3.0,25.0,71.0,37.0,178.0,0.0,18.0,82.0,2,qualification,0,False,False,False,False,False,False,False
BSB51319,Diploma Of Work Health And Safety,Diploma,Health,122,False,94.0,96.0,2.0,95.0,96.0,1.0,7.0,6.0,-1.0,88.0,91.0,3.0,99100.0,9800.0,98600.0,10400.0,102100.0,9700.0,73,1.0,39.0,28.0,4.0,0.0,2.0,15.0,14.0,40.0,198.0,3.0,24.0,71.0,3,qualification,0,False,False,False,False,False,False,False
CPC31320,Certificate III In Wall And Floor Tiling,Certificate III,Architecture And Building,123,False,59.0,64.0,5.0,77.0,88.0,11.0,10.0,3.0,-7.0,68.0,85.0,17.0,47800.0,17700.0,49800.0,17200.0,50600.0,14900.0,70,13.0,23.0,1.0,3.0,39.0,3.0,40.0,51.0,28.0,359.0,0.0,26.0,74.0,2,qualification,0,False,False,False,False,False,False,False
SIT10222,Certificate I In Hospitality,Certificate I,"Food, Hospitality And Personal Services",124,False,20.0,74.0,54.0,21.0,74.0,53.0,11.0,50.0,39.0,10.0,24.0,14.0,8800.0,8600.0,8800.0,8500.0,6800.0,0.0,26,54.0,56.0,64.0,8.0,22.0,7.0,85.0,83.0,15.0,165.0,2.0,15.0,83.0,3,qualification,0,False,False,False,False,False,False,False
AUR30320,Certificate III In Automotive Electrical Technology,Certificate III,Engineering And Related Technologies,125,False,90.0,97.0,7.0,91.0,99.0,8.0,7.0,2.0,-5.0,83.0,98.0,15.0,87400.0,27800.0,86600.0,27200.0,87200.0,25400.0,,3.0,20.0,4.0,3.0,64.0,3.0,26.0,82.0,27.0,640.0,4.0,43.0,53.0,4,qualification,1,True,False,False,False,False,False,False
SHB20216,Certificate II In Salon Assistant,Certificate II,"Food, Hospitality And Personal Services",126,False,44.0,75.0,31.0,45.0,76.0,31.0,30.0,53.0,23.0,15.0,23.0,8.0,21300.0,10700.0,22100.0,10400.0,37800.0,3300.0,24,60.0,65.0,87.0,16.0,4.0,6.0,45.0,98.0,22.0,140.0,0.0,31.0,68.0,2,qualification,0,False,False,False,False,False,False,False
AUR20520,Certificate II In Automotive Servicing Technology,Certificate II,Engineering And Related Technologies,127,False,64.0,93.0,29.0,65.0,93.0,28.0,22.0,30.0,8.0,43.0,63.0,20.0,35800.0,19700.0,35800.0,19200.0,43300.0,15600.0,64,53.0,57.0,11.0,11.0,7.0,4.0,48.0,99.0,20.0,148.0,1.0,20.0,78.0,3,qualification,0,False,False,False,False,False,False,False
SHB30221,Certificate III In Make-Up,Certificate III,"Food, Hospitality And Personal Services",128,False,54.0,82.0,28.0,55.0,83.0,28.0,39.0,61.0,22.0,16.0,22.0,6.0,23900.0,12300.0,24900.0,12400.0,50500.0,9300.0,33,23.0,39.0,97.0,12.0,0.0,4.0,31.0,80.0,21.0,185.0,1.0,12.0,87.0,2,qualification,0,False,False,False,False,False,False,False
RII40720,Certificate IV In Civil Construction,Certificate IV,Engineering And Related Technologies,129,False,94.0,93.0,-1.0,96.0,96.0,0.0,1.0,1.0,0.0,95.0,96.0,1.0,98700.0,7700.0,98400.0,7800.0,99100.0,7700.0,,5.0,27.0,5.0,2.0,18.0,3.0,17.0,87.0,38.0,201.0,4.0,34.0,62.0,6,qualification,1,True,False,False,False,False,False,False
HLT37315,Certificate III In Health Administration,Certificate III,Management And Commerce,130,False,77.0,90.0,13.0,78.0,91.0,13.0,43.0,44.0,1.0,36.0,48.0,12.0,46900.0,10300.0,46900.0,10500.0,62900.0,5100.0,50,15.0,27.0,94.0,10.0,5.0,4.0,13.0,82.0,36.0,303.0,0.0,14.0,85.0,5,qualification,0,False,False,False,False,False,False,False
HLT37015,Certificate III In Sterilisation Services,Certificate III,Health,131,False,84.0,95.0,11.0,86.0,96.0,10.0,33.0,29.0,-4.0,53.0,68.0,15.0,59700.0,9800.0,59700.0,10900.0,68200.0,8200.0,57,9.0,16.0,68.0,4.0,1.0,1.0,12.0,91.0,39.0,344.0,0.0,15.0,84.0,1,qualification,0,False,False,False,False,False,False,False
CPC30320,Certificate III In Concreting,Certificate III,Architecture And Building,132,False,73.0,67.0,-6.0,88.0,86.0,-2.0,1.0,2.0,1.0,87.0,84.0,-3.0,65100.0,3400.0,64600.0,3100.0,64900.0,3100.0,84,12.0,21.0,0.0,0.0,13.0,3.0,48.0,41.0,32.0,108.0,1.0,32.0,67.0,2,qualification,0,False,False,False,False,False,False,False
TAE50122,Diploma Of Vocational Education And Training,Diploma,Education,133,False,94.0,95.0,1.0,96.0,97.0,1.0,15.0,9.0,-6.0,81.0,88.0,7.0,98500.0,10000.0,98100.0,10900.0,101800.0,9600.0,,1.0,26.0,51.0,2.0,0.0,2.0,14.0,21.0,46.0,352.0,1.0,24.0,75.0,3,qualification,1,True,False,False,False,False,False,False
CHC62015,Advanced Diploma Of Community Sector Management,Advanced Diploma,Management And Commerce,134,False,96.0,98.0,2.0,97.0,98.0,1.0,21.0,15.0,-6.0,75.0,83.0,8.0,86600.0,15800.0,87600.0,16000.0,91600.0,14600.0,55,1.0,21.0,74.0,3.0,0.0,2.0,3.0,60.0,39.0,317.0,1.0,21.0,79.0,6,qualification,0,False,False,False,False,False,False,False
CHC40321,"Certificate IV In Child, Youth And Family Intervention",Certificate IV,Society And Culture,135,False,89.0,95.0,6.0,91.0,97.0,6.0,28.0,18.0,-10.0,64.0,80.0,16.0,82400.0,23400.0,84100.0,23700.0,89400.0,19700.0,66,10.0,17.0,65.0,4.0,0.0,10.0,17.0,57.0,35.0,324.0,2.0,38.0,60.0,6,qualification,0,False,False,False,False,False,False,False
TLI27121,Certificate II In Rail Infrastructure,Certificate II,Engineering And Related Technologies,136,False,78.0,91.0,13.0,79.0,91.0,12.0,12.0,8.0,-4.0,67.0,81.0,14.0,77300.0,20000.0,77200.0,20100.0,83600.0,19300.0,41,27.0,34.0,8.0,3.0,0.0,25.0,43.0,48.0,31.0,36.0,14.0,30.0,56.0,2,qualification,0,False,False,False,False,False,False,False
BSB40420,Certificate IV In Human Resource Management,Certificate IV,Management And Commerce,137,False,86.0,95.0,9.0,88.0,97.0,9.0,29.0,21.0,-8.0,58.0,75.0,17.0,65400.0,14500.0,65100.0,13600.0,71200.0,11400.0,65,16.0,28.0,86.0,4.0,5.0,3.0,10.0,78.0,32.0,329.0,2.0,20.0,78.0,4,qualification,0,False,False,False,False,False,False,False
BSB10120,Certificate I In Workplace Skills,Certificate I,Management And Commerce,138,False,37.0,65.0,28.0,39.0,66.0,27.0,23.0,38.0,15.0,15.0,29.0,14.0,18100.0,7600.0,18800.0,8000.0,33400.0,8800.0,27,47.0,49.0,64.0,21.0,42.0,15.0,56.0,87.0,22.0,156.0,4.0,27.0,69.0,1,qualification,0,False,False,False,False,False,False,False
SIR30116,Certificate III In Community Pharmacy,Certificate III,Management And Commerce,139,False,78.0,94.0,16.0,79.0,95.0,16.0,53.0,38.0,-15.0,27.0,56.0,29.0,45500.0,14200.0,45800.0,14600.0,50600.0,5800.0,57,11.0,20.0,89.0,7.0,52.0,4.0,20.0,83.0,27.0,491.0,3.0,39.0,58.0,1,qualification,0,False,False,False,False,False,False,False
AHC31421,Certificate III In Conservation And Ecosystem Management,Certificate III,"Agriculture, Environment And Related Studies",140,False,82.0,91.0,9.0,85.0,94.0,9.0,34.0,25.0,-9.0,52.0,68.0,16.0,40400.0,10200.0,44000.0,12700.0,52200.0,9900.0,66,17.0,34.0,44.0,13.0,11.0,14.0,21.0,92.0,28.0,309.0,4.0,46.0,51.0,2,qualification,0,False,False,False,False,False,False,False
CPC20220,Certificate II In Construction Pathways,Certificate II,Architecture And Building,141,False,34.0,79.0,45.0,35.0,81.0,46.0,10.0,20.0,10.0,25.0,60.0,35.0,27200.0,15600.0,27800.0,15600.0,31000.0,12200.0,52,39.0,56.0,9.0,9.0,9.0,13.0,68.0,98.0,18.0,124.0,4.0,21.0,74.0,2,qualification,0,False,False,False,False,False,False,False
22499VIC,Certificate II In Electrotechnology (Pre-Vocational),Certificate II,Engineering And Related Technologies,142,False,73.0,94.0,21.0,73.0,96.0,23.0,27.0,18.0,-9.0,46.0,78.0,32.0,38200.0,14500.0,38500.0,14400.0,42700.0,10400.0,93,58.0,60.0,8.0,4.0,0.0,0.0,16.0,98.0,20.0,120.0,0.0,13.0,86.0,1,qualification,0,False,False,False,False,False,False,False
SHB30516,Certificate III In Barbering,Certificate III,"Food, Hospitality And Personal Services",143,False,73.0,82.0,9.0,77.0,90.0,13.0,26.0,17.0,-9.0,50.0,74.0,24.0,36700.0,11200.0,38000.0,10600.0,42600.0,9700.0,60,5.0,13.0,28.0,6.0,45.0,3.0,31.0,80.0,24.0,465.0,0.0,21.0,79.0,2,qualification,0,False,False,False,False,False,False,False
CPC31220,Certificate III In Wall And Ceiling Lining,Certificate III,Architecture And Building,144,False,71.0,78.0,7.0,81.0,91.0,10.0,9.0,2.0,-7.0,72.0,89.0,17.0,59200.0,26400.0,59000.0,20800.0,59200.0,18900.0,,9.0,16.0,2.0,1.0,57.0,3.0,47.0,62.0,26.0,826.0,0.0,28.0,71.0,3,qualification,1,True,False,False,False,False,False,False
AUR20720,Certificate II In Automotive Vocational Preparation,Certificate II,Engineering And Related Technologies,145,False,51.0,83.0,32.0,53.0,85.0,32.0,20.0,28.0,8.0,33.0,56.0,23.0,30400.0,15400.0,30600.0,15900.0,35200.0,11700.0,48,38.0,51.0,14.0,19.0,0.0,8.0,53.0,96.0,19.0,106.0,2.0,38.0,59.0,2,qualification,0,False,False,False,False,False,False,False
22614VIC,Certificate II In Building And Construction Pre-Apprenticeship,Certificate II,Architecture And Building,146,False,54.0,91.0,37.0,56.0,92.0,36.0,21.0,22.0,1.0,36.0,71.0,35.0,31300.0,17700.0,31700.0,17700.0,35200.0,19000.0,77,56.0,59.0,15.0,10.0,0.0,1.0,45.0,94.0,19.0,182.0,0.0,24.0,75.0,2,qualification,0,False,False,False,False,False,False,False
MAR10220,Certificate I In Maritime Operations (General Purpose Hand Near Coastal),Certificate I,Engineering And Related Technologies,147,False,78.0,83.0,5.0,80.0,84.0,4.0,16.0,18.0,2.0,63.0,66.0,3.0,59200.0,6400.0,59700.0,6400.0,86100.0,8200.0,66,38.0,42.0,21.0,4.0,0.0,8.0,43.0,40.0,41.0,26.0,2.0,29.0,69.0,1,qualification,0,False,False,False,False,False,False,False
BSB40820,Certificate IV In Marketing And Communication,Certificate IV,Management And Commerce,148,False,68.0,83.0,15.0,74.0,89.0,15.0,42.0,36.0,-6.0,32.0,52.0,20.0,40100.0,12700.0,40400.0,12500.0,55500.0,8400.0,61,39.0,53.0,67.0,5.0,2.0,0.0,11.0,52.0,26.0,196.0,0.0,11.0,89.0,2,qualification,0,False,False,False,False,False,False,False
CPC33020,Certificate III In Bricklaying And Blocklaying,Certificate III,Architecture And Building,149,False,68.0,79.0,11.0,77.0,92.0,15.0,11.0,2.0,-9.0,66.0,91.0,25.0,52100.0,29000.0,54200.0,30400.0,54400.0,29100.0,,10.0,17.0,0.0,5.0,73.0,7.0,53.0,78.0,23.0,990.0,0.0,27.0,72.0,2,qualification,1,True,False,False,False,False,False,False
MEM40119,Certificate IV In Engineering,Certificate IV,Engineering And Related Technologies,150,False,96.0,97.0,1.0,97.0,98.0,1.0,4.0,0.0,-4.0,94.0,97.0,3.0,101300.0,22600.0,101100.0,22700.0,101500.0,22300.0,,5.0,25.0,4.0,2.0,25.0,3.0,21.0,67.0,31.0,601.0,3.0,44.0,53.0,6,qualification,1,True,False,False,False,False,False,False
NWP30222,Certificate III In Water Industry Operations,Certificate III,"Agriculture, Environment And Related Studies",151,False,99.0,99.0,0.0,99.0,100.0,1.0,4.0,1.0,-3.0,95.0,99.0,4.0,93700.0,15300.0,93400.0,16300.0,93500.0,15300.0,,4.0,17.0,5.0,5.0,53.0,6.0,20.0,77.0,36.0,356.0,6.0,57.0,37.0,3,qualification,1,True,False,False,False,False,False,False
UEE40420,Certificate IV In Electrical - Instrumentation,Certificate IV,Engineering And Related Technologies,152,False,97.0,98.0,1.0,99.0,98.0,-1.0,0.0,0.0,0.0,98.0,97.0,-1.0,141700.0,22300.0,141700.0,22300.0,141900.0,22500.0,,5.0,34.0,3.0,0.0,0.0,2.0,17.0,92.0,32.0,122.0,8.0,27.0,66.0,2,qualification,1,True,False,False,False,False,False,False
PUA20622,Certificate II In Public Safety (Firefighting And Emergency Operations),Certificate II,Engineering And Related Technologies,153,False,90.0,100.0,10.0,96.0,100.0,4.0,7.0,0.0,-7.0,90.0,99.0,9.0,99400.0,24500.0,99700.0,27300.0,99800.0,24000.0,,35.0,35.0,10.0,0.0,0.0,3.0,31.0,6.0,31.0,114.0,1.0,29.0,70.0,1,qualification,1,True,False,False,False,False,False,False
PUA30622,Certificate III In Public Safety (Firefighting And Emergency Operations),Certificate III,Engineering And Related Technologies,154,False,96.0,100.0,4.0,98.0,100.0,2.0,5.0,0.0,-5.0,94.0,100.0,6.0,111900.0,20100.0,112100.0,20600.0,112100.0,19000.0,,10.0,14.0,17.0,2.0,10.0,7.0,15.0,10.0,34.0,629.0,3.0,29.0,68.0,1,qualification,1,True,False,False,False,False,False,False
CUA30720,Certificate III In Design Fundamentals,Certificate III,Creative Arts,155,False,50.0,70.0,20.0,53.0,71.0,18.0,32.0,50.0,18.0,20.0,21.0,1.0,18900.0,4800.0,18900.0,4700.0,37700.0,6800.0,39,50.0,61.0,69.0,26.0,0.0,5.0,25.0,88.0,20.0,150.0,0.0,23.0,77.0,2,qualification,0,False,False,False,False,False,False,False
CUA50820,Diploma Of Music,Diploma,Creative Arts,156,False,66.0,85.0,19.0,68.0,87.0,19.0,31.0,46.0,15.0,37.0,41.0,4.0,22800.0,10500.0,23900.0,10700.0,35500.0,9700.0,40,26.0,38.0,34.0,18.0,0.0,3.0,15.0,89.0,20.0,315.0,0.0,9.0,91.0,2,qualification,0,False,False,False,False,False,False,False
CUA50720,Diploma Of Graphic Design,Diploma,Creative Arts,157,False,67.0,80.0,13.0,70.0,83.0,13.0,41.0,47.0,6.0,28.0,36.0,8.0,28200.0,6100.0,28600.0,7500.0,46400.0,6500.0,50,15.0,30.0,65.0,22.0,0.0,2.0,11.0,88.0,23.0,337.0,0.0,18.0,82.0,3,qualification,0,False,False,False,False,False,False,False
MAR30921,Certificate III In Maritime Operations (Master Up To 24 Metres Near Coastal),Certificate III,Engineering And Related Technologies,158,False,88.0,91.0,3.0,92.0,95.0,3.0,14.0,8.0,-6.0,77.0,87.0,10.0,70200.0,7800.0,69500.0,7700.0,76100.0,6000.0,92,7.0,45.0,11.0,5.0,2.0,3.0,25.0,76.0,34.0,66.0,12.0,48.0,39.0,3,qualification,0,False,False,False,False,False,False,False
PSP20218,Certificate II In Auslan,Certificate II,Society And Culture,159,False,84.0,88.0,4.0,86.0,88.0,2.0,40.0,38.0,-2.0,46.0,50.0,4.0,46800.0,4900.0,44900.0,5300.0,69900.0,5700.0,38,63.0,64.0,86.0,21.0,0.0,2.0,15.0,97.0,33.0,151.0,0.0,25.0,75.0,1,qualification,0,False,False,False,False,False,False,False
FNS30322,Certificate III In Accounts Administration,Certificate III,Management And Commerce,160,False,64.0,82.0,18.0,66.0,84.0,18.0,38.0,40.0,2.0,29.0,43.0,14.0,39000.0,11200.0,39200.0,10800.0,55000.0,6500.0,39,43.0,55.0,80.0,14.0,7.0,5.0,17.0,92.0,32.0,263.0,2.0,31.0,67.0,2,qualification,0,False,False,False,False,False,False,False
RII30719,Certificate III In Emergency Response And Rescue,Certificate III,Engineering And Related Technologies,161,False,97.0,98.0,1.0,98.0,99.0,1.0,7.0,2.0,-5.0,90.0,96.0,6.0,129500.0,16500.0,128900.0,16800.0,129600.0,14300.0,100,18.0,32.0,18.0,2.0,2.0,4.0,23.0,3.0,35.0,19.0,6.0,41.0,54.0,4,qualification,0,False,False,False,False,False,False,False
FNS50615,Diploma Of Financial Planning,Diploma,Management And Commerce,162,False,84.0,91.0,7.0,88.0,94.0,6.0,19.0,10.0,-9.0,69.0,83.0,14.0,70900.0,17700.0,71200.0,17300.0,78200.0,15300.0,,5.0,13.0,49.0,3.0,0.0,0.0,10.0,8.0,32.0,362.0,0.0,13.0,86.0,1,qualification,1,True,False,False,False,False,False,False
22486VIC,Certificate III In Eal (Access),Certificate III,Mixed Field Programmes,163,False,20.0,53.0,33.0,23.0,55.0,32.0,14.0,37.0,23.0,9.0,19.0,10.0,22300.0,8000.0,22800.0,6700.0,52600.0,0.0,32,35.0,58.0,78.0,10.0,0.0,0.0,46.0,99.0,38.0,258.0,0.0,3.0,96.0,1,qualification,0,False,False,False,False,False,False,False
AHC31021,Certificate III In Parks And Gardens,Certificate III,"Agriculture, Environment And Related Studies",164,False,80.0,90.0,10.0,85.0,95.0,10.0,31.0,10.0,-21.0,54.0,85.0,31.0,55200.0,21600.0,55400.0,21600.0,56800.0,14600.0,83,5.0,22.0,14.0,9.0,65.0,5.0,31.0,96.0,25.0,785.0,3.0,25.0,72.0,3,qualification,0,False,False,False,False,False,False,False
SIT50322,Diploma Of Event Management,Diploma,Management And Commerce,165,False,85.0,94.0,9.0,87.0,97.0,10.0,50.0,37.0,-13.0,39.0,58.0,19.0,43400.0,16000.0,43500.0,16400.0,55400.0,9100.0,,1.0,23.0,88.0,10.0,0.0,2.0,13.0,81.0,23.0,330.0,0.0,14.0,87.0,1,qualification,1,True,False,False,False,False,False,False
AHC32822,Certificate III In Rural Operations,Certificate III,"Agriculture, Environment And Related Studies",166,False,66.0,88.0,22.0,67.0,89.0,22.0,16.0,19.0,3.0,51.0,70.0,19.0,41600.0,16100.0,41700.0,17500.0,50400.0,21300.0,39,6.0,25.0,21.0,11.0,4.0,26.0,40.0,98.0,28.0,83.0,10.0,82.0,9.0,1,qualification,0,False,False,False,False,False,False,False
CUA31020,Certificate III In Screen And Media,Certificate III,Creative Arts,167,False,45.0,72.0,27.0,46.0,74.0,28.0,17.0,42.0,25.0,29.0,32.0,3.0,15500.0,8000.0,16100.0,8400.0,39700.0,6000.0,45,46.0,53.0,34.0,28.0,3.0,6.0,45.0,70.0,18.0,157.0,0.0,19.0,81.0,1,qualification,0,False,False,False,False,False,False,False
AHC30122,Certificate III In Agriculture,Certificate III,"Agriculture, Environment And Related Studies",168,False,64.0,93.0,29.0,66.0,96.0,30.0,18.0,18.0,0.0,47.0,79.0,32.0,44700.0,20300.0,46000.0,21800.0,49400.0,23100.0,,34.0,46.0,36.0,8.0,59.0,4.0,55.0,98.0,19.0,355.0,6.0,81.0,11.0,4,qualification,1,True,False,False,False,False,False,False
PSP40616,Certificate IV In Procurement And Contracting,Certificate IV,Management And Commerce,169,False,97.0,100.0,3.0,99.0,100.0,1.0,7.0,5.0,-2.0,93.0,97.0,4.0,90900.0,8700.0,91500.0,9400.0,92800.0,8500.0,,5.0,10.0,57.0,3.0,11.0,4.0,2.0,16.0,39.0,162.0,3.0,15.0,83.0,3,qualification,1,True,False,False,False,False,False,False
SIS20122,Certificate II In Sport And Recreation,Certificate II,Society And Culture,170,False,21.0,77.0,56.0,23.0,78.0,55.0,6.0,34.0,28.0,17.0,43.0,26.0,19400.0,18400.0,19500.0,18600.0,29300.0,17300.0,33,30.0,44.0,37.0,10.0,0.0,9.0,90.0,58.0,17.0,315.0,3.0,35.0,58.0,1,qualification,0,False,False,False,False,False,False,False
TLI20421,Certificate II In Supply Chain Operations,Certificate II,Management And Commerce,171,False,36.0,77.0,41.0,38.0,77.0,39.0,13.0,27.0,14.0,25.0,51.0,26.0,28400.0,16200.0,28400.0,19300.0,41500.0,24700.0,32,44.0,59.0,16.0,33.0,55.0,7.0,69.0,91.0,21.0,335.0,0.0,20.0,79.0,2,qualification,0,False,False,False,False,False,False,False
CPP31318,Certificate III In Security Operations,Certificate III,Society And Culture,172,False,79.0,95.0,16.0,84.0,97.0,13.0,16.0,12.0,-4.0,69.0,85.0,16.0,63700.0,13300.0,63800.0,11400.0,69900.0,10900.0,79,16.0,53.0,17.0,5.0,0.0,1.0,16.0,50.0,36.0,44.0,0.0,12.0,87.0,2,qualification,0,False,False,False,False,False,False,False
FNS42022,Certificate IV In Banking Services,Certificate IV,Management And Commerce,173,False,89.0,95.0,6.0,90.0,96.0,6.0,13.0,9.0,-4.0,79.0,85.0,6.0,99100.0,38600.0,99200.0,38600.0,105600.0,42000.0,36,3.0,14.0,59.0,3.0,7.0,0.0,6.0,19.0,33.0,198.0,0.0,11.0,88.0,3,qualification,0,False,False,False,False,False,False,False
52895WA,Certificate IV In Preparation For Health And Nursing Studies,Certificate IV,Health,174,False,69.0,87.0,18.0,70.0,87.0,17.0,46.0,62.0,16.0,25.0,27.0,2.0,24500.0,5600.0,24600.0,5700.0,47800.0,5500.0,47,45.0,63.0,88.0,10.0,0.0,4.0,41.0,97.0,22.0,141.0,3.0,18.0,79.0,2,qualification,0,False,False,False,False,False,False,False
CUA41220,Certificate IV In Screen And Media,Certificate IV,Creative Arts,175,False,57.0,76.0,19.0,57.0,78.0,21.0,29.0,43.0,14.0,28.0,34.0,6.0,21800.0,9300.0,22800.0,9000.0,37100.0,5600.0,37,55.0,67.0,37.0,27.0,0.0,3.0,18.0,98.0,20.0,178.0,0.0,12.0,88.0,2,qualification,0,False,False,False,False,False,False,False
CPP51122,Diploma Of Property (Agency Management),Diploma,Management And Commerce,176,False,84.0,87.0,3.0,89.0,92.0,3.0,16.0,13.0,-3.0,71.0,77.0,6.0,67000.0,15500.0,67400.0,15400.0,76500.0,13700.0,53,0.0,11.0,48.0,3.0,0.0,0.0,19.0,0.0,38.0,181.0,2.0,14.0,82.0,4,qualification,0,False,False,False,False,False,False,False
CUA31120,Certificate III In Visual Arts,Certificate III,Creative Arts,177,False,47.0,64.0,17.0,49.0,68.0,19.0,29.0,41.0,12.0,22.0,26.0,4.0,19200.0,1400.0,19300.0,2000.0,44800.0,500.0,30,49.0,56.0,76.0,21.0,0.0,5.0,39.0,88.0,25.0,267.0,1.0,43.0,54.0,1,qualification,0,False,False,False,False,False,False,False
CPP20521,Certificate II In Fire Protection Inspection And Testing,Certificate II,Engineering And Related Technologies,178,False,94.0,94.0,0.0,96.0,95.0,-1.0,6.0,4.0,-2.0,91.0,91.0,0.0,95700.0,10100.0,95900.0,10400.0,98200.0,9800.0,88,16.0,20.0,6.0,1.0,1.0,3.0,17.0,0.0,35.0,32.0,2.0,34.0,64.0,2,qualification,0,False,False,False,False,False,False,False
HLT31120,Certificate III In Non-Emergency Patient Transport,Certificate III,Health,179,False,86.0,95.0,9.0,92.0,98.0,6.0,32.0,24.0,-8.0,58.0,73.0,15.0,58200.0,11500.0,57700.0,11200.0,67900.0,8800.0,74,26.0,32.0,54.0,3.0,0.0,0.0,31.0,56.0,43.0,163.0,0.0,23.0,76.0,2,qualification,0,False,False,False,False,False,False,False
SIT40122,Certificate IV In Travel And Tourism,Certificate IV,Management And Commerce,180,False,90.0,92.0,2.0,88.0,93.0,5.0,31.0,27.0,-4.0,59.0,67.0,8.0,55900.0,15600.0,54900.0,15600.0,64300.0,15600.0,37,10.0,24.0,85.0,5.0,55.0,3.0,6.0,66.0,27.0,289.0,3.0,23.0,73.0,1,qualification,0,False,False,False,False,False,False,False
22484VIC,Certificate I In Eal (Access),Certificate I,Mixed Field Programmes,181,False,21.0,43.0,22.0,24.0,48.0,24.0,14.0,33.0,19.0,11.0,15.0,4.0,14200.0,800.0,16600.0,1100.0,42400.0,0.0,28,72.0,75.0,78.0,14.0,0.0,0.0,55.0,99.0,44.0,313.0,0.0,3.0,97.0,1,qualification,0,False,False,False,False,False,False,False
AHC10120,Certificate I In Conservation And Ecosystem Management,Certificate I,"Agriculture, Environment And Related Studies",182,False,55.0,86.0,31.0,56.0,86.0,30.0,25.0,33.0,8.0,32.0,55.0,23.0,29000.0,15400.0,29300.0,14800.0,35700.0,11900.0,49,46.0,47.0,33.0,20.0,88.0,24.0,43.0,95.0,23.0,119.0,5.0,48.0,48.0,1,qualification,0,False,False,False,False,False,False,False
MSS40322,Certificate IV In Competitive Systems And Practices,Certificate IV,Management And Commerce,183,False,99.0,97.0,-2.0,100.0,98.0,-2.0,4.0,3.0,-1.0,95.0,96.0,1.0,85700.0,5700.0,85200.0,6100.0,86800.0,6000.0,,2.0,10.0,18.0,6.0,18.0,0.0,16.0,75.0,42.0,373.0,0.0,31.0,69.0,,qualification,2,True,False,False,False,False,False,False
22485VIC,Certificate II In Eal (Access),Certificate II,Mixed Field Programmes,184,False,15.0,39.0,24.0,18.0,46.0,28.0,13.0,32.0,19.0,6.0,13.0,7.0,18000.0,1000.0,18100.0,1400.0,48900.0,0.0,29,65.0,69.0,79.0,9.0,0.0,0.0,48.0,100.0,41.0,296.0,0.0,2.0,98.0,1,qualification,0,False,False,False,False,False,False,False
AVI30419,Certificate III In Aviation (Remote Pilot),Certificate III,Engineering And Related Technologies,185,False,84.0,90.0,6.0,86.0,93.0,7.0,8.0,6.0,-2.0,79.0,86.0,7.0,84100.0,6600.0,81800.0,6600.0,85900.0,6300.0,74,13.0,23.0,14.0,4.0,0.0,3.0,14.0,65.0,38.0,129.0,3.0,44.0,51.0,2,qualification,0,False,False,False,False,False,False,False
HLT47321,Certificate IV In Health Administration,Certificate IV,Management And Commerce,186,False,77.0,93.0,16.0,79.0,94.0,15.0,41.0,42.0,1.0,39.0,52.0,13.0,49900.0,9500.0,50800.0,9400.0,66100.0,8200.0,43,9.0,23.0,93.0,6.0,6.0,3.0,13.0,87.0,38.0,368.0,1.0,23.0,74.0,3,qualification,0,False,False,False,False,False,False,False
BSB50920,Diploma Of Quality Auditing,Diploma,Management And Commerce,187,False,93.0,95.0,2.0,95.0,96.0,1.0,12.0,11.0,-1.0,85.0,88.0,3.0,97800.0,6800.0,97500.0,6400.0,104300.0,6200.0,,4.0,27.0,52.0,4.0,0.0,2.0,13.0,31.0,47.0,184.0,0.0,26.0,73.0,1,qualification,1,True,False,False,False,False,False,False
HLT42021,Certificate IV In Massage Therapy,Certificate IV,Health,188,False,74.0,76.0,2.0,78.0,84.0,6.0,38.0,49.0,11.0,40.0,34.0,-6.0,25400.0,-3200.0,27100.0,-1400.0,51800.0,0.0,62,41.0,50.0,70.0,12.0,0.0,2.0,15.0,61.0,35.0,272.0,1.0,34.0,65.0,1,qualification,0,False,False,False,False,False,False,False
CUA41120,Certificate IV In Photography And Digital Imaging,Certificate IV,Creative Arts,189,False,62.0,73.0,11.0,65.0,78.0,13.0,35.0,47.0,12.0,31.0,32.0,1.0,24900.0,5500.0,24000.0,3600.0,48400.0,6100.0,50,37.0,49.0,61.0,19.0,0.0,4.0,12.0,94.0,27.0,275.0,0.0,22.0,79.0,1,qualification,0,False,False,False,False,False,False,False
AMP30815,Certificate III In Meat Processing (Retail Butcher),Certificate III,"Food, Hospitality And Personal Services",190,False,72.0,97.0,25.0,71.0,97.0,26.0,29.0,7.0,-22.0,44.0,91.0,47.0,59000.0,37100.0,59000.0,36800.0,60500.0,28900.0,,3.0,9.0,9.0,8.0,97.0,12.0,57.0,98.0,21.0,1046.0,8.0,54.0,38.0,1,qualification,1,True,False,False,False,False,False,False
CPC20120,Certificate II In Construction,Certificate II,Architecture And Building,191,False,46.0,81.0,35.0,46.0,84.0,38.0,14.0,21.0,7.0,33.0,62.0,29.0,25300.0,14700.0,25500.0,14100.0,29400.0,12400.0,35,25.0,34.0,11.0,22.0,5.0,31.0,65.0,98.0,20.0,87.0,12.0,45.0,43.0,3,qualification,0,False,False,False,False,False,False,False
MSL50122,Diploma Of Laboratory Technology,Diploma,Natural And Physical Sciences,192,False,77.0,92.0,15.0,77.0,91.0,14.0,22.0,19.0,-3.0,57.0,72.0,15.0,64300.0,10800.0,63800.0,10400.0,70000.0,7800.0,65,0.0,8.0,53.0,7.0,10.0,0.0,6.0,94.0,31.0,315.0,1.0,20.0,79.0,2,qualification,0,False,False,False,False,False,False,False
CPC32620,Certificate III In Roof Plumbing,Certificate III,Architecture And Building,193,False,82.0,88.0,6.0,88.0,94.0,6.0,11.0,0.0,-11.0,77.0,93.0,16.0,63100.0,27500.0,63400.0,27500.0,63600.0,21200.0,,5.0,12.0,0.0,1.0,60.0,9.0,42.0,65.0,24.0,674.0,0.0,26.0,74.0,3,qualification,1,True,False,False,False,False,False,False
HLT33021,Certificate III In Allied Health Assistance,Certificate III,Health,194,False,67.0,92.0,25.0,70.0,92.0,22.0,40.0,59.0,19.0,29.0,34.0,5.0,31500.0,11700.0,32200.0,11900.0,58500.0,14500.0,48,30.0,46.0,85.0,9.0,26.0,5.0,48.0,85.0,28.0,325.0,0.0,28.0,70.0,2,qualification,0,False,False,False,False,False,False,False
CPP50921,Diploma Of Building Design,Diploma,Architecture And Building,195,False,67.0,81.0,14.0,73.0,89.0,16.0,22.0,24.0,2.0,48.0,66.0,18.0,45300.0,9200.0,44500.0,10000.0,53800.0,7700.0,,0.0,12.0,39.0,7.0,0.0,0.0,10.0,88.0,29.0,669.0,0.0,13.0,86.0,2,qualification,1,True,False,False,False,False,False,False
CUA51120,Diploma Of Visual Arts,Diploma,Creative Arts,196,False,56.0,66.0,10.0,57.0,70.0,13.0,35.0,50.0,15.0,24.0,21.0,-3.0,19200.0,4600.0,19300.0,4800.0,40600.0,4900.0,26,24.0,33.0,79.0,25.0,0.0,4.0,16.0,69.0,25.0,324.0,0.0,23.0,76.0,1,qualification,0,False,False,False,False,False,False,False
UET20321,Certificate II In Esi - Powerline Vegetation Control,Certificate II,Engineering And Related Technologies,197,False,92.0,95.0,3.0,93.0,96.0,3.0,15.0,6.0,-9.0,80.0,90.0,10.0,66400.0,12300.0,66900.0,12100.0,67900.0,10700.0,82,28.0,29.0,6.0,3.0,7.0,7.0,32.0,6.0,30.0,45.0,0.0,48.0,51.0,3,qualification,0,False,False,False,False,False,False,False
FNS51220,Diploma Of Insurance Broking,Diploma,Management And Commerce,198,False,93.0,97.0,4.0,95.0,96.0,1.0,14.0,4.0,-10.0,80.0,92.0,12.0,74000.0,14100.0,73800.0,14200.0,75900.0,12300.0,,0.0,6.0,50.0,0.0,0.0,0.0,80.0,0.0,33.0,43.0,1.0,22.0,74.0,2,qualification,1,True,False,False,False,False,False,False
HLT51020,Diploma Of Emergency Health Care,Diploma,Health,199,False,94.0,98.0,4.0,95.0,98.0,3.0,20.0,13.0,-7.0,74.0,84.0,10.0,81900.0,19400.0,82000.0,19700.0,85100.0,18600.0,,0.0,20.0,54.0,3.0,0.0,2.0,9.0,14.0,29.0,421.0,4.0,37.0,59.0,2,qualification,1,True,False,False,False,False,False,False
RII20920,Certificate II In Drilling Operations,Certificate II,Engineering And Related Technologies,200,False,91.0,98.0,7.0,94.0,99.0,5.0,6.0,3.0,-3.0,88.0,96.0,8.0,110900.0,43200.0,110900.0,43400.0,112300.0,42300.0,,50.0,52.0,4.0,0.0,48.0,5.0,29.0,22.0,29.0,253.0,3.0,36.0,61.0,2,qualification,1,True,False,False,False,False,False,False
MSF50222,Diploma Of Interior Design,Diploma,Architecture And Building,201,False,75.0,88.0,13.0,79.0,91.0,12.0,47.0,42.0,-5.0,33.0,48.0,15.0,38100.0,10800.0,38000.0,11000.0,53500.0,6600.0,,8.0,18.0,90.0,4.0,0.0,4.0,10.0,57.0,28.0,501.0,0.0,13.0,88.0,3,qualification,1,True,False,False,False,False,False,False
SHB40121,Certificate IV In Beauty Therapy,Certificate IV,"Food, Hospitality And Personal Services",202,False,70.0,82.0,12.0,71.0,87.0,16.0,50.0,53.0,3.0,21.0,35.0,14.0,31200.0,13400.0,31100.0,12700.0,45800.0,18200.0,40,9.0,25.0,100.0,9.0,21.0,4.0,31.0,77.0,23.0,460.0,1.0,34.0,64.0,2,qualification,0,False,False,False,False,False,False,False
MSF40122,Certificate IV In Interior Decoration,Certificate IV,Architecture And Building,203,False,71.0,77.0,6.0,77.0,82.0,5.0,40.0,49.0,9.0,38.0,33.0,-5.0,29800.0,-500.0,29600.0,-300.0,62900.0,2700.0,63,47.0,50.0,94.0,5.0,0.0,0.0,11.0,67.0,34.0,292.0,0.0,10.0,89.0,1,qualification,0,False,False,False,False,False,False,False
ACM30321,Certificate III In Wildlife And Exhibited Animal Care,Certificate III,Health,204,False,83.0,95.0,12.0,85.0,98.0,13.0,53.0,34.0,-19.0,34.0,61.0,27.0,41000.0,15200.0,40900.0,15400.0,51200.0,8000.0,44,14.0,21.0,81.0,11.0,1.0,7.0,26.0,58.0,23.0,389.0,0.0,26.0,73.0,2,qualification,0,False,False,False,False,False,False,False
HLT41120,Certificate IV In Health Care,Certificate IV,Health,205,False,90.0,95.0,5.0,92.0,94.0,2.0,25.0,16.0,-9.0,67.0,78.0,11.0,84700.0,18100.0,84700.0,19100.0,94600.0,16600.0,69,20.0,40.0,43.0,3.0,0.0,3.0,16.0,10.0,36.0,287.0,8.0,37.0,53.0,2,qualification,0,False,False,False,False,False,False,False
HLT45021,Certificate IV In Dental Assisting,Certificate IV,Health,206,False,83.0,95.0,12.0,83.0,97.0,14.0,46.0,41.0,-5.0,37.0,55.0,18.0,48400.0,11500.0,48400.0,11500.0,58400.0,6400.0,41,5.0,15.0,95.0,1.0,4.0,2.0,24.0,81.0,29.0,371.0,0.0,17.0,79.0,1,qualification,0,False,False,False,False,False,False,False
SIS30521,Certificate III In Sport Coaching,Certificate III,Society And Culture,207,False,79.0,87.0,8.0,82.0,93.0,11.0,16.0,19.0,3.0,68.0,74.0,6.0,103100.0,5300.0,93700.0,7200.0,108900.0,5500.0,,3.0,8.0,52.0,2.0,0.0,2.0,19.0,3.0,32.0,281.0,2.0,22.0,76.0,2,qualification,1,True,False,False,False,False,False,False
MAR30821,Certificate III In Maritime Operations (Marine Engine Driver Grade 2 Near Coastal),Certificate III,Engineering And Related Technologies,208,False,91.0,91.0,0.0,93.0,95.0,2.0,10.0,7.0,-3.0,83.0,86.0,3.0,80600.0,12200.0,82900.0,12400.0,87600.0,12200.0,65,8.0,26.0,9.0,2.0,0.0,5.0,23.0,65.0,36.0,40.0,13.0,46.0,41.0,3,qualification,0,False,False,False,False,False,False,False
MSL30122,Certificate III In Laboratory Skills,Certificate III,Natural And Physical Sciences,209,False,73.0,87.0,14.0,75.0,90.0,15.0,31.0,28.0,-3.0,45.0,61.0,16.0,50800.0,15100.0,51100.0,16100.0,61000.0,12500.0,78,37.0,47.0,60.0,6.0,29.0,3.0,19.0,91.0,31.0,193.0,4.0,32.0,64.0,1,qualification,0,False,False,False,False,False,False,False
SIS20419,Certificate II In Outdoor Recreation,Certificate II,Society And Culture,210,False,27.0,89.0,62.0,27.0,88.0,61.0,8.0,40.0,32.0,21.0,46.0,25.0,18100.0,15300.0,18300.0,15300.0,27000.0,6700.0,,35.0,46.0,36.0,7.0,3.0,2.0,90.0,38.0,16.0,319.0,0.0,31.0,67.0,2,qualification,1,True,False,False,False,False,False,False
22569VIC,Certificate II In Plumbing (Pre-Apprenticeship),Certificate II,Architecture And Building,211,False,57.0,91.0,34.0,62.0,94.0,32.0,19.0,21.0,2.0,42.0,74.0,32.0,32400.0,19600.0,33000.0,18600.0,35300.0,20700.0,74,51.0,55.0,4.0,5.0,0.0,2.0,37.0,96.0,20.0,150.0,0.0,15.0,86.0,1,qualification,0,False,False,False,False,False,False,False
PMA30120,Certificate III In Process Plant Operations,Certificate III,Engineering And Related Technologies,212,False,91.0,99.0,8.0,91.0,100.0,9.0,14.0,9.0,-5.0,78.0,91.0,13.0,111200.0,17800.0,110600.0,17100.0,114400.0,15900.0,61,7.0,20.0,20.0,5.0,32.0,6.0,33.0,61.0,32.0,158.0,8.0,37.0,54.0,1,qualification,0,False,False,False,False,False,False,False
PSP50616,Diploma Of Procurement And Contracting,Diploma,Management And Commerce,213,False,100.0,100.0,0.0,100.0,100.0,0.0,6.0,2.0,-4.0,96.0,97.0,1.0,104200.0,8300.0,104200.0,8300.0,104600.0,7900.0,,3.0,12.0,64.0,3.0,0.0,2.0,4.0,0.0,41.0,148.0,4.0,17.0,80.0,3,qualification,1,True,False,False,False,False,False,False
MEM31922,Certificate III In Engineering - Fabrication Trade,Certificate III,Engineering And Related Technologies,214,False,87.0,84.0,-3.0,95.0,94.0,-1.0,5.0,4.0,-1.0,90.0,91.0,1.0,86200.0,11200.0,81900.0,11300.0,83100.0,11300.0,,5.0,15.0,0.0,2.0,10.0,0.0,61.0,10.0,35.0,39.0,3.0,24.0,73.0,3,qualification,1,True,False,False,False,False,False,False
AHC30820,Certificate III In Arboriculture,Certificate III,"Agriculture, Environment And Related Studies",215,False,95.0,90.0,-5.0,96.0,99.0,3.0,14.0,10.0,-4.0,83.0,88.0,5.0,71100.0,11700.0,69100.0,12500.0,72800.0,11600.0,,11.0,18.0,4.0,5.0,45.0,4.0,27.0,67.0,30.0,727.0,0.0,44.0,56.0,2,qualification,1,True,False,False,False,False,False,False
AUR32420,Certificate III In Automotive Refinishing Technology,Certificate III,Engineering And Related Technologies,216,False,80.0,96.0,16.0,80.0,97.0,17.0,15.0,2.0,-13.0,67.0,94.0,27.0,59700.0,28300.0,59500.0,27300.0,60400.0,25400.0,,0.0,5.0,7.0,7.0,86.0,4.0,46.0,93.0,23.0,1023.0,2.0,37.0,60.0,1,qualification,1,True,False,False,False,False,False,False
22477VIC,Advanced Diploma Of Building Design (Architectural),Advanced Diploma,Architecture And Building,217,False,65.0,87.0,22.0,68.0,90.0,22.0,24.0,23.0,-1.0,43.0,68.0,25.0,42200.0,10900.0,42300.0,13400.0,50200.0,11000.0,,0.0,8.0,39.0,6.0,0.0,0.0,14.0,98.0,25.0,764.0,0.0,15.0,84.0,2,qualification,1,True,False,False,False,False,False,False
MST31022,"Certificate III In Apparel, Fashion And Textiles",Certificate III,Engineering And Related Technologies,218,False,64.0,76.0,12.0,65.0,78.0,13.0,41.0,54.0,13.0,24.0,24.0,0.0,21800.0,7500.0,22200.0,7400.0,47900.0,0.0,39,51.0,61.0,91.0,17.0,0.0,2.0,11.0,97.0,24.0,169.0,0.0,26.0,74.0,1,qualification,0,False,False,False,False,False,False,False
BSB50520,Diploma Of Library And Information Services,Diploma,Society And Culture,219,False,73.0,87.0,14.0,76.0,89.0,13.0,47.0,44.0,-3.0,31.0,43.0,12.0,38900.0,9400.0,38900.0,9500.0,56300.0,3200.0,49,0.0,12.0,83.0,16.0,0.0,2.0,10.0,85.0,35.0,502.0,0.0,16.0,84.0,2,qualification,0,False,False,False,False,False,False,False
CHC43215,Certificate IV In Alcohol And Other Drugs,Certificate IV,Society And Culture,220,False,73.0,86.0,13.0,74.0,87.0,13.0,29.0,30.0,1.0,46.0,56.0,10.0,55600.0,13500.0,56000.0,13500.0,74400.0,15000.0,44,18.0,31.0,61.0,15.0,6.0,8.0,20.0,78.0,36.0,365.0,7.0,29.0,64.0,2,qualification,0,False,False,False,False,False,False,False
ICT60220,Advanced Diploma Of Information Technology,Advanced Diploma,Information Technology,221,False,76.0,88.0,12.0,78.0,91.0,13.0,20.0,14.0,-6.0,59.0,78.0,19.0,72900.0,15500.0,72800.0,16400.0,86300.0,15100.0,69,0.0,23.0,27.0,5.0,0.0,0.0,24.0,69.0,34.0,309.0,0.0,11.0,89.0,,qualification,1,True,False,False,False,False,False,False
MSF30422,Certificate III In Glass And Glazing,Certificate III,Architecture And Building,222,False,82.0,94.0,12.0,87.0,97.0,10.0,10.0,2.0,-8.0,76.0,95.0,19.0,59200.0,18000.0,59400.0,18200.0,60000.0,15100.0,,3.0,9.0,0.0,2.0,67.0,2.0,30.0,75.0,26.0,849.0,0.0,31.0,69.0,2,qualification,1,True,False,False,False,False,False,False
10741NAT,Certificate III In Christian Ministry And Theology,Certificate III,Society And Culture,223,False,33.0,90.0,57.0,33.0,91.0,58.0,13.0,62.0,49.0,19.0,27.0,8.0,14500.0,13700.0,14800.0,14000.0,23400.0,0.0,,6.0,19.0,63.0,3.0,53.0,2.0,95.0,0.0,17.0,293.0,0.0,23.0,77.0,2,qualification,1,True,False,False,False,False,False,False
SIT31021,Certificate III In Patisserie,Certificate III,"Food, Hospitality And Personal Services",224,False,67.0,86.0,19.0,68.0,86.0,18.0,37.0,47.0,10.0,33.0,41.0,8.0,36000.0,9500.0,35600.0,10300.0,51800.0,4700.0,44,21.0,31.0,78.0,7.0,5.0,0.0,19.0,78.0,27.0,378.0,0.0,15.0,85.0,1,qualification,0,False,False,False,False,False,False,False
BSB50620,Diploma Of Marketing And Communication,Diploma,Management And Commerce,225,False,80.0,87.0,7.0,83.0,91.0,8.0,42.0,33.0,-9.0,40.0,58.0,18.0,39800.0,12400.0,40100.0,12500.0,54800.0,9700.0,82,13.0,34.0,65.0,7.0,0.0,0.0,16.0,46.0,27.0,243.0,0.0,8.0,92.0,1,qualification,0,False,False,False,False,False,False,False
SIT30222,Certificate III In Travel,Certificate III,Management And Commerce,226,False,78.0,89.0,11.0,79.0,90.0,11.0,42.0,27.0,-15.0,39.0,62.0,23.0,49900.0,14200.0,50000.0,14100.0,59000.0,9300.0,62,26.0,32.0,81.0,5.0,48.0,0.0,14.0,69.0,27.0,342.0,0.0,20.0,77.0,1,qualification,0,False,False,False,False,False,False,False
PSP30218,Certificate III In Auslan,Certificate III,Society And Culture,227,False,80.0,86.0,6.0,83.0,90.0,7.0,38.0,39.0,1.0,45.0,50.0,5.0,42900.0,6500.0,44300.0,7600.0,72600.0,7600.0,40,59.0,66.0,83.0,24.0,0.0,2.0,14.0,95.0,34.0,146.0,0.0,26.0,71.0,1,qualification,0,False,False,False,False,False,False,False
MEM20422,Certificate II In Engineering Pathways,Certificate II,Engineering And Related Technologies,228,False,56.0,90.0,34.0,56.0,89.0,33.0,15.0,21.0,6.0,40.0,69.0,29.0,35700.0,13100.0,35600.0,13200.0,41200.0,15100.0,65,34.0,50.0,10.0,13.0,0.0,10.0,51.0,85.0,23.0,90.0,2.0,31.0,66.0,,qualification,1,True,False,False,False,False,False,False
RII31820,Certificate III In Drilling Operations,Certificate III,Engineering And Related Technologies,229,False,98.0,99.0,1.0,98.0,99.0,1.0,0.0,0.0,0.0,98.0,97.0,-1.0,129800.0,30300.0,129800.0,31400.0,129800.0,31800.0,,15.0,25.0,0.0,2.0,40.0,2.0,19.0,11.0,31.0,330.0,0.0,37.0,60.0,2,qualification,1,True,False,False,False,False,False,False
AUR31020,Certificate III In Automotive Sales,Certificate III,Management And Commerce,230,False,87.0,94.0,7.0,88.0,96.0,8.0,17.0,8.0,-9.0,74.0,87.0,13.0,64800.0,16900.0,63800.0,17200.0,67400.0,15000.0,,2.0,9.0,20.0,2.0,57.0,2.0,26.0,61.0,28.0,504.0,5.0,38.0,57.0,1,qualification,1,True,False,False,False,False,False,False
AUR32120,Certificate III In Automotive Body Repair Technology,Certificate III,Engineering And Related Technologies,231,False,72.0,95.0,23.0,74.0,97.0,23.0,13.0,0.0,-13.0,61.0,97.0,36.0,58900.0,38200.0,58900.0,36500.0,58900.0,34300.0,,0.0,9.0,0.0,5.0,90.0,7.0,51.0,92.0,23.0,1185.0,3.0,42.0,55.0,2,qualification,1,True,False,False,False,False,False,False
FBP20122,Certificate II In Food Processing,Certificate II,Engineering And Related Technologies,232,False,47.0,73.0,26.0,48.0,75.0,27.0,19.0,34.0,15.0,29.0,41.0,12.0,28500.0,13400.0,28800.0,14200.0,62700.0,14600.0,27,36.0,45.0,45.0,42.0,32.0,3.0,44.0,99.0,33.0,187.0,0.0,22.0,77.0,1,qualification,0,False,False,False,False,False,False,False
MSS30322,Certificate III In Competitive Systems And Practices,Certificate III,Management And Commerce,233,False,94.0,97.0,3.0,97.0,99.0,2.0,7.0,5.0,-2.0,89.0,94.0,5.0,67000.0,0.0,66200.0,-100.0,68600.0,-600.0,,5.0,11.0,26.0,0.0,22.0,3.0,29.0,95.0,47.0,438.0,0.0,8.0,91.0,,qualification,2,True,False,False,False,False,False,False
22594VIC,Diploma Of Justice,Diploma,Society And Culture,234,False,72.0,83.0,11.0,74.0,84.0,10.0,38.0,38.0,0.0,35.0,47.0,12.0,39800.0,16000.0,39500.0,16700.0,55100.0,11500.0,37,21.0,33.0,72.0,9.0,0.0,0.0,16.0,100.0,24.0,339.0,0.0,9.0,91.0,,qualification,1,True,False,False,False,False,False,False
SIT30122,Certificate III In Tourism,Certificate III,Management And Commerce,235,False,70.0,85.0,15.0,71.0,87.0,16.0,36.0,46.0,10.0,36.0,41.0,5.0,33100.0,11800.0,34700.0,11900.0,51900.0,11100.0,35,24.0,41.0,76.0,12.0,6.0,10.0,28.0,90.0,26.0,219.0,8.0,30.0,60.0,,qualification,1,True,False,False,False,False,False,False
22566VIC,Certificate I In Work Education,Certificate I,Mixed Field Programmes,236,False,30.0,54.0,24.0,30.0,54.0,24.0,12.0,25.0,13.0,19.0,27.0,8.0,7800.0,1500.0,7800.0,1500.0,6000.0,0.0,0,38.0,40.0,36.0,95.0,0.0,3.0,20.0,64.0,20.0,393.0,0.0,14.0,86.0,1,qualification,0,False,False,False,False,False,False,False
SIS40621,Certificate IV In Outdoor Leadership,Certificate IV,Society And Culture,237,False,89.0,96.0,7.0,92.0,98.0,6.0,36.0,38.0,2.0,56.0,59.0,3.0,35600.0,9700.0,36600.0,10500.0,51700.0,9500.0,86,7.0,34.0,42.0,7.0,11.0,0.0,10.0,73.0,26.0,339.0,0.0,36.0,64.0,1,qualification,0,False,False,False,False,False,False,False
CPC60220,Advanced Diploma Of Building And Construction (Management),Advanced Diploma,Architecture And Building,238,False,86.0,86.0,0.0,92.0,91.0,-1.0,3.0,0.0,-3.0,87.0,88.0,1.0,126100.0,9900.0,123900.0,9200.0,125400.0,8900.0,,0.0,24.0,0.0,0.0,2.0,2.0,10.0,2.0,39.0,104.0,0.0,16.0,84.0,2,qualification,1,True,False,False,False,False,False,False
MAR10418,Certificate I In Maritime Operations (Coxswain Grade 2 Near Coastal),Certificate I,Engineering And Related Technologies,239,False,86.0,87.0,1.0,90.0,90.0,0.0,11.0,10.0,-1.0,78.0,82.0,4.0,75200.0,9300.0,75600.0,8200.0,79900.0,7000.0,58,32.0,36.0,9.0,5.0,0.0,13.0,35.0,64.0,35.0,42.0,21.0,60.0,20.0,,qualification,1,True,False,False,False,False,False,False
PSP50922,Diploma Of Interpreting,Diploma,Society And Culture,240,False,56.0,71.0,15.0,60.0,75.0,15.0,34.0,37.0,3.0,25.0,38.0,13.0,37000.0,4300.0,37600.0,5400.0,55700.0,8400.0,33,14.0,27.0,75.0,7.0,0.0,0.0,38.0,59.0,31.0,272.0,0.0,3.0,96.0,1,qualification,0,False,False,False,False,False,False,False
22567VIC,Certificate I In Transition Education,Certificate I,Mixed Field Programmes,241,False,29.0,30.0,1.0,29.0,30.0,1.0,12.0,14.0,2.0,17.0,16.0,-1.0,3700.0,700.0,4000.0,700.0,2300.0,0.0,1,40.0,68.0,38.0,96.0,0.0,2.0,44.0,99.0,20.0,315.0,0.0,15.0,85.0,1,qualification,0,False,False,False,False,False,False,False
BSB50720,Diploma Of Paralegal Services,Diploma,Society And Culture,242,False,69.0,85.0,16.0,72.0,86.0,14.0,39.0,32.0,-7.0,33.0,54.0,21.0,42600.0,13000.0,43300.0,13100.0,56800.0,8700.0,38,5.0,26.0,83.0,10.0,0.0,4.0,21.0,47.0,26.0,304.0,0.0,13.0,85.0,,qualification,1,True,False,False,False,False,False,False
CUA60620,Advanced Diploma Of Screen And Media,Advanced Diploma,Creative Arts,243,False,55.0,80.0,25.0,58.0,83.0,25.0,30.0,35.0,5.0,28.0,48.0,20.0,28200.0,17800.0,29000.0,19000.0,37400.0,12300.0,,0.0,12.0,31.0,18.0,0.0,0.0,19.0,85.0,21.0,316.0,0.0,6.0,93.0,1,qualification,1,True,False,False,False,False,False,False
52893WA,Certificate II In Building And Construction (Pathway - Trades),Certificate II,Architecture And Building,244,False,46.0,94.0,48.0,46.0,94.0,48.0,16.0,28.0,12.0,31.0,66.0,35.0,29300.0,17300.0,30100.0,18200.0,33400.0,19700.0,,56.0,63.0,17.0,7.0,0.0,5.0,77.0,99.0,18.0,123.0,0.0,9.0,90.0,1,qualification,1,True,False,False,False,False,False,False
TLI40321,Certificate IV In Supply Chain Operations,Certificate IV,Management And Commerce,245,False,97.0,96.0,-1.0,98.0,99.0,1.0,9.0,6.0,-3.0,90.0,91.0,1.0,69700.0,5500.0,70000.0,5800.0,71700.0,5200.0,,6.0,12.0,26.0,2.0,54.0,3.0,18.0,87.0,40.0,410.0,0.0,13.0,87.0,2,qualification,1,True,False,False,False,False,False,False
22472VIC,Certificate I In General Education For Adults,Certificate I,Mixed Field Programmes,246,False,23.0,57.0,34.0,24.0,58.0,34.0,11.0,31.0,20.0,15.0,26.0,11.0,12100.0,7400.0,11100.0,6900.0,18000.0,0.0,17,68.0,69.0,58.0,31.0,0.0,8.0,76.0,92.0,18.0,181.0,0.0,30.0,68.0,1,qualification,0,False,False,False,False,False,False,False
PSP40122,Certificate IV In Government,Certificate IV,Management And Commerce,247,False,94.0,98.0,4.0,95.0,98.0,3.0,33.0,8.0,-25.0,62.0,91.0,29.0,84900.0,35400.0,85000.0,35200.0,86800.0,20400.0,,4.0,13.0,58.0,2.0,3.0,3.0,7.0,54.0,27.0,297.0,0.0,19.0,81.0,2,qualification,1,True,False,False,False,False,False,False
CHC50221,Diploma Of School Age Education And Care,Diploma,Education,248,False,92.0,98.0,6.0,92.0,100.0,8.0,53.0,34.0,-19.0,37.0,65.0,28.0,50100.0,14900.0,50400.0,15800.0,56200.0,11500.0,62,0.0,21.0,87.0,9.0,11.0,3.0,9.0,87.0,32.0,563.0,0.0,21.0,79.0,2,qualification,0,False,False,False,False,False,False,False
FBP20221,Certificate II In Baking,Certificate II,"Food, Hospitality And Personal Services",249,False,51.0,77.0,26.0,53.0,81.0,28.0,33.0,47.0,14.0,22.0,33.0,11.0,28200.0,7100.0,28400.0,6900.0,48900.0,3600.0,49,37.0,41.0,79.0,14.0,0.0,0.0,13.0,99.0,33.0,180.0,0.0,10.0,90.0,1,qualification,0,False,False,False,False,False,False,False
CHC50421,Diploma Of Youth Work,Diploma,Society And Culture,250,False,78.0,91.0,13.0,80.0,92.0,12.0,50.0,34.0,-16.0,31.0,61.0,30.0,50400.0,23300.0,51100.0,24900.0,71800.0,23800.0,51,0.0,18.0,73.0,13.0,0.0,7.0,14.0,58.0,27.0,395.0,4.0,18.0,77.0,1,qualification,0,False,False,False,False,False,False,False
PSP40818,Certificate IV In Auslan,Certificate IV,Society And Culture,251,False,76.0,87.0,11.0,79.0,91.0,12.0,37.0,45.0,8.0,42.0,46.0,4.0,43300.0,6900.0,44300.0,7500.0,71300.0,5500.0,49,48.0,66.0,84.0,19.0,0.0,0.0,10.0,93.0,31.0,147.0,0.0,22.0,77.0,,qualification,1,True,False,False,False,False,False,False
AVI50222,Diploma Of Aviation (Commercial Pilot Licence - Aeroplane),Diploma,Engineering And Related Technologies,252,False,85.0,93.0,8.0,87.0,96.0,9.0,26.0,26.0,0.0,61.0,69.0,8.0,37700.0,10700.0,37700.0,12800.0,47700.0,12300.0,,7.0,44.0,13.0,0.0,0.0,0.0,11.0,2.0,23.0,422.0,0.0,22.0,77.0,,qualification,2,True,False,False,False,False,False,False
HLT33215,Certificate III In Health Support Services,Certificate III,Health,253,False,84.0,94.0,10.0,85.0,94.0,9.0,31.0,34.0,3.0,55.0,64.0,9.0,58000.0,5200.0,58000.0,5800.0,69100.0,3800.0,44,8.0,17.0,76.0,6.0,21.0,6.0,49.0,82.0,46.0,371.0,3.0,54.0,43.0,1,qualification,0,False,False,False,False,False,False,False
52887WA,Certificate II In Plumbing,Certificate II,Architecture And Building,254,False,61.0,96.0,35.0,63.0,95.0,32.0,24.0,21.0,-3.0,40.0,77.0,37.0,38400.0,17700.0,38300.0,16900.0,42100.0,10900.0,,64.0,71.0,3.0,3.0,0.0,3.0,63.0,98.0,19.0,122.0,0.0,7.0,93.0,1,qualification,1,True,False,False,False,False,False,False
22582VIC,Certificate IV In Tertiary Preparation,Certificate IV,Mixed Field Programmes,255,False,52.0,82.0,30.0,51.0,80.0,29.0,25.0,46.0,21.0,28.0,36.0,8.0,21500.0,7000.0,22200.0,7900.0,37200.0,1300.0,59,32.0,50.0,57.0,11.0,0.0,5.0,21.0,100.0,20.0,145.0,0.0,6.0,92.0,1,qualification,0,False,False,False,False,False,False,False
SIR40316,Certificate IV In Retail Management,Certificate IV,Management And Commerce,256,False,90.0,96.0,6.0,91.0,98.0,7.0,28.0,21.0,-7.0,65.0,74.0,9.0,62700.0,12000.0,62900.0,11900.0,68500.0,8900.0,,6.0,23.0,64.0,5.0,50.0,5.0,20.0,60.0,29.0,421.0,6.0,30.0,63.0,1,qualification,1,True,False,False,False,False,False,False
BSB40720,Certificate IV In Library And Information Services,Certificate IV,Society And Culture,257,False,62.0,85.0,23.0,65.0,86.0,21.0,42.0,52.0,10.0,23.0,35.0,12.0,33100.0,9500.0,33200.0,9300.0,53600.0,0.0,43,39.0,51.0,84.0,19.0,4.0,0.0,12.0,100.0,36.0,304.0,0.0,16.0,84.0,,qualification,1,True,False,False,False,False,False,False
CUA40920,Certificate IV In Music,Certificate IV,Creative Arts,258,False,59.0,80.0,21.0,60.0,81.0,21.0,29.0,41.0,12.0,34.0,40.0,6.0,21100.0,5400.0,20400.0,5700.0,33800.0,4900.0,33,42.0,56.0,32.0,19.0,0.0,8.0,15.0,86.0,21.0,253.0,0.0,32.0,68.0,1,qualification,0,False,False,False,False,False,False,False
BSB60120,Advanced Diploma Of Business,Advanced Diploma,Management And Commerce,259,False,76.0,84.0,8.0,82.0,87.0,5.0,30.0,27.0,-3.0,53.0,62.0,9.0,54500.0,15200.0,50000.0,13400.0,70200.0,12100.0,,4.0,42.0,41.0,6.0,0.0,0.0,14.0,8.0,30.0,196.0,0.0,11.0,87.0,,qualification,2,True,False,False,False,False,False,False
CHC50321,"Diploma Of Child, Youth And Family Intervention",Diploma,Society And Culture,260,False,88.0,96.0,8.0,88.0,98.0,10.0,30.0,19.0,-11.0,57.0,78.0,21.0,71000.0,21700.0,70700.0,21200.0,77900.0,18700.0,53,0.0,15.0,70.0,6.0,9.0,14.0,21.0,67.0,33.0,302.0,8.0,40.0,52.0,1,qualification,0,False,False,False,False,False,False,False
AHC31319,Certificate III In Sports Turf Management,Certificate III,"Agriculture, Environment And Related Studies",261,False,86.0,99.0,13.0,87.0,100.0,13.0,32.0,6.0,-26.0,56.0,94.0,38.0,57800.0,36600.0,57500.0,37300.0,58600.0,33100.0,,5.0,12.0,2.0,8.0,91.0,4.0,40.0,96.0,23.0,981.0,0.0,36.0,63.0,1,qualification,1,True,False,False,False,False,False,False
MSM40116,Certificate IV In Process Manufacturing,Certificate IV,Engineering And Related Technologies,262,False,95.0,97.0,2.0,96.0,98.0,2.0,6.0,4.0,-2.0,89.0,95.0,6.0,67100.0,6300.0,67200.0,6000.0,67400.0,5200.0,,0.0,7.0,19.0,0.0,23.0,0.0,17.0,68.0,46.0,606.0,0.0,13.0,85.0,,qualification,2,True,False,False,False,False,False,False
SIS50321,Diploma Of Sport,Diploma,Society And Culture,263,False,70.0,95.0,25.0,71.0,95.0,24.0,29.0,35.0,6.0,45.0,59.0,14.0,29400.0,13900.0,32100.0,14700.0,44700.0,9200.0,,0.0,26.0,24.0,8.0,0.0,7.0,16.0,64.0,20.0,310.0,0.0,20.0,80.0,,qualification,2,True,False,False,False,False,False,False
PUA40319,Certificate IV In Public Safety (Firefighting Supervision),Certificate IV,Engineering And Related Technologies,264,False,100.0,99.0,-1.0,100.0,100.0,0.0,0.0,0.0,0.0,100.0,100.0,0.0,134700.0,14400.0,134800.0,14800.0,134800.0,14800.0,,31.0,36.0,2.0,0.0,0.0,4.0,23.0,3.0,41.0,520.0,4.0,29.0,67.0,1,qualification,1,True,False,False,False,False,False,False
BSB30420,Certificate III In Library And Information Services,Certificate III,Society And Culture,265,False,59.0,77.0,18.0,64.0,78.0,14.0,39.0,53.0,14.0,24.0,26.0,2.0,28300.0,2200.0,28300.0,2200.0,50700.0,0.0,32,27.0,39.0,81.0,25.0,4.0,2.0,18.0,95.0,34.0,327.0,0.0,15.0,83.0,,qualification,1,True,False,False,False,False,False,False
CUA40120,Certificate IV In Dance,Certificate IV,Creative Arts,266,False,59.0,86.0,27.0,62.0,90.0,28.0,44.0,71.0,27.0,19.0,20.0,1.0,19200.0,14000.0,20600.0,14300.0,40000.0,0.0,,52.0,58.0,91.0,4.0,0.0,4.0,34.0,17.0,18.0,316.0,0.0,17.0,84.0,1,qualification,1,True,False,False,False,False,False,False
AUR21920,Certificate II In Automotive Tyre Servicing Technology,Certificate II,Engineering And Related Technologies,267,False,91.0,96.0,5.0,94.0,97.0,3.0,14.0,2.0,-12.0,79.0,95.0,16.0,86000.0,22400.0,86100.0,22100.0,89600.0,18400.0,,11.0,15.0,0.0,2.0,19.0,4.0,44.0,15.0,30.0,161.0,3.0,40.0,56.0,1,qualification,1,True,False,False,False,False,False,False
CPP20617,Certificate II In Cleaning,Certificate II,Engineering And Related Technologies,268,False,27.0,54.0,27.0,30.0,54.0,24.0,7.0,17.0,10.0,22.0,34.0,12.0,19600.0,1800.0,21800.0,3700.0,22900.0,0.0,29,21.0,47.0,23.0,20.0,25.0,33.0,65.0,96.0,36.0,105.0,11.0,31.0,58.0,1,qualification,0,False,False,False,False,False,False,False
CPP30619,Certificate III In Investigative Services,Certificate III,Society And Culture,269,False,79.0,84.0,5.0,83.0,87.0,4.0,21.0,19.0,-2.0,62.0,68.0,6.0,60600.0,6600.0,63000.0,6500.0,72300.0,5200.0,44,17.0,22.0,45.0,3.0,0.0,2.0,19.0,18.0,42.0,156.0,0.0,19.0,81.0,,qualification,1,True,False,False,False,False,False,False
SIS30619,Certificate III In Outdoor Leadership,Certificate III,Society And Culture,270,False,80.0,92.0,12.0,83.0,92.0,9.0,36.0,39.0,3.0,49.0,54.0,5.0,35700.0,13800.0,36000.0,14000.0,58500.0,8200.0,,31.0,39.0,45.0,11.0,22.0,0.0,12.0,60.0,23.0,327.0,0.0,27.0,70.0,1,qualification,1,True,False,False,False,False,False,False
BSB40620,Certificate IV In Legal Services,Certificate IV,Society And Culture,271,False,72.0,83.0,11.0,72.0,87.0,15.0,36.0,28.0,-8.0,36.0,59.0,23.0,42400.0,15400.0,42500.0,15100.0,55000.0,6700.0,40,26.0,43.0,76.0,8.0,3.0,0.0,27.0,88.0,27.0,249.0,0.0,17.0,83.0,,qualification,1,True,False,False,False,False,False,False
AHC41316,Certificate IV In Wool Classing,Certificate IV,"Agriculture, Environment And Related Studies",272,False,81.0,80.0,-1.0,92.0,96.0,4.0,32.0,14.0,-18.0,60.0,80.0,20.0,53100.0,13800.0,57600.0,18800.0,61500.0,20300.0,,0.0,9.0,55.0,0.0,3.0,4.0,31.0,100.0,31.0,362.0,9.0,87.0,5.0,1,qualification,1,True,False,False,False,False,False,False
UEE42622,Certificate IV In Hazardous Areas - Electrical,Certificate IV,Engineering And Related Technologies,273,False,98.0,97.0,-1.0,98.0,97.0,-1.0,0.0,0.0,0.0,95.0,97.0,2.0,136100.0,15300.0,135400.0,14500.0,135400.0,14500.0,,5.0,30.0,0.0,0.0,0.0,0.0,13.0,20.0,33.0,26.0,2.0,28.0,66.0,1,qualification,1,True,False,False,False,False,False,False
CHC51122,Diploma Of Financial Counselling,Diploma,Society And Culture,274,False,87.0,92.0,5.0,92.0,95.0,3.0,35.0,18.0,-17.0,57.0,76.0,19.0,75700.0,14900.0,76000.0,15400.0,83500.0,11700.0,,0.0,7.0,75.0,8.0,0.0,0.0,6.0,43.0,51.0,400.0,0.0,35.0,65.0,1,qualification,1,True,False,False,False,False,False,False
PSP51018,Diploma Of Auslan,Diploma,Society And Culture,275,False,84.0,90.0,6.0,84.0,92.0,8.0,42.0,39.0,-3.0,43.0,55.0,12.0,42800.0,4700.0,44300.0,7500.0,61300.0,5000.0,,0.0,46.0,85.0,27.0,0.0,0.0,6.0,95.0,33.0,158.0,0.0,18.0,83.0,,qualification,2,True,False,False,False,False,False,False
CUA51520,Diploma Of Professional Dance (Elite Performance),Diploma,Creative Arts,276,False,45.0,86.0,41.0,45.0,90.0,45.0,36.0,64.0,28.0,10.0,26.0,16.0,19600.0,12200.0,22000.0,15300.0,45000.0,0.0,,28.0,41.0,89.0,0.0,0.0,0.0,38.0,11.0,19.0,324.0,0.0,14.0,84.0,,qualification,2,True,False,False,False,False,False,False
AUR20420,Certificate II In Automotive Electrical Technology,Certificate II,Engineering And Related Technologies,277,False,78.0,94.0,16.0,82.0,96.0,14.0,25.0,17.0,-8.0,55.0,81.0,26.0,43100.0,22100.0,43600.0,20800.0,47800.0,18400.0,,52.0,61.0,9.0,7.0,3.0,6.0,42.0,97.0,21.0,143.0,0.0,10.0,89.0,1,qualification,1,True,False,False,False,False,False,False
10695NAT,Certificate IV In Tesol (Teaching English To Speakers Of Other Languages),Certificate IV,Education,278,False,68.0,78.0,10.0,70.0,83.0,13.0,32.0,41.0,9.0,40.0,42.0,2.0,34600.0,1700.0,37700.0,1700.0,71700.0,300.0,,8.0,28.0,73.0,0.0,0.0,0.0,4.0,24.0,43.0,353.0,0.0,14.0,85.0,,qualification,2,True,False,False,False,False,False,False
CHC53315,Diploma Of Mental Health,Diploma,Society And Culture,279,False,75.0,90.0,15.0,80.0,89.0,9.0,33.0,29.0,-4.0,44.0,64.0,20.0,64800.0,14200.0,66300.0,13700.0,84000.0,12600.0,35,0.0,21.0,66.0,19.0,0.0,10.0,13.0,64.0,41.0,508.0,0.0,21.0,78.0,1,qualification,0,False,False,False,False,False,False,False
MEM50222,Diploma Of Engineering - Technical,Diploma,Engineering And Related Technologies,280,False,80.0,91.0,11.0,83.0,90.0,7.0,7.0,3.0,-4.0,74.0,85.0,11.0,75100.0,14500.0,74500.0,15100.0,76700.0,12900.0,,16.0,31.0,5.0,4.0,0.0,0.0,17.0,85.0,31.0,422.0,0.0,19.0,78.0,,qualification,2,True,False,False,False,False,False,False
PUA20719,Certificate II In Public Safety (Firefighting Operations),Certificate II,Engineering And Related Technologies,281,False,81.0,81.0,0.0,87.0,84.0,-3.0,15.0,10.0,-5.0,72.0,74.0,2.0,70800.0,3300.0,69400.0,3300.0,74900.0,3800.0,,8.0,10.0,23.0,3.0,4.0,5.0,64.0,4.0,43.0,32.0,3.0,58.0,40.0,1,qualification,1,True,False,False,False,False,False,False
CPP40521,Certificate IV In Strata Community Management,Certificate IV,Management And Commerce,282,False,95.0,99.0,4.0,98.0,100.0,2.0,5.0,7.0,2.0,90.0,90.0,0.0,79500.0,11400.0,80000.0,11400.0,83300.0,12200.0,,7.0,10.0,67.0,0.0,9.0,0.0,17.0,31.0,39.0,161.0,0.0,16.0,84.0,1,qualification,1,True,False,False,False,False,False,False
CUA50920,Diploma Of Photography And Digital Imaging,Diploma,Creative Arts,283,False,56.0,80.0,24.0,63.0,85.0,22.0,32.0,52.0,20.0,29.0,34.0,5.0,27700.0,10100.0,27600.0,7800.0,45700.0,6400.0,28,14.0,33.0,60.0,15.0,0.0,3.0,16.0,91.0,26.0,317.0,0.0,12.0,86.0,,qualification,1,True,False,False,False,False,False,False
SIT60322,Advanced Diploma Of Hospitality Management,Advanced Diploma,Management And Commerce,284,False,77.0,92.0,15.0,85.0,96.0,11.0,29.0,21.0,-8.0,54.0,74.0,20.0,52500.0,15300.0,52600.0,14500.0,60000.0,9100.0,,3.0,41.0,37.0,0.0,0.0,0.0,40.0,29.0,30.0,238.0,0.0,6.0,93.0,1,qualification,1,True,False,False,False,False,False,False
FBP30521,Certificate III In Baking,Certificate III,"Food, Hospitality And Personal Services",285,False,86.0,97.0,11.0,89.0,97.0,8.0,22.0,14.0,-8.0,68.0,80.0,12.0,58700.0,19300.0,58900.0,19300.0,62400.0,19100.0,,8.0,15.0,30.0,6.0,34.0,3.0,68.0,51.0,26.0,321.0,0.0,26.0,74.0,1,qualification,1,True,False,False,False,False,False,False
AUR10120,Certificate I In Automotive Vocational Preparation,Certificate I,Engineering And Related Technologies,286,False,49.0,69.0,20.0,48.0,69.0,21.0,13.0,20.0,7.0,37.0,50.0,13.0,25500.0,9200.0,25500.0,8900.0,28800.0,5300.0,22,45.0,47.0,16.0,25.0,0.0,31.0,65.0,98.0,20.0,43.0,20.0,30.0,49.0,,qualification,1,True,False,False,False,False,False,False
SIT40721,Certificate IV In Patisserie,Certificate IV,"Food, Hospitality And Personal Services",287,False,73.0,91.0,18.0,71.0,92.0,21.0,39.0,47.0,8.0,31.0,51.0,20.0,39000.0,16400.0,38400.0,16100.0,51800.0,11900.0,,5.0,24.0,77.0,7.0,0.0,0.0,17.0,82.0,24.0,498.0,0.0,8.0,91.0,1,qualification,1,True,False,False,False,False,False,False
UEE31220,Certificate III In Instrumentation And Control,Certificate III,Engineering And Related Technologies,288,False,97.0,96.0,-1.0,97.0,97.0,0.0,3.0,0.0,-3.0,93.0,97.0,4.0,137300.0,19900.0,135300.0,18800.0,135200.0,17600.0,,15.0,26.0,6.0,0.0,48.0,3.0,7.0,53.0,33.0,527.0,3.0,51.0,45.0,1,qualification,1,True,False,False,False,False,False,False
RII20720,Certificate II In Civil Construction,Certificate II,Engineering And Related Technologies,289,False,47.0,82.0,35.0,46.0,82.0,36.0,12.0,13.0,1.0,35.0,67.0,32.0,41300.0,18800.0,41300.0,19200.0,47700.0,20200.0,56,29.0,43.0,13.0,13.0,48.0,48.0,64.0,90.0,22.0,119.0,6.0,26.0,68.0,1,qualification,0,False,False,False,False,False,False,False
22476VIC,Certificate I In General Education For Adults (Introductory),Certificate I,Mixed Field Programmes,290,False,24.0,47.0,23.0,23.0,46.0,23.0,12.0,29.0,17.0,10.0,14.0,4.0,11300.0,-700.0,10400.0,-1600.0,0.0,0.0,12,35.0,67.0,60.0,47.0,0.0,20.0,60.0,93.0,29.0,208.0,0.0,49.0,44.0,,qualification,1,True,False,False,False,False,False,False
CHC81315,Graduate Certificate In Career Development Practice,Graduate Certificate,Management And Commerce,291,False,99.0,98.0,-1.0,100.0,98.0,-2.0,14.0,10.0,-4.0,82.0,86.0,4.0,90600.0,6100.0,89200.0,6600.0,94500.0,5400.0,,0.0,11.0,85.0,0.0,0.0,3.0,5.0,0.0,47.0,354.0,0.0,34.0,65.0,1,qualification,1,True,False,False,False,False,False,False
TLI50221,Diploma Of Logistics,Diploma,Management And Commerce,292,False,91.0,98.0,7.0,91.0,100.0,9.0,8.0,11.0,3.0,85.0,89.0,4.0,75600.0,12900.0,75200.0,12400.0,78500.0,12100.0,,0.0,19.0,25.0,3.0,0.0,0.0,14.0,46.0,35.0,539.0,0.0,12.0,86.0,,qualification,2,True,False,False,False,False,False,False
52878WA,Certificate I In Leadership,Certificate I,Mixed Field Programmes,293,False,42.0,60.0,18.0,46.0,61.0,15.0,23.0,32.0,9.0,22.0,31.0,9.0,9100.0,100.0,9600.0,200.0,21900.0,0.0,0,39.0,46.0,57.0,35.0,0.0,48.0,68.0,92.0,21.0,89.0,23.0,26.0,51.0,1,qualification,0,False,False,False,False,False,False,False
PSP50416,Diploma Of Government Investigations,Diploma,Society And Culture,294,False,100.0,100.0,0.0,100.0,100.0,0.0,0.0,3.0,3.0,98.0,99.0,1.0,114500.0,7100.0,114500.0,7100.0,114900.0,7100.0,,0.0,13.0,40.0,0.0,0.0,0.0,16.0,0.0,41.0,138.0,0.0,22.0,77.0,,qualification,2,True,False,False,False,False,False,False
CUA30120,Certificate III In Dance,Certificate III,Creative Arts,295,False,39.0,82.0,43.0,39.0,86.0,47.0,26.0,65.0,39.0,13.0,21.0,8.0,14100.0,13300.0,14100.0,13600.0,13800.0,0.0,,46.0,53.0,90.0,8.0,0.0,0.0,63.0,32.0,17.0,304.0,0.0,14.0,86.0,1,qualification,1,True,False,False,False,False,False,False
UET30621,Certificate III In Esi - Distribution Overhead,Certificate III,Engineering And Related Technologies,296,False,94.0,100.0,6.0,92.0,100.0,8.0,7.0,0.0,-7.0,86.0,99.0,13.0,127900.0,33200.0,127900.0,32600.0,128600.0,29100.0,,4.0,18.0,8.0,5.0,69.0,6.0,32.0,71.0,31.0,1309.0,10.0,57.0,29.0,2,qualification,1,True,False,False,False,False,False,False
22474VIC,Certificate III In General Education For Adults,Certificate III,Mixed Field Programmes,297,False,34.0,71.0,37.0,34.0,73.0,39.0,15.0,40.0,25.0,20.0,30.0,10.0,17400.0,10500.0,17400.0,10500.0,25900.0,0.0,,25.0,66.0,56.0,19.0,0.0,8.0,83.0,98.0,17.0,149.0,0.0,18.0,82.0,,qualification,2,True,False,False,False,False,False,False
SIT50122,Diploma Of Travel And Tourism Management,Diploma,Management And Commerce,298,False,72.0,91.0,19.0,75.0,93.0,18.0,44.0,43.0,-1.0,30.0,46.0,16.0,37100.0,15800.0,38400.0,15400.0,50800.0,7300.0,,0.0,33.0,76.0,7.0,0.0,3.0,15.0,91.0,24.0,315.0,0.0,22.0,76.0,,qualification,2,True,False,False,False,False,False,False
10904NAT,Diploma Of Social Media Marketing,Diploma,Creative Arts,299,False,84.0,86.0,2.0,90.0,94.0,4.0,29.0,27.0,-2.0,61.0,67.0,6.0,56800.0,9200.0,54600.0,9900.0,65800.0,10100.0,,0.0,15.0,81.0,0.0,0.0,0.0,9.0,18.0,30.0,431.0,0.0,24.0,76.0,,qualification,2,True,False,False,False,False,False,False
CPP50121,Diploma Of Surveying,Diploma,Engineering And Related Technologies,300,False,87.0,97.0,10.0,88.0,97.0,9.0,18.0,3.0,-15.0,69.0,93.0,24.0,71800.0,35100.0,71700.0,35100.0,72100.0,30200.0,,24.0,29.0,7.0,3.0,0.0,0.0,0.0,97.0,26.0,309.0,0.0,16.0,84.0,1,qualification,1,True,False,False,False,False,False,False
MAR40320,Certificate IV In Maritime Operations (Master Up To 45 Metres Near Coastal),Certificate IV,Engineering And Related Technologies,301,False,90.0,94.0,4.0,92.0,97.0,5.0,7.0,0.0,-7.0,91.0,98.0,7.0,105700.0,12400.0,108400.0,13000.0,108500.0,12200.0,,0.0,18.0,7.0,4.0,4.0,4.0,26.0,63.0,34.0,57.0,19.0,40.0,42.0,2,qualification,1,True,False,False,False,False,False,False
SFL20115,Certificate II In Floristry (Assistant),Certificate II,Creative Arts,302,False,64.0,70.0,6.0,64.0,74.0,10.0,39.0,51.0,12.0,26.0,22.0,-4.0,25600.0,-1400.0,24800.0,-1300.0,62300.0,0.0,25,62.0,64.0,97.0,17.0,0.0,4.0,19.0,97.0,37.0,295.0,0.0,8.0,92.0,,qualification,1,True,False,False,False,False,False,False
AHC20122,Certificate II In Agriculture,Certificate II,"Agriculture, Environment And Related Studies",303,False,46.0,89.0,43.0,47.0,90.0,43.0,12.0,12.0,0.0,37.0,79.0,42.0,39000.0,26900.0,41200.0,27100.0,45300.0,26700.0,,55.0,59.0,27.0,9.0,76.0,8.0,53.0,94.0,18.0,302.0,11.0,75.0,10.0,1,qualification,1,True,False,False,False,False,False,False
CPC31020,Certificate III In Solid Plastering,Certificate III,Architecture And Building,304,False,46.0,63.0,17.0,84.0,90.0,6.0,7.0,0.0,-7.0,77.0,89.0,12.0,50300.0,17100.0,52400.0,14000.0,52900.0,13000.0,,5.0,11.0,0.0,0.0,24.0,0.0,52.0,58.0,30.0,270.0,0.0,11.0,88.0,2,qualification,1,True,False,False,False,False,False,False
AHC51120,Diploma Of Conservation And Ecosystem Management,Diploma,"Agriculture, Environment And Related Studies",305,False,84.0,97.0,13.0,88.0,97.0,9.0,39.0,20.0,-19.0,48.0,81.0,33.0,49100.0,11600.0,49200.0,12400.0,52900.0,4800.0,,0.0,28.0,40.0,7.0,0.0,3.0,8.0,86.0,28.0,598.0,0.0,28.0,70.0,,qualification,2,True,False,False,False,False,False,False
CUA20620,Certificate II In Music,Certificate II,Creative Arts,306,False,20.0,68.0,48.0,19.0,65.0,46.0,7.0,40.0,33.0,8.0,31.0,23.0,9100.0,0.0,9300.0,0.0,8100.0,0.0,,49.0,52.0,46.0,23.0,0.0,7.0,88.0,26.0,15.0,334.0,0.0,35.0,65.0,1,qualification,1,True,False,False,False,False,False,False
SIT30522,Certificate III In Events,Certificate III,"Food, Hospitality And Personal Services",307,False,71.0,89.0,18.0,72.0,89.0,17.0,42.0,46.0,4.0,32.0,44.0,12.0,39500.0,13300.0,39700.0,14000.0,52700.0,7700.0,,32.0,46.0,90.0,13.0,3.0,5.0,25.0,89.0,21.0,156.0,0.0,16.0,79.0,,qualification,2,True,False,False,False,False,False,False
BSB30320,Certificate III In Legal Services,Certificate III,Management And Commerce,308,False,70.0,86.0,16.0,70.0,86.0,16.0,51.0,39.0,-12.0,22.0,49.0,27.0,38300.0,23300.0,37500.0,22200.0,51100.0,0.0,,36.0,44.0,92.0,13.0,25.0,3.0,27.0,83.0,21.0,271.0,0.0,26.0,73.0,,qualification,2,True,False,False,False,False,False,False
22492VIC,Certificate IV In Eal (Further Study),Certificate IV,Mixed Field Programmes,309,False,22.0,58.0,36.0,27.0,62.0,35.0,20.0,37.0,17.0,8.0,28.0,20.0,20300.0,0.0,22700.0,12000.0,41900.0,0.0,64,21.0,69.0,77.0,0.0,0.0,0.0,16.0,100.0,30.0,144.0,0.0,0.0,100.0,,qualification,1,True,False,False,False,False,False,False
BSB80120,Graduate Diploma Of Management (Learning),Graduate Diploma,Education,310,False,85.0,83.0,-2.0,89.0,91.0,2.0,22.0,14.0,-8.0,68.0,79.0,11.0,71900.0,9400.0,74500.0,10500.0,79100.0,7100.0,,0.0,52.0,27.0,0.0,0.0,0.0,30.0,0.0,40.0,73.0,0.0,11.0,89.0,,qualification,2,True,False,False,False,False,False,False
HLT47015,Certificate IV In Sterilisation Services,Certificate IV,Health,311,False,99.0,100.0,1.0,99.0,100.0,1.0,23.0,13.0,-10.0,79.0,91.0,12.0,75300.0,5400.0,75400.0,5300.0,76600.0,4200.0,,0.0,8.0,60.0,6.0,0.0,0.0,9.0,81.0,47.0,424.0,0.0,20.0,79.0,1,qualification,1,True,False,False,False,False,False,False
AUR20920,Certificate II In Automotive Body Repair Technology,Certificate II,Engineering And Related Technologies,312,False,58.0,80.0,22.0,63.0,87.0,24.0,13.0,18.0,5.0,52.0,70.0,18.0,38700.0,9900.0,38800.0,7800.0,44400.0,4600.0,,31.0,36.0,11.0,11.0,9.0,3.0,43.0,97.0,26.0,136.0,0.0,21.0,77.0,,qualification,2,True,False,False,False,False,False,False
AHC40122,Certificate IV In Agriculture,Certificate IV,"Agriculture, Environment And Related Studies",313,False,93.0,90.0,-3.0,91.0,96.0,5.0,23.0,10.0,-13.0,68.0,86.0,18.0,53200.0,20800.0,53300.0,20200.0,55000.0,18900.0,,13.0,34.0,42.0,11.0,44.0,0.0,22.0,95.0,21.0,317.0,15.0,60.0,18.0,,qualification,2,True,False,False,False,False,False,False
MST50122,"Diploma Of Apparel, Fashion And Textiles",Diploma,Creative Arts,314,False,64.0,89.0,25.0,65.0,92.0,27.0,44.0,65.0,21.0,21.0,25.0,4.0,28000.0,13700.0,27800.0,14300.0,47600.0,0.0,,36.0,41.0,91.0,10.0,0.0,3.0,15.0,84.0,23.0,520.0,0.0,9.0,91.0,,qualification,2,True,False,False,False,False,False,False
RII20220,Certificate II In Surface Extraction Operations,Certificate II,Engineering And Related Technologies,315,False,92.0,98.0,6.0,90.0,99.0,9.0,11.0,3.0,-8.0,82.0,97.0,15.0,129300.0,40400.0,129300.0,38200.0,129500.0,36900.0,,10.0,15.0,22.0,0.0,34.0,27.0,36.0,33.0,34.0,366.0,11.0,55.0,34.0,1,qualification,1,True,False,False,False,False,False,False
CHC43515,Certificate IV In Mental Health Peer Work,Certificate IV,Society And Culture,316,False,68.0,86.0,18.0,70.0,86.0,16.0,35.0,38.0,3.0,37.0,49.0,12.0,48500.0,9100.0,51300.0,13000.0,76200.0,14500.0,41,9.0,14.0,70.0,50.0,0.0,0.0,22.0,83.0,44.0,385.0,0.0,23.0,74.0,1,qualification,0,False,False,False,False,False,False,False
FSK10119,Certificate I In Access To Vocational Pathways,Certificate I,Mixed Field Programmes,317,False,25.0,37.0,12.0,26.0,35.0,9.0,14.0,22.0,8.0,12.0,15.0,3.0,13300.0,0.0,13500.0,0.0,0.0,0.0,21,28.0,51.0,49.0,39.0,0.0,20.0,60.0,77.0,40.0,183.0,3.0,29.0,66.0,,qualification,1,True,False,False,False,False,False,False
CPP41721,Certificate IV In Surveying And Spatial Information Services,Certificate IV,Engineering And Related Technologies,318,False,87.0,93.0,6.0,87.0,95.0,8.0,16.0,5.0,-11.0,70.0,90.0,20.0,53900.0,20500.0,55200.0,22400.0,58800.0,15700.0,,61.0,67.0,11.0,5.0,4.0,3.0,11.0,90.0,26.0,305.0,0.0,22.0,78.0,1,qualification,1,True,False,False,False,False,False,False
PSP40316,Certificate IV In Government Security,Certificate IV,Society And Culture,319,False,93.0,94.0,1.0,94.0,95.0,1.0,10.0,5.0,-5.0,86.0,91.0,5.0,89300.0,14000.0,89100.0,9600.0,91700.0,8500.0,,0.0,8.0,57.0,4.0,0.0,0.0,10.0,0.0,40.0,193.0,0.0,15.0,86.0,,qualification,2,True,False,False,False,False,False,False
BSB60220,Advanced Diploma Of Conveyancing,Advanced Diploma,Management And Commerce,320,False,80.0,89.0,9.0,85.0,95.0,10.0,26.0,22.0,-4.0,59.0,75.0,16.0,60300.0,16800.0,60400.0,18700.0,65400.0,13700.0,,0.0,11.0,80.0,5.0,0.0,0.0,8.0,78.0,35.0,656.0,0.0,13.0,85.0,1,qualification,1,True,False,False,False,False,False,False
HLT47815,Certificate IV In Optical Dispensing,Certificate IV,Health,321,False,95.0,96.0,1.0,95.0,96.0,1.0,42.0,29.0,-13.0,54.0,71.0,17.0,53100.0,7800.0,53200.0,7900.0,55800.0,6500.0,,4.0,8.0,76.0,5.0,18.0,0.0,8.0,54.0,29.0,470.0,0.0,31.0,67.0,1,qualification,1,True,False,False,False,False,False,False
52879WA,Certificate II In Leadership,Certificate II,Mixed Field Programmes,322,False,17.0,57.0,40.0,17.0,57.0,40.0,12.0,31.0,19.0,9.0,26.0,17.0,9400.0,0.0,9400.0,0.0,17800.0,0.0,,32.0,58.0,66.0,6.0,0.0,53.0,88.0,80.0,17.0,84.0,20.0,53.0,27.0,,qualification,2,True,False,False,False,False,False,False
HLT40221,Certificate IV In Aboriginal And/Or Torres Strait Islander Primary Health Care Practice,Certificate IV,Health,323,False,85.0,100.0,15.0,85.0,100.0,15.0,27.0,27.0,0.0,52.0,77.0,25.0,65700.0,17200.0,65700.0,17200.0,72000.0,11300.0,57,14.0,22.0,75.0,7.0,0.0,100.0,20.0,95.0,33.0,603.0,30.0,36.0,34.0,1,qualification,0,False,False,False,False,False,False,False
BSB80320,Graduate Diploma Of Strategic Leadership,Graduate Diploma,Management And Commerce,324,False,88.0,93.0,5.0,92.0,94.0,2.0,4.0,0.0,-4.0,90.0,96.0,6.0,138100.0,5300.0,138300.0,5600.0,138100.0,5600.0,,0.0,45.0,22.0,0.0,0.0,0.0,19.0,0.0,43.0,46.0,0.0,21.0,77.0,,qualification,2,True,False,False,False,False,False,False
SHB20121,Certificate II In Retail Cosmetics,Certificate II,"Food, Hospitality And Personal Services",325,False,46.0,70.0,24.0,46.0,74.0,28.0,29.0,54.0,25.0,17.0,19.0,2.0,18300.0,9900.0,18400.0,10100.0,0.0,0.0,,53.0,57.0,100.0,19.0,3.0,4.0,52.0,92.0,18.0,158.0,0.0,10.0,85.0,,qualification,2,True,False,False,False,False,False,False
FNS41820,Certificate IV In Financial Services,Certificate IV,Management And Commerce,326,False,94.0,97.0,3.0,97.0,96.0,-1.0,14.0,8.0,-6.0,81.0,86.0,5.0,80200.0,18900.0,80000.0,18100.0,82000.0,18300.0,,9.0,15.0,54.0,0.0,17.0,0.0,28.0,26.0,31.0,377.0,0.0,18.0,79.0,,qualification,2,True,False,False,False,False,False,False
PSP60922,Advanced Diploma Of Interpreting,Advanced Diploma,Society And Culture,327,False,68.0,74.0,6.0,71.0,83.0,12.0,43.0,38.0,-5.0,25.0,41.0,16.0,37700.0,11800.0,39600.0,14500.0,58800.0,0.0,,0.0,22.0,73.0,8.0,0.0,0.0,40.0,54.0,32.0,292.0,0.0,0.0,99.0,,qualification,2,True,False,False,False,False,False,False
22491VIC,Certificate III In Eal (Further Study),Certificate III,Mixed Field Programmes,328,False,14.0,55.0,41.0,13.0,53.0,40.0,13.0,34.0,21.0,7.0,25.0,18.0,16100.0,0.0,19100.0,0.0,37700.0,0.0,29,56.0,73.0,72.0,0.0,0.0,0.0,25.0,100.0,28.0,184.0,0.0,0.0,100.0,,qualification,1,True,False,False,False,False,False,False
CUA60320,Advanced Diploma Of Graphic Design,Advanced Diploma,Creative Arts,329,False,67.0,85.0,18.0,69.0,84.0,15.0,48.0,39.0,-9.0,27.0,48.0,21.0,34400.0,19800.0,34500.0,19700.0,48000.0,0.0,,0.0,13.0,61.0,18.0,0.0,5.0,8.0,55.0,23.0,298.0,0.0,15.0,83.0,1,qualification,1,True,False,False,False,False,False,False
BSB60720,Advanced Diploma Of Program Management,Advanced Diploma,Management And Commerce,330,False,83.0,84.0,1.0,87.0,90.0,3.0,22.0,17.0,-5.0,68.0,72.0,4.0,76200.0,9900.0,74200.0,11300.0,99900.0,9300.0,,0.0,32.0,37.0,0.0,0.0,0.0,9.0,0.0,38.0,248.0,0.0,7.0,89.0,,qualification,2,True,False,False,False,False,False,False
BSB60619,Advanced Diploma Of Work Health And Safety,Advanced Diploma,Health,331,False,93.0,92.0,-1.0,96.0,96.0,0.0,0.0,4.0,4.0,96.0,89.0,-7.0,127200.0,12800.0,125500.0,13800.0,127300.0,13100.0,,0.0,50.0,20.0,0.0,0.0,0.0,4.0,0.0,44.0,36.0,0.0,31.0,67.0,1,qualification,1,True,False,False,False,False,False,False
MEM30522,Certificate III In Engineering - Technical,Certificate III,Engineering And Related Technologies,332,False,79.0,93.0,14.0,79.0,97.0,18.0,15.0,11.0,-4.0,67.0,82.0,15.0,59100.0,18700.0,58900.0,18700.0,67100.0,17800.0,,57.0,65.0,18.0,9.0,21.0,4.0,9.0,84.0,25.0,290.0,0.0,22.0,78.0,,qualification,2,True,False,False,False,False,False,False
CUA41320,Certificate IV In Visual Arts,Certificate IV,Creative Arts,333,False,51.0,57.0,6.0,51.0,63.0,12.0,37.0,41.0,4.0,15.0,19.0,4.0,16400.0,2300.0,16600.0,1200.0,0.0,0.0,,45.0,55.0,78.0,31.0,0.0,6.0,29.0,97.0,25.0,304.0,0.0,33.0,65.0,,qualification,2,True,False,False,False,False,False,False
MEM60122,Advanced Diploma Of Engineering,Advanced Diploma,Engineering And Related Technologies,334,False,78.0,94.0,16.0,78.0,94.0,16.0,11.0,16.0,5.0,69.0,73.0,4.0,70100.0,16000.0,71900.0,16900.0,100700.0,18000.0,,0.0,19.0,0.0,4.0,0.0,0.0,14.0,81.0,28.0,656.0,0.0,18.0,79.0,,qualification,2,True,False,False,False,False,False,False
CPC30120,Certificate III In Shopfitting,Certificate III,Architecture And Building,335,False,71.0,89.0,18.0,70.0,96.0,26.0,9.0,0.0,-9.0,65.0,94.0,29.0,63200.0,28100.0,63400.0,28300.0,63900.0,27800.0,,7.0,14.0,7.0,0.0,71.0,0.0,37.0,71.0,22.0,859.0,0.0,7.0,90.0,1,qualification,1,True,False,False,False,False,False,False
CUA50220,Diploma Of Musical Theatre,Diploma,Creative Arts,336,False,69.0,94.0,25.0,70.0,97.0,27.0,47.0,59.0,12.0,22.0,39.0,17.0,18700.0,14100.0,20200.0,15300.0,36800.0,0.0,,0.0,8.0,70.0,7.0,0.0,0.0,5.0,37.0,19.0,305.0,0.0,11.0,89.0,1,qualification,1,True,False,False,False,False,False,False
FNS60222,Advanced Diploma Of Accounting,Advanced Diploma,Management And Commerce,337,False,68.0,81.0,13.0,68.0,84.0,16.0,30.0,30.0,0.0,40.0,58.0,18.0,47200.0,7500.0,48900.0,7600.0,62100.0,9100.0,47,0.0,19.0,67.0,7.0,0.0,0.0,7.0,78.0,34.0,303.0,0.0,19.0,81.0,,qualification,1,True,False,False,False,False,False,False
CPC31920,Certificate III In Joinery,Certificate III,Architecture And Building,338,False,69.0,88.0,19.0,80.0,100.0,20.0,12.0,0.0,-12.0,67.0,94.0,27.0,61900.0,26400.0,59800.0,19500.0,61100.0,15000.0,,4.0,13.0,0.0,0.0,60.0,0.0,30.0,62.0,25.0,1011.0,0.0,19.0,82.0,1,qualification,1,True,False,False,False,False,False,False
CPP50619,Diploma Of Security Risk Management,Diploma,Society And Culture,339,False,94.0,91.0,-3.0,94.0,91.0,-3.0,4.0,5.0,1.0,92.0,91.0,-1.0,97100.0,5100.0,97100.0,6000.0,98600.0,6700.0,,0.0,49.0,16.0,0.0,0.0,0.0,15.0,0.0,40.0,82.0,0.0,11.0,87.0,,qualification,2,True,False,False,False,False,False,False
CUA50420,Diploma Of Live Production And Technical Services,Diploma,Creative Arts,340,False,63.0,86.0,23.0,65.0,88.0,23.0,35.0,45.0,10.0,27.0,40.0,13.0,26100.0,12700.0,28200.0,12300.0,52200.0,0.0,,35.0,42.0,54.0,20.0,0.0,0.0,0.0,78.0,20.0,316.0,0.0,7.0,89.0,,qualification,2,True,False,False,False,False,False,False
22602VIC,Diploma Of Teacher Education Preparation,Diploma,Education,341,False,76.0,91.0,15.0,82.0,90.0,8.0,49.0,63.0,14.0,30.0,30.0,0.0,22600.0,12400.0,23700.0,13400.0,43000.0,0.0,,0.0,8.0,72.0,4.0,0.0,0.0,19.0,100.0,20.0,299.0,0.0,9.0,92.0,,qualification,2,True,False,False,False,False,False,False
BSB30719,Certificate III In Work Health And Safety,Certificate III,Health,342,False,90.0,94.0,4.0,90.0,94.0,4.0,13.0,4.0,-9.0,79.0,89.0,10.0,94100.0,19200.0,94100.0,19100.0,97100.0,16100.0,,4.0,12.0,23.0,4.0,14.0,10.0,12.0,14.0,31.0,288.0,0.0,29.0,68.0,,qualification,2,True,False,False,False,False,False,False
CUA20220,Certificate II In Creative Industries,Certificate II,Management And Commerce,343,False,32.0,74.0,42.0,32.0,75.0,43.0,16.0,41.0,25.0,21.0,39.0,18.0,20600.0,23300.0,19700.0,22200.0,36200.0,0.0,,46.0,61.0,49.0,24.0,0.0,4.0,88.0,13.0,17.0,279.0,0.0,16.0,83.0,,qualification,2,True,False,False,False,False,False,False
ICT41219,Certificate IV In Telecommunications Engineering Technology,Certificate IV,Engineering And Related Technologies,344,False,87.0,96.0,9.0,93.0,95.0,2.0,12.0,5.0,-7.0,78.0,86.0,8.0,82500.0,18100.0,82800.0,16000.0,86700.0,11100.0,,0.0,26.0,0.0,0.0,24.0,0.0,7.0,50.0,31.0,209.0,0.0,17.0,83.0,1,qualification,1,True,False,False,False,False,False,False
CUA60520,Advanced Diploma Of Music,Advanced Diploma,Creative Arts,345,False,70.0,90.0,20.0,71.0,90.0,19.0,42.0,54.0,12.0,29.0,39.0,10.0,22000.0,13300.0,22000.0,13100.0,32000.0,0.0,,0.0,16.0,33.0,23.0,0.0,0.0,6.0,96.0,20.0,306.0,0.0,11.0,87.0,,qualification,2,True,False,False,False,False,False,False
10730NAT,Certificate IV In Spoken And Written English For Further Study,Certificate IV,Mixed Field Programmes,346,False,32.0,55.0,23.0,40.0,62.0,22.0,24.0,42.0,18.0,8.0,20.0,12.0,24200.0,0.0,23400.0,7200.0,0.0,0.0,25,10.0,63.0,83.0,5.0,0.0,0.0,44.0,97.0,36.0,151.0,0.0,4.0,96.0,,qualification,1,True,False,False,False,False,False,False
AUR30420,Certificate III In Agricultural Mechanical Technology,Certificate III,Engineering And Related Technologies,347,False,89.0,100.0,11.0,87.0,100.0,13.0,13.0,0.0,-13.0,73.0,97.0,24.0,82300.0,55500.0,83500.0,56300.0,84500.0,55900.0,,0.0,29.0,0.0,0.0,93.0,5.0,40.0,93.0,22.0,1225.0,9.0,81.0,10.0,1,qualification,1,True,False,True,False,True,False,True
22481VIC,Certificate II In Work Education,Certificate II,Mixed Field Programmes,348,False,42.0,62.0,20.0,45.0,62.0,17.0,21.0,29.0,8.0,27.0,32.0,5.0,4400.0,0.0,4400.0,100.0,4100.0,0.0,0,0.0,28.0,42.0,96.0,0.0,0.0,49.0,99.0,23.0,418.0,0.0,19.0,79.0,1,qualification,0,False,False,False,False,False,False,False
AHC21020,Certificate II In Conservation And Ecosystem Management,Certificate II,"Agriculture, Environment And Related Studies",349,False,60.0,85.0,25.0,61.0,91.0,30.0,28.0,26.0,-2.0,37.0,62.0,25.0,37400.0,11400.0,37400.0,12900.0,47800.0,3600.0,40,32.0,48.0,34.0,5.0,14.0,55.0,52.0,89.0,28.0,283.0,34.0,44.0,15.0,,qualification,1,True,False,False,False,False,False,False
RII30420,Certificate III In Resource Processing,Certificate III,Engineering And Related Technologies,350,False,100.0,100.0,0.0,100.0,100.0,0.0,0.0,0.0,0.0,98.0,100.0,2.0,129200.0,18400.0,130000.0,19500.0,132400.0,19100.0,,8.0,21.0,5.0,0.0,40.0,15.0,30.0,50.0,38.0,330.0,11.0,65.0,23.0,1,qualification,1,True,False,False,False,False,False,False
AVI30219,Certificate III In Aviation (Cabin Crew),Certificate III,"Food, Hospitality And Personal Services",351,True,67.0,95.0,28.0,68.0,95.0,27.0,45.0,39.0,-6.0,22.0,52.0,30.0,38200.0,26500.0,38600.0,26600.0,47300.0,0.0,,14.0,29.0,90.0,15.0,0.0,0.0,28.0,97.0,19.0,142.0,0.0,10.0,90.0,,qualification,2,True,False,False,False,False,False,False
CPC30820,Certificate III In Roof Tiling,Certificate III,Architecture And Building,352,False,68.0,92.0,24.0,71.0,95.0,24.0,7.0,5.0,-2.0,64.0,94.0,30.0,51400.0,32900.0,52000.0,33000.0,53500.0,33100.0,,0.0,9.0,0.0,5.0,82.0,8.0,78.0,95.0,21.0,919.0,0.0,19.0,82.0,1,qualification,1,True,False,False,False,False,False,False
FWP30122,Certificate III In Forest Operations,Certificate III,"Agriculture, Environment And Related Studies",353,False,98.0,98.0,0.0,97.0,98.0,1.0,0.0,0.0,0.0,93.0,95.0,2.0,85700.0,3200.0,85100.0,3800.0,86700.0,3100.0,,4.0,11.0,10.0,9.0,44.0,4.0,60.0,78.0,38.0,605.0,0.0,96.0,4.0,,qualification,2,True,False,False,False,False,False,False
22488VIC,Certificate II In Eal (Employment),Certificate II,Mixed Field Programmes,354,False,16.0,58.0,42.0,18.0,65.0,47.0,13.0,42.0,29.0,5.0,20.0,15.0,20400.0,0.0,23400.0,0.0,0.0,0.0,,84.0,87.0,77.0,0.0,0.0,0.0,36.0,95.0,31.0,261.0,0.0,5.0,91.0,,qualification,2,True,False,False,False,False,False,False
FNS41422,Certificate IV In General Insurance,Certificate IV,Management And Commerce,355,False,97.0,97.0,0.0,100.0,97.0,-3.0,9.0,5.0,-4.0,90.0,91.0,1.0,74200.0,9700.0,74200.0,9400.0,74900.0,8700.0,,0.0,15.0,70.0,0.0,30.0,0.0,69.0,30.0,34.0,197.0,0.0,37.0,59.0,1,qualification,1,True,False,False,False,False,False,False
AHC10222,Certificate I In Agriculture,Certificate I,"Agriculture, Environment And Related Studies",356,False,6.0,66.0,60.0,6.0,66.0,60.0,5.0,35.0,30.0,4.0,25.0,21.0,11800.0,0.0,11800.0,0.0,12200.0,0.0,,72.0,75.0,39.0,10.0,0.0,13.0,96.0,78.0,15.0,249.0,5.0,62.0,34.0,,qualification,2,True,False,False,False,False,False,False
TLI33122,Certificate III In Rail Customer Service,Certificate III,Management And Commerce,357,False,88.0,100.0,12.0,93.0,100.0,7.0,29.0,4.0,-25.0,60.0,95.0,35.0,85200.0,31600.0,84700.0,32400.0,87100.0,17600.0,,11.0,14.0,39.0,4.0,0.0,0.0,9.0,0.0,37.0,632.0,0.0,12.0,88.0,1,qualification,1,True,False,False,False,False,False,False
MEM40422,Certificate IV In Engineering Drafting,Certificate IV,Engineering And Related Technologies,358,False,80.0,92.0,12.0,84.0,95.0,11.0,17.0,5.0,-12.0,63.0,86.0,23.0,59500.0,11000.0,58500.0,11900.0,60500.0,10900.0,,16.0,30.0,14.0,6.0,16.0,0.0,8.0,79.0,31.0,543.0,0.0,16.0,84.0,,qualification,2,True,False,False,False,False,False,False
SFI30119,Certificate III In Aquaculture,Certificate III,"Agriculture, Environment And Related Studies",359,False,88.0,96.0,8.0,90.0,96.0,6.0,14.0,5.0,-9.0,77.0,93.0,16.0,70800.0,20700.0,69500.0,19100.0,71000.0,13300.0,,16.0,31.0,14.0,6.0,67.0,8.0,33.0,95.0,28.0,444.0,0.0,88.0,6.0,1,qualification,1,True,False,False,False,False,False,False
CHC40521,Certificate IV In Youth Justice,Certificate IV,Society And Culture,360,False,100.0,100.0,0.0,100.0,100.0,0.0,15.0,0.0,-15.0,83.0,98.0,15.0,90300.0,22800.0,90300.0,22800.0,91000.0,13300.0,,7.0,25.0,49.0,0.0,0.0,11.0,16.0,72.0,34.0,295.0,10.0,31.0,59.0,1,qualification,1,True,False,False,False,False,False,False
CPC30216,Certificate III In Signs And Graphics,Certificate III,Architecture And Building,361,False,78.0,93.0,15.0,81.0,98.0,17.0,13.0,0.0,-13.0,66.0,92.0,26.0,58900.0,27500.0,59200.0,28700.0,59200.0,26500.0,,5.0,18.0,7.0,7.0,83.0,0.0,33.0,98.0,24.0,963.0,0.0,29.0,72.0,1,qualification,1,True,False,False,False,False,False,False
FBP30421,Certificate III In Bread Baking,Certificate III,"Food, Hospitality And Personal Services",362,False,85.0,100.0,15.0,88.0,100.0,12.0,24.0,9.0,-15.0,55.0,86.0,31.0,60400.0,25300.0,60500.0,26300.0,61800.0,20500.0,,0.0,11.0,33.0,6.0,87.0,0.0,33.0,97.0,24.0,721.0,0.0,30.0,68.0,2,qualification,1,True,False,False,False,False,False,False
MSF30822,Certificate III In Flooring Technology,Certificate III,Architecture And Building,363,False,83.0,87.0,4.0,86.0,100.0,14.0,19.0,0.0,-19.0,69.0,100.0,31.0,62700.0,34500.0,66300.0,38800.0,66300.0,32700.0,,0.0,6.0,0.0,5.0,92.0,7.0,33.0,92.0,22.0,1112.0,0.0,44.0,54.0,2,qualification,1,True,False,False,False,False,False,False
HLT47121,Certificate IV In Hospital Or Health Services Pharmacy Support,Certificate IV,Health,364,False,86.0,96.0,10.0,87.0,96.0,9.0,33.0,24.0,-9.0,54.0,74.0,20.0,67500.0,12800.0,66800.0,12000.0,71600.0,7300.0,,4.0,16.0,88.0,4.0,15.0,0.0,21.0,86.0,35.0,311.0,0.0,11.0,89.0,1,qualification,1,True,False,False,False,False,False,False
10743NAT,Diploma Of Christian Ministry And Theology,Diploma,Society And Culture,365,False,75.0,80.0,5.0,81.0,82.0,1.0,22.0,23.0,1.0,57.0,64.0,7.0,64400.0,6400.0,61300.0,7000.0,86500.0,7000.0,,18.0,21.0,58.0,7.0,0.0,0.0,24.0,0.0,40.0,596.0,8.0,18.0,74.0,,qualification,2,True,False,False,False,False,False,False
CHC40113,Certificate IV In School Age Education And Care,Certificate IV,Education,366,False,77.0,93.0,16.0,79.0,97.0,18.0,55.0,41.0,-14.0,26.0,55.0,29.0,43600.0,17200.0,42900.0,16900.0,54100.0,0.0,,12.0,35.0,87.0,17.0,43.0,5.0,20.0,76.0,25.0,412.0,0.0,9.0,88.0,1,qualification,1,True,False,False,False,False,False,False
AHC30620,Certificate III In Production Horticulture,Certificate III,"Agriculture, Environment And Related Studies",367,False,63.0,69.0,6.0,73.0,71.0,-2.0,23.0,36.0,13.0,47.0,37.0,-10.0,32800.0,4300.0,33100.0,5300.0,49300.0,13800.0,35,4.0,27.0,44.0,21.0,9.0,0.0,36.0,96.0,39.0,279.0,0.0,56.0,40.0,,qualification,1,True,False,False,False,False,False,False
CPC32320,Certificate III In Stonemasonry,Certificate III,Architecture And Building,368,False,86.0,92.0,6.0,93.0,97.0,4.0,8.0,0.0,-8.0,82.0,97.0,15.0,63500.0,14300.0,63200.0,11700.0,63500.0,8000.0,,0.0,12.0,0.0,0.0,52.0,4.0,26.0,50.0,28.0,863.0,0.0,19.0,81.0,1,qualification,1,True,False,False,False,False,False,False
MST20722,"Certificate II In Apparel, Fashion And Textiles",Certificate II,Engineering And Related Technologies,369,False,36.0,49.0,13.0,38.0,52.0,14.0,21.0,27.0,6.0,20.0,25.0,5.0,20100.0,5700.0,16500.0,7200.0,0.0,0.0,16,30.0,48.0,55.0,20.0,0.0,15.0,51.0,100.0,34.0,138.0,0.0,38.0,62.0,,qualification,1,True,False,False,False,False,False,False
AHC40920,Certificate IV In Conservation And Ecosystem Management,Certificate IV,"Agriculture, Environment And Related Studies",370,False,94.0,94.0,0.0,94.0,98.0,4.0,36.0,25.0,-11.0,59.0,65.0,6.0,47900.0,7400.0,48600.0,9200.0,63000.0,9400.0,,10.0,29.0,43.0,5.0,0.0,4.0,11.0,78.0,29.0,353.0,8.0,44.0,49.0,,qualification,2,True,False,False,False,False,False,False
AUR30820,Certificate III In Motorcycle Mechanical Technology,Certificate III,Engineering And Related Technologies,371,False,80.0,97.0,17.0,80.0,96.0,16.0,25.0,7.0,-18.0,57.0,89.0,32.0,57400.0,27900.0,57400.0,27000.0,58200.0,23200.0,,0.0,8.0,0.0,9.0,88.0,8.0,41.0,88.0,24.0,1128.0,5.0,41.0,54.0,1,qualification,1,True,False,False,False,False,False,False
CPP31418,Certificate III In Close Protection Operations,Certificate III,Society And Culture,372,False,75.0,96.0,21.0,82.0,96.0,14.0,17.0,17.0,0.0,62.0,80.0,18.0,55700.0,11900.0,56900.0,12800.0,60200.0,11700.0,,7.0,68.0,10.0,7.0,0.0,0.0,35.0,0.0,34.0,86.0,5.0,7.0,86.0,1,qualification,1,True,False,False,False,False,False,False
CHC41215,Certificate IV In Career Development,Certificate IV,Society And Culture,373,False,89.0,98.0,9.0,97.0,96.0,-1.0,15.0,10.0,-5.0,80.0,90.0,10.0,84100.0,9000.0,84600.0,9000.0,88700.0,7300.0,,12.0,19.0,70.0,0.0,0.0,7.0,15.0,6.0,47.0,367.0,0.0,30.0,64.0,,qualification,2,True,False,False,False,False,False,False
UEE30420,Certificate III In Data And Voice Communications,Certificate III,Engineering And Related Technologies,374,False,93.0,95.0,2.0,93.0,98.0,5.0,11.0,0.0,-11.0,89.0,99.0,10.0,80800.0,15200.0,81400.0,13800.0,82300.0,12000.0,,9.0,18.0,0.0,0.0,75.0,0.0,10.0,75.0,31.0,649.0,0.0,24.0,76.0,,qualification,2,True,False,False,False,False,False,False
UEE30920,Certificate III In Electronics And Communications,Certificate III,Engineering And Related Technologies,375,False,80.0,96.0,16.0,80.0,99.0,19.0,24.0,0.0,-24.0,61.0,98.0,37.0,71800.0,40700.0,70400.0,40100.0,71700.0,37000.0,,9.0,22.0,7.0,5.0,81.0,0.0,11.0,99.0,24.0,1120.0,5.0,29.0,66.0,,qualification,2,True,False,False,False,False,False,False
PUA50519,Diploma Of Public Safety (Firefighting Management),Diploma,Engineering And Related Technologies,376,False,100.0,100.0,0.0,100.0,100.0,0.0,0.0,0.0,0.0,100.0,100.0,0.0,145000.0,21300.0,147000.0,21300.0,147000.0,21300.0,,0.0,12.0,0.0,0.0,0.0,0.0,26.0,0.0,43.0,741.0,5.0,44.0,46.0,1,qualification,1,True,False,False,False,False,False,False
AVI50519,Diploma Of Aviation (Instrument Rating),Diploma,Engineering And Related Technologies,377,False,79.0,88.0,9.0,82.0,92.0,10.0,27.0,22.0,-5.0,52.0,73.0,21.0,42900.0,15900.0,43100.0,14700.0,52500.0,11300.0,,5.0,27.0,13.0,0.0,0.0,0.0,8.0,0.0,25.0,121.0,0.0,27.0,72.0,,qualification,2,True,False,False,False,False,False,False
CUA20420,Certificate II In Aboriginal And/Or Torres Strait Islander Cultural Arts,Certificate II,Creative Arts,378,True,36.0,40.0,4.0,36.0,40.0,4.0,14.0,12.0,-2.0,18.0,24.0,6.0,15500.0,0.0,14400.0,0.0,0.0,0.0,29,41.0,70.0,54.0,37.0,0.0,84.0,63.0,100.0,38.0,120.0,0.0,54.0,44.0,,qualification,1,True,False,False,False,False,False,False
AUR40216,Certificate IV In Automotive Mechanical Diagnosis,Certificate IV,Engineering And Related Technologies,379,False,63.0,71.0,8.0,82.0,91.0,9.0,26.0,10.0,-16.0,52.0,76.0,24.0,33500.0,10600.0,38900.0,11100.0,43800.0,8900.0,,58.0,65.0,0.0,0.0,0.0,0.0,60.0,8.0,25.0,210.0,0.0,0.0,95.0,1,qualification,1,True,False,False,False,False,False,False
SIR10116,Certificate I In Retail Services,Certificate I,Management And Commerce,380,True,25.0,71.0,46.0,25.0,71.0,46.0,17.0,45.0,28.0,14.0,23.0,9.0,10600.0,0.0,10600.0,0.0,0.0,0.0,25,35.0,48.0,70.0,19.0,22.0,22.0,65.0,79.0,20.0,168.0,18.0,30.0,52.0,,qualification,1,True,False,False,False,False,False,False
10742NAT,Certificate IV In Christian Ministry And Theology,Certificate IV,Society And Culture,381,False,82.0,88.0,6.0,83.0,90.0,7.0,26.0,41.0,15.0,51.0,51.0,0.0,34400.0,7100.0,34800.0,3700.0,59400.0,1500.0,,11.0,24.0,71.0,13.0,18.0,13.0,23.0,0.0,36.0,377.0,8.0,23.0,68.0,,qualification,2,True,False,False,False,False,False,False
22316VIC,Advanced Diploma Of Myotherapy,Advanced Diploma,Health,382,False,68.0,61.0,-7.0,84.0,90.0,6.0,56.0,51.0,-5.0,32.0,40.0,8.0,25700.0,4500.0,31400.0,5100.0,44000.0,0.0,,0.0,13.0,63.0,0.0,0.0,0.0,0.0,75.0,34.0,422.0,0.0,15.0,79.0,1,qualification,1,True,False,False,False,False,False,False
FNS50422,Diploma Of Payroll Services,Diploma,Management And Commerce,383,False,83.0,92.0,9.0,87.0,94.0,7.0,28.0,23.0,-5.0,57.0,78.0,21.0,60600.0,8100.0,67000.0,9600.0,74800.0,9600.0,,0.0,22.0,91.0,0.0,0.0,0.0,0.0,36.0,40.0,335.0,0.0,16.0,81.0,,qualification,2,True,False,False,False,False,False,False
HLT23221,Certificate II In Health Support Services,Certificate II,Health,384,True,63.0,82.0,19.0,63.0,86.0,23.0,34.0,46.0,12.0,32.0,38.0,6.0,32000.0,9000.0,32600.0,8400.0,54900.0,0.0,27,41.0,44.0,71.0,12.0,0.0,8.0,52.0,89.0,35.0,127.0,0.0,33.0,63.0,,qualification,1,True,False,False,False,False,False,False
CPC50320,Diploma Of Building And Construction (Management),Diploma,Architecture And Building,385,False,82.0,88.0,6.0,88.0,91.0,3.0,7.0,10.0,3.0,80.0,81.0,1.0,89400.0,11300.0,89300.0,8500.0,94700.0,11500.0,,0.0,31.0,22.0,0.0,5.0,0.0,9.0,49.0,36.0,394.0,0.0,11.0,87.0,,qualification,2,True,False,False,False,False,False,False
CPP40719,Certificate IV In Security Management,Certificate IV,Society And Culture,386,False,95.0,95.0,0.0,95.0,99.0,4.0,6.0,0.0,-6.0,84.0,95.0,11.0,92500.0,12000.0,88500.0,13300.0,92900.0,11700.0,,12.0,39.0,14.0,0.0,0.0,0.0,22.0,11.0,37.0,148.0,0.0,11.0,77.0,,qualification,2,True,False,False,False,False,False,False
FNS60415,Advanced Diploma Of Financial Planning,Advanced Diploma,Management And Commerce,387,False,95.0,98.0,3.0,98.0,100.0,2.0,12.0,5.0,-7.0,86.0,92.0,6.0,85200.0,24000.0,87600.0,24100.0,89100.0,22900.0,,0.0,16.0,43.0,0.0,0.0,0.0,0.0,10.0,34.0,715.0,0.0,20.0,80.0,1,qualification,1,True,False,False,False,False,False,False
HLT31020,Certificate III In Ambulance Communications (Call-Taking),Certificate III,Health,388,True,96.0,100.0,4.0,96.0,100.0,4.0,17.0,19.0,2.0,75.0,84.0,9.0,85700.0,27900.0,85700.0,27900.0,85800.0,21700.0,,32.0,32.0,74.0,0.0,0.0,0.0,5.0,0.0,30.0,132.0,0.0,24.0,72.0,,qualification,2,True,False,False,False,False,False,False
HLT57715,Diploma Of Practice Management,Diploma,Management And Commerce,389,False,87.0,98.0,11.0,88.0,98.0,10.0,30.0,16.0,-14.0,63.0,82.0,19.0,68600.0,11000.0,69100.0,11000.0,73200.0,7200.0,,0.0,18.0,94.0,0.0,0.0,7.0,12.0,46.0,38.0,588.0,0.0,28.0,72.0,,qualification,2,True,False,False,False,False,False,False
CPC40320,Certificate IV In Building Project Support,Certificate IV,Architecture And Building,390,False,88.0,92.0,4.0,89.0,98.0,9.0,12.0,10.0,-2.0,81.0,91.0,10.0,72600.0,12000.0,71200.0,13000.0,77400.0,12100.0,,10.0,24.0,58.0,0.0,0.0,0.0,5.0,22.0,36.0,350.0,0.0,16.0,84.0,,qualification,2,True,False,False,False,False,False,False
CPC60121,Advanced Diploma Of Building Surveying,Advanced Diploma,Architecture And Building,391,False,79.0,84.0,5.0,79.0,87.0,8.0,11.0,5.0,-6.0,71.0,78.0,7.0,74600.0,15500.0,74600.0,15500.0,78400.0,11300.0,,0.0,21.0,16.0,8.0,0.0,0.0,0.0,90.0,37.0,684.0,0.0,13.0,86.0,,qualification,2,True,False,False,False,False,False,False
MSF20322,Certificate II In Cabinet Making And Timber Technology,Certificate II,Engineering And Related Technologies,392,False,64.0,88.0,24.0,61.0,90.0,29.0,37.0,32.0,-5.0,27.0,56.0,29.0,34300.0,5500.0,37500.0,7100.0,43700.0,0.0,,43.0,43.0,39.0,10.0,5.0,0.0,36.0,100.0,28.0,276.0,0.0,26.0,74.0,,qualification,2,True,False,False,False,False,False,False
AHC50520,Diploma Of Arboriculture,Diploma,"Agriculture, Environment And Related Studies",393,False,92.0,95.0,3.0,98.0,100.0,2.0,14.0,5.0,-9.0,92.0,93.0,1.0,84200.0,20200.0,82400.0,20100.0,84300.0,18200.0,,0.0,11.0,20.0,6.0,0.0,0.0,5.0,68.0,35.0,623.0,0.0,22.0,76.0,1,qualification,1,True,False,False,False,False,False,False
RII50120,Diploma Of Surface Operations Management,Diploma,Engineering And Related Technologies,394,False,100.0,95.0,-5.0,100.0,95.0,-5.0,0.0,0.0,0.0,95.0,95.0,0.0,185200.0,19300.0,182900.0,17900.0,182900.0,18800.0,,0.0,12.0,0.0,0.0,11.0,0.0,19.0,49.0,38.0,200.0,0.0,39.0,56.0,,qualification,2,True,False,False,False,False,False,False
AHC21216,Certificate II In Rural Operations,Certificate II,"Agriculture, Environment And Related Studies",395,True,46.0,55.0,9.0,46.0,55.0,9.0,12.0,5.0,-7.0,40.0,47.0,7.0,32900.0,9800.0,36600.0,9800.0,41400.0,9100.0,,28.0,45.0,9.0,5.0,19.0,24.0,77.0,99.0,35.0,153.0,20.0,37.0,34.0,,qualification,2,True,False,False,False,False,False,False
FNS40122,Certificate IV In Credit Management,Certificate IV,Management And Commerce,396,False,95.0,99.0,4.0,94.0,99.0,5.0,18.0,12.0,-6.0,81.0,90.0,9.0,78000.0,19000.0,78600.0,18400.0,81200.0,19100.0,,0.0,13.0,60.0,0.0,0.0,0.0,31.0,0.0,34.0,192.0,0.0,19.0,81.0,,qualification,2,True,False,False,False,False,False,False
HLT47515,Certificate IV In Operating Theatre Technical Support,Certificate IV,Health,397,False,96.0,100.0,4.0,97.0,100.0,3.0,16.0,5.0,-11.0,80.0,96.0,16.0,81800.0,12400.0,82200.0,13200.0,84400.0,12500.0,,0.0,5.0,24.0,0.0,0.0,0.0,6.0,90.0,41.0,428.0,0.0,20.0,80.0,1,qualification,1,True,False,False,False,False,False,False
MEM30819,Certificate III In Locksmithing,Certificate III,Engineering And Related Technologies,398,True,78.0,94.0,16.0,89.0,97.0,8.0,22.0,5.0,-17.0,62.0,93.0,31.0,61800.0,31900.0,61200.0,31200.0,62300.0,28800.0,,0.0,16.0,0.0,6.0,95.0,5.0,33.0,100.0,25.0,1135.0,0.0,29.0,65.0,1,qualification,1,True,False,False,False,False,False,False
CHC41115,Certificate IV In Employment Services,Certificate IV,Management And Commerce,399,True,95.0,100.0,5.0,93.0,100.0,7.0,19.0,7.0,-12.0,81.0,91.0,10.0,85800.0,17100.0,86400.0,17100.0,87900.0,14000.0,,14.0,26.0,85.0,0.0,27.0,5.0,12.0,29.0,37.0,414.0,0.0,30.0,70.0,1,qualification,1,True,False,False,False,False,False,False
FBP30921,Certificate III In Wine Industry Operations,Certificate III,Natural And Physical Sciences,400,False,97.0,100.0,3.0,97.0,100.0,3.0,6.0,0.0,-6.0,95.0,96.0,1.0,72500.0,10600.0,72500.0,10400.0,72800.0,10400.0,,5.0,8.0,17.0,0.0,49.0,0.0,25.0,100.0,30.0,710.0,0.0,85.0,15.0,1,qualification,1,True,False,False,False,False,False,False
22470VIC,Certificate II In Engineering Studies,Certificate II,Engineering And Related Technologies,401,False,50.0,85.0,35.0,51.0,92.0,41.0,10.0,22.0,12.0,41.0,74.0,33.0,32700.0,8400.0,33300.0,10700.0,38100.0,9000.0,,48.0,50.0,5.0,20.0,0.0,0.0,49.0,96.0,20.0,156.0,0.0,56.0,44.0,,qualification,2,True,False,False,False,False,False,False
PMB30121,Certificate III In Polymer Processing,Certificate III,Engineering And Related Technologies,402,True,96.0,100.0,4.0,98.0,100.0,2.0,7.0,0.0,-7.0,90.0,100.0,10.0,95700.0,35800.0,96200.0,31100.0,96200.0,27000.0,,0.0,20.0,0.0,0.0,82.0,0.0,42.0,73.0,29.0,670.0,7.0,32.0,60.0,,qualification,2,True,False,False,False,False,False,False
PSP30122,Certificate III In Government,Certificate III,Management And Commerce,403,True,78.0,97.0,19.0,78.0,97.0,19.0,27.0,14.0,-13.0,50.0,82.0,32.0,65100.0,21100.0,65100.0,21900.0,68200.0,13800.0,,21.0,31.0,55.0,5.0,66.0,37.0,15.0,79.0,24.0,312.0,0.0,16.0,77.0,,qualification,2,True,False,False,False,False,False,False
CUA60720,Advanced Diploma Of Visual Arts,Advanced Diploma,Creative Arts,404,True,55.0,62.0,7.0,63.0,69.0,6.0,46.0,53.0,7.0,17.0,12.0,-5.0,17900.0,-500.0,18000.0,800.0,0.0,0.0,,0.0,0.0,83.0,26.0,0.0,12.0,0.0,43.0,48.0,412.0,0.0,30.0,67.0,,qualification,2,True,False,False,False,False,False,False
BSB60320,Advanced Diploma Of Human Resource Management,Advanced Diploma,Management And Commerce,405,True,90.0,97.0,7.0,97.0,97.0,0.0,23.0,12.0,-11.0,77.0,82.0,5.0,96200.0,8300.0,96000.0,6900.0,106100.0,6500.0,,0.0,26.0,63.0,0.0,0.0,0.0,11.0,11.0,36.0,302.0,0.0,15.0,82.0,,qualification,2,True,False,False,False,False,False,False
HLT37415,Certificate III In Pathology Assistance,Certificate III,Natural And Physical Sciences,406,True,76.0,90.0,14.0,73.0,92.0,19.0,29.0,32.0,3.0,43.0,58.0,15.0,51700.0,14900.0,50400.0,12700.0,65900.0,5700.0,,24.0,42.0,84.0,16.0,0.0,0.0,7.0,67.0,33.0,112.0,0.0,18.0,78.0,,qualification,2,True,False,False,False,False,False,False
22565VIC,Advanced Diploma Of Legal Practice,Advanced Diploma,Society And Culture,407,True,55.0,88.0,33.0,55.0,88.0,33.0,32.0,43.0,11.0,24.0,53.0,29.0,32400.0,14800.0,32600.0,16900.0,50400.0,0.0,,0.0,12.0,67.0,6.0,0.0,0.0,0.0,96.0,21.0,656.0,0.0,8.0,92.0,,qualification,2,True,False,False,False,False,False,False
HLT55118,Diploma Of Dental Technology,Diploma,Health,408,True,52.0,92.0,40.0,57.0,97.0,40.0,33.0,40.0,7.0,21.0,58.0,37.0,45100.0,21700.0,45100.0,19200.0,53700.0,0.0,,0.0,26.0,60.0,6.0,7.0,0.0,18.0,89.0,26.0,804.0,0.0,7.0,93.0,1,qualification,1,True,False,False,False,False,False,False
AMP30116,Certificate III In Meat Processing (Boning Room),Certificate III,"Food, Hospitality And Personal Services",409,True,83.0,91.0,8.0,84.0,91.0,7.0,10.0,0.0,-10.0,71.0,91.0,20.0,62600.0,12500.0,62600.0,12800.0,62600.0,6900.0,,6.0,22.0,8.0,0.0,68.0,0.0,46.0,29.0,29.0,510.0,0.0,84.0,15.0,1,qualification,1,True,False,False,False,False,False,False
PMA40116,Certificate IV In Process Plant Technology,Certificate IV,Engineering And Related Technologies,410,True,99.0,98.0,-1.0,99.0,98.0,-1.0,0.0,0.0,0.0,99.0,91.0,-8.0,225200.0,15000.0,225200.0,17900.0,227700.0,19400.0,,7.0,14.0,6.0,0.0,0.0,0.0,17.0,52.0,41.0,43.0,0.0,37.0,56.0,,qualification,2,True,True,False,True,False,True,False
AMP20117,Certificate II In Meat Processing (Food Services),Certificate II,"Food, Hospitality And Personal Services",411,True,91.0,100.0,9.0,92.0,100.0,8.0,26.0,13.0,-13.0,59.0,92.0,33.0,53200.0,9500.0,53200.0,9600.0,53900.0,2600.0,,29.0,33.0,30.0,0.0,30.0,0.0,31.0,78.0,30.0,254.0,0.0,33.0,67.0,,qualification,2,True,False,False,False,False,False,False
AHC40422,Certificate IV In Horticulture,Certificate IV,"Agriculture, Environment And Related Studies",412,True,87.0,100.0,13.0,98.0,93.0,-5.0,27.0,24.0,-3.0,73.0,75.0,2.0,58800.0,1900.0,55500.0,1900.0,64500.0,1400.0,,0.0,32.0,32.0,9.0,6.0,0.0,15.0,66.0,35.0,397.0,0.0,41.0,58.0,,qualification,2,True,False,False,False,False,False,False
CHC42315,Certificate IV In Chaplaincy And Pastoral Care,Certificate IV,Society And Culture,413,True,77.0,87.0,10.0,88.0,88.0,0.0,37.0,49.0,12.0,46.0,47.0,1.0,33200.0,1800.0,37800.0,1700.0,63300.0,1300.0,,0.0,8.0,73.0,0.0,0.0,0.0,41.0,0.0,54.0,405.0,0.0,32.0,59.0,,qualification,2,True,False,False,False,False,False,False
PUA60120,Advanced Diploma Of Public Safety (Emergency Management),Advanced Diploma,Management And Commerce,414,True,100.0,100.0,0.0,100.0,100.0,0.0,0.0,0.0,0.0,99.0,97.0,-2.0,128000.0,4400.0,128000.0,4500.0,131600.0,4600.0,,0.0,26.0,19.0,0.0,0.0,0.0,37.0,0.0,44.0,163.0,0.0,35.0,65.0,,qualification,2,True,False,False,False,False,False,False
CPC40820,Certificate IV In Swimming Pool And Spa Building,Certificate IV,Architecture And Building,415,True,85.0,82.0,-3.0,94.0,94.0,0.0,0.0,0.0,0.0,92.0,93.0,1.0,69900.0,-3600.0,70100.0,900.0,72000.0,3400.0,,0.0,45.0,0.0,0.0,0.0,0.0,14.0,0.0,38.0,148.0,0.0,23.0,75.0,,qualification,2,True,False,False,False,False,False,False
RII21120,Certificate II In Oil & Gas Drilling (Onshore) And Well Servicing,Certificate II,Engineering And Related Technologies,416,True,99.0,99.0,0.0,100.0,100.0,0.0,0.0,0.0,0.0,98.0,98.0,0.0,100700.0,29700.0,99300.0,29200.0,99400.0,29100.0,,35.0,42.0,0.0,0.0,0.0,0.0,27.0,0.0,30.0,629.0,0.0,39.0,58.0,,qualification,2,True,False,False,False,False,False,False
SIR40216,Certificate IV In Community Pharmacy Dispensary,Certificate IV,Management And Commerce,417,True,94.0,92.0,-2.0,94.0,100.0,6.0,44.0,38.0,-6.0,46.0,52.0,6.0,45600.0,6400.0,45400.0,6300.0,54000.0,0.0,,0.0,11.0,93.0,9.0,33.0,0.0,17.0,70.0,28.0,165.0,0.0,57.0,43.0,1,qualification,1,True,False,False,False,False,False,False
22555VIC,Certificate I In Initial Adult Literacy And Numeracy,Certificate I,Mixed Field Programmes,418,True,21.0,22.0,1.0,21.0,22.0,1.0,11.0,15.0,4.0,11.0,19.0,8.0,0.0,0.0,0.0,0.0,0.0,0.0,3,30.0,65.0,52.0,100.0,0.0,0.0,47.0,100.0,22.0,307.0,0.0,20.0,80.0,,qualification,1,True,False,False,False,False,False,False
AUR30520,Certificate III In Marine Mechanical Technology,Certificate III,Engineering And Related Technologies,419,True,74.0,83.0,9.0,89.0,91.0,2.0,12.0,0.0,-12.0,64.0,93.0,29.0,63100.0,43400.0,63800.0,39200.0,63700.0,39300.0,,0.0,10.0,0.0,0.0,82.0,0.0,52.0,94.0,21.0,1027.0,0.0,21.0,73.0,,qualification,2,True,False,False,False,False,False,False
CUA40320,Certificate IV In Dance Teaching And Management,Certificate IV,Education,420,True,68.0,88.0,20.0,77.0,95.0,18.0,52.0,59.0,7.0,20.0,31.0,11.0,19900.0,7700.0,23900.0,13600.0,0.0,0.0,,19.0,19.0,98.0,0.0,0.0,0.0,30.0,0.0,22.0,764.0,0.0,32.0,68.0,,qualification,2,True,False,False,False,False,False,False
MEA50219,Diploma Of Aeroskills (Mechanical),Diploma,Engineering And Related Technologies,421,True,93.0,95.0,2.0,88.0,95.0,7.0,0.0,0.0,0.0,86.0,98.0,12.0,106400.0,10800.0,105800.0,11600.0,109300.0,11500.0,,0.0,6.0,0.0,0.0,23.0,0.0,13.0,41.0,32.0,551.0,0.0,28.0,64.0,1,qualification,1,True,False,False,False,False,False,False
SIR50217,Diploma Of Visual Merchandising,Diploma,Management And Commerce,422,True,73.0,96.0,23.0,80.0,96.0,16.0,46.0,55.0,9.0,30.0,38.0,8.0,34800.0,14000.0,34800.0,14600.0,48200.0,0.0,,0.0,14.0,86.0,6.0,0.0,0.0,6.0,100.0,23.0,324.0,0.0,0.0,93.0,,qualification,2,True,False,False,False,False,False,False
AVI50322,Diploma Of Aviation (Commercial Pilot Licence - Helicopter),Diploma,Engineering And Related Technologies,423,True,92.0,95.0,3.0,92.0,95.0,3.0,14.0,13.0,-1.0,76.0,76.0,0.0,56800.0,8900.0,56300.0,12600.0,59300.0,10600.0,,0.0,8.0,18.0,0.0,0.0,0.0,39.0,0.0,26.0,264.0,6.0,49.0,44.0,,qualification,2,True,False,False,False,False,False,False
CPC30920,Certificate III In Scaffolding,Certificate III,Architecture And Building,424,True,94.0,92.0,-2.0,92.0,92.0,0.0,0.0,0.0,0.0,90.0,87.0,-3.0,87100.0,25400.0,87100.0,22700.0,87300.0,19300.0,,8.0,40.0,0.0,0.0,26.0,0.0,42.0,80.0,28.0,236.0,0.0,17.0,72.0,1,qualification,1,True,False,False,False,False,False,False
CUA60120,Advanced Diploma Of Professional Dance (Elite Performance),Advanced Diploma,Creative Arts,425,True,31.0,94.0,63.0,27.0,94.0,67.0,26.0,67.0,41.0,9.0,23.0,14.0,14700.0,0.0,16100.0,0.0,0.0,0.0,,24.0,35.0,87.0,0.0,0.0,0.0,54.0,22.0,19.0,438.0,0.0,8.0,92.0,,qualification,2,True,False,False,False,False,False,False
RII40420,Certificate IV In Underground Coal Operations,Certificate IV,Engineering And Related Technologies,426,True,100.0,100.0,0.0,100.0,100.0,0.0,0.0,0.0,0.0,100.0,100.0,0.0,168900.0,4300.0,163900.0,4300.0,163900.0,4300.0,,0.0,36.0,0.0,0.0,0.0,0.0,18.0,27.0,38.0,387.0,0.0,49.0,47.0,1,qualification,1,True,False,False,False,False,False,False
LGA40504,Certificate IV In Local Government (Regulatory Services),Certificate IV,Management And Commerce,427,True,88.0,87.0,-1.0,88.0,87.0,-1.0,11.0,0.0,-11.0,71.0,88.0,17.0,80100.0,18400.0,80100.0,18400.0,80100.0,16500.0,,0.0,17.0,18.0,7.0,0.0,0.0,18.0,90.0,42.0,420.0,0.0,20.0,68.0,,qualification,2,True,False,False,False,False,False,False
TLI37122,Certificate III In Rail Infrastructure,Certificate III,Engineering And Related Technologies,428,True,84.0,83.0,-1.0,84.0,87.0,3.0,0.0,0.0,0.0,84.0,87.0,3.0,111500.0,24700.0,111400.0,24700.0,111400.0,24700.0,,0.0,45.0,8.0,0.0,0.0,12.0,32.0,33.0,33.0,53.0,0.0,49.0,47.0,,qualification,2,True,False,False,False,False,False,False
AHC50422,Diploma Of Horticulture Management,Diploma,"Agriculture, Environment And Related Studies",429,True,88.0,80.0,-8.0,91.0,92.0,1.0,31.0,17.0,-14.0,59.0,75.0,16.0,56700.0,12100.0,53700.0,7900.0,58800.0,5300.0,,0.0,29.0,43.0,8.0,0.0,0.0,8.0,80.0,34.0,681.0,0.0,8.0,84.0,,qualification,2,True,False,False,False,False,False,False
AHC50621,Diploma Of Landscape Design,Diploma,Architecture And Building,430,True,71.0,75.0,4.0,83.0,100.0,17.0,33.0,33.0,0.0,60.0,63.0,3.0,45700.0,1900.0,43300.0,2500.0,55500.0,2500.0,,0.0,9.0,65.0,7.0,0.0,0.0,11.0,80.0,40.0,675.0,0.0,15.0,85.0,,qualification,2,True,False,False,False,False,False,False
MEM50119,Diploma Of Engineering - Advanced Trade,Diploma,Engineering And Related Technologies,431,True,92.0,91.0,-1.0,92.0,99.0,7.0,7.0,0.0,-7.0,89.0,93.0,4.0,105600.0,19000.0,104500.0,23800.0,105300.0,16000.0,,8.0,36.0,0.0,0.0,0.0,0.0,17.0,55.0,29.0,232.0,0.0,16.0,81.0,,qualification,2,True,False,False,False,False,False,False
CPC41020,Certificate IV In Demolition,Certificate IV,Architecture And Building,432,True,74.0,74.0,0.0,74.0,85.0,11.0,0.0,0.0,0.0,73.0,84.0,11.0,100200.0,3300.0,94700.0,1200.0,100200.0,1000.0,,0.0,23.0,0.0,0.0,0.0,0.0,23.0,53.0,35.0,73.0,0.0,7.0,88.0,,qualification,2,True,False,False,False,False,False,False
SIS40421,Certificate IV In Sport Development,Certificate IV,Society And Culture,433,True,68.0,93.0,25.0,68.0,93.0,25.0,42.0,45.0,3.0,34.0,50.0,16.0,34700.0,24600.0,34700.0,24600.0,44200.0,0.0,,23.0,28.0,34.0,11.0,65.0,0.0,12.0,97.0,19.0,284.0,0.0,26.0,70.0,,qualification,2,True,False,False,False,False,False,False
MEA40718,Certificate IV In Aeroskills (Mechanical),Certificate IV,Engineering And Related Technologies,434,True,74.0,96.0,22.0,85.0,96.0,11.0,7.0,0.0,-7.0,62.0,93.0,31.0,80400.0,41400.0,82100.0,44900.0,81600.0,44200.0,,27.0,37.0,0.0,0.0,81.0,0.0,14.0,88.0,24.0,1197.0,0.0,30.0,56.0,1,qualification,1,True,False,False,False,False,False,False
FNS51822,Diploma Of Financial Services,Diploma,Management And Commerce,435,True,93.0,97.0,4.0,93.0,97.0,4.0,0.0,11.0,11.0,88.0,83.0,-5.0,114700.0,16500.0,114300.0,14800.0,116300.0,20200.0,,0.0,0.0,56.0,0.0,0.0,0.0,18.0,25.0,35.0,219.0,0.0,22.0,78.0,,qualification,2,True,False,False,False,False,False,False
HLT41020,Certificate IV In Ambulance Communications (Dispatch),Certificate IV,Health,436,True,100.0,100.0,0.0,100.0,100.0,0.0,17.0,17.0,0.0,81.0,78.0,-3.0,99300.0,25500.0,99300.0,23700.0,94600.0,17500.0,,0.0,7.0,64.0,0.0,0.0,0.0,0.0,0.0,29.0,188.0,0.0,38.0,63.0,,qualification,2,True,False,False,False,False,False,False
AHC50122,Diploma Of Agriculture,Diploma,"Agriculture, Environment And Related Studies",437,True,86.0,93.0,7.0,84.0,87.0,3.0,23.0,22.0,-1.0,65.0,78.0,13.0,48300.0,18500.0,53200.0,21800.0,62600.0,22500.0,,9.0,30.0,54.0,0.0,0.0,9.0,7.0,84.0,24.0,562.0,0.0,73.0,28.0,,qualification,2,True,False,False,False,False,False,False
AMP30622,Certificate III In Meat Processing,Certificate III,"Food, Hospitality And Personal Services",438,True,83.0,100.0,17.0,83.0,100.0,17.0,15.0,12.0,-3.0,73.0,91.0,18.0,61700.0,9200.0,61700.0,9300.0,63600.0,9300.0,,9.0,26.0,48.0,0.0,64.0,0.0,42.0,67.0,33.0,421.0,0.0,57.0,41.0,,qualification,2,True,False,False,False,False,False,False
UEE20520,Certificate II In Computer Assembly And Repair,Certificate II,Engineering And Related Technologies,439,True,44.0,74.0,30.0,46.0,77.0,31.0,23.0,28.0,5.0,28.0,46.0,18.0,26600.0,0.0,26000.0,0.0,35200.0,0.0,,42.0,54.0,7.0,25.0,0.0,0.0,41.0,100.0,20.0,148.0,0.0,0.0,90.0,,qualification,2,True,False,False,False,False,False,False
CHC53215,Diploma Of Alcohol And Other Drugs,Diploma,Society And Culture,440,True,82.0,88.0,6.0,82.0,90.0,8.0,32.0,22.0,-10.0,57.0,68.0,11.0,75100.0,16900.0,71600.0,17500.0,82700.0,12400.0,,0.0,44.0,60.0,29.0,0.0,43.0,7.0,81.0,41.0,642.0,0.0,37.0,63.0,,qualification,2,True,False,False,False,False,False,False
HLT47715,Certificate IV In Medical Practice Assisting,Certificate IV,Management And Commerce,441,True,81.0,96.0,15.0,85.0,91.0,6.0,53.0,44.0,-9.0,35.0,47.0,12.0,48400.0,7100.0,48300.0,5900.0,68300.0,0.0,,12.0,24.0,100.0,0.0,0.0,0.0,21.0,84.0,38.0,699.0,0.0,40.0,59.0,,qualification,2,True,False,False,False,False,False,False
AMP40522,Certificate IV In Meat Safety Inspection,Certificate IV,"Food, Hospitality And Personal Services",442,True,90.0,96.0,6.0,90.0,99.0,9.0,8.0,0.0,-8.0,82.0,90.0,8.0,69700.0,7100.0,69200.0,8000.0,70100.0,8800.0,,0.0,19.0,19.0,0.0,28.0,0.0,19.0,75.0,35.0,299.0,0.0,62.0,38.0,,qualification,2,True,False,False,False,False,False,False
PSP60822,Advanced Diploma Of Translating,Advanced Diploma,Society And Culture,443,True,67.0,72.0,5.0,60.0,76.0,16.0,21.0,34.0,13.0,37.0,42.0,5.0,42900.0,18100.0,41700.0,18100.0,0.0,0.0,,0.0,30.0,84.0,0.0,0.0,0.0,72.0,0.0,28.0,175.0,0.0,0.0,100.0,,qualification,2,True,False,False,False,False,False,False
10688NAT,Diploma Of Tesol (Teaching English To Speakers Of Other Languages),Diploma,Education,444,True,73.0,82.0,9.0,77.0,94.0,17.0,41.0,58.0,17.0,38.0,26.0,-12.0,26200.0,800.0,26200.0,1900.0,0.0,0.0,,0.0,32.0,74.0,0.0,0.0,0.0,20.0,0.0,36.0,372.0,0.0,8.0,88.0,,qualification,2,True,False,False,False,False,False,False
22487VIC,Certificate IV In Eal (Access),Certificate IV,Mixed Field Programmes,445,True,30.0,61.0,31.0,30.0,67.0,37.0,27.0,41.0,14.0,0.0,20.0,20.0,17200.0,0.0,19300.0,0.0,0.0,0.0,,8.0,71.0,88.0,0.0,0.0,0.0,18.0,100.0,36.0,148.0,0.0,0.0,100.0,,qualification,2,True,False,False,False,False,False,False
CUA30420,Certificate III In Live Production And Technical Services,Certificate III,Creative Arts,446,True,65.0,94.0,29.0,65.0,94.0,29.0,30.0,27.0,-3.0,27.0,64.0,37.0,29100.0,6800.0,31500.0,6800.0,44700.0,0.0,,36.0,47.0,41.0,9.0,21.0,0.0,27.0,92.0,19.0,301.0,0.0,25.0,75.0,,qualification,2,True,False,False,False,False,False,False
RII50420,Diploma Of Civil Construction Management,Diploma,Engineering And Related Technologies,447,True,97.0,94.0,-3.0,96.0,100.0,4.0,0.0,0.0,0.0,92.0,100.0,8.0,113200.0,14100.0,113200.0,15900.0,113200.0,15000.0,,0.0,44.0,0.0,0.0,0.0,0.0,8.0,80.0,37.0,169.0,0.0,50.0,50.0,,qualification,2,True,False,False,False,False,False,False
HLT57921,Diploma Of Anaesthetic Technology And Practice,Diploma,Health,448,True,88.0,95.0,7.0,88.0,95.0,7.0,46.0,23.0,-23.0,55.0,80.0,25.0,76500.0,36200.0,76600.0,36200.0,78200.0,0.0,,0.0,0.0,65.0,0.0,0.0,0.0,23.0,83.0,29.0,679.0,0.0,0.0,94.0,1,qualification,1,True,False,False,False,False,False,False
RII40920,Certificate IV In Drilling Operations,Certificate IV,Engineering And Related Technologies,449,True,94.0,94.0,0.0,94.0,94.0,0.0,0.0,0.0,0.0,94.0,94.0,0.0,161400.0,12500.0,161400.0,14200.0,161400.0,14200.0,,0.0,23.0,0.0,0.0,32.0,0.0,0.0,0.0,37.0,183.0,0.0,37.0,55.0,1,qualification,1,True,False,False,False,False,False,False
PUA50120,Diploma Of Public Safety (Emergency Management),Diploma,Management And Commerce,450,True,98.0,100.0,2.0,92.0,100.0,8.0,0.0,0.0,0.0,97.0,98.0,1.0,110000.0,13800.0,110200.0,12400.0,110200.0,9500.0,,8.0,45.0,27.0,0.0,0.0,0.0,19.0,0.0,35.0,197.0,0.0,44.0,56.0,,qualification,2,True,False,False,False,False,False,False
RGR40118,Certificate IV In Racing (Racehorse Trainer),Certificate IV,"Agriculture, Environment And Related Studies",451,True,89.0,80.0,-9.0,91.0,91.0,0.0,25.0,23.0,-2.0,77.0,66.0,-11.0,45100.0,2500.0,43300.0,1500.0,53000.0,100.0,,0.0,9.0,56.0,0.0,8.0,0.0,30.0,77.0,34.0,356.0,0.0,55.0,36.0,,qualification,2,True,False,False,False,False,False,False
BSB60520,Advanced Diploma Of Marketing And Communication,Advanced Diploma,Management And Commerce,452,True,79.0,84.0,5.0,76.0,94.0,18.0,41.0,33.0,-8.0,41.0,64.0,23.0,43400.0,16400.0,43300.0,15900.0,54100.0,0.0,,0.0,44.0,59.0,0.0,0.0,0.0,18.0,38.0,27.0,143.0,0.0,0.0,95.0,,qualification,2,True,False,False,False,False,False,False
ICP20120,Certificate II In Printing And Graphic Arts,Certificate II,Engineering And Related Technologies,453,True,51.0,75.0,24.0,60.0,75.0,15.0,37.0,46.0,9.0,18.0,32.0,14.0,22600.0,3900.0,25100.0,6600.0,0.0,0.0,,48.0,48.0,54.0,29.0,0.0,0.0,27.0,100.0,24.0,128.0,0.0,18.0,82.0,,qualification,2,True,False,False,False,False,False,False
22489VIC,Certificate III In Eal (Employment),Certificate III,Mixed Field Programmes,454,True,19.0,47.0,28.0,16.0,52.0,36.0,8.0,42.0,34.0,0.0,8.0,8.0,0.0,0.0,18700.0,0.0,0.0,0.0,,19.0,60.0,81.0,13.0,0.0,0.0,24.0,100.0,40.0,229.0,0.0,0.0,100.0,,qualification,2,True,False,False,False,False,False,False
52875WA,Certificate I In Gaining Access To Training And Employment (Gate),Certificate I,Mixed Field Programmes,455,True,23.0,69.0,46.0,24.0,69.0,45.0,18.0,27.0,9.0,0.0,40.0,40.0,20000.0,0.0,21500.0,0.0,0.0,0.0,,37.0,37.0,65.0,29.0,0.0,0.0,63.0,100.0,26.0,148.0,0.0,15.0,73.0,,qualification,2,True,False,False,False,False,False,False
NWP20122,Certificate II In Water Industry Operations,Certificate II,"Agriculture, Environment And Related Studies",456,True,92.0,100.0,8.0,92.0,100.0,8.0,10.0,0.0,-10.0,90.0,95.0,5.0,89200.0,12800.0,89200.0,12800.0,90600.0,11600.0,,61.0,65.0,13.0,0.0,84.0,26.0,58.0,89.0,28.0,299.0,10.0,47.0,42.0,,qualification,2,True,False,False,False,False,False,False
RII40220,Certificate IV In Surface Coal Mining (Open Cut Examiner),Certificate IV,Engineering And Related Technologies,457,True,100.0,100.0,0.0,100.0,100.0,0.0,0.0,0.0,0.0,100.0,100.0,0.0,174800.0,7800.0,172300.0,6000.0,172300.0,6000.0,,0.0,32.0,0.0,0.0,0.0,0.0,21.0,0.0,40.0,250.0,0.0,58.0,26.0,,qualification,2,True,False,False,False,False,False,False
AHC51422,Diploma Of Agribusiness Management,Diploma,Management And Commerce,458,True,74.0,80.0,6.0,89.0,95.0,6.0,44.0,31.0,-13.0,41.0,56.0,15.0,43800.0,9200.0,56500.0,24500.0,78800.0,0.0,,0.0,20.0,64.0,0.0,0.0,0.0,10.0,71.0,30.0,509.0,39.0,44.0,0.0,,qualification,2,True,False,False,False,False,False,False
AMP30216,Certificate III In Meat Processing (Food Services),Certificate III,"Food, Hospitality And Personal Services",459,True,90.0,97.0,7.0,98.0,97.0,-1.0,25.0,18.0,-7.0,71.0,84.0,13.0,53300.0,4400.0,53900.0,5300.0,56700.0,4300.0,,0.0,21.0,49.0,0.0,84.0,0.0,49.0,62.0,32.0,605.0,0.0,77.0,21.0,,qualification,2,True,False,False,False,False,False,False
SIS50122,"Diploma Of Sport, Aquatics And Recreation Management",Diploma,Society And Culture,460,True,85.0,87.0,2.0,85.0,95.0,10.0,31.0,34.0,3.0,51.0,57.0,6.0,35100.0,8700.0,35900.0,6500.0,48800.0,0.0,,0.0,30.0,41.0,10.0,0.0,0.0,15.0,71.0,26.0,366.0,0.0,17.0,83.0,,qualification,2,True,False,False,False,False,False,False
SIT30921,Certificate III In Catering,Certificate III,"Food, Hospitality And Personal Services",461,True,69.0,82.0,13.0,69.0,92.0,23.0,46.0,56.0,10.0,34.0,28.0,-6.0,20100.0,10600.0,23000.0,16000.0,0.0,0.0,,0.0,21.0,57.0,12.0,30.0,0.0,49.0,93.0,29.0,274.0,0.0,34.0,59.0,,qualification,2,True,False,False,False,False,False,False
UEE31420,Certificate III In Security Equipment,Certificate III,Engineering And Related Technologies,462,True,79.0,93.0,14.0,79.0,93.0,14.0,21.0,0.0,-21.0,64.0,95.0,31.0,77700.0,46600.0,76800.0,44600.0,77200.0,44100.0,,0.0,13.0,0.0,0.0,87.0,0.0,31.0,90.0,24.0,1303.0,0.0,21.0,77.0,,qualification,2,True,False,False,False,False,False,False
22479VIC,Advanced Diploma Of Engineering Technology,Advanced Diploma,Engineering And Related Technologies,463,True,57.0,83.0,26.0,57.0,83.0,26.0,27.0,40.0,13.0,25.0,47.0,22.0,29700.0,0.0,32200.0,0.0,0.0,0.0,,0.0,15.0,15.0,12.0,0.0,0.0,0.0,100.0,21.0,710.0,0.0,9.0,91.0,,qualification,2,True,False,False,False,False,False,False
AUM30218,"Certificate III In Automotive Manufacturing Technical Operations - Bus, Truck And Trailer",Certificate III,Engineering And Related Technologies,464,True,80.0,100.0,20.0,80.0,100.0,20.0,15.0,0.0,-15.0,73.0,100.0,27.0,68200.0,36400.0,68200.0,38400.0,68700.0,33500.0,,0.0,8.0,0.0,0.0,100.0,0.0,53.0,100.0,21.0,1233.0,0.0,21.0,79.0,,qualification,2,True,False,False,False,False,False,False
CUA20120,Certificate II In Dance,Certificate II,Creative Arts,465,True,10.0,75.0,65.0,18.0,75.0,57.0,0.0,57.0,57.0,0.0,22.0,22.0,7600.0,0.0,7600.0,0.0,0.0,0.0,,60.0,68.0,100.0,0.0,0.0,0.0,83.0,25.0,15.0,313.0,0.0,27.0,73.0,,qualification,2,True,False,False,False,False,False,False
FBP30321,Certificate III In Cake And Pastry,Certificate III,"Food, Hospitality And Personal Services",466,True,77.0,100.0,23.0,77.0,100.0,23.0,42.0,15.0,-27.0,47.0,73.0,26.0,50500.0,20800.0,49900.0,20800.0,53200.0,0.0,,0.0,20.0,68.0,0.0,62.0,0.0,27.0,80.0,23.0,648.0,0.0,12.0,83.0,,qualification,2,True,False,False,False,False,False,False
MST40222,Certificate IV In Apparel And Fashion,Certificate IV,Engineering And Related Technologies,467,True,48.0,70.0,22.0,58.0,73.0,15.0,36.0,48.0,12.0,15.0,19.0,4.0,22100.0,0.0,22000.0,0.0,0.0,0.0,,27.0,36.0,93.0,9.0,0.0,0.0,24.0,100.0,25.0,313.0,0.0,39.0,59.0,,qualification,2,True,False,False,False,False,False,False
PUA30822,Certificate III In Public Safety (Emergency Communications Centre Operations),Certificate III,Engineering And Related Technologies,468,True,90.0,92.0,2.0,85.0,93.0,8.0,24.0,20.0,-4.0,75.0,86.0,11.0,98300.0,11600.0,97100.0,13000.0,99200.0,12200.0,,29.0,39.0,34.0,0.0,0.0,0.0,63.0,0.0,35.0,24.0,0.0,44.0,46.0,,qualification,2,True,False,False,False,False,False,False
AHC30422,Certificate III In Pork Production,Certificate III,"Agriculture, Environment And Related Studies",469,True,95.0,100.0,5.0,95.0,100.0,5.0,17.0,12.0,-5.0,69.0,91.0,22.0,66600.0,9700.0,66600.0,9700.0,67900.0,9200.0,,0.0,0.0,48.0,12.0,16.0,0.0,9.0,24.0,32.0,460.0,0.0,82.0,18.0,1,qualification,1,True,False,False,False,False,False,False
CPC32720,Certificate III In Gas Fitting,Certificate III,Architecture And Building,470,True,93.0,98.0,5.0,100.0,98.0,-2.0,0.0,0.0,0.0,98.0,95.0,-3.0,79900.0,11800.0,80400.0,10800.0,80300.0,10500.0,,16.0,16.0,0.0,0.0,17.0,0.0,21.0,38.0,33.0,88.0,0.0,29.0,71.0,,qualification,2,True,False,False,False,False,False,False
SFI20119,Certificate II In Aquaculture,Certificate II,"Agriculture, Environment And Related Studies",471,True,62.0,95.0,33.0,69.0,100.0,31.0,26.0,38.0,12.0,47.0,69.0,22.0,29500.0,-400.0,32600.0,9200.0,49600.0,0.0,,53.0,57.0,43.0,17.0,0.0,9.0,48.0,98.0,23.0,133.0,21.0,46.0,34.0,,qualification,2,True,False,False,False,False,False,False
22610VIC,Advanced Diploma Of Cyber Security,Advanced Diploma,Information Technology,472,True,37.0,70.0,33.0,37.0,68.0,31.0,19.0,25.0,6.0,23.0,60.0,37.0,46200.0,0.0,46000.0,0.0,49100.0,0.0,,0.0,12.0,14.0,19.0,0.0,0.0,12.0,98.0,26.0,317.0,0.0,0.0,93.0,,qualification,2,True,False,False,False,False,False,False
ACM40322,Certificate IV In Animal Behaviour And Training,Certificate IV,Health,473,True,70.0,84.0,14.0,72.0,88.0,16.0,44.0,49.0,5.0,35.0,49.0,14.0,37700.0,12800.0,36500.0,10700.0,0.0,0.0,,0.0,26.0,100.0,9.0,0.0,0.0,0.0,61.0,26.0,509.0,0.0,23.0,77.0,,qualification,2,True,False,False,False,False,False,False
AVI20118,Certificate II In Transport Security Protection,Certificate II,Society And Culture,474,True,83.0,97.0,14.0,83.0,97.0,14.0,18.0,21.0,3.0,75.0,75.0,0.0,63200.0,7400.0,67900.0,8300.0,73000.0,7200.0,,25.0,25.0,37.0,0.0,0.0,0.0,21.0,30.0,40.0,67.0,19.0,23.0,49.0,,qualification,2,True,False,False,False,False,False,False
22595VIC,Advanced Diploma Of Justice,Advanced Diploma,Society And Culture,475,True,63.0,89.0,26.0,63.0,89.0,26.0,41.0,45.0,4.0,13.0,43.0,30.0,30200.0,18400.0,31900.0,18400.0,0.0,0.0,,0.0,23.0,55.0,0.0,0.0,0.0,0.0,84.0,22.0,331.0,0.0,0.0,88.0,,qualification,2,True,False,False,False,False,False,False
CHC81115,Graduate Diploma Of Family Dispute Resolution,Graduate Diploma,Society And Culture,476,True,86.0,100.0,14.0,91.0,100.0,9.0,36.0,14.0,-22.0,52.0,86.0,34.0,82500.0,17100.0,84600.0,15400.0,87900.0,7700.0,,0.0,0.0,96.0,0.0,0.0,0.0,0.0,0.0,46.0,466.0,0.0,34.0,63.0,,qualification,2,True,False,False,False,False,False,False
MSF60122,Advanced Diploma Of Interior Design,Advanced Diploma,Architecture And Building,477,True,82.0,89.0,7.0,88.0,93.0,5.0,75.0,38.0,-37.0,14.0,55.0,41.0,43300.0,19600.0,41200.0,19500.0,52100.0,0.0,,0.0,14.0,98.0,0.0,0.0,0.0,9.0,68.0,22.0,150.0,0.0,10.0,90.0,,qualification,2,True,False,False,False,False,False,False
AHC51019,Diploma Of Sports Turf Management,Diploma,"Agriculture, Environment And Related Studies",478,True,91.0,89.0,-2.0,91.0,89.0,-2.0,0.0,0.0,0.0,84.0,89.0,5.0,70200.0,14400.0,70100.0,14400.0,70100.0,14000.0,,0.0,0.0,0.0,0.0,0.0,0.0,0.0,86.0,28.0,650.0,0.0,11.0,76.0,1,qualification,1,True,False,False,False,False,False,False
MEM30619,Certificate III In Jewellery Manufacture,Certificate III,Creative Arts,479,True,75.0,91.0,16.0,91.0,100.0,9.0,51.0,51.0,0.0,36.0,47.0,11.0,35900.0,9300.0,34800.0,10100.0,0.0,0.0,,0.0,24.0,76.0,9.0,26.0,0.0,9.0,96.0,28.0,399.0,0.0,9.0,91.0,,qualification,2,True,False,False,False,False,False,False
MEM30719,Certificate III In Marine Craft Construction,Certificate III,Engineering And Related Technologies,480,True,75.0,93.0,18.0,78.0,100.0,22.0,15.0,0.0,-15.0,64.0,89.0,25.0,61100.0,43500.0,60700.0,45200.0,65400.0,40600.0,,0.0,13.0,0.0,0.0,87.0,0.0,16.0,86.0,23.0,1312.0,0.0,22.0,66.0,,qualification,2,True,False,False,False,False,False,False
UEE33020,Certificate III In Electrical Fitting,Certificate III,Engineering And Related Technologies,481,True,86.0,100.0,14.0,86.0,100.0,14.0,20.0,0.0,-20.0,78.0,100.0,22.0,93600.0,36200.0,93600.0,36200.0,93600.0,29000.0,,0.0,9.0,0.0,0.0,82.0,0.0,16.0,67.0,26.0,851.0,0.0,16.0,75.0,,qualification,2,True,False,False,False,False,False,False
ACM50119,Diploma Of Animal Technology,Diploma,Health,482,True,67.0,94.0,27.0,67.0,94.0,27.0,39.0,35.0,-4.0,22.0,59.0,37.0,41200.0,17700.0,41200.0,17700.0,55600.0,0.0,,0.0,26.0,82.0,0.0,0.0,0.0,0.0,94.0,23.0,316.0,0.0,11.0,89.0,,qualification,2,True,False,False,False,False,False,False
AUR30720,Certificate III In Outdoor Power Equipment Technology,Certificate III,Engineering And Related Technologies,483,True,85.0,100.0,15.0,89.0,100.0,11.0,17.0,0.0,-17.0,70.0,100.0,30.0,59500.0,35100.0,59600.0,35300.0,60500.0,23900.0,,0.0,20.0,0.0,0.0,94.0,0.0,46.0,96.0,22.0,1072.0,0.0,76.0,24.0,,qualification,2,True,False,False,False,False,False,False
MEM31419,Certificate III In Engineering - Fixed And Mobile Plant Mechanic,Certificate III,Engineering And Related Technologies,484,True,67.0,85.0,18.0,69.0,89.0,20.0,0.0,0.0,0.0,65.0,89.0,24.0,158300.0,33100.0,157800.0,32900.0,157800.0,32900.0,,0.0,28.0,0.0,0.0,0.0,0.0,9.0,0.0,36.0,85.0,0.0,37.0,57.0,,qualification,2,True,False,False,False,False,False,False
UEE62122,Advanced Diploma Of Engineering Technology - Electrical,Advanced Diploma,Engineering And Related Technologies,485,True,67.0,91.0,24.0,82.0,96.0,14.0,13.0,9.0,-4.0,63.0,85.0,22.0,68800.0,27300.0,68500.0,25500.0,75100.0,0.0,,0.0,33.0,0.0,0.0,0.0,0.0,0.0,100.0,28.0,775.0,0.0,0.0,96.0,,qualification,2,True,False,False,False,False,False,False
CUA40520,Certificate IV In Musical Theatre,Certificate IV,Creative Arts,486,True,70.0,100.0,30.0,70.0,100.0,30.0,57.0,79.0,22.0,13.0,17.0,4.0,25000.0,19300.0,26200.0,19400.0,0.0,0.0,,21.0,40.0,79.0,0.0,0.0,0.0,0.0,17.0,19.0,300.0,0.0,0.0,94.0,,qualification,2,True,False,False,False,False,False,False
LGA30304,Certificate III In Local Government (Operational Works),Certificate III,Engineering And Related Technologies,487,True,98.0,83.0,-15.0,98.0,83.0,-15.0,0.0,0.0,0.0,98.0,76.0,-22.0,60300.0,10800.0,60300.0,10800.0,60200.0,11100.0,,0.0,15.0,0.0,0.0,62.0,47.0,47.0,76.0,36.0,563.0,40.0,40.0,0.0,,qualification,2,True,False,False,False,False,False,False
UEE21920,Certificate II In Electronics,Certificate II,Engineering And Related Technologies,488,True,62.0,83.0,21.0,66.0,83.0,17.0,25.0,9.0,-16.0,45.0,79.0,34.0,41600.0,9500.0,41300.0,11700.0,44600.0,0.0,,47.0,51.0,0.0,0.0,0.0,0.0,40.0,100.0,23.0,150.0,0.0,23.0,72.0,,qualification,2,True,False,False,False,False,False,False
AVI50419,Diploma Of Aviation (Flight Instructor),Diploma,Engineering And Related Technologies,489,True,77.0,92.0,15.0,85.0,92.0,7.0,27.0,19.0,-8.0,54.0,71.0,17.0,59300.0,23300.0,59300.0,24000.0,62500.0,0.0,,0.0,17.0,15.0,0.0,0.0,0.0,0.0,0.0,26.0,231.0,0.0,10.0,77.0,,qualification,2,True,False,False,False,False,False,False
CUA30520,Certificate III In Aboriginal And/Or Torres Strait Islander Cultural Arts,Certificate III,Creative Arts,490,True,50.0,48.0,-2.0,46.0,48.0,2.0,23.0,37.0,14.0,19.0,27.0,8.0,0.0,0.0,0.0,0.0,0.0,0.0,,33.0,35.0,75.0,33.0,0.0,98.0,39.0,87.0,41.0,275.0,0.0,64.0,37.0,,qualification,2,True,False,False,False,False,False,False
HLT30121,Certificate III In Aboriginal And/Or Torres Strait Islander Primary Health Care,Certificate III,Health,491,True,67.0,87.0,20.0,67.0,87.0,20.0,40.0,46.0,6.0,31.0,50.0,19.0,50900.0,26400.0,53900.0,28100.0,0.0,0.0,,39.0,56.0,90.0,10.0,21.0,100.0,23.0,90.0,30.0,481.0,40.0,50.0,10.0,,qualification,2,True,False,False,False,False,False,False
PSP60122,Advanced Diploma Of Government,Advanced Diploma,Management And Commerce,492,True,98.0,94.0,-4.0,98.0,94.0,-4.0,0.0,0.0,0.0,82.0,84.0,2.0,110000.0,2000.0,110000.0,2000.0,112200.0,-600.0,,0.0,24.0,29.0,0.0,0.0,0.0,18.0,0.0,48.0,57.0,0.0,45.0,55.0,,qualification,2,True,False,False,False,False,False,False
AMP31016,Certificate III In Meat Processing (Smallgoods - Manufacture),Certificate III,Engineering And Related Technologies,493,True,86.0,100.0,14.0,92.0,100.0,8.0,24.0,0.0,-24.0,64.0,100.0,36.0,54700.0,13900.0,54700.0,14900.0,55800.0,9600.0,,12.0,22.0,16.0,0.0,100.0,0.0,24.0,86.0,34.0,468.0,0.0,83.0,18.0,,qualification,2,True,False,False,False,False,False,False
ICP31220,Certificate III In Printing,Certificate III,Engineering And Related Technologies,494,True,80.0,84.0,4.0,80.0,84.0,4.0,12.0,0.0,-12.0,58.0,74.0,16.0,67700.0,32200.0,67700.0,33200.0,68600.0,26700.0,,0.0,0.0,18.0,0.0,100.0,0.0,18.0,100.0,28.0,1062.0,0.0,24.0,66.0,,qualification,2,True,False,False,False,False,False,False
