course_id,course_name,occupation_name,pct_share,source_sheet,anzsco_code,anzsco_occupation_title,anzsco_major_group_code,anzsco_major_group_label,anzsco_sub_major_group_code,anzsco_minor_group_code,anzsco_unit_group_code,anzsco_match_method,anzsco_match_score,anzsco_match_status,course_occupation_rank
10727NAT,Certificate I In Spoken And Written English,Unknown,25.0,qual_by_occ,,,,,,,,,,unknown_occupation,1
10727NAT,Certificate I In Spoken And Written English,Commercial Cleaner,9.0,qual_by_occ,811211,Commercial Cleaner,8,Labourers,81,811,8112,exact,100.0,matched_exact,2
10728NAT,Certificate II In Spoken And Written English,Unknown,20.0,qual_by_occ,,,,,,,,,,unknown_occupation,1
10728NAT,Certificate II In Spoken And Written English,Commercial Cleaner,6.0,qual_by_occ,811211,Commercial Cleaner,8,Labourers,81,811,8112,exact,100.0,matched_exact,2
10728NAT,Certificate II In Spoken And Written English,Kitchenhand,6.0,qual_by_occ,851311,Kitchenhand,8,Labourers,85,851,8513,exact,100.0,matched_exact,3
10729NAT,Certificate III In Spoken And Written English,Unknown,13.0,qual_by_occ,,,,,,,,,,unknown_occupation,1
10729NAT,Certificate III In Spoken And Written English,Aged Or Disabled Carer,6.0,qual_by_occ,423111,Aged or Disabled Carer,4,Community and Personal Service Workers,42,423,4231,exact,100.0,matched_exact,2
10741NAT,Certificate III In Christian Ministry And Theology,Unknown,17.0,qual_by_occ,,,,,,,,,,unknown_occupation,1
10741NAT,Certificate III In Christian Ministry And Theology,Sales Assistant (General),15.0,qual_by_occ,621111,Sales Assistant (General),6,Sales Workers,62,621,6211,exact,100.0,matched_exact,2
22316VIC,Advanced Diploma Of Myotherapy,Unknown,42.0,qual_by_occ,,,,,,,,,,unknown_occupation,1
22472VIC,Certificate I In General Education For Adults,Unknown,25.0,qual_by_occ,,,,,,,,,,unknown_occupation,1
22473VIC,Certificate II In General Education For Adults,Unknown,23.0,qual_by_occ,,,,,,,,,,unknown_occupation,1
22473VIC,Certificate II In General Education For Adults,Sales Assistant (General),6.0,qual_by_occ,621111,Sales Assistant (General),6,Sales Workers,62,621,6211,exact,100.0,matched_exact,2
22477VIC,Advanced Diploma Of Building Design (Architectural),Architectural Draftsperson,26.0,qual_by_occ,312111,Architectural Draftsperson,3,Technicians and Trades Workers,31,312,3121,exact,100.0,matched_exact,1
22477VIC,Advanced Diploma Of Building Design (Architectural),Unknown,11.0,qual_by_occ,,,,,,,,,,unknown_occupation,2
22481VIC,Certificate II In Work Education,Unknown,65.0,qual_by_occ,,,,,,,,,,unknown_occupation,1
22484VIC,Certificate I In Eal (Access),Unknown,26.0,qual_by_occ,,,,,,,,,,unknown_occupation,1
22485VIC,Certificate II In Eal (Access),Unknown,20.0,qual_by_occ,,,,,,,,,,unknown_occupation,1
22486VIC,Certificate III In Eal (Access),Unknown,16.0,qual_by_occ,,,,,,,,,,unknown_occupation,1
22499VIC,Certificate II In Electrotechnology (Pre-Vocational),Electrician (General),42.0,qual_by_occ,341111,Electrician (General),3,Technicians and Trades Workers,34,341,3411,exact,100.0,matched_exact,1
22566VIC,Certificate I In Work Education,Unknown,51.0,qual_by_occ,,,,,,,,,,unknown_occupation,1
22567VIC,Certificate I In Transition Education,Unknown,61.0,qual_by_occ,,,,,,,,,,unknown_occupation,1
22569VIC,Certificate II In Plumbing (Pre-Apprenticeship),Plumber (General),34.0,qual_by_occ,334111,Plumber (General),3,Technicians and Trades Workers,33,334,3341,exact,100.0,matched_exact,1
22582VIC,Certificate IV In Tertiary Preparation,Unknown,17.0,qual_by_occ,,,,,,,,,,unknown_occupation,1
22603VIC,Certificate IV In Cyber Security,Unknown,10.0,qual_by_occ,,,,,,,,,,unknown_occupation,1
22603VIC,Certificate IV In Cyber Security,ICT Customer Support Officer,4.0,qual_by_occ,313112,ICT Customer Support Officer,3,Technicians and Trades Workers,31,313,3131,exact,100.0,matched_exact,2
22603VIC,Certificate IV In Cyber Security,ICT Security Specialist,4.0,qual_by_occ,262112,ICT Security Specialist,2,Professionals,26,262,2621,exact,100.0,matched_exact,3
22603VIC,Certificate IV In Cyber Security,ICT Support Engineer,4.0,qual_by_occ,263212,ICT Support Engineer,2,Professionals,26,263,2632,exact,100.0,matched_exact,4
22614VIC,Certificate II In Building And Construction Pre-Apprenticeship,Carpenter And Joiner,31.0,qual_by_occ,331211,Carpenter and Joiner,3,Technicians and Trades Workers,33,331,3312,exact,100.0,matched_exact,1
22614VIC,Certificate II In Building And Construction Pre-Apprenticeship,Unknown,11.0,qual_by_occ,,,,,,,,,,unknown_occupation,2
52878WA,Certificate I In Leadership,Unknown,37.0,qual_by_occ,,,,,,,,,,unknown_occupation,1
52887WA,Certificate II In Plumbing,Plumber (General),46.0,qual_by_occ,334111,Plumber (General),3,Technicians and Trades Workers,33,334,3341,exact,100.0,matched_exact,1
52893WA,Certificate II In Building And Construction (Pathway - Trades),Carpenter And Joiner,17.0,qual_by_occ,331211,Carpenter and Joiner,3,Technicians and Trades Workers,33,331,3312,exact,100.0,matched_exact,1
52895WA,Certificate IV In Preparation For Health And Nursing Studies,Aged Or Disabled Carer,16.0,qual_by_occ,423111,Aged or Disabled Carer,4,Community and Personal Service Workers,42,423,4231,exact,100.0,matched_exact,1
52895WA,Certificate IV In Preparation For Health And Nursing Studies,Unknown,9.0,qual_by_occ,,,,,,,,,,unknown_occupation,2
ACM20121,Certificate II In Animal Care,Veterinary Nurse,15.0,qual_by_occ,361311,Veterinary Nurse,3,Technicians and Trades Workers,36,361,3613,exact,100.0,matched_exact,1
ACM20121,Certificate II In Animal Care,Unknown,10.0,qual_by_occ,,,,,,,,,,unknown_occupation,2
ACM20121,Certificate II In Animal Care,Sales Assistant (General),9.0,qual_by_occ,621111,Sales Assistant (General),6,Sales Workers,62,621,6211,exact,100.0,matched_exact,3
ACM20121,Certificate II In Animal Care,Office Cashier,4.0,qual_by_occ,631112,Office Cashier,6,Sales Workers,63,631,6311,exact,100.0,matched_exact,4
ACM20121,Certificate II In Animal Care,Animal Attendants And Trainers NEC,3.0,qual_by_occ,361199,Animal Attendants and Trainers nec,3,Technicians and Trades Workers,36,361,3611,exact,100.0,matched_exact,5
ACM20121,Certificate II In Animal Care,General Clerk,3.0,qual_by_occ,531111,General Clerk,5,Clerical and Administrative Workers,53,531,5311,exact,100.0,matched_exact,6
ACM20121,Certificate II In Animal Care,Sales Assistants And Salespersons NEC,3.0,qual_by_occ,621999,Sales Assistants and Salespersons nec,6,Sales Workers,62,621,6219,exact,100.0,matched_exact,7
ACM20121,Certificate II In Animal Care,Waiter,3.0,qual_by_occ,431511,Waiter,4,Community and Personal Service Workers,43,431,4315,exact,100.0,matched_exact,8
ACM20121,Certificate II In Animal Care,Bar Attendant,2.0,qual_by_occ,431111,Bar Attendant,4,Community and Personal Service Workers,43,431,4311,exact,100.0,matched_exact,9
ACM20121,Certificate II In Animal Care,Checkout Operator,2.0,qual_by_occ,631111,Checkout Operator,6,Sales Workers,63,631,6311,exact,100.0,matched_exact,10
ACM20121,Certificate II In Animal Care,Child Care Worker,2.0,qual_by_occ,421111,Child Care Worker,4,Community and Personal Service Workers,42,421,4211,exact,100.0,matched_exact,11
ACM20121,Certificate II In Animal Care,Fast Food Cook,2.0,qual_by_occ,851111,Fast Food Cook,8,Labourers,85,851,8511,exact,100.0,matched_exact,12
ACM20121,Certificate II In Animal Care,Storeperson,2.0,qual_by_occ,741111,Storeperson,7,Machinery Operators and Drivers,74,741,7411,exact,100.0,matched_exact,13
ACM30122,Certificate III In Animal Care Services,Veterinary Nurse,19.0,qual_by_occ,361311,Veterinary Nurse,3,Technicians and Trades Workers,36,361,3613,exact,100.0,matched_exact,1
ACM30122,Certificate III In Animal Care Services,Sales Assistant (General),10.0,qual_by_occ,621111,Sales Assistant (General),6,Sales Workers,62,621,6211,exact,100.0,matched_exact,2
ACM30122,Certificate III In Animal Care Services,Unknown,8.0,qual_by_occ,,,,,,,,,,unknown_occupation,3
ACM30122,Certificate III In Animal Care Services,Animal Attendants And Trainers NEC,5.0,qual_by_occ,361199,Animal Attendants and Trainers nec,3,Technicians and Trades Workers,36,361,3611,exact,100.0,matched_exact,4
ACM30122,Certificate III In Animal Care Services,Pet Groomer,4.0,qual_by_occ,361113,Pet Groomer,3,Technicians and Trades Workers,36,361,3611,exact,100.0,matched_exact,5
ACM30122,Certificate III In Animal Care Services,Waiter,4.0,qual_by_occ,431511,Waiter,4,Community and Personal Service Workers,43,431,4315,exact,100.0,matched_exact,6
ACM30122,Certificate III In Animal Care Services,Office Cashier,3.0,qual_by_occ,631112,Office Cashier,6,Sales Workers,63,631,6311,exact,100.0,matched_exact,7
ACM30122,Certificate III In Animal Care Services,General Clerk,2.0,qual_by_occ,531111,General Clerk,5,Clerical and Administrative Workers,53,531,5311,exact,100.0,matched_exact,8
ACM30321,Certificate III In Wildlife And Exhibited Animal Care,Zookeeper,21.0,qual_by_occ,361114,Zookeeper,3,Technicians and Trades Workers,36,361,3611,exact,100.0,matched_exact,1
ACM30321,Certificate III In Wildlife And Exhibited Animal Care,Sales Assistant (General),9.0,qual_by_occ,621111,Sales Assistant (General),6,Sales Workers,62,621,6211,exact,100.0,matched_exact,2
ACM40418,Certificate IV In Veterinary Nursing,Veterinary Nurse,68.0,qual_by_occ,361311,Veterinary Nurse,3,Technicians and Trades Workers,36,361,3613,exact,100.0,matched_exact,1
ACM40418,Certificate IV In Veterinary Nursing,Unknown,4.0,qual_by_occ,,,,,,,,,,unknown_occupation,2
ACM40418,Certificate IV In Veterinary Nursing,Sales Assistant (General),3.0,qual_by_occ,621111,Sales Assistant (General),6,Sales Workers,62,621,6211,exact,100.0,matched_exact,3
AHC10120,Certificate I In Conservation And Ecosystem Management,Unknown,19.0,qual_by_occ,,,,,,,,,,unknown_occupation,1
AHC20122,Certificate II In Agriculture,Beef Cattle Farm Worker,24.0,qual_by_occ,841511,Beef Cattle Farm Worker,8,Labourers,84,841,8415,exact,100.0,matched_exact,1
AHC20422,Certificate II In Horticulture,Unknown,17.0,qual_by_occ,,,,,,,,,,unknown_occupation,1
AHC20422,Certificate II In Horticulture,Gardener (General),12.0,qual_by_occ,362211,Gardener (General),3,Technicians and Trades Workers,36,362,3622,exact,100.0,matched_exact,2
AHC20422,Certificate II In Horticulture,Landscape Gardener,5.0,qual_by_occ,362213,Landscape Gardener,3,Technicians and Trades Workers,36,362,3622,exact,100.0,matched_exact,3
AHC20422,Certificate II In Horticulture,Sales Assistant (General),5.0,qual_by_occ,621111,Sales Assistant (General),6,Sales Workers,62,621,6211,exact,100.0,matched_exact,4
AHC30122,Certificate III In Agriculture,Dairy Cattle Farm Worker,13.0,qual_by_occ,841512,Dairy Cattle Farm Worker,8,Labourers,84,841,8415,exact,100.0,matched_exact,1
AHC30122,Certificate III In Agriculture,Beef Cattle Farm Worker,12.0,qual_by_occ,841511,Beef Cattle Farm Worker,8,Labourers,84,841,8415,exact,100.0,matched_exact,2
AHC30122,Certificate III In Agriculture,Unknown,9.0,qual_by_occ,,,,,,,,,,unknown_occupation,3
AHC30122,Certificate III In Agriculture,Mixed Livestock Farm Worker,8.0,qual_by_occ,841513,Mixed Livestock Farm Worker,8,Labourers,84,841,8415,exact,100.0,matched_exact,4
AHC30422,Certificate III In Pork Production,Pig Farmer,57.0,qual_by_occ,121318,Pig Farmer,1,Managers,12,121,1213,exact,100.0,matched_exact,1
AHC30722,Certificate III In Horticulture,Gardener (General),14.0,qual_by_occ,362211,Gardener (General),3,Technicians and Trades Workers,36,362,3622,exact,100.0,matched_exact,1
AHC30722,Certificate III In Horticulture,Unknown,13.0,qual_by_occ,,,,,,,,,,unknown_occupation,2
AHC30722,Certificate III In Horticulture,Landscape Gardener,6.0,qual_by_occ,362213,Landscape Gardener,3,Technicians and Trades Workers,36,362,3622,exact,100.0,matched_exact,3
AHC30722,Certificate III In Horticulture,Nurseryperson,5.0,qual_by_occ,362411,Nurseryperson,3,Technicians and Trades Workers,36,362,3624,exact,100.0,matched_exact,4
AHC30722,Certificate III In Horticulture,Garden Labourer,3.0,qual_by_occ,841411,Garden Labourer,8,Labourers,84,841,8414,exact,100.0,matched_exact,5
AHC30722,Certificate III In Horticulture,Greenkeeper,3.0,qual_by_occ,362311,Greenkeeper,3,Technicians and Trades Workers,36,362,3623,exact,100.0,matched_exact,6
AHC30722,Certificate III In Horticulture,Horticultural Nursery Assistant,3.0,qual_by_occ,841412,Horticultural Nursery Assistant,8,Labourers,84,841,8414,exact,100.0,matched_exact,7
AHC30722,Certificate III In Horticulture,Sales Assistant (General),3.0,qual_by_occ,621111,Sales Assistant (General),6,Sales Workers,62,621,6211,exact,100.0,matched_exact,8
AHC30820,Certificate III In Arboriculture,Arborist,58.0,qual_by_occ,362212,Arborist,3,Technicians and Trades Workers,36,362,3622,exact,100.0,matched_exact,1
AHC30820,Certificate III In Arboriculture,Unknown,13.0,qual_by_occ,,,,,,,,,,unknown_occupation,2
AHC30921,Certificate III In Landscape Construction,Landscape Gardener,35.0,qual_by_occ,362213,Landscape Gardener,3,Technicians and Trades Workers,36,362,3622,exact,100.0,matched_exact,1
AHC30921,Certificate III In Landscape Construction,Unknown,15.0,qual_by_occ,,,,,,,,,,unknown_occupation,2
AHC30921,Certificate III In Landscape Construction,Builder's Labourer,4.0,qual_by_occ,821111,Builder's Labourer,8,Labourers,82,821,8211,exact,100.0,matched_exact,3
AHC30921,Certificate III In Landscape Construction,Gardener (General),4.0,qual_by_occ,362211,Gardener (General),3,Technicians and Trades Workers,36,362,3622,exact,100.0,matched_exact,4
AHC30921,Certificate III In Landscape Construction,Labourers NEC,3.0,qual_by_occ,899999,Labourers nec,8,Labourers,89,899,8999,exact,100.0,matched_exact,5
AHC31021,Certificate III In Parks And Gardens,Gardener (General),31.0,qual_by_occ,362211,Gardener (General),3,Technicians and Trades Workers,36,362,3622,exact,100.0,matched_exact,1
AHC31021,Certificate III In Parks And Gardens,Landscape Gardener,19.0,qual_by_occ,362213,Landscape Gardener,3,Technicians and Trades Workers,36,362,3622,exact,100.0,matched_exact,2
AHC31021,Certificate III In Parks And Gardens,Unknown,13.0,qual_by_occ,,,,,,,,,,unknown_occupation,3
AHC31319,Certificate III In Sports Turf Management,Greenkeeper,68.0,qual_by_occ,362311,Greenkeeper,3,Technicians and Trades Workers,36,362,3623,exact,100.0,matched_exact,1
AHC31421,Certificate III In Conservation And Ecosystem Management,"Farm, Forestry And Garden Workers NEC",14.0,qual_by_occ,841999,"Farm, Forestry and Garden Workers nec",8,Labourers,84,841,8419,exact,100.0,matched_exact,1
AHC31421,Certificate III In Conservation And Ecosystem Management,Unknown,11.0,qual_by_occ,,,,,,,,,,unknown_occupation,2
AHC32822,Certificate III In Rural Operations,Unknown,18.0,qual_by_occ,,,,,,,,,,unknown_occupation,1
AHC41316,Certificate IV In Wool Classing,Unknown,27.0,qual_by_occ,,,,,,,,,,unknown_occupation,1
AHC50520,Diploma Of Arboriculture,Arborist,46.0,qual_by_occ,362212,Arborist,3,Technicians and Trades Workers,36,362,3622,exact,100.0,matched_exact,1
AHC51019,Diploma Of Sports Turf Management,Greenkeeper,71.0,qual_by_occ,362311,Greenkeeper,3,Technicians and Trades Workers,36,362,3623,exact,100.0,matched_exact,1
AMP20316,Certificate II In Meat Processing (Abattoirs),Meat Process Worker,31.0,qual_by_occ,831311,Meat Process Worker,8,Labourers,83,831,8313,exact,100.0,matched_exact,1
AMP20316,Certificate II In Meat Processing (Abattoirs),Meat Boner And Slicer,11.0,qual_by_occ,831211,Meat Boner and Slicer,8,Labourers,83,831,8312,exact,100.0,matched_exact,2
AMP20316,Certificate II In Meat Processing (Abattoirs),Meat Packer,7.0,qual_by_occ,832114,Meat Packer,8,Labourers,83,832,8321,exact,100.0,matched_exact,3
AMP20316,Certificate II In Meat Processing (Abattoirs),Unknown,5.0,qual_by_occ,,,,,,,,,,unknown_occupation,4
AMP30116,Certificate III In Meat Processing (Boning Room),Meat Boner And Slicer,53.0,qual_by_occ,831211,Meat Boner and Slicer,8,Labourers,83,831,8312,exact,100.0,matched_exact,1
AMP30815,Certificate III In Meat Processing (Retail Butcher),Butcher Or Smallgoods Maker,68.0,qual_by_occ,351211,Butcher or Smallgoods Maker,3,Technicians and Trades Workers,35,351,3512,exact,100.0,matched_exact,1
AUR20220,Certificate II In Automotive Air Conditioning Technology,Motor Mechanic (General),31.0,qual_by_occ,321211,Motor Mechanic (General),3,Technicians and Trades Workers,32,321,3212,exact,100.0,matched_exact,1
AUR20220,Certificate II In Automotive Air Conditioning Technology,Diesel Motor Mechanic,27.0,qual_by_occ,321212,Diesel Motor Mechanic,3,Technicians and Trades Workers,32,321,3212,exact,100.0,matched_exact,2
AUR20220,Certificate II In Automotive Air Conditioning Technology,Unknown,11.0,qual_by_occ,,,,,,,,,,unknown_occupation,3
AUR20220,Certificate II In Automotive Air Conditioning Technology,Automotive Electrician,6.0,qual_by_occ,321111,Automotive Electrician,3,Technicians and Trades Workers,32,321,3211,exact,100.0,matched_exact,4
AUR20220,Certificate II In Automotive Air Conditioning Technology,Fitter (General),6.0,qual_by_occ,323211,Fitter (General),3,Technicians and Trades Workers,32,323,3232,exact,100.0,matched_exact,5
AUR20420,Certificate II In Automotive Electrical Technology,Automotive Electrician,24.0,qual_by_occ,321111,Automotive Electrician,3,Technicians and Trades Workers,32,321,3211,exact,100.0,matched_exact,1
AUR20520,Certificate II In Automotive Servicing Technology,Motor Mechanic (General),34.0,qual_by_occ,321211,Motor Mechanic (General),3,Technicians and Trades Workers,32,321,3212,exact,100.0,matched_exact,1
AUR20520,Certificate II In Automotive Servicing Technology,Unknown,9.0,qual_by_occ,,,,,,,,,,unknown_occupation,2
AUR20520,Certificate II In Automotive Servicing Technology,Labourers NEC,5.0,qual_by_occ,899999,Labourers nec,8,Labourers,89,899,8999,exact,100.0,matched_exact,3
AUR20720,Certificate II In Automotive Vocational Preparation,Motor Mechanic (General),22.0,qual_by_occ,321211,Motor Mechanic (General),3,Technicians and Trades Workers,32,321,3212,exact,100.0,matched_exact,1
AUR20720,Certificate II In Automotive Vocational Preparation,Unknown,12.0,qual_by_occ,,,,,,,,,,unknown_occupation,2
AUR21920,Certificate II In Automotive Tyre Servicing Technology,Tyre Fitter,60.0,qual_by_occ,899415,Tyre Fitter,8,Labourers,89,899,8994,exact,100.0,matched_exact,1
AUR30320,Certificate III In Automotive Electrical Technology,Automotive Electrician,37.0,qual_by_occ,321111,Automotive Electrician,3,Technicians and Trades Workers,32,321,3211,exact,100.0,matched_exact,1
AUR30320,Certificate III In Automotive Electrical Technology,Diesel Motor Mechanic,18.0,qual_by_occ,321212,Diesel Motor Mechanic,3,Technicians and Trades Workers,32,321,3212,exact,100.0,matched_exact,2
AUR30320,Certificate III In Automotive Electrical Technology,Motor Mechanic (General),18.0,qual_by_occ,321211,Motor Mechanic (General),3,Technicians and Trades Workers,32,321,3212,exact,100.0,matched_exact,3
AUR30320,Certificate III In Automotive Electrical Technology,Unknown,8.0,qual_by_occ,,,,,,,,,,unknown_occupation,4
AUR30420,Certificate III In Agricultural Mechanical Technology,Diesel Motor Mechanic,53.0,qual_by_occ,321212,Diesel Motor Mechanic,3,Technicians and Trades Workers,32,321,3212,exact,100.0,matched_exact,1
AUR30620,Certificate III In Light Vehicle Mechanical Technology,Motor Mechanic (General),68.0,qual_by_occ,321211,Motor Mechanic (General),3,Technicians and Trades Workers,32,321,3212,exact,100.0,matched_exact,1
AUR30620,Certificate III In Light Vehicle Mechanical Technology,Unknown,6.0,qual_by_occ,,,,,,,,,,unknown_occupation,2
AUR30620,Certificate III In Light Vehicle Mechanical Technology,Diesel Motor Mechanic,4.0,qual_by_occ,321212,Diesel Motor Mechanic,3,Technicians and Trades Workers,32,321,3212,exact,100.0,matched_exact,3
AUR30620,Certificate III In Light Vehicle Mechanical Technology,Fitter (General),1.0,qual_by_occ,323211,Fitter (General),3,Technicians and Trades Workers,32,323,3232,exact,100.0,matched_exact,4
AUR30620,Certificate III In Light Vehicle Mechanical Technology,Mechanical Engineering Trades Workers NFD,1.0,qual_by_occ,,,,,,,,,,not_further_defined,5
AUR30620,Certificate III In Light Vehicle Mechanical Technology,Motor Mechanics NFD,1.0,qual_by_occ,,,,,,,,,,not_further_defined,6
AUR30820,Certificate III In Motorcycle Mechanical Technology,Motorcycle Mechanic,52.0,qual_by_occ,321213,Motorcycle Mechanic,3,Technicians and Trades Workers,32,321,3212,exact,100.0,matched_exact,1
AUR31020,Certificate III In Automotive Sales,Sales Representative (Motor Vehicle Parts And Accessories),28.0,qual_by_occ,611313,Sales Representative (Motor Vehicle Parts and Accessories),6,Sales Workers,61,611,6113,exact,100.0,matched_exact,1
AUR31120,Certificate III In Heavy Commercial Vehicle Mechanical Technology,Diesel Motor Mechanic,47.0,qual_by_occ,321212,Diesel Motor Mechanic,3,Technicians and Trades Workers,32,321,3212,exact,100.0,matched_exact,1
AUR31120,Certificate III In Heavy Commercial Vehicle Mechanical Technology,Motor Mechanic (General),26.0,qual_by_occ,321211,Motor Mechanic (General),3,Technicians and Trades Workers,32,321,3212,exact,100.0,matched_exact,2
AUR31120,Certificate III In Heavy Commercial Vehicle Mechanical Technology,Unknown,6.0,qual_by_occ,,,,,,,,,,unknown_occupation,3
AUR31220,Certificate III In Mobile Plant Technology,Diesel Motor Mechanic,50.0,qual_by_occ,321212,Diesel Motor Mechanic,3,Technicians and Trades Workers,32,321,3212,exact,100.0,matched_exact,1
AUR31220,Certificate III In Mobile Plant Technology,Motor Mechanic (General),17.0,qual_by_occ,321211,Motor Mechanic (General),3,Technicians and Trades Workers,32,321,3212,exact,100.0,matched_exact,2
AUR31220,Certificate III In Mobile Plant Technology,Fitter (General),10.0,qual_by_occ,323211,Fitter (General),3,Technicians and Trades Workers,32,323,3232,exact,100.0,matched_exact,3
AUR31220,Certificate III In Mobile Plant Technology,Unknown,6.0,qual_by_occ,,,,,,,,,,unknown_occupation,4
AUR32120,Certificate III In Automotive Body Repair Technology,Panelbeater,59.0,qual_by_occ,324111,Panelbeater,3,Technicians and Trades Workers,32,324,3241,exact,100.0,matched_exact,1
AUR32120,Certificate III In Automotive Body Repair Technology,Motor Mechanics NFD,11.0,qual_by_occ,,,,,,,,,,not_further_defined,2
AUR32420,Certificate III In Automotive Refinishing Technology,Vehicle Painter,52.0,qual_by_occ,324311,Vehicle Painter,3,Technicians and Trades Workers,32,324,3243,exact,100.0,matched_exact,1
AUR40216,Certificate IV In Automotive Mechanical Diagnosis,Motor Mechanic (General),38.0,qual_by_occ,321211,Motor Mechanic (General),3,Technicians and Trades Workers,32,321,3212,exact,100.0,matched_exact,1
AVI30419,Certificate III In Aviation (Remote Pilot),Unknown,12.0,qual_by_occ,,,,,,,,,,unknown_occupation,1
AVI30419,Certificate III In Aviation (Remote Pilot),Defence Force Member - Other Ranks,10.0,qual_by_occ,441111,Defence Force Member - Other Ranks,4,Community and Personal Service Workers,44,441,4411,exact,100.0,matched_exact,2
BSB10120,Certificate I In Workplace Skills,Unknown,25.0,qual_by_occ,,,,,,,,,,unknown_occupation,1
BSB20120,Certificate II In Workplace Skills,Unknown,17.0,qual_by_occ,,,,,,,,,,unknown_occupation,1
BSB20120,Certificate II In Workplace Skills,Sales Assistant (General),7.0,qual_by_occ,621111,Sales Assistant (General),6,Sales Workers,62,621,6211,exact,100.0,matched_exact,2
BSB20120,Certificate II In Workplace Skills,Commercial Cleaner,4.0,qual_by_occ,811211,Commercial Cleaner,8,Labourers,81,811,8112,exact,100.0,matched_exact,3
BSB20120,Certificate II In Workplace Skills,General Clerk,4.0,qual_by_occ,531111,General Clerk,5,Clerical and Administrative Workers,53,531,5311,exact,100.0,matched_exact,4
BSB20120,Certificate II In Workplace Skills,Fast Food Cook,3.0,qual_by_occ,851111,Fast Food Cook,8,Labourers,85,851,8511,exact,100.0,matched_exact,5
BSB20120,Certificate II In Workplace Skills,Secondary School Teacher,3.0,qual_by_occ,241411,Secondary School Teacher,2,Professionals,24,241,2414,exact,100.0,matched_exact,6
BSB20120,Certificate II In Workplace Skills,Waiter,3.0,qual_by_occ,431511,Waiter,4,Community and Personal Service Workers,43,431,4315,exact,100.0,matched_exact,7
BSB20120,Certificate II In Workplace Skills,Kitchenhand,2.0,qual_by_occ,851311,Kitchenhand,8,Labourers,85,851,8513,exact,100.0,matched_exact,8
BSB20120,Certificate II In Workplace Skills,Office Cashier,2.0,qual_by_occ,631112,Office Cashier,6,Sales Workers,63,631,6311,exact,100.0,matched_exact,9
BSB30120,Certificate III In Business,Unknown,11.0,qual_by_occ,,,,,,,,,,unknown_occupation,1
BSB30120,Certificate III In Business,General Clerk,10.0,qual_by_occ,531111,General Clerk,5,Clerical and Administrative Workers,53,531,5311,exact,100.0,matched_exact,2
BSB30120,Certificate III In Business,Program Or Project Administrator,5.0,qual_by_occ,511112,Program or Project Administrator,5,Clerical and Administrative Workers,51,511,5111,exact,100.0,matched_exact,3
BSB30120,Certificate III In Business,Sales Assistant (General),5.0,qual_by_occ,621111,Sales Assistant (General),6,Sales Workers,62,621,6211,exact,100.0,matched_exact,4
BSB30120,Certificate III In Business,Office Manager,4.0,qual_by_occ,512111,Office Manager,5,Clerical and Administrative Workers,51,512,5121,exact,100.0,matched_exact,5
BSB30120,Certificate III In Business,Call Or Contact Centre Operator,3.0,qual_by_occ,541112,Call or Contact Centre Operator,5,Clerical and Administrative Workers,54,541,5411,exact,100.0,matched_exact,6
BSB30120,Certificate III In Business,Receptionist (General),3.0,qual_by_occ,542111,Receptionist (General),5,Clerical and Administrative Workers,54,542,5421,exact,100.0,matched_exact,7
BSB30120,Certificate III In Business,Customer Service Manager,2.0,qual_by_occ,149212,Customer Service Manager,1,Managers,14,149,1492,exact,100.0,matched_exact,8
BSB30120,Certificate III In Business,Medical Receptionist,2.0,qual_by_occ,542114,Medical Receptionist,5,Clerical and Administrative Workers,54,542,5421,exact,100.0,matched_exact,9
BSB30120,Certificate III In Business,Office Cashier,2.0,qual_by_occ,631112,Office Cashier,6,Sales Workers,63,631,6311,exact,100.0,matched_exact,10
BSB30120,Certificate III In Business,Waiter,2.0,qual_by_occ,431511,Waiter,4,Community and Personal Service Workers,43,431,4315,exact,100.0,matched_exact,11
BSB30120,Certificate III In Business,Accounts Clerk,1.0,qual_by_occ,551111,Accounts Clerk,5,Clerical and Administrative Workers,55,551,5511,exact,100.0,matched_exact,12
BSB30120,Certificate III In Business,Aged Or Disabled Carer,1.0,qual_by_occ,423111,Aged or Disabled Carer,4,Community and Personal Service Workers,42,423,4231,exact,100.0,matched_exact,13
BSB30120,Certificate III In Business,Bank Worker,1.0,qual_by_occ,552111,Bank Worker,5,Clerical and Administrative Workers,55,552,5521,exact,100.0,matched_exact,14
BSB30120,Certificate III In Business,Bar Attendant,1.0,qual_by_occ,431111,Bar Attendant,4,Community and Personal Service Workers,43,431,4311,exact,100.0,matched_exact,15
BSB30120,Certificate III In Business,Barista,1.0,qual_by_occ,431112,Barista,4,Community and Personal Service Workers,43,431,4311,exact,100.0,matched_exact,16
BSB30120,Certificate III In Business,Cafe Worker,1.0,qual_by_occ,431211,Cafe Worker,4,Community and Personal Service Workers,43,431,4312,exact,100.0,matched_exact,17
BSB30120,Certificate III In Business,Checkout Operator,1.0,qual_by_occ,631111,Checkout Operator,6,Sales Workers,63,631,6311,exact,100.0,matched_exact,18
BSB30120,Certificate III In Business,Child Care Worker,1.0,qual_by_occ,421111,Child Care Worker,4,Community and Personal Service Workers,42,421,4211,exact,100.0,matched_exact,19
BSB30120,Certificate III In Business,Clerical And Office Support Workers NEC,1.0,qual_by_occ,561999,Clerical and Office Support Workers nec,5,Clerical and Administrative Workers,56,561,5619,exact,100.0,matched_exact,20
BSB30120,Certificate III In Business,Commercial Cleaner,1.0,qual_by_occ,811211,Commercial Cleaner,8,Labourers,81,811,8112,exact,100.0,matched_exact,21
BSB30120,Certificate III In Business,Community Worker,1.0,qual_by_occ,411711,Community Worker,4,Community and Personal Service Workers,41,411,4117,exact,100.0,matched_exact,22
BSB30120,Certificate III In Business,Corporate General Manager,1.0,qual_by_occ,111211,Corporate General Manager,1,Managers,11,111,1112,exact,100.0,matched_exact,23
BSB30120,Certificate III In Business,Dental Assistant,1.0,qual_by_occ,423211,Dental Assistant,4,Community and Personal Service Workers,42,423,4232,exact,100.0,matched_exact,24
BSB30120,Certificate III In Business,Fast Food Cook,1.0,qual_by_occ,851111,Fast Food Cook,8,Labourers,85,851,8511,exact,100.0,matched_exact,25
BSB30120,Certificate III In Business,Hospitality Workers NEC,1.0,qual_by_occ,431999,Hospitality Workers nec,4,Community and Personal Service Workers,43,431,4319,exact,100.0,matched_exact,26
BSB30120,Certificate III In Business,ICT Customer Support Officer,1.0,qual_by_occ,313112,ICT Customer Support Officer,3,Technicians and Trades Workers,31,313,3131,exact,100.0,matched_exact,27
BSB30120,Certificate III In Business,Kitchenhand,1.0,qual_by_occ,851311,Kitchenhand,8,Labourers,85,851,8513,exact,100.0,matched_exact,28
BSB30120,Certificate III In Business,Labourers NEC,1.0,qual_by_occ,899999,Labourers nec,8,Labourers,89,899,8999,exact,100.0,matched_exact,29
BSB30120,Certificate III In Business,Medical Administrator,1.0,qual_by_occ,134211,Medical Administrator,1,Managers,13,134,1342,exact,100.0,matched_exact,30
BSB30120,Certificate III In Business,Property Manager,1.0,qual_by_occ,612112,Property Manager,6,Sales Workers,61,612,6121,exact,100.0,matched_exact,31
BSB30120,Certificate III In Business,Recruitment Consultant,1.0,qual_by_occ,223112,Recruitment Consultant,2,Professionals,22,223,2231,exact,100.0,matched_exact,32
BSB30120,Certificate III In Business,Retail Manager (General),1.0,qual_by_occ,142111,Retail Manager (General),1,Managers,14,142,1421,exact,100.0,matched_exact,33
BSB30120,Certificate III In Business,Sales Assistants And Salespersons NEC,1.0,qual_by_occ,621999,Sales Assistants and Salespersons nec,6,Sales Workers,62,621,6219,exact,100.0,matched_exact,34
BSB30120,Certificate III In Business,Sales Assistants And Salespersons NFD,1.0,qual_by_occ,,,,,,,,,,not_further_defined,35
BSB30120,Certificate III In Business,Sales Representative (Business Services),1.0,qual_by_occ,611312,Sales Representative (Business Services),6,Sales Workers,61,611,6113,exact,100.0,matched_exact,36
BSB30120,Certificate III In Business,Sales Representatives NEC,1.0,qual_by_occ,611399,Sales Representatives nec,6,Sales Workers,61,611,6113,exact,100.0,matched_exact,37
BSB30120,Certificate III In Business,Storeperson,1.0,qual_by_occ,741111,Storeperson,7,Machinery Operators and Drivers,74,741,7411,exact,100.0,matched_exact,38
BSB30120,Certificate III In Business,Teachers' Aide,1.0,qual_by_occ,422116,Teachers' Aide,4,Community and Personal Service Workers,42,422,4221,exact,100.0,matched_exact,39
BSB30120,Certificate III In Business,Builder's Labourer,0.0,qual_by_occ,821111,Builder's Labourer,8,Labourers,82,821,8211,exact,100.0,matched_exact,40
BSB30120,Certificate III In Business,Bus Driver,0.0,qual_by_occ,731211,Bus Driver,7,Machinery Operators and Drivers,73,731,7312,exact,100.0,matched_exact,41
BSB30120,Certificate III In Business,Cafe Or Restaurant Manager,0.0,qual_by_occ,141111,Cafe or Restaurant Manager,1,Managers,14,141,1411,exact,100.0,matched_exact,42
BSB30120,Certificate III In Business,Chef,0.0,qual_by_occ,351311,Chef,3,Technicians and Trades Workers,35,351,3513,exact,100.0,matched_exact,43
BSB30120,Certificate III In Business,Cleaners NEC,0.0,qual_by_occ,811699,Cleaners nec,8,Labourers,81,811,8116,exact,100.0,matched_exact,44
BSB30120,Certificate III In Business,Commercial Housekeeper,0.0,qual_by_occ,811411,Commercial Housekeeper,8,Labourers,81,811,8114,exact,100.0,matched_exact,45
BSB30120,Certificate III In Business,Cook,0.0,qual_by_occ,351411,Cook,3,Technicians and Trades Workers,35,351,3514,exact,100.0,matched_exact,46
BSB30120,Certificate III In Business,Data Entry Operator,0.0,qual_by_occ,532111,Data Entry Operator,5,Clerical and Administrative Workers,53,532,5321,exact,100.0,matched_exact,47
BSB30120,Certificate III In Business,Delivery Driver,0.0,qual_by_occ,732111,Delivery Driver,7,Machinery Operators and Drivers,73,732,7321,exact,100.0,matched_exact,48
BSB30120,Certificate III In Business,Disabilities Services Officer,0.0,qual_by_occ,411712,Disabilities Services Officer,4,Community and Personal Service Workers,41,411,4117,exact,100.0,matched_exact,49
BSB30120,Certificate III In Business,Domestic Cleaner,0.0,qual_by_occ,811311,Domestic Cleaner,8,Labourers,81,811,8113,exact,100.0,matched_exact,50
BSB30120,Certificate III In Business,Electrician (General),0.0,qual_by_occ,341111,Electrician (General),3,Technicians and Trades Workers,34,341,3411,exact,100.0,matched_exact,51
BSB30120,Certificate III In Business,Factory Process Workers NEC,0.0,qual_by_occ,839999,Factory Process Workers nec,8,Labourers,83,839,8399,exact,100.0,matched_exact,52
BSB30120,Certificate III In Business,Finance Manager,0.0,qual_by_occ,132211,Finance Manager,1,Managers,13,132,1322,exact,100.0,matched_exact,53
BSB30120,Certificate III In Business,General Clerical Workers NFD,0.0,qual_by_occ,,,,,,,,,,not_further_defined,54
BSB30120,Certificate III In Business,Hairdresser,0.0,qual_by_occ,391111,Hairdresser,3,Technicians and Trades Workers,39,391,3911,exact,100.0,matched_exact,55
BSB30120,Certificate III In Business,Human Resource Adviser,0.0,qual_by_occ,223111,Human Resource Adviser,2,Professionals,22,223,2231,exact,100.0,matched_exact,56
BSB30120,Certificate III In Business,Insurance Agent,0.0,qual_by_occ,611211,Insurance Agent,6,Sales Workers,61,611,6112,exact,100.0,matched_exact,57
BSB30120,Certificate III In Business,Insurance Consultant,0.0,qual_by_occ,552312,Insurance Consultant,5,Clerical and Administrative Workers,55,552,5523,exact,100.0,matched_exact,58
BSB30120,Certificate III In Business,Nursing Support Worker,0.0,qual_by_occ,423312,Nursing Support Worker,4,Community and Personal Service Workers,42,423,4233,exact,100.0,matched_exact,59
BSB30120,Certificate III In Business,Order Clerk,0.0,qual_by_occ,591117,Order Clerk,5,Clerical and Administrative Workers,59,591,5911,exact,100.0,matched_exact,60
BSB30120,Certificate III In Business,Packers NEC,0.0,qual_by_occ,832199,Packers nec,8,Labourers,83,832,8321,exact,100.0,matched_exact,61
BSB30120,Certificate III In Business,Personal Assistant,0.0,qual_by_occ,521111,Personal Assistant,5,Clerical and Administrative Workers,52,521,5211,exact,100.0,matched_exact,62
BSB30120,Certificate III In Business,Pharmacy Sales Assistant,0.0,qual_by_occ,621411,Pharmacy Sales Assistant,6,Sales Workers,62,621,6214,exact,100.0,matched_exact,63
BSB30120,Certificate III In Business,Sales And Marketing Manager,0.0,qual_by_occ,131112,Sales and Marketing Manager,1,Managers,13,131,1311,exact,100.0,matched_exact,64
BSB30120,Certificate III In Business,Sales Representative (Personal And Household Goods),0.0,qual_by_occ,611314,Sales Representative (Personal and Household Goods),6,Sales Workers,61,611,6113,exact,100.0,matched_exact,65
BSB30120,Certificate III In Business,Security Officer,0.0,qual_by_occ,442217,Security Officer,4,Community and Personal Service Workers,44,442,4422,exact,100.0,matched_exact,66
BSB30220,Certificate III In Entrepreneurship And New Business,Unknown,33.0,qual_by_occ,,,,,,,,,,unknown_occupation,1
BSB30220,Certificate III In Entrepreneurship And New Business,Sales Assistant (General),6.0,qual_by_occ,621111,Sales Assistant (General),6,Sales Workers,62,621,6211,exact,100.0,matched_exact,2
BSB40120,Certificate IV In Business,General Clerk,12.0,qual_by_occ,531111,General Clerk,5,Clerical and Administrative Workers,53,531,5311,exact,100.0,matched_exact,1
BSB40120,Certificate IV In Business,Unknown,7.0,qual_by_occ,,,,,,,,,,unknown_occupation,2
BSB40120,Certificate IV In Business,Office Manager,6.0,qual_by_occ,512111,Office Manager,5,Clerical and Administrative Workers,51,512,5121,exact,100.0,matched_exact,3
BSB40120,Certificate IV In Business,Program Or Project Administrator,6.0,qual_by_occ,511112,Program or Project Administrator,5,Clerical and Administrative Workers,51,511,5111,exact,100.0,matched_exact,4
BSB40120,Certificate IV In Business,Sales Assistant (General),4.0,qual_by_occ,621111,Sales Assistant (General),6,Sales Workers,62,621,6211,exact,100.0,matched_exact,5
BSB40120,Certificate IV In Business,Accounts Clerk,2.0,qual_by_occ,551111,Accounts Clerk,5,Clerical and Administrative Workers,55,551,5511,exact,100.0,matched_exact,6
BSB40120,Certificate IV In Business,Commercial Cleaner,2.0,qual_by_occ,811211,Commercial Cleaner,8,Labourers,81,811,8112,exact,100.0,matched_exact,7
BSB40120,Certificate IV In Business,Customer Service Manager,2.0,qual_by_occ,149212,Customer Service Manager,1,Managers,14,149,1492,exact,100.0,matched_exact,8
BSB40120,Certificate IV In Business,Receptionist (General),2.0,qual_by_occ,542111,Receptionist (General),5,Clerical and Administrative Workers,54,542,5421,exact,100.0,matched_exact,9
BSB40120,Certificate IV In Business,Waiter,2.0,qual_by_occ,431511,Waiter,4,Community and Personal Service Workers,43,431,4315,exact,100.0,matched_exact,10
BSB40120,Certificate IV In Business,Corporate General Manager,1.0,qual_by_occ,111211,Corporate General Manager,1,Managers,11,111,1112,exact,100.0,matched_exact,11
BSB40120,Certificate IV In Business,Hospitality Workers NEC,1.0,qual_by_occ,431999,Hospitality Workers nec,4,Community and Personal Service Workers,43,431,4319,exact,100.0,matched_exact,12
BSB40120,Certificate IV In Business,Sales Representatives NEC,1.0,qual_by_occ,611399,Sales Representatives nec,6,Sales Workers,61,611,6113,exact,100.0,matched_exact,13
BSB40120,Certificate IV In Business,Storeperson,1.0,qual_by_occ,741111,Storeperson,7,Machinery Operators and Drivers,74,741,7411,exact,100.0,matched_exact,14
BSB40320,Certificate IV In Entrepreneurship And New Business,Unknown,24.0,qual_by_occ,,,,,,,,,,unknown_occupation,1
BSB40320,Certificate IV In Entrepreneurship And New Business,General Clerk,4.0,qual_by_occ,531111,General Clerk,5,Clerical and Administrative Workers,53,531,5311,exact,100.0,matched_exact,2
BSB40420,Certificate IV In Human Resource Management,Human Resource Adviser,15.0,qual_by_occ,223111,Human Resource Adviser,2,Professionals,22,223,2231,exact,100.0,matched_exact,1
BSB40420,Certificate IV In Human Resource Management,General Clerk,8.0,qual_by_occ,531111,General Clerk,5,Clerical and Administrative Workers,53,531,5311,exact,100.0,matched_exact,2
BSB40420,Certificate IV In Human Resource Management,Office Manager,5.0,qual_by_occ,512111,Office Manager,5,Clerical and Administrative Workers,51,512,5121,exact,100.0,matched_exact,3
BSB40420,Certificate IV In Human Resource Management,Program Or Project Administrator,5.0,qual_by_occ,511112,Program or Project Administrator,5,Clerical and Administrative Workers,51,511,5111,exact,100.0,matched_exact,4
BSB40520,Certificate IV In Leadership And Management,Unknown,5.0,qual_by_occ,,,,,,,,,,unknown_occupation,1
BSB40520,Certificate IV In Leadership And Management,Corporate General Manager,4.0,qual_by_occ,111211,Corporate General Manager,1,Managers,11,111,1112,exact,100.0,matched_exact,2
BSB40520,Certificate IV In Leadership And Management,General Clerk,3.0,qual_by_occ,531111,General Clerk,5,Clerical and Administrative Workers,53,531,5311,exact,100.0,matched_exact,3
BSB40520,Certificate IV In Leadership And Management,Program Or Project Administrator,3.0,qual_by_occ,511112,Program or Project Administrator,5,Clerical and Administrative Workers,51,511,5111,exact,100.0,matched_exact,4
BSB40520,Certificate IV In Leadership And Management,Customer Service Manager,2.0,qual_by_occ,149212,Customer Service Manager,1,Managers,14,149,1492,exact,100.0,matched_exact,5
BSB40520,Certificate IV In Leadership And Management,Electrician (General),2.0,qual_by_occ,341111,Electrician (General),3,Technicians and Trades Workers,34,341,3411,exact,100.0,matched_exact,6
BSB40520,Certificate IV In Leadership And Management,Office Manager,2.0,qual_by_occ,512111,Office Manager,5,Clerical and Administrative Workers,51,512,5121,exact,100.0,matched_exact,7
BSB40520,Certificate IV In Leadership And Management,Retail Manager (General),2.0,qual_by_occ,142111,Retail Manager (General),1,Managers,14,142,1421,exact,100.0,matched_exact,8
BSB40520,Certificate IV In Leadership And Management,Sales And Marketing Manager,2.0,qual_by_occ,131112,Sales and Marketing Manager,1,Managers,13,131,1311,exact,100.0,matched_exact,9
BSB40520,Certificate IV In Leadership And Management,Construction Project Manager,1.0,qual_by_occ,133111,Construction Project Manager,1,Managers,13,133,1331,exact,100.0,matched_exact,10
BSB40520,Certificate IV In Leadership And Management,Diesel Motor Mechanic,1.0,qual_by_occ,321212,Diesel Motor Mechanic,3,Technicians and Trades Workers,32,321,3212,exact,100.0,matched_exact,11
BSB40520,Certificate IV In Leadership And Management,Manufacturer,1.0,qual_by_occ,133411,Manufacturer,1,Managers,13,133,1334,exact,100.0,matched_exact,12
BSB40520,Certificate IV In Leadership And Management,Mine Deputy,1.0,qual_by_occ,312913,Mine Deputy,3,Technicians and Trades Workers,31,312,3129,exact,100.0,matched_exact,13
BSB40520,Certificate IV In Leadership And Management,Police Officer,1.0,qual_by_occ,441312,Police Officer,4,Community and Personal Service Workers,44,441,4413,exact,100.0,matched_exact,14
BSB40520,Certificate IV In Leadership And Management,Sales Assistant (General),1.0,qual_by_occ,621111,Sales Assistant (General),6,Sales Workers,62,621,6211,exact,100.0,matched_exact,15
BSB40820,Certificate IV In Marketing And Communication,Unknown,12.0,qual_by_occ,,,,,,,,,,unknown_occupation,1
BSB40820,Certificate IV In Marketing And Communication,Sales Assistant (General),6.0,qual_by_occ,621111,Sales Assistant (General),6,Sales Workers,62,621,6211,exact,100.0,matched_exact,2
BSB40920,Certificate IV In Project Management Practice,Program Or Project Administrator,13.0,qual_by_occ,511112,Program or Project Administrator,5,Clerical and Administrative Workers,51,511,5111,exact,100.0,matched_exact,1
BSB40920,Certificate IV In Project Management Practice,Unknown,5.0,qual_by_occ,,,,,,,,,,unknown_occupation,2
BSB40920,Certificate IV In Project Management Practice,Civil Engineer,4.0,qual_by_occ,233211,Civil Engineer,2,Professionals,23,233,2332,exact,100.0,matched_exact,3
BSB40920,Certificate IV In Project Management Practice,General Clerk,4.0,qual_by_occ,531111,General Clerk,5,Clerical and Administrative Workers,53,531,5311,exact,100.0,matched_exact,4
BSB40920,Certificate IV In Project Management Practice,Construction Project Manager,3.0,qual_by_occ,133111,Construction Project Manager,1,Managers,13,133,1331,exact,100.0,matched_exact,5
BSB40920,Certificate IV In Project Management Practice,Corporate General Manager,3.0,qual_by_occ,111211,Corporate General Manager,1,Managers,11,111,1112,exact,100.0,matched_exact,6
BSB40920,Certificate IV In Project Management Practice,Electrician (General),3.0,qual_by_occ,341111,Electrician (General),3,Technicians and Trades Workers,34,341,3411,exact,100.0,matched_exact,7
BSB40920,Certificate IV In Project Management Practice,Office Manager,3.0,qual_by_occ,512111,Office Manager,5,Clerical and Administrative Workers,51,512,5121,exact,100.0,matched_exact,8
BSB41419,Certificate IV In Work Health And Safety,Occupational Health And Safety Adviser,8.0,qual_by_occ,251312,Occupational Health and Safety Adviser,2,Professionals,25,251,2513,exact,100.0,matched_exact,1
BSB41419,Certificate IV In Work Health And Safety,Unknown,7.0,qual_by_occ,,,,,,,,,,unknown_occupation,2
BSB41419,Certificate IV In Work Health And Safety,Construction Project Manager,5.0,qual_by_occ,133111,Construction Project Manager,1,Managers,13,133,1331,exact,100.0,matched_exact,3
BSB41419,Certificate IV In Work Health And Safety,Corporate General Manager,3.0,qual_by_occ,111211,Corporate General Manager,1,Managers,11,111,1112,exact,100.0,matched_exact,4
BSB41419,Certificate IV In Work Health And Safety,Electrician (General),3.0,qual_by_occ,341111,Electrician (General),3,Technicians and Trades Workers,34,341,3411,exact,100.0,matched_exact,5
BSB41419,Certificate IV In Work Health And Safety,General Clerk,3.0,qual_by_occ,531111,General Clerk,5,Clerical and Administrative Workers,53,531,5311,exact,100.0,matched_exact,6
BSB41419,Certificate IV In Work Health And Safety,Program Or Project Administrator,3.0,qual_by_occ,511112,Program or Project Administrator,5,Clerical and Administrative Workers,51,511,5111,exact,100.0,matched_exact,7
BSB41419,Certificate IV In Work Health And Safety,Building Associate,2.0,qual_by_occ,312112,Building Associate,3,Technicians and Trades Workers,31,312,3121,exact,100.0,matched_exact,8
BSB41419,Certificate IV In Work Health And Safety,Civil Engineer,2.0,qual_by_occ,233211,Civil Engineer,2,Professionals,23,233,2332,exact,100.0,matched_exact,9
BSB41419,Certificate IV In Work Health And Safety,Office Manager,2.0,qual_by_occ,512111,Office Manager,5,Clerical and Administrative Workers,51,512,5121,exact,100.0,matched_exact,10
BSB41419,Certificate IV In Work Health And Safety,Safety Inspector,2.0,qual_by_occ,312611,Safety Inspector,3,Technicians and Trades Workers,31,312,3126,exact,100.0,matched_exact,11
BSB41419,Certificate IV In Work Health And Safety,Builder's Labourer,1.0,qual_by_occ,821111,Builder's Labourer,8,Labourers,82,821,8211,exact,100.0,matched_exact,12
BSB41419,Certificate IV In Work Health And Safety,Carpenter,1.0,qual_by_occ,331212,Carpenter,3,Technicians and Trades Workers,33,331,3312,exact,100.0,matched_exact,13
BSB41419,Certificate IV In Work Health And Safety,Chief Executive Or Managing Director,1.0,qual_by_occ,111111,Chief Executive or Managing Director,1,Managers,11,111,1111,exact,100.0,matched_exact,14
BSB41419,Certificate IV In Work Health And Safety,Defence Force Member - Other Ranks,1.0,qual_by_occ,441111,Defence Force Member - Other Ranks,4,Community and Personal Service Workers,44,441,4411,exact,100.0,matched_exact,15
BSB41419,Certificate IV In Work Health And Safety,Engineering Manager,1.0,qual_by_occ,133211,Engineering Manager,1,Managers,13,133,1332,exact,100.0,matched_exact,16
BSB41419,Certificate IV In Work Health And Safety,Human Resource Adviser,1.0,qual_by_occ,223111,Human Resource Adviser,2,Professionals,22,223,2231,exact,100.0,matched_exact,17
BSB41419,Certificate IV In Work Health And Safety,Human Resource Manager,1.0,qual_by_occ,132311,Human Resource Manager,1,Managers,13,132,1323,exact,100.0,matched_exact,18
BSB41419,Certificate IV In Work Health And Safety,Labourers NEC,1.0,qual_by_occ,899999,Labourers nec,8,Labourers,89,899,8999,exact,100.0,matched_exact,19
BSB41419,Certificate IV In Work Health And Safety,Mechanical Engineer,1.0,qual_by_occ,233512,Mechanical Engineer,2,Professionals,23,233,2335,exact,100.0,matched_exact,20
BSB41419,Certificate IV In Work Health And Safety,Quality Assurance Manager,1.0,qual_by_occ,139914,Quality Assurance Manager,1,Managers,13,139,1399,exact,100.0,matched_exact,21
BSB41419,Certificate IV In Work Health And Safety,Sales And Marketing Manager,1.0,qual_by_occ,131112,Sales and Marketing Manager,1,Managers,13,131,1311,exact,100.0,matched_exact,22
BSB41419,Certificate IV In Work Health And Safety,Storeperson,1.0,qual_by_occ,741111,Storeperson,7,Machinery Operators and Drivers,74,741,7411,exact,100.0,matched_exact,23
BSB41419,Certificate IV In Work Health And Safety,Training And Development Professional,1.0,qual_by_occ,223311,Training and Development Professional,2,Professionals,22,223,2233,exact,100.0,matched_exact,24
BSB50120,Diploma Of Business,Unknown,9.0,qual_by_occ,,,,,,,,,,unknown_occupation,1
BSB50120,Diploma Of Business,General Clerk,7.0,qual_by_occ,531111,General Clerk,5,Clerical and Administrative Workers,53,531,5311,exact,100.0,matched_exact,2
BSB50120,Diploma Of Business,Sales Assistant (General),6.0,qual_by_occ,621111,Sales Assistant (General),6,Sales Workers,62,621,6211,exact,100.0,matched_exact,3
BSB50120,Diploma Of Business,Office Manager,4.0,qual_by_occ,512111,Office Manager,5,Clerical and Administrative Workers,51,512,5121,exact,100.0,matched_exact,4
BSB50120,Diploma Of Business,Program Or Project Administrator,4.0,qual_by_occ,511112,Program or Project Administrator,5,Clerical and Administrative Workers,51,511,5111,exact,100.0,matched_exact,5
BSB50120,Diploma Of Business,Corporate General Manager,2.0,qual_by_occ,111211,Corporate General Manager,1,Managers,11,111,1112,exact,100.0,matched_exact,6
BSB50120,Diploma Of Business,Hospitality Workers NEC,2.0,qual_by_occ,431999,Hospitality Workers nec,4,Community and Personal Service Workers,43,431,4319,exact,100.0,matched_exact,7
BSB50120,Diploma Of Business,Office Cashier,2.0,qual_by_occ,631112,Office Cashier,6,Sales Workers,63,631,6311,exact,100.0,matched_exact,8
BSB50120,Diploma Of Business,Personal Assistant,2.0,qual_by_occ,521111,Personal Assistant,5,Clerical and Administrative Workers,52,521,5211,exact,100.0,matched_exact,9
BSB50120,Diploma Of Business,Sales And Marketing Manager,2.0,qual_by_occ,131112,Sales and Marketing Manager,1,Managers,13,131,1311,exact,100.0,matched_exact,10
BSB50120,Diploma Of Business,Waiter,2.0,qual_by_occ,431511,Waiter,4,Community and Personal Service Workers,43,431,4315,exact,100.0,matched_exact,11
BSB50120,Diploma Of Business,Customer Service Manager,1.0,qual_by_occ,149212,Customer Service Manager,1,Managers,14,149,1492,exact,100.0,matched_exact,12
BSB50120,Diploma Of Business,Fast Food Cook,1.0,qual_by_occ,851111,Fast Food Cook,8,Labourers,85,851,8511,exact,100.0,matched_exact,13
BSB50120,Diploma Of Business,Kitchenhand,1.0,qual_by_occ,851311,Kitchenhand,8,Labourers,85,851,8513,exact,100.0,matched_exact,14
BSB50120,Diploma Of Business,Retail Manager (General),1.0,qual_by_occ,142111,Retail Manager (General),1,Managers,14,142,1421,exact,100.0,matched_exact,15
BSB50120,Diploma Of Business,Sales Assistants And Salespersons NEC,1.0,qual_by_occ,621999,Sales Assistants and Salespersons nec,6,Sales Workers,62,621,6219,exact,100.0,matched_exact,16
BSB50120,Diploma Of Business,Storeperson,1.0,qual_by_occ,741111,Storeperson,7,Machinery Operators and Drivers,74,741,7411,exact,100.0,matched_exact,17
BSB50320,Diploma Of Human Resource Management,Human Resource Adviser,18.0,qual_by_occ,223111,Human Resource Adviser,2,Professionals,22,223,2231,exact,100.0,matched_exact,1
BSB50320,Diploma Of Human Resource Management,Human Resource Manager,9.0,qual_by_occ,132311,Human Resource Manager,1,Managers,13,132,1323,exact,100.0,matched_exact,2
BSB50320,Diploma Of Human Resource Management,General Clerk,6.0,qual_by_occ,531111,General Clerk,5,Clerical and Administrative Workers,53,531,5311,exact,100.0,matched_exact,3
BSB50320,Diploma Of Human Resource Management,Office Manager,5.0,qual_by_occ,512111,Office Manager,5,Clerical and Administrative Workers,51,512,5121,exact,100.0,matched_exact,4
BSB50320,Diploma Of Human Resource Management,Recruitment Consultant,5.0,qual_by_occ,223112,Recruitment Consultant,2,Professionals,22,223,2231,exact,100.0,matched_exact,5
BSB50320,Diploma Of Human Resource Management,Unknown,5.0,qual_by_occ,,,,,,,,,,unknown_occupation,6
BSB50320,Diploma Of Human Resource Management,Program Or Project Administrator,4.0,qual_by_occ,511112,Program or Project Administrator,5,Clerical and Administrative Workers,51,511,5111,exact,100.0,matched_exact,7
BSB50420,Diploma Of Leadership And Management,Unknown,7.0,qual_by_occ,,,,,,,,,,unknown_occupation,1
BSB50420,Diploma Of Leadership And Management,Corporate General Manager,5.0,qual_by_occ,111211,Corporate General Manager,1,Managers,11,111,1112,exact,100.0,matched_exact,2
BSB50420,Diploma Of Leadership And Management,General Clerk,3.0,qual_by_occ,531111,General Clerk,5,Clerical and Administrative Workers,53,531,5311,exact,100.0,matched_exact,3
BSB50420,Diploma Of Leadership And Management,Office Manager,3.0,qual_by_occ,512111,Office Manager,5,Clerical and Administrative Workers,51,512,5121,exact,100.0,matched_exact,4
BSB50420,Diploma Of Leadership And Management,Program Or Project Administrator,3.0,qual_by_occ,511112,Program or Project Administrator,5,Clerical and Administrative Workers,51,511,5111,exact,100.0,matched_exact,5
BSB50420,Diploma Of Leadership And Management,Aged Or Disabled Carer,2.0,qual_by_occ,423111,Aged or Disabled Carer,4,Community and Personal Service Workers,42,423,4231,exact,100.0,matched_exact,6
BSB50420,Diploma Of Leadership And Management,Customer Service Manager,2.0,qual_by_occ,149212,Customer Service Manager,1,Managers,14,149,1492,exact,100.0,matched_exact,7
BSB50420,Diploma Of Leadership And Management,Retail Manager (General),2.0,qual_by_occ,142111,Retail Manager (General),1,Managers,14,142,1421,exact,100.0,matched_exact,8
BSB50420,Diploma Of Leadership And Management,Chief Executive Or Managing Director,1.0,qual_by_occ,111111,Chief Executive or Managing Director,1,Managers,11,111,1111,exact,100.0,matched_exact,9
BSB50420,Diploma Of Leadership And Management,Community Worker,1.0,qual_by_occ,411711,Community Worker,4,Community and Personal Service Workers,41,411,4117,exact,100.0,matched_exact,10
BSB50420,Diploma Of Leadership And Management,Construction Project Manager,1.0,qual_by_occ,133111,Construction Project Manager,1,Managers,13,133,1331,exact,100.0,matched_exact,11
BSB50420,Diploma Of Leadership And Management,Electrician (General),1.0,qual_by_occ,341111,Electrician (General),3,Technicians and Trades Workers,34,341,3411,exact,100.0,matched_exact,12
BSB50420,Diploma Of Leadership And Management,Police Officer,1.0,qual_by_occ,441312,Police Officer,4,Community and Personal Service Workers,44,441,4413,exact,100.0,matched_exact,13
BSB50420,Diploma Of Leadership And Management,Policy And Planning Manager,1.0,qual_by_occ,132411,Policy and Planning Manager,1,Managers,13,132,1324,exact,100.0,matched_exact,14
BSB50420,Diploma Of Leadership And Management,Sales And Marketing Manager,1.0,qual_by_occ,131112,Sales and Marketing Manager,1,Managers,13,131,1311,exact,100.0,matched_exact,15
BSB50420,Diploma Of Leadership And Management,Sales Assistant (General),1.0,qual_by_occ,621111,Sales Assistant (General),6,Sales Workers,62,621,6211,exact,100.0,matched_exact,16
BSB50420,Diploma Of Leadership And Management,Social Worker,1.0,qual_by_occ,272511,Social Worker,2,Professionals,27,272,2725,exact,100.0,matched_exact,17
BSB50420,Diploma Of Leadership And Management,Training And Development Professional,1.0,qual_by_occ,223311,Training and Development Professional,2,Professionals,22,223,2233,exact,100.0,matched_exact,18
BSB50420,Diploma Of Leadership And Management,Travel Consultant,1.0,qual_by_occ,451612,Travel Consultant,4,Community and Personal Service Workers,45,451,4516,exact,100.0,matched_exact,19
BSB50420,Diploma Of Leadership And Management,Vocational Education Teacher,1.0,qual_by_occ,242211,Vocational Education Teacher,2,Professionals,24,242,2422,exact,100.0,matched_exact,20
BSB50520,Diploma Of Library And Information Services,Library Assistant,14.0,qual_by_occ,599711,Library Assistant,5,Clerical and Administrative Workers,59,599,5997,exact,100.0,matched_exact,1
BSB50520,Diploma Of Library And Information Services,Library Technician,14.0,qual_by_occ,399312,Library Technician,3,Technicians and Trades Workers,39,399,3993,exact,100.0,matched_exact,2
BSB50620,Diploma Of Marketing And Communication,Unknown,11.0,qual_by_occ,,,,,,,,,,unknown_occupation,1
BSB50820,Diploma Of Project Management,Program Or Project Administrator,11.0,qual_by_occ,511112,Program or Project Administrator,5,Clerical and Administrative Workers,51,511,5111,exact,100.0,matched_exact,1
BSB50820,Diploma Of Project Management,Construction Project Manager,7.0,qual_by_occ,133111,Construction Project Manager,1,Managers,13,133,1331,exact,100.0,matched_exact,2
BSB50820,Diploma Of Project Management,Unknown,7.0,qual_by_occ,,,,,,,,,,unknown_occupation,3
BSB50820,Diploma Of Project Management,Civil Engineer,4.0,qual_by_occ,233211,Civil Engineer,2,Professionals,23,233,2332,exact,100.0,matched_exact,4
BSB50820,Diploma Of Project Management,Corporate General Manager,3.0,qual_by_occ,111211,Corporate General Manager,1,Managers,11,111,1112,exact,100.0,matched_exact,5
BSB50820,Diploma Of Project Management,Electrician (General),3.0,qual_by_occ,341111,Electrician (General),3,Technicians and Trades Workers,34,341,3411,exact,100.0,matched_exact,6
BSB50820,Diploma Of Project Management,Electrical Engineer,2.0,qual_by_occ,233311,Electrical Engineer,2,Professionals,23,233,2333,exact,100.0,matched_exact,7
BSB50820,Diploma Of Project Management,General Clerk,2.0,qual_by_occ,531111,General Clerk,5,Clerical and Administrative Workers,53,531,5311,exact,100.0,matched_exact,8
BSB50820,Diploma Of Project Management,Mechanical Engineer,2.0,qual_by_occ,233512,Mechanical Engineer,2,Professionals,23,233,2335,exact,100.0,matched_exact,9
BSB50820,Diploma Of Project Management,Office Manager,2.0,qual_by_occ,512111,Office Manager,5,Clerical and Administrative Workers,51,512,5121,exact,100.0,matched_exact,10
BSB50820,Diploma Of Project Management,Building Associate,1.0,qual_by_occ,312112,Building Associate,3,Technicians and Trades Workers,31,312,3121,exact,100.0,matched_exact,11
BSB50820,Diploma Of Project Management,Chief Executive Or Managing Director,1.0,qual_by_occ,111111,Chief Executive or Managing Director,1,Managers,11,111,1111,exact,100.0,matched_exact,12
BSB50820,Diploma Of Project Management,Engineering Manager,1.0,qual_by_occ,133211,Engineering Manager,1,Managers,13,133,1332,exact,100.0,matched_exact,13
BSB50820,Diploma Of Project Management,General Clerical Workers NFD,1.0,qual_by_occ,,,,,,,,,,not_further_defined,14
BSB50820,Diploma Of Project Management,ICT Project Manager,1.0,qual_by_occ,135112,ICT Project Manager,1,Managers,13,135,1351,exact,100.0,matched_exact,15
BSB50820,Diploma Of Project Management,Management Consultant,1.0,qual_by_occ,224711,Management Consultant,2,Professionals,22,224,2247,exact,100.0,matched_exact,16
BSB50920,Diploma Of Quality Auditing,Unknown,8.0,qual_by_occ,,,,,,,,,,unknown_occupation,1
BSB51319,Diploma Of Work Health And Safety,Occupational Health And Safety Adviser,23.0,qual_by_occ,251312,Occupational Health and Safety Adviser,2,Professionals,25,251,2513,exact,100.0,matched_exact,1
BSB51319,Diploma Of Work Health And Safety,Unknown,7.0,qual_by_occ,,,,,,,,,,unknown_occupation,2
BSB51319,Diploma Of Work Health And Safety,Safety Inspector,5.0,qual_by_occ,312611,Safety Inspector,3,Technicians and Trades Workers,31,312,3126,exact,100.0,matched_exact,3
BSB60220,Advanced Diploma Of Conveyancing,Conveyancer,36.0,qual_by_occ,599111,Conveyancer,5,Clerical and Administrative Workers,59,599,5991,exact,100.0,matched_exact,1
BSB60420,Advanced Diploma Of Leadership And Management,Unknown,9.0,qual_by_occ,,,,,,,,,,unknown_occupation,1
BSB60420,Advanced Diploma Of Leadership And Management,Corporate General Manager,5.0,qual_by_occ,111211,Corporate General Manager,1,Managers,11,111,1112,exact,100.0,matched_exact,2
BSB60420,Advanced Diploma Of Leadership And Management,Vocational Education Teacher,5.0,qual_by_occ,242211,Vocational Education Teacher,2,Professionals,24,242,2422,exact,100.0,matched_exact,3
BSB60619,Advanced Diploma Of Work Health And Safety,Occupational Health And Safety Adviser,24.0,qual_by_occ,251312,Occupational Health and Safety Adviser,2,Professionals,25,251,2513,exact,100.0,matched_exact,1
CHC22015,Certificate II In Community Services,Unknown,15.0,qual_by_occ,,,,,,,,,,unknown_occupation,1
CHC22015,Certificate II In Community Services,Sales Assistant (General),10.0,qual_by_occ,621111,Sales Assistant (General),6,Sales Workers,62,621,6211,exact,100.0,matched_exact,2
CHC22015,Certificate II In Community Services,Office Cashier,6.0,qual_by_occ,631112,Office Cashier,6,Sales Workers,63,631,6311,exact,100.0,matched_exact,3
CHC30121,Certificate III In Early Childhood Education And Care,Child Care Worker,60.0,qual_by_occ,421111,Child Care Worker,4,Community and Personal Service Workers,42,421,4211,exact,100.0,matched_exact,1
CHC30121,Certificate III In Early Childhood Education And Care,Unknown,6.0,qual_by_occ,,,,,,,,,,unknown_occupation,2
CHC30121,Certificate III In Early Childhood Education And Care,Primary School Teacher,3.0,qual_by_occ,241213,Primary School Teacher,2,Professionals,24,241,2412,exact,100.0,matched_exact,3
CHC30121,Certificate III In Early Childhood Education And Care,General Clerk,2.0,qual_by_occ,531111,General Clerk,5,Clerical and Administrative Workers,53,531,5311,exact,100.0,matched_exact,4
CHC30121,Certificate III In Early Childhood Education And Care,Sales Assistant (General),2.0,qual_by_occ,621111,Sales Assistant (General),6,Sales Workers,62,621,6211,exact,100.0,matched_exact,5
CHC30121,Certificate III In Early Childhood Education And Care,Aged Or Disabled Carer,1.0,qual_by_occ,423111,Aged or Disabled Carer,4,Community and Personal Service Workers,42,423,4231,exact,100.0,matched_exact,6
CHC30121,Certificate III In Early Childhood Education And Care,Checkout Operator,1.0,qual_by_occ,631111,Checkout Operator,6,Sales Workers,63,631,6311,exact,100.0,matched_exact,7
CHC30121,Certificate III In Early Childhood Education And Care,Commercial Cleaner,1.0,qual_by_occ,811211,Commercial Cleaner,8,Labourers,81,811,8112,exact,100.0,matched_exact,8
CHC30121,Certificate III In Early Childhood Education And Care,Early Childhood (Pre-Primary School) Teacher,1.0,qual_by_occ,241111,Early Childhood (Pre-primary School) Teacher,2,Professionals,24,241,2411,exact,100.0,matched_exact,9
CHC30121,Certificate III In Early Childhood Education And Care,Family Day Care Worker,1.0,qual_by_occ,421112,Family Day Care Worker,4,Community and Personal Service Workers,42,421,4211,exact,100.0,matched_exact,10
CHC30121,Certificate III In Early Childhood Education And Care,Fast Food Cook,1.0,qual_by_occ,851111,Fast Food Cook,8,Labourers,85,851,8511,exact,100.0,matched_exact,11
CHC30121,Certificate III In Early Childhood Education And Care,Nanny,1.0,qual_by_occ,421113,Nanny,4,Community and Personal Service Workers,42,421,4211,exact,100.0,matched_exact,12
CHC30121,Certificate III In Early Childhood Education And Care,Office Cashier,1.0,qual_by_occ,631112,Office Cashier,6,Sales Workers,63,631,6311,exact,100.0,matched_exact,13
CHC30121,Certificate III In Early Childhood Education And Care,Office Manager,1.0,qual_by_occ,512111,Office Manager,5,Clerical and Administrative Workers,51,512,5121,exact,100.0,matched_exact,14
CHC30121,Certificate III In Early Childhood Education And Care,Out Of School Hours Care Worker,1.0,qual_by_occ,421114,Out of School Hours Care Worker,4,Community and Personal Service Workers,42,421,4211,exact,100.0,matched_exact,15
CHC30121,Certificate III In Early Childhood Education And Care,Preschool Aide,1.0,qual_by_occ,422115,Preschool Aide,4,Community and Personal Service Workers,42,422,4221,exact,100.0,matched_exact,16
CHC30121,Certificate III In Early Childhood Education And Care,Program Or Project Administrator,1.0,qual_by_occ,511112,Program or Project Administrator,5,Clerical and Administrative Workers,51,511,5111,exact,100.0,matched_exact,17
CHC30121,Certificate III In Early Childhood Education And Care,Teachers' Aide,1.0,qual_by_occ,422116,Teachers' Aide,4,Community and Personal Service Workers,42,422,4221,exact,100.0,matched_exact,18
CHC30121,Certificate III In Early Childhood Education And Care,Waiter,1.0,qual_by_occ,431511,Waiter,4,Community and Personal Service Workers,43,431,4315,exact,100.0,matched_exact,19
CHC30121,Certificate III In Early Childhood Education And Care,Cafe Worker,0.0,qual_by_occ,431211,Cafe Worker,4,Community and Personal Service Workers,43,431,4312,exact,100.0,matched_exact,20
CHC30121,Certificate III In Early Childhood Education And Care,Child Care Centre Manager,0.0,qual_by_occ,134111,Child Care Centre Manager,1,Managers,13,134,1341,exact,100.0,matched_exact,21
CHC30121,Certificate III In Early Childhood Education And Care,Community Worker,0.0,qual_by_occ,411711,Community Worker,4,Community and Personal Service Workers,41,411,4117,exact,100.0,matched_exact,22
CHC30121,Certificate III In Early Childhood Education And Care,Customer Service Manager,0.0,qual_by_occ,149212,Customer Service Manager,1,Managers,14,149,1492,exact,100.0,matched_exact,23
CHC30121,Certificate III In Early Childhood Education And Care,Disabilities Services Officer,0.0,qual_by_occ,411712,Disabilities Services Officer,4,Community and Personal Service Workers,41,411,4117,exact,100.0,matched_exact,24
CHC30121,Certificate III In Early Childhood Education And Care,Hospitality Workers NEC,0.0,qual_by_occ,431999,Hospitality Workers nec,4,Community and Personal Service Workers,43,431,4319,exact,100.0,matched_exact,25
CHC30121,Certificate III In Early Childhood Education And Care,Kitchenhand,0.0,qual_by_occ,851311,Kitchenhand,8,Labourers,85,851,8513,exact,100.0,matched_exact,26
CHC30121,Certificate III In Early Childhood Education And Care,Receptionist (General),0.0,qual_by_occ,542111,Receptionist (General),5,Clerical and Administrative Workers,54,542,5421,exact,100.0,matched_exact,27
CHC30121,Certificate III In Early Childhood Education And Care,Sales Assistants And Salespersons NEC,0.0,qual_by_occ,621999,Sales Assistants and Salespersons nec,6,Sales Workers,62,621,6219,exact,100.0,matched_exact,28
CHC30121,Certificate III In Early Childhood Education And Care,Storeperson,0.0,qual_by_occ,741111,Storeperson,7,Machinery Operators and Drivers,74,741,7411,exact,100.0,matched_exact,29
CHC30221,Certificate III In School Based Education Support,Teachers' Aide,38.0,qual_by_occ,422116,Teachers' Aide,4,Community and Personal Service Workers,42,422,4221,exact,100.0,matched_exact,1
CHC30221,Certificate III In School Based Education Support,Unknown,6.0,qual_by_occ,,,,,,,,,,unknown_occupation,2
CHC30221,Certificate III In School Based Education Support,Child Care Worker,5.0,qual_by_occ,421111,Child Care Worker,4,Community and Personal Service Workers,42,421,4211,exact,100.0,matched_exact,3
CHC30221,Certificate III In School Based Education Support,General Clerk,3.0,qual_by_occ,531111,General Clerk,5,Clerical and Administrative Workers,53,531,5311,exact,100.0,matched_exact,4
CHC30221,Certificate III In School Based Education Support,Sales Assistant (General),3.0,qual_by_occ,621111,Sales Assistant (General),6,Sales Workers,62,621,6211,exact,100.0,matched_exact,5
CHC30221,Certificate III In School Based Education Support,Special Needs Teacher,3.0,qual_by_occ,241511,Special Needs Teacher,2,Professionals,24,241,2415,exact,100.0,matched_exact,6
CHC30221,Certificate III In School Based Education Support,Office Manager,2.0,qual_by_occ,512111,Office Manager,5,Clerical and Administrative Workers,51,512,5121,exact,100.0,matched_exact,7
CHC30221,Certificate III In School Based Education Support,Primary School Teacher,2.0,qual_by_occ,241213,Primary School Teacher,2,Professionals,24,241,2412,exact,100.0,matched_exact,8
CHC30221,Certificate III In School Based Education Support,Aged Or Disabled Carer,1.0,qual_by_occ,423111,Aged or Disabled Carer,4,Community and Personal Service Workers,42,423,4231,exact,100.0,matched_exact,9
CHC30221,Certificate III In School Based Education Support,Checkout Operator,1.0,qual_by_occ,631111,Checkout Operator,6,Sales Workers,63,631,6311,exact,100.0,matched_exact,10
CHC30221,Certificate III In School Based Education Support,Commercial Cleaner,1.0,qual_by_occ,811211,Commercial Cleaner,8,Labourers,81,811,8112,exact,100.0,matched_exact,11
CHC30221,Certificate III In School Based Education Support,Community Worker,1.0,qual_by_occ,411711,Community Worker,4,Community and Personal Service Workers,41,411,4117,exact,100.0,matched_exact,12
CHC30221,Certificate III In School Based Education Support,Customer Service Manager,1.0,qual_by_occ,149212,Customer Service Manager,1,Managers,14,149,1492,exact,100.0,matched_exact,13
CHC30221,Certificate III In School Based Education Support,Disabilities Services Officer,1.0,qual_by_occ,411712,Disabilities Services Officer,4,Community and Personal Service Workers,41,411,4117,exact,100.0,matched_exact,14
CHC30221,Certificate III In School Based Education Support,Education Adviser,1.0,qual_by_occ,249111,Education Adviser,2,Professionals,24,249,2491,exact,100.0,matched_exact,15
CHC30221,Certificate III In School Based Education Support,Integration Aide,1.0,qual_by_occ,422112,Integration Aide,4,Community and Personal Service Workers,42,422,4221,exact,100.0,matched_exact,16
CHC30221,Certificate III In School Based Education Support,Kitchenhand,1.0,qual_by_occ,851311,Kitchenhand,8,Labourers,85,851,8513,exact,100.0,matched_exact,17
CHC30221,Certificate III In School Based Education Support,Office Cashier,1.0,qual_by_occ,631112,Office Cashier,6,Sales Workers,63,631,6311,exact,100.0,matched_exact,18
CHC30221,Certificate III In School Based Education Support,Preschool Aide,1.0,qual_by_occ,422115,Preschool Aide,4,Community and Personal Service Workers,42,422,4221,exact,100.0,matched_exact,19
CHC30221,Certificate III In School Based Education Support,Program Or Project Administrator,1.0,qual_by_occ,511112,Program or Project Administrator,5,Clerical and Administrative Workers,51,511,5111,exact,100.0,matched_exact,20
CHC30221,Certificate III In School Based Education Support,School Teachers NFD,1.0,qual_by_occ,,,,,,,,,,not_further_defined,21
CHC32015,Certificate III In Community Services,Community Worker,12.0,qual_by_occ,411711,Community Worker,4,Community and Personal Service Workers,41,411,4117,exact,100.0,matched_exact,1
CHC32015,Certificate III In Community Services,Unknown,12.0,qual_by_occ,,,,,,,,,,unknown_occupation,2
CHC32015,Certificate III In Community Services,Aged Or Disabled Carer,8.0,qual_by_occ,423111,Aged or Disabled Carer,4,Community and Personal Service Workers,42,423,4231,exact,100.0,matched_exact,3
CHC32015,Certificate III In Community Services,Disabilities Services Officer,5.0,qual_by_occ,411712,Disabilities Services Officer,4,Community and Personal Service Workers,41,411,4117,exact,100.0,matched_exact,4
CHC32015,Certificate III In Community Services,General Clerk,4.0,qual_by_occ,531111,General Clerk,5,Clerical and Administrative Workers,53,531,5311,exact,100.0,matched_exact,5
CHC32015,Certificate III In Community Services,Sales Assistant (General),4.0,qual_by_occ,621111,Sales Assistant (General),6,Sales Workers,62,621,6211,exact,100.0,matched_exact,6
CHC32015,Certificate III In Community Services,Child Care Worker,3.0,qual_by_occ,421111,Child Care Worker,4,Community and Personal Service Workers,42,421,4211,exact,100.0,matched_exact,7
CHC32015,Certificate III In Community Services,Youth Worker,3.0,qual_by_occ,411716,Youth Worker,4,Community and Personal Service Workers,41,411,4117,exact,100.0,matched_exact,8
CHC32015,Certificate III In Community Services,Commercial Cleaner,2.0,qual_by_occ,811211,Commercial Cleaner,8,Labourers,81,811,8112,exact,100.0,matched_exact,9
CHC32015,Certificate III In Community Services,Office Cashier,2.0,qual_by_occ,631112,Office Cashier,6,Sales Workers,63,631,6311,exact,100.0,matched_exact,10
CHC32015,Certificate III In Community Services,Waiter,2.0,qual_by_occ,431511,Waiter,4,Community and Personal Service Workers,43,431,4315,exact,100.0,matched_exact,11
CHC32015,Certificate III In Community Services,Checkout Operator,1.0,qual_by_occ,631111,Checkout Operator,6,Sales Workers,63,631,6311,exact,100.0,matched_exact,12
CHC33021,Certificate III In Individual Support,Aged Or Disabled Carer,29.0,qual_by_occ,423111,Aged or Disabled Carer,4,Community and Personal Service Workers,42,423,4231,exact,100.0,matched_exact,1
CHC33021,Certificate III In Individual Support,Community Worker,9.0,qual_by_occ,411711,Community Worker,4,Community and Personal Service Workers,41,411,4117,exact,100.0,matched_exact,2
CHC33021,Certificate III In Individual Support,Unknown,7.0,qual_by_occ,,,,,,,,,,unknown_occupation,3
CHC33021,Certificate III In Individual Support,Disabilities Services Officer,6.0,qual_by_occ,411712,Disabilities Services Officer,4,Community and Personal Service Workers,41,411,4117,exact,100.0,matched_exact,4
CHC33021,Certificate III In Individual Support,Nursing Support Worker,5.0,qual_by_occ,423312,Nursing Support Worker,4,Community and Personal Service Workers,42,423,4233,exact,100.0,matched_exact,5
CHC33021,Certificate III In Individual Support,Personal Care Assistant,5.0,qual_by_occ,423313,Personal Care Assistant,4,Community and Personal Service Workers,42,423,4233,exact,100.0,matched_exact,6
CHC33021,Certificate III In Individual Support,Commercial Cleaner,3.0,qual_by_occ,811211,Commercial Cleaner,8,Labourers,81,811,8112,exact,100.0,matched_exact,7
CHC33021,Certificate III In Individual Support,Registered Nurse (Aged Care),3.0,qual_by_occ,254412,Registered Nurse (Aged Care),2,Professionals,25,254,2544,exact,100.0,matched_exact,8
CHC33021,Certificate III In Individual Support,Sales Assistant (General),2.0,qual_by_occ,621111,Sales Assistant (General),6,Sales Workers,62,621,6211,exact,100.0,matched_exact,9
CHC33021,Certificate III In Individual Support,Checkout Operator,1.0,qual_by_occ,631111,Checkout Operator,6,Sales Workers,63,631,6311,exact,100.0,matched_exact,10
CHC33021,Certificate III In Individual Support,Chef,1.0,qual_by_occ,351311,Chef,3,Technicians and Trades Workers,35,351,3513,exact,100.0,matched_exact,11
CHC33021,Certificate III In Individual Support,Child Care Worker,1.0,qual_by_occ,421111,Child Care Worker,4,Community and Personal Service Workers,42,421,4211,exact,100.0,matched_exact,12
CHC33021,Certificate III In Individual Support,Cleaners NEC,1.0,qual_by_occ,811699,Cleaners nec,8,Labourers,81,811,8116,exact,100.0,matched_exact,13
CHC33021,Certificate III In Individual Support,Commercial Housekeeper,1.0,qual_by_occ,811411,Commercial Housekeeper,8,Labourers,81,811,8114,exact,100.0,matched_exact,14
CHC33021,Certificate III In Individual Support,Cook,1.0,qual_by_occ,351411,Cook,3,Technicians and Trades Workers,35,351,3514,exact,100.0,matched_exact,15
CHC33021,Certificate III In Individual Support,Customer Service Manager,1.0,qual_by_occ,149212,Customer Service Manager,1,Managers,14,149,1492,exact,100.0,matched_exact,16
CHC33021,Certificate III In Individual Support,General Clerk,1.0,qual_by_occ,531111,General Clerk,5,Clerical and Administrative Workers,53,531,5311,exact,100.0,matched_exact,17
CHC33021,Certificate III In Individual Support,Hospitality Workers NEC,1.0,qual_by_occ,431999,Hospitality Workers nec,4,Community and Personal Service Workers,43,431,4319,exact,100.0,matched_exact,18
CHC33021,Certificate III In Individual Support,Kitchenhand,1.0,qual_by_occ,851311,Kitchenhand,8,Labourers,85,851,8513,exact,100.0,matched_exact,19
CHC33021,Certificate III In Individual Support,Office Cashier,1.0,qual_by_occ,631112,Office Cashier,6,Sales Workers,63,631,6311,exact,100.0,matched_exact,20
CHC33021,Certificate III In Individual Support,Office Manager,1.0,qual_by_occ,512111,Office Manager,5,Clerical and Administrative Workers,51,512,5121,exact,100.0,matched_exact,21
CHC33021,Certificate III In Individual Support,Storeperson,1.0,qual_by_occ,741111,Storeperson,7,Machinery Operators and Drivers,74,741,7411,exact,100.0,matched_exact,22
CHC33021,Certificate III In Individual Support,Waiter,1.0,qual_by_occ,431511,Waiter,4,Community and Personal Service Workers,43,431,4315,exact,100.0,matched_exact,23
CHC33021,Certificate III In Individual Support,Accountant (General),0.0,qual_by_occ,221111,Accountant (General),2,Professionals,22,221,2211,exact,100.0,matched_exact,24
CHC33021,Certificate III In Individual Support,Accounts Clerk,0.0,qual_by_occ,551111,Accounts Clerk,5,Clerical and Administrative Workers,55,551,5511,exact,100.0,matched_exact,25
CHC33021,Certificate III In Individual Support,Bar Attendant,0.0,qual_by_occ,431111,Bar Attendant,4,Community and Personal Service Workers,43,431,4311,exact,100.0,matched_exact,26
CHC33021,Certificate III In Individual Support,Barista,0.0,qual_by_occ,431112,Barista,4,Community and Personal Service Workers,43,431,4311,exact,100.0,matched_exact,27
CHC33021,Certificate III In Individual Support,Beauty Therapist,0.0,qual_by_occ,451111,Beauty Therapist,4,Community and Personal Service Workers,45,451,4511,exact,100.0,matched_exact,28
CHC33021,Certificate III In Individual Support,Bus Driver,0.0,qual_by_occ,731211,Bus Driver,7,Machinery Operators and Drivers,73,731,7312,exact,100.0,matched_exact,29
CHC33021,Certificate III In Individual Support,Cafe Or Restaurant Manager,0.0,qual_by_occ,141111,Cafe or Restaurant Manager,1,Managers,14,141,1411,exact,100.0,matched_exact,30
CHC33021,Certificate III In Individual Support,Cafe Worker,0.0,qual_by_occ,431211,Cafe Worker,4,Community and Personal Service Workers,43,431,4312,exact,100.0,matched_exact,31
CHC33021,Certificate III In Individual Support,Call Or Contact Centre Operator,0.0,qual_by_occ,541112,Call or Contact Centre Operator,5,Clerical and Administrative Workers,54,541,5411,exact,100.0,matched_exact,32
CHC33021,Certificate III In Individual Support,Chief Executive Or Managing Director,0.0,qual_by_occ,111111,Chief Executive or Managing Director,1,Managers,11,111,1111,exact,100.0,matched_exact,33
CHC33021,Certificate III In Individual Support,Corporate General Manager,0.0,qual_by_occ,111211,Corporate General Manager,1,Managers,11,111,1112,exact,100.0,matched_exact,34
CHC33021,Certificate III In Individual Support,Delivery Driver,0.0,qual_by_occ,732111,Delivery Driver,7,Machinery Operators and Drivers,73,732,7321,exact,100.0,matched_exact,35
CHC33021,Certificate III In Individual Support,Domestic Cleaner,0.0,qual_by_occ,811311,Domestic Cleaner,8,Labourers,81,811,8113,exact,100.0,matched_exact,36
CHC33021,Certificate III In Individual Support,Domestic Housekeeper,0.0,qual_by_occ,811412,Domestic Housekeeper,8,Labourers,81,811,8114,exact,100.0,matched_exact,37
CHC33021,Certificate III In Individual Support,Factory Process Workers NEC,0.0,qual_by_occ,839999,Factory Process Workers nec,8,Labourers,83,839,8399,exact,100.0,matched_exact,38
CHC33021,Certificate III In Individual Support,Family Support Worker,0.0,qual_by_occ,411713,Family Support Worker,4,Community and Personal Service Workers,41,411,4117,exact,100.0,matched_exact,39
CHC33021,Certificate III In Individual Support,Fast Food Cook,0.0,qual_by_occ,851111,Fast Food Cook,8,Labourers,85,851,8511,exact,100.0,matched_exact,40
CHC33021,Certificate III In Individual Support,Food And Drink Factory Workers NEC,0.0,qual_by_occ,831199,Food and Drink Factory Workers nec,8,Labourers,83,831,8311,exact,100.0,matched_exact,41
CHC33021,Certificate III In Individual Support,Fruit And Vegetable Packer,0.0,qual_by_occ,832113,Fruit and Vegetable Packer,8,Labourers,83,832,8321,exact,100.0,matched_exact,42
CHC33021,Certificate III In Individual Support,Hairdresser,0.0,qual_by_occ,391111,Hairdresser,3,Technicians and Trades Workers,39,391,3911,exact,100.0,matched_exact,43
CHC33021,Certificate III In Individual Support,Hospital Orderly,0.0,qual_by_occ,423311,Hospital Orderly,4,Community and Personal Service Workers,42,423,4233,exact,100.0,matched_exact,44
CHC33021,Certificate III In Individual Support,Labourers NEC,0.0,qual_by_occ,899999,Labourers nec,8,Labourers,89,899,8999,exact,100.0,matched_exact,45
CHC33021,Certificate III In Individual Support,Laundry Worker (General),0.0,qual_by_occ,811511,Laundry Worker (General),8,Labourers,81,811,8115,exact,100.0,matched_exact,46
CHC33021,Certificate III In Individual Support,Massage Therapist,0.0,qual_by_occ,411611,Massage Therapist,4,Community and Personal Service Workers,41,411,4116,exact,100.0,matched_exact,47
CHC33021,Certificate III In Individual Support,Meat Packer,0.0,qual_by_occ,832114,Meat Packer,8,Labourers,83,832,8321,exact,100.0,matched_exact,48
CHC33021,Certificate III In Individual Support,Meat Process Worker,0.0,qual_by_occ,831311,Meat Process Worker,8,Labourers,83,831,8313,exact,100.0,matched_exact,49
CHC33021,Certificate III In Individual Support,Motor Mechanic (General),0.0,qual_by_occ,321211,Motor Mechanic (General),3,Technicians and Trades Workers,32,321,3212,exact,100.0,matched_exact,50
CHC33021,Certificate III In Individual Support,Order Clerk,0.0,qual_by_occ,591117,Order Clerk,5,Clerical and Administrative Workers,59,591,5911,exact,100.0,matched_exact,51
CHC33021,Certificate III In Individual Support,Packers NEC,0.0,qual_by_occ,832199,Packers nec,8,Labourers,83,832,8321,exact,100.0,matched_exact,52
CHC33021,Certificate III In Individual Support,Pathology Collector,0.0,qual_by_occ,311216,Pathology Collector,3,Technicians and Trades Workers,31,311,3112,exact,100.0,matched_exact,53
CHC33021,Certificate III In Individual Support,Pharmacy Sales Assistant,0.0,qual_by_occ,621411,Pharmacy Sales Assistant,6,Sales Workers,62,621,6214,exact,100.0,matched_exact,54
CHC33021,Certificate III In Individual Support,Product Assembler,0.0,qual_by_occ,832211,Product Assembler,8,Labourers,83,832,8322,exact,100.0,matched_exact,55
CHC33021,Certificate III In Individual Support,Program Or Project Administrator,0.0,qual_by_occ,511112,Program or Project Administrator,5,Clerical and Administrative Workers,51,511,5111,exact,100.0,matched_exact,56
CHC33021,Certificate III In Individual Support,Receptionist (General),0.0,qual_by_occ,542111,Receptionist (General),5,Clerical and Administrative Workers,54,542,5421,exact,100.0,matched_exact,57
CHC33021,Certificate III In Individual Support,Registered Nurse (Community Health),0.0,qual_by_occ,254414,Registered Nurse (Community Health),2,Professionals,25,254,2544,exact,100.0,matched_exact,58
CHC33021,Certificate III In Individual Support,Registered Nurse (Disability And Rehabilitation),0.0,qual_by_occ,254417,Registered Nurse (Disability and Rehabilitation),2,Professionals,25,254,2544,exact,100.0,matched_exact,59
CHC33021,Certificate III In Individual Support,Registered Nurses NEC,0.0,qual_by_occ,254499,Registered Nurses nec,2,Professionals,25,254,2544,exact,100.0,matched_exact,60
CHC33021,Certificate III In Individual Support,Retail Manager (General),0.0,qual_by_occ,142111,Retail Manager (General),1,Managers,14,142,1421,exact,100.0,matched_exact,61
CHC33021,Certificate III In Individual Support,Sales And Marketing Manager,0.0,qual_by_occ,131112,Sales and Marketing Manager,1,Managers,13,131,1311,exact,100.0,matched_exact,62
CHC33021,Certificate III In Individual Support,Sales Assistants And Salespersons NEC,0.0,qual_by_occ,621999,Sales Assistants and Salespersons nec,6,Sales Workers,62,621,6219,exact,100.0,matched_exact,63
CHC33021,Certificate III In Individual Support,Sales Assistants And Salespersons NFD,0.0,qual_by_occ,,,,,,,,,,not_further_defined,64
CHC33021,Certificate III In Individual Support,Sales Representative (Business Services),0.0,qual_by_occ,611312,Sales Representative (Business Services),6,Sales Workers,61,611,6113,exact,100.0,matched_exact,65
CHC33021,Certificate III In Individual Support,Sales Representative (Personal And Household Goods),0.0,qual_by_occ,611314,Sales Representative (Personal and Household Goods),6,Sales Workers,61,611,6113,exact,100.0,matched_exact,66
CHC33021,Certificate III In Individual Support,Sales Representatives NEC,0.0,qual_by_occ,611399,Sales Representatives nec,6,Sales Workers,61,611,6113,exact,100.0,matched_exact,67
CHC33021,Certificate III In Individual Support,Security Officer,0.0,qual_by_occ,442217,Security Officer,4,Community and Personal Service Workers,44,442,4422,exact,100.0,matched_exact,68
CHC33021,Certificate III In Individual Support,Shelf Filler,0.0,qual_by_occ,891211,Shelf Filler,8,Labourers,89,891,8912,exact,100.0,matched_exact,69
CHC33021,Certificate III In Individual Support,Social Worker,0.0,qual_by_occ,272511,Social Worker,2,Professionals,27,272,2725,exact,100.0,matched_exact,70
CHC33021,Certificate III In Individual Support,Teachers' Aide,0.0,qual_by_occ,422116,Teachers' Aide,4,Community and Personal Service Workers,42,422,4221,exact,100.0,matched_exact,71
CHC33021,Certificate III In Individual Support,Truck Driver (General),0.0,qual_by_occ,733111,Truck Driver (General),7,Machinery Operators and Drivers,73,733,7331,exact,100.0,matched_exact,72
CHC40113,Certificate IV In School Age Education And Care,Child Care Worker,48.0,qual_by_occ,421111,Child Care Worker,4,Community and Personal Service Workers,42,421,4211,exact,100.0,matched_exact,1
CHC40221,Certificate IV In School Based Education Support,Teachers' Aide,41.0,qual_by_occ,422116,Teachers' Aide,4,Community and Personal Service Workers,42,422,4221,exact,100.0,matched_exact,1
CHC40221,Certificate IV In School Based Education Support,Child Care Worker,6.0,qual_by_occ,421111,Child Care Worker,4,Community and Personal Service Workers,42,421,4211,exact,100.0,matched_exact,2
CHC40221,Certificate IV In School Based Education Support,Special Needs Teacher,5.0,qual_by_occ,241511,Special Needs Teacher,2,Professionals,24,241,2415,exact,100.0,matched_exact,3
CHC40221,Certificate IV In School Based Education Support,Unknown,5.0,qual_by_occ,,,,,,,,,,unknown_occupation,4
CHC40221,Certificate IV In School Based Education Support,General Clerk,3.0,qual_by_occ,531111,General Clerk,5,Clerical and Administrative Workers,53,531,5311,exact,100.0,matched_exact,5
CHC40221,Certificate IV In School Based Education Support,Office Manager,3.0,qual_by_occ,512111,Office Manager,5,Clerical and Administrative Workers,51,512,5121,exact,100.0,matched_exact,6
CHC40221,Certificate IV In School Based Education Support,Integration Aide,2.0,qual_by_occ,422112,Integration Aide,4,Community and Personal Service Workers,42,422,4221,exact,100.0,matched_exact,7
CHC40221,Certificate IV In School Based Education Support,Primary School Teacher,2.0,qual_by_occ,241213,Primary School Teacher,2,Professionals,24,241,2412,exact,100.0,matched_exact,8
CHC40221,Certificate IV In School Based Education Support,Sales Assistant (General),2.0,qual_by_occ,621111,Sales Assistant (General),6,Sales Workers,62,621,6211,exact,100.0,matched_exact,9
CHC40221,Certificate IV In School Based Education Support,Aged Or Disabled Carer,1.0,qual_by_occ,423111,Aged or Disabled Carer,4,Community and Personal Service Workers,42,423,4231,exact,100.0,matched_exact,10
CHC40221,Certificate IV In School Based Education Support,Community Worker,1.0,qual_by_occ,411711,Community Worker,4,Community and Personal Service Workers,41,411,4117,exact,100.0,matched_exact,11
CHC40221,Certificate IV In School Based Education Support,Disabilities Services Officer,1.0,qual_by_occ,411712,Disabilities Services Officer,4,Community and Personal Service Workers,41,411,4117,exact,100.0,matched_exact,12
CHC40221,Certificate IV In School Based Education Support,Early Childhood (Pre-Primary School) Teacher,1.0,qual_by_occ,241111,Early Childhood (Pre-primary School) Teacher,2,Professionals,24,241,2411,exact,100.0,matched_exact,13
CHC40221,Certificate IV In School Based Education Support,Education Adviser,1.0,qual_by_occ,249111,Education Adviser,2,Professionals,24,249,2491,exact,100.0,matched_exact,14
CHC40221,Certificate IV In School Based Education Support,Out Of School Hours Care Worker,1.0,qual_by_occ,421114,Out of School Hours Care Worker,4,Community and Personal Service Workers,42,421,4211,exact,100.0,matched_exact,15
CHC40221,Certificate IV In School Based Education Support,Program Or Project Administrator,1.0,qual_by_occ,511112,Program or Project Administrator,5,Clerical and Administrative Workers,51,511,5111,exact,100.0,matched_exact,16
CHC40221,Certificate IV In School Based Education Support,Regional Education Manager,1.0,qual_by_occ,134412,Regional Education Manager,1,Managers,13,134,1344,exact,100.0,matched_exact,17
CHC40221,Certificate IV In School Based Education Support,School Teachers NFD,1.0,qual_by_occ,,,,,,,,,,not_further_defined,18
CHC40221,Certificate IV In School Based Education Support,Secondary School Teacher,1.0,qual_by_occ,241411,Secondary School Teacher,2,Professionals,24,241,2414,exact,100.0,matched_exact,19
CHC40321,"Certificate IV In Child, Youth And Family Intervention",Youth Worker,28.0,qual_by_occ,411716,Youth Worker,4,Community and Personal Service Workers,41,411,4117,exact,100.0,matched_exact,1
CHC40321,"Certificate IV In Child, Youth And Family Intervention",Child Or Youth Residential Care Assistant,12.0,qual_by_occ,423411,Child or Youth Residential Care Assistant,4,Community and Personal Service Workers,42,423,4234,exact,100.0,matched_exact,2
CHC40321,"Certificate IV In Child, Youth And Family Intervention",Community Worker,11.0,qual_by_occ,411711,Community Worker,4,Community and Personal Service Workers,41,411,4117,exact,100.0,matched_exact,3
CHC40321,"Certificate IV In Child, Youth And Family Intervention",Aged Or Disabled Carer,10.0,qual_by_occ,423111,Aged or Disabled Carer,4,Community and Personal Service Workers,42,423,4231,exact,100.0,matched_exact,4
CHC40321,"Certificate IV In Child, Youth And Family Intervention",Disabilities Services Officer,7.0,qual_by_occ,411712,Disabilities Services Officer,4,Community and Personal Service Workers,41,411,4117,exact,100.0,matched_exact,5
CHC40321,"Certificate IV In Child, Youth And Family Intervention",Unknown,7.0,qual_by_occ,,,,,,,,,,unknown_occupation,6
CHC40421,Certificate IV In Youth Work,Youth Worker,20.0,qual_by_occ,411716,Youth Worker,4,Community and Personal Service Workers,41,411,4117,exact,100.0,matched_exact,1
CHC40421,Certificate IV In Youth Work,Unknown,8.0,qual_by_occ,,,,,,,,,,unknown_occupation,2
CHC40421,Certificate IV In Youth Work,Community Worker,7.0,qual_by_occ,411711,Community Worker,4,Community and Personal Service Workers,41,411,4117,exact,100.0,matched_exact,3
CHC40421,Certificate IV In Youth Work,Child Or Youth Residential Care Assistant,6.0,qual_by_occ,423411,Child or Youth Residential Care Assistant,4,Community and Personal Service Workers,42,423,4234,exact,100.0,matched_exact,4
CHC40421,Certificate IV In Youth Work,Disabilities Services Officer,4.0,qual_by_occ,411712,Disabilities Services Officer,4,Community and Personal Service Workers,41,411,4117,exact,100.0,matched_exact,5
CHC40421,Certificate IV In Youth Work,Sales Assistant (General),4.0,qual_by_occ,621111,Sales Assistant (General),6,Sales Workers,62,621,6211,exact,100.0,matched_exact,6
CHC40521,Certificate IV In Youth Justice,Youth Worker,48.0,qual_by_occ,411716,Youth Worker,4,Community and Personal Service Workers,41,411,4117,exact,100.0,matched_exact,1
CHC41015,Certificate IV In Celebrancy,Unknown,12.0,qual_by_occ,,,,,,,,,,unknown_occupation,1
CHC41015,Certificate IV In Celebrancy,Corporate General Manager,4.0,qual_by_occ,111211,Corporate General Manager,1,Managers,11,111,1112,exact,100.0,matched_exact,2
CHC41115,Certificate IV In Employment Services,Recruitment Consultant,53.0,qual_by_occ,223112,Recruitment Consultant,2,Professionals,22,223,2231,exact,100.0,matched_exact,1
CHC42021,Certificate IV In Community Services,Community Worker,16.0,qual_by_occ,411711,Community Worker,4,Community and Personal Service Workers,41,411,4117,exact,100.0,matched_exact,1
CHC42021,Certificate IV In Community Services,Unknown,9.0,qual_by_occ,,,,,,,,,,unknown_occupation,2
CHC42021,Certificate IV In Community Services,Aged Or Disabled Carer,7.0,qual_by_occ,423111,Aged or Disabled Carer,4,Community and Personal Service Workers,42,423,4231,exact,100.0,matched_exact,3
CHC42021,Certificate IV In Community Services,Disabilities Services Officer,5.0,qual_by_occ,411712,Disabilities Services Officer,4,Community and Personal Service Workers,41,411,4117,exact,100.0,matched_exact,4
CHC42021,Certificate IV In Community Services,General Clerk,3.0,qual_by_occ,531111,General Clerk,5,Clerical and Administrative Workers,53,531,5311,exact,100.0,matched_exact,5
CHC42021,Certificate IV In Community Services,Youth Worker,3.0,qual_by_occ,411716,Youth Worker,4,Community and Personal Service Workers,41,411,4117,exact,100.0,matched_exact,6
CHC42021,Certificate IV In Community Services,Child Or Youth Residential Care Assistant,2.0,qual_by_occ,423411,Child or Youth Residential Care Assistant,4,Community and Personal Service Workers,42,423,4234,exact,100.0,matched_exact,7
CHC42021,Certificate IV In Community Services,Family Support Worker,2.0,qual_by_occ,411713,Family Support Worker,4,Community and Personal Service Workers,41,411,4117,exact,100.0,matched_exact,8
CHC42021,Certificate IV In Community Services,Office Manager,2.0,qual_by_occ,512111,Office Manager,5,Clerical and Administrative Workers,51,512,5121,exact,100.0,matched_exact,9
CHC42021,Certificate IV In Community Services,Program Or Project Administrator,2.0,qual_by_occ,511112,Program or Project Administrator,5,Clerical and Administrative Workers,51,511,5111,exact,100.0,matched_exact,10
CHC42021,Certificate IV In Community Services,Sales Assistant (General),2.0,qual_by_occ,621111,Sales Assistant (General),6,Sales Workers,62,621,6211,exact,100.0,matched_exact,11
CHC42021,Certificate IV In Community Services,Social Worker,2.0,qual_by_occ,272511,Social Worker,2,Professionals,27,272,2725,exact,100.0,matched_exact,12
CHC43015,Certificate IV In Ageing Support,Aged Or Disabled Carer,29.0,qual_by_occ,423111,Aged or Disabled Carer,4,Community and Personal Service Workers,42,423,4231,exact,100.0,matched_exact,1
CHC43015,Certificate IV In Ageing Support,Nursing Support Worker,12.0,qual_by_occ,423312,Nursing Support Worker,4,Community and Personal Service Workers,42,423,4233,exact,100.0,matched_exact,2
CHC43015,Certificate IV In Ageing Support,Registered Nurse (Aged Care),7.0,qual_by_occ,254412,Registered Nurse (Aged Care),2,Professionals,25,254,2544,exact,100.0,matched_exact,3
CHC43015,Certificate IV In Ageing Support,Personal Care Assistant,6.0,qual_by_occ,423313,Personal Care Assistant,4,Community and Personal Service Workers,42,423,4233,exact,100.0,matched_exact,4
CHC43015,Certificate IV In Ageing Support,Unknown,5.0,qual_by_occ,,,,,,,,,,unknown_occupation,5
CHC43015,Certificate IV In Ageing Support,Commercial Cleaner,4.0,qual_by_occ,811211,Commercial Cleaner,8,Labourers,81,811,8112,exact,100.0,matched_exact,6
CHC43015,Certificate IV In Ageing Support,Community Worker,4.0,qual_by_occ,411711,Community Worker,4,Community and Personal Service Workers,41,411,4117,exact,100.0,matched_exact,7
CHC43015,Certificate IV In Ageing Support,Disabilities Services Officer,2.0,qual_by_occ,411712,Disabilities Services Officer,4,Community and Personal Service Workers,41,411,4117,exact,100.0,matched_exact,8
CHC43015,Certificate IV In Ageing Support,Chef,1.0,qual_by_occ,351311,Chef,3,Technicians and Trades Workers,35,351,3513,exact,100.0,matched_exact,9
CHC43015,Certificate IV In Ageing Support,Child Care Worker,1.0,qual_by_occ,421111,Child Care Worker,4,Community and Personal Service Workers,42,421,4211,exact,100.0,matched_exact,10
CHC43015,Certificate IV In Ageing Support,Customer Service Manager,1.0,qual_by_occ,149212,Customer Service Manager,1,Managers,14,149,1492,exact,100.0,matched_exact,11
CHC43015,Certificate IV In Ageing Support,Hospitality Workers NEC,1.0,qual_by_occ,431999,Hospitality Workers nec,4,Community and Personal Service Workers,43,431,4319,exact,100.0,matched_exact,12
CHC43015,Certificate IV In Ageing Support,Sales Assistant (General),1.0,qual_by_occ,621111,Sales Assistant (General),6,Sales Workers,62,621,6211,exact,100.0,matched_exact,13
CHC43015,Certificate IV In Ageing Support,Waiter,1.0,qual_by_occ,431511,Waiter,4,Community and Personal Service Workers,43,431,4315,exact,100.0,matched_exact,14
CHC43121,Certificate IV In Disability Support,Aged Or Disabled Carer,23.0,qual_by_occ,423111,Aged or Disabled Carer,4,Community and Personal Service Workers,42,423,4231,exact,100.0,matched_exact,1
CHC43121,Certificate IV In Disability Support,Disabilities Services Officer,19.0,qual_by_occ,411712,Disabilities Services Officer,4,Community and Personal Service Workers,41,411,4117,exact,100.0,matched_exact,2
CHC43121,Certificate IV In Disability Support,Community Worker,10.0,qual_by_occ,411711,Community Worker,4,Community and Personal Service Workers,41,411,4117,exact,100.0,matched_exact,3
CHC43121,Certificate IV In Disability Support,Unknown,7.0,qual_by_occ,,,,,,,,,,unknown_occupation,4
CHC43121,Certificate IV In Disability Support,Personal Care Assistant,4.0,qual_by_occ,423313,Personal Care Assistant,4,Community and Personal Service Workers,42,423,4233,exact,100.0,matched_exact,5
CHC43121,Certificate IV In Disability Support,Chef,2.0,qual_by_occ,351311,Chef,3,Technicians and Trades Workers,35,351,3513,exact,100.0,matched_exact,6
CHC43121,Certificate IV In Disability Support,Commercial Cleaner,2.0,qual_by_occ,811211,Commercial Cleaner,8,Labourers,81,811,8112,exact,100.0,matched_exact,7
CHC43121,Certificate IV In Disability Support,Registered Nurse (Aged Care),2.0,qual_by_occ,254412,Registered Nurse (Aged Care),2,Professionals,25,254,2544,exact,100.0,matched_exact,8
CHC43121,Certificate IV In Disability Support,Chief Executive Or Managing Director,1.0,qual_by_occ,111111,Chief Executive or Managing Director,1,Managers,11,111,1111,exact,100.0,matched_exact,9
CHC43121,Certificate IV In Disability Support,Child Care Worker,1.0,qual_by_occ,421111,Child Care Worker,4,Community and Personal Service Workers,42,421,4211,exact,100.0,matched_exact,10
CHC43121,Certificate IV In Disability Support,Corporate General Manager,1.0,qual_by_occ,111211,Corporate General Manager,1,Managers,11,111,1112,exact,100.0,matched_exact,11
CHC43121,Certificate IV In Disability Support,Customer Service Manager,1.0,qual_by_occ,149212,Customer Service Manager,1,Managers,14,149,1492,exact,100.0,matched_exact,12
CHC43121,Certificate IV In Disability Support,General Clerk,1.0,qual_by_occ,531111,General Clerk,5,Clerical and Administrative Workers,53,531,5311,exact,100.0,matched_exact,13
CHC43121,Certificate IV In Disability Support,Nursing Support Worker,1.0,qual_by_occ,423312,Nursing Support Worker,4,Community and Personal Service Workers,42,423,4233,exact,100.0,matched_exact,14
CHC43121,Certificate IV In Disability Support,Registered Nurse (Disability And Rehabilitation),1.0,qual_by_occ,254417,Registered Nurse (Disability and Rehabilitation),2,Professionals,25,254,2544,exact,100.0,matched_exact,15
CHC43121,Certificate IV In Disability Support,Sales Assistant (General),1.0,qual_by_occ,621111,Sales Assistant (General),6,Sales Workers,62,621,6211,exact,100.0,matched_exact,16
CHC43121,Certificate IV In Disability Support,Social Worker,1.0,qual_by_occ,272511,Social Worker,2,Professionals,27,272,2725,exact,100.0,matched_exact,17
CHC43121,Certificate IV In Disability Support,Storeperson,1.0,qual_by_occ,741111,Storeperson,7,Machinery Operators and Drivers,74,741,7411,exact,100.0,matched_exact,18
CHC43121,Certificate IV In Disability Support,Teachers' Aide,1.0,qual_by_occ,422116,Teachers' Aide,4,Community and Personal Service Workers,42,422,4221,exact,100.0,matched_exact,19
CHC43215,Certificate IV In Alcohol And Other Drugs,Community Worker,13.0,qual_by_occ,411711,Community Worker,4,Community and Personal Service Workers,41,411,4117,exact,100.0,matched_exact,1
CHC43215,Certificate IV In Alcohol And Other Drugs,Unknown,13.0,qual_by_occ,,,,,,,,,,unknown_occupation,2
CHC43315,Certificate IV In Mental Health,Community Worker,19.0,qual_by_occ,411711,Community Worker,4,Community and Personal Service Workers,41,411,4117,exact,100.0,matched_exact,1
CHC43315,Certificate IV In Mental Health,Unknown,11.0,qual_by_occ,,,,,,,,,,unknown_occupation,2
CHC43315,Certificate IV In Mental Health,Aged Or Disabled Carer,9.0,qual_by_occ,423111,Aged or Disabled Carer,4,Community and Personal Service Workers,42,423,4231,exact,100.0,matched_exact,3
CHC43315,Certificate IV In Mental Health,Disabilities Services Officer,8.0,qual_by_occ,411712,Disabilities Services Officer,4,Community and Personal Service Workers,41,411,4117,exact,100.0,matched_exact,4
CHC43415,Certificate IV In Leisure And Health,Aged Or Disabled Carer,38.0,qual_by_occ,423111,Aged or Disabled Carer,4,Community and Personal Service Workers,42,423,4231,exact,100.0,matched_exact,1
CHC43415,Certificate IV In Leisure And Health,Diversional Therapist,6.0,qual_by_occ,411311,Diversional Therapist,4,Community and Personal Service Workers,41,411,4113,exact,100.0,matched_exact,2
CHC43415,Certificate IV In Leisure And Health,Registered Nurse (Aged Care),6.0,qual_by_occ,254412,Registered Nurse (Aged Care),2,Professionals,25,254,2544,exact,100.0,matched_exact,3
CHC43415,Certificate IV In Leisure And Health,Unknown,6.0,qual_by_occ,,,,,,,,,,unknown_occupation,4
CHC43415,Certificate IV In Leisure And Health,Recreation Officer,5.0,qual_by_occ,272612,Recreation Officer,2,Professionals,27,272,2726,exact,100.0,matched_exact,5
CHC43415,Certificate IV In Leisure And Health,Personal Care Assistant,4.0,qual_by_occ,423313,Personal Care Assistant,4,Community and Personal Service Workers,42,423,4233,exact,100.0,matched_exact,6
CHC43515,Certificate IV In Mental Health Peer Work,Community Worker,31.0,qual_by_occ,411711,Community Worker,4,Community and Personal Service Workers,41,411,4117,exact,100.0,matched_exact,1
CHC50121,Diploma Of Early Childhood Education And Care,Child Care Worker,67.0,qual_by_occ,421111,Child Care Worker,4,Community and Personal Service Workers,42,421,4211,exact,100.0,matched_exact,1
CHC50121,Diploma Of Early Childhood Education And Care,Unknown,5.0,qual_by_occ,,,,,,,,,,unknown_occupation,2
CHC50121,Diploma Of Early Childhood Education And Care,Primary School Teacher,3.0,qual_by_occ,241213,Primary School Teacher,2,Professionals,24,241,2412,exact,100.0,matched_exact,3
CHC50121,Diploma Of Early Childhood Education And Care,Early Childhood (Pre-Primary School) Teacher,2.0,qual_by_occ,241111,Early Childhood (Pre-primary School) Teacher,2,Professionals,24,241,2411,exact,100.0,matched_exact,4
CHC50121,Diploma Of Early Childhood Education And Care,Aged Or Disabled Carer,1.0,qual_by_occ,423111,Aged or Disabled Carer,4,Community and Personal Service Workers,42,423,4231,exact,100.0,matched_exact,5
CHC50121,Diploma Of Early Childhood Education And Care,Child Care Centre Manager,1.0,qual_by_occ,134111,Child Care Centre Manager,1,Managers,13,134,1341,exact,100.0,matched_exact,6
CHC50121,Diploma Of Early Childhood Education And Care,Family Day Care Worker,1.0,qual_by_occ,421112,Family Day Care Worker,4,Community and Personal Service Workers,42,421,4211,exact,100.0,matched_exact,7
CHC50121,Diploma Of Early Childhood Education And Care,General Clerk,1.0,qual_by_occ,531111,General Clerk,5,Clerical and Administrative Workers,53,531,5311,exact,100.0,matched_exact,8
CHC50121,Diploma Of Early Childhood Education And Care,Nanny,1.0,qual_by_occ,421113,Nanny,4,Community and Personal Service Workers,42,421,4211,exact,100.0,matched_exact,9
CHC50121,Diploma Of Early Childhood Education And Care,Office Manager,1.0,qual_by_occ,512111,Office Manager,5,Clerical and Administrative Workers,51,512,5121,exact,100.0,matched_exact,10
CHC50121,Diploma Of Early Childhood Education And Care,Out Of School Hours Care Worker,1.0,qual_by_occ,421114,Out of School Hours Care Worker,4,Community and Personal Service Workers,42,421,4211,exact,100.0,matched_exact,11
CHC50121,Diploma Of Early Childhood Education And Care,Preschool Aide,1.0,qual_by_occ,422115,Preschool Aide,4,Community and Personal Service Workers,42,422,4221,exact,100.0,matched_exact,12
CHC50121,Diploma Of Early Childhood Education And Care,Sales Assistant (General),1.0,qual_by_occ,621111,Sales Assistant (General),6,Sales Workers,62,621,6211,exact,100.0,matched_exact,13
CHC50121,Diploma Of Early Childhood Education And Care,Teachers' Aide,1.0,qual_by_occ,422116,Teachers' Aide,4,Community and Personal Service Workers,42,422,4221,exact,100.0,matched_exact,14
CHC50121,Diploma Of Early Childhood Education And Care,Commercial Cleaner,0.0,qual_by_occ,811211,Commercial Cleaner,8,Labourers,81,811,8112,exact,100.0,matched_exact,15
CHC50121,Diploma Of Early Childhood Education And Care,Community Worker,0.0,qual_by_occ,411711,Community Worker,4,Community and Personal Service Workers,41,411,4117,exact,100.0,matched_exact,16
CHC50121,Diploma Of Early Childhood Education And Care,Corporate General Manager,0.0,qual_by_occ,111211,Corporate General Manager,1,Managers,11,111,1112,exact,100.0,matched_exact,17
CHC50121,Diploma Of Early Childhood Education And Care,Disabilities Services Officer,0.0,qual_by_occ,411712,Disabilities Services Officer,4,Community and Personal Service Workers,41,411,4117,exact,100.0,matched_exact,18
CHC50221,Diploma Of School Age Education And Care,Child Care Worker,32.0,qual_by_occ,421111,Child Care Worker,4,Community and Personal Service Workers,42,421,4211,exact,100.0,matched_exact,1
CHC50221,Diploma Of School Age Education And Care,Out Of School Hours Care Worker,29.0,qual_by_occ,421114,Out of School Hours Care Worker,4,Community and Personal Service Workers,42,421,4211,exact,100.0,matched_exact,2
CHC50321,"Diploma Of Child, Youth And Family Intervention",Youth Worker,27.0,qual_by_occ,411716,Youth Worker,4,Community and Personal Service Workers,41,411,4117,exact,100.0,matched_exact,1
CHC50421,Diploma Of Youth Work,Youth Worker,28.0,qual_by_occ,411716,Youth Worker,4,Community and Personal Service Workers,41,411,4117,exact,100.0,matched_exact,1
CHC51015,Diploma Of Counselling,Unknown,17.0,qual_by_occ,,,,,,,,,,unknown_occupation,1
CHC51015,Diploma Of Counselling,Community Worker,7.0,qual_by_occ,411711,Community Worker,4,Community and Personal Service Workers,41,411,4117,exact,100.0,matched_exact,2
CHC51015,Diploma Of Counselling,Aged Or Disabled Carer,3.0,qual_by_occ,423111,Aged or Disabled Carer,4,Community and Personal Service Workers,42,423,4231,exact,100.0,matched_exact,3
CHC51015,Diploma Of Counselling,Counsellors NEC,3.0,qual_by_occ,272199,Counsellors nec,2,Professionals,27,272,2721,exact,100.0,matched_exact,4
CHC51015,Diploma Of Counselling,General Clerk,3.0,qual_by_occ,531111,General Clerk,5,Clerical and Administrative Workers,53,531,5311,exact,100.0,matched_exact,5
CHC51015,Diploma Of Counselling,Office Manager,3.0,qual_by_occ,512111,Office Manager,5,Clerical and Administrative Workers,51,512,5121,exact,100.0,matched_exact,6
CHC51015,Diploma Of Counselling,Social Worker,3.0,qual_by_occ,272511,Social Worker,2,Professionals,27,272,2725,exact,100.0,matched_exact,7
CHC51122,Diploma Of Financial Counselling,Counsellors NEC,26.0,qual_by_occ,272199,Counsellors nec,2,Professionals,27,272,2721,exact,100.0,matched_exact,1
CHC52021,Diploma Of Community Services,Community Worker,16.0,qual_by_occ,411711,Community Worker,4,Community and Personal Service Workers,41,411,4117,exact,100.0,matched_exact,1
CHC52021,Diploma Of Community Services,Aged Or Disabled Carer,10.0,qual_by_occ,423111,Aged or Disabled Carer,4,Community and Personal Service Workers,42,423,4231,exact,100.0,matched_exact,2
CHC52021,Diploma Of Community Services,Disabilities Services Officer,10.0,qual_by_occ,411712,Disabilities Services Officer,4,Community and Personal Service Workers,41,411,4117,exact,100.0,matched_exact,3
CHC52021,Diploma Of Community Services,Unknown,8.0,qual_by_occ,,,,,,,,,,unknown_occupation,4
CHC52021,Diploma Of Community Services,Youth Worker,7.0,qual_by_occ,411716,Youth Worker,4,Community and Personal Service Workers,41,411,4117,exact,100.0,matched_exact,5
CHC52021,Diploma Of Community Services,Social Worker,5.0,qual_by_occ,272511,Social Worker,2,Professionals,27,272,2725,exact,100.0,matched_exact,6
CHC52021,Diploma Of Community Services,Child Care Worker,2.0,qual_by_occ,421111,Child Care Worker,4,Community and Personal Service Workers,42,421,4211,exact,100.0,matched_exact,7
CHC52021,Diploma Of Community Services,Child Or Youth Residential Care Assistant,2.0,qual_by_occ,423411,Child or Youth Residential Care Assistant,4,Community and Personal Service Workers,42,423,4234,exact,100.0,matched_exact,8
CHC52021,Diploma Of Community Services,Family Support Worker,2.0,qual_by_occ,411713,Family Support Worker,4,Community and Personal Service Workers,41,411,4117,exact,100.0,matched_exact,9
CHC52021,Diploma Of Community Services,General Clerk,2.0,qual_by_occ,531111,General Clerk,5,Clerical and Administrative Workers,53,531,5311,exact,100.0,matched_exact,10
CHC52021,Diploma Of Community Services,Office Manager,2.0,qual_by_occ,512111,Office Manager,5,Clerical and Administrative Workers,51,512,5121,exact,100.0,matched_exact,11
CHC52021,Diploma Of Community Services,Program Or Project Administrator,2.0,qual_by_occ,511112,Program or Project Administrator,5,Clerical and Administrative Workers,51,511,5111,exact,100.0,matched_exact,12
CHC52021,Diploma Of Community Services,Chief Executive Or Managing Director,1.0,qual_by_occ,111111,Chief Executive or Managing Director,1,Managers,11,111,1111,exact,100.0,matched_exact,13
CHC52021,Diploma Of Community Services,Corporate General Manager,1.0,qual_by_occ,111211,Corporate General Manager,1,Managers,11,111,1112,exact,100.0,matched_exact,14
CHC52021,Diploma Of Community Services,Customer Service Manager,1.0,qual_by_occ,149212,Customer Service Manager,1,Managers,14,149,1492,exact,100.0,matched_exact,15
CHC52021,Diploma Of Community Services,Health And Welfare Services Managers NEC,1.0,qual_by_occ,134299,Health and Welfare Services Managers nec,1,Managers,13,134,1342,exact,100.0,matched_exact,16
CHC52021,Diploma Of Community Services,Nursing Support Worker,1.0,qual_by_occ,423312,Nursing Support Worker,4,Community and Personal Service Workers,42,423,4233,exact,100.0,matched_exact,17
CHC52021,Diploma Of Community Services,Personal Care Assistant,1.0,qual_by_occ,423313,Personal Care Assistant,4,Community and Personal Service Workers,42,423,4233,exact,100.0,matched_exact,18
CHC52021,Diploma Of Community Services,Recruitment Consultant,1.0,qual_by_occ,223112,Recruitment Consultant,2,Professionals,22,223,2231,exact,100.0,matched_exact,19
CHC52021,Diploma Of Community Services,Registered Nurse (Aged Care),1.0,qual_by_occ,254412,Registered Nurse (Aged Care),2,Professionals,25,254,2544,exact,100.0,matched_exact,20
CHC52021,Diploma Of Community Services,Sales Assistant (General),1.0,qual_by_occ,621111,Sales Assistant (General),6,Sales Workers,62,621,6211,exact,100.0,matched_exact,21
CHC52021,Diploma Of Community Services,Storeperson,1.0,qual_by_occ,741111,Storeperson,7,Machinery Operators and Drivers,74,741,7411,exact,100.0,matched_exact,22
CHC52021,Diploma Of Community Services,Teachers' Aide,1.0,qual_by_occ,422116,Teachers' Aide,4,Community and Personal Service Workers,42,422,4221,exact,100.0,matched_exact,23
CHC53315,Diploma Of Mental Health,Community Worker,26.0,qual_by_occ,411711,Community Worker,4,Community and Personal Service Workers,41,411,4117,exact,100.0,matched_exact,1
CHC62015,Advanced Diploma Of Community Sector Management,Disabilities Services Officer,15.0,qual_by_occ,411712,Disabilities Services Officer,4,Community and Personal Service Workers,41,411,4117,exact,100.0,matched_exact,1
CHC62015,Advanced Diploma Of Community Sector Management,Child Care Worker,13.0,qual_by_occ,421111,Child Care Worker,4,Community and Personal Service Workers,42,421,4211,exact,100.0,matched_exact,2
CHC62015,Advanced Diploma Of Community Sector Management,Aged Or Disabled Carer,11.0,qual_by_occ,423111,Aged or Disabled Carer,4,Community and Personal Service Workers,42,423,4231,exact,100.0,matched_exact,3
CHC62015,Advanced Diploma Of Community Sector Management,Community Worker,7.0,qual_by_occ,411711,Community Worker,4,Community and Personal Service Workers,41,411,4117,exact,100.0,matched_exact,4
CHC62015,Advanced Diploma Of Community Sector Management,Child Care Centre Manager,6.0,qual_by_occ,134111,Child Care Centre Manager,1,Managers,13,134,1341,exact,100.0,matched_exact,5
CHC62015,Advanced Diploma Of Community Sector Management,Unknown,5.0,qual_by_occ,,,,,,,,,,unknown_occupation,6
CHC81315,Graduate Certificate In Career Development Practice,Secondary School Teacher,35.0,qual_by_occ,241411,Secondary School Teacher,2,Professionals,24,241,2414,exact,100.0,matched_exact,1
CPC10120,Certificate I In Construction,Unknown,21.0,qual_by_occ,,,,,,,,,,unknown_occupation,1
CPC10120,Certificate I In Construction,Chief Executive Or Managing Director,5.0,qual_by_occ,111111,Chief Executive or Managing Director,1,Managers,11,111,1111,exact,100.0,matched_exact,2
CPC10120,Certificate I In Construction,Builder's Labourer,4.0,qual_by_occ,821111,Builder's Labourer,8,Labourers,82,821,8211,exact,100.0,matched_exact,3
CPC10120,Certificate I In Construction,Carpenter And Joiner,3.0,qual_by_occ,331211,Carpenter and Joiner,3,Technicians and Trades Workers,33,331,3312,exact,100.0,matched_exact,4
CPC10120,Certificate I In Construction,Corporate General Manager,3.0,qual_by_occ,111211,Corporate General Manager,1,Managers,11,111,1112,exact,100.0,matched_exact,5
CPC10120,Certificate I In Construction,Carpenter,2.0,qual_by_occ,331212,Carpenter,3,Technicians and Trades Workers,33,331,3312,exact,100.0,matched_exact,6
CPC10120,Certificate I In Construction,Construction Project Manager,2.0,qual_by_occ,133111,Construction Project Manager,1,Managers,13,133,1331,exact,100.0,matched_exact,7
CPC10120,Certificate I In Construction,Electrician (General),2.0,qual_by_occ,341111,Electrician (General),3,Technicians and Trades Workers,34,341,3411,exact,100.0,matched_exact,8
CPC10120,Certificate I In Construction,Labourers NEC,1.0,qual_by_occ,899999,Labourers nec,8,Labourers,89,899,8999,exact,100.0,matched_exact,9
CPC10120,Certificate I In Construction,Plumber (General),1.0,qual_by_occ,334111,Plumber (General),3,Technicians and Trades Workers,33,334,3341,exact,100.0,matched_exact,10
CPC10120,Certificate I In Construction,Sales And Marketing Manager,1.0,qual_by_occ,131112,Sales and Marketing Manager,1,Managers,13,131,1311,exact,100.0,matched_exact,11
CPC10120,Certificate I In Construction,Sales Assistant (General),1.0,qual_by_occ,621111,Sales Assistant (General),6,Sales Workers,62,621,6211,exact,100.0,matched_exact,12
CPC10120,Certificate I In Construction,Secondary School Teacher,1.0,qual_by_occ,241411,Secondary School Teacher,2,Professionals,24,241,2414,exact,100.0,matched_exact,13
CPC10120,Certificate I In Construction,Truck Driver (General),1.0,qual_by_occ,733111,Truck Driver (General),7,Machinery Operators and Drivers,73,733,7331,exact,100.0,matched_exact,14
CPC20120,Certificate II In Construction,Unknown,20.0,qual_by_occ,,,,,,,,,,unknown_occupation,1
CPC20120,Certificate II In Construction,Builder's Labourer,11.0,qual_by_occ,821111,Builder's Labourer,8,Labourers,82,821,8211,exact,100.0,matched_exact,2
CPC20120,Certificate II In Construction,Carpenter And Joiner,11.0,qual_by_occ,331211,Carpenter and Joiner,3,Technicians and Trades Workers,33,331,3312,exact,100.0,matched_exact,3
CPC20220,Certificate II In Construction Pathways,Carpenter And Joiner,14.0,qual_by_occ,331211,Carpenter and Joiner,3,Technicians and Trades Workers,33,331,3312,exact,100.0,matched_exact,1
CPC20220,Certificate II In Construction Pathways,Unknown,12.0,qual_by_occ,,,,,,,,,,unknown_occupation,2
CPC30120,Certificate III In Shopfitting,Carpenter And Joiner,58.0,qual_by_occ,331211,Carpenter and Joiner,3,Technicians and Trades Workers,33,331,3312,exact,100.0,matched_exact,1
CPC30216,Certificate III In Signs And Graphics,Signwriter,58.0,qual_by_occ,399611,Signwriter,3,Technicians and Trades Workers,39,399,3996,exact,100.0,matched_exact,1
CPC30220,Certificate III In Carpentry,Carpenter And Joiner,37.0,qual_by_occ,331211,Carpenter and Joiner,3,Technicians and Trades Workers,33,331,3312,exact,100.0,matched_exact,1
CPC30220,Certificate III In Carpentry,Carpenter,26.0,qual_by_occ,331212,Carpenter,3,Technicians and Trades Workers,33,331,3312,exact,100.0,matched_exact,2
CPC30220,Certificate III In Carpentry,Unknown,17.0,qual_by_occ,,,,,,,,,,unknown_occupation,3
CPC30220,Certificate III In Carpentry,Builder's Labourer,3.0,qual_by_occ,821111,Builder's Labourer,8,Labourers,82,821,8211,exact,100.0,matched_exact,4
CPC30220,Certificate III In Carpentry,Chief Executive Or Managing Director,2.0,qual_by_occ,111111,Chief Executive or Managing Director,1,Managers,11,111,1111,exact,100.0,matched_exact,5
CPC30220,Certificate III In Carpentry,Construction Project Manager,2.0,qual_by_occ,133111,Construction Project Manager,1,Managers,13,133,1331,exact,100.0,matched_exact,6
CPC30220,Certificate III In Carpentry,Building Associate,1.0,qual_by_occ,312112,Building Associate,3,Technicians and Trades Workers,31,312,3121,exact,100.0,matched_exact,7
CPC30220,Certificate III In Carpentry,Concreter,1.0,qual_by_occ,821211,Concreter,8,Labourers,82,821,8212,exact,100.0,matched_exact,8
CPC30220,Certificate III In Carpentry,Corporate General Manager,1.0,qual_by_occ,111211,Corporate General Manager,1,Managers,11,111,1112,exact,100.0,matched_exact,9
CPC30220,Certificate III In Carpentry,Labourers NEC,1.0,qual_by_occ,899999,Labourers nec,8,Labourers,89,899,8999,exact,100.0,matched_exact,10
CPC30220,Certificate III In Carpentry,Project Builder,1.0,qual_by_occ,133112,Project Builder,1,Managers,13,133,1331,exact,100.0,matched_exact,11
CPC30320,Certificate III In Concreting,Concreter,35.0,qual_by_occ,821211,Concreter,8,Labourers,82,821,8212,exact,100.0,matched_exact,1
CPC30320,Certificate III In Concreting,Unknown,34.0,qual_by_occ,,,,,,,,,,unknown_occupation,2
CPC30620,Certificate III In Painting And Decorating,Painting Trades Worker,50.0,qual_by_occ,332211,Painting Trades Worker,3,Technicians and Trades Workers,33,332,3322,exact,100.0,matched_exact,1
CPC30620,Certificate III In Painting And Decorating,Unknown,31.0,qual_by_occ,,,,,,,,,,unknown_occupation,2
CPC30620,Certificate III In Painting And Decorating,Chief Executive Or Managing Director,3.0,qual_by_occ,111111,Chief Executive or Managing Director,1,Managers,11,111,1111,exact,100.0,matched_exact,3
CPC30820,Certificate III In Roof Tiling,Roof Tiler,68.0,qual_by_occ,333311,Roof Tiler,3,Technicians and Trades Workers,33,333,3333,exact,100.0,matched_exact,1
CPC30920,Certificate III In Scaffolding,Scaffolder,75.0,qual_by_occ,821712,Scaffolder,8,Labourers,82,821,8217,exact,100.0,matched_exact,1
CPC31020,Certificate III In Solid Plastering,Unknown,35.0,qual_by_occ,,,,,,,,,,unknown_occupation,1
CPC31020,Certificate III In Solid Plastering,Solid Plasterer,26.0,qual_by_occ,333212,Solid Plasterer,3,Technicians and Trades Workers,33,333,3332,exact,100.0,matched_exact,2
CPC31220,Certificate III In Wall And Ceiling Lining,Fibrous Plasterer,39.0,qual_by_occ,333211,Fibrous Plasterer,3,Technicians and Trades Workers,33,333,3332,exact,100.0,matched_exact,1
CPC31220,Certificate III In Wall And Ceiling Lining,Unknown,23.0,qual_by_occ,,,,,,,,,,unknown_occupation,2
CPC31220,Certificate III In Wall And Ceiling Lining,Plasterers NFD,12.0,qual_by_occ,,,,,,,,,,not_further_defined,3
CPC31320,Certificate III In Wall And Floor Tiling,Wall And Floor Tiler,39.0,qual_by_occ,333411,Wall and Floor Tiler,3,Technicians and Trades Workers,33,333,3334,exact,100.0,matched_exact,1
CPC31320,Certificate III In Wall And Floor Tiling,Unknown,35.0,qual_by_occ,,,,,,,,,,unknown_occupation,2
CPC31420,Certificate III In Construction Waterproofing,Unknown,37.0,qual_by_occ,,,,,,,,,,unknown_occupation,1
CPC31420,Certificate III In Construction Waterproofing,Wall And Floor Tiler,7.0,qual_by_occ,333411,Wall and Floor Tiler,3,Technicians and Trades Workers,33,333,3334,exact,100.0,matched_exact,2
CPC31420,Certificate III In Construction Waterproofing,Chief Executive Or Managing Director,6.0,qual_by_occ,111111,Chief Executive or Managing Director,1,Managers,11,111,1111,exact,100.0,matched_exact,3
CPC31420,Certificate III In Construction Waterproofing,Construction Project Manager,6.0,qual_by_occ,133111,Construction Project Manager,1,Managers,13,133,1331,exact,100.0,matched_exact,4
CPC31420,Certificate III In Construction Waterproofing,Carpenter,5.0,qual_by_occ,331212,Carpenter,3,Technicians and Trades Workers,33,331,3312,exact,100.0,matched_exact,5
CPC31920,Certificate III In Joinery,Carpenter And Joiner,38.0,qual_by_occ,331211,Carpenter and Joiner,3,Technicians and Trades Workers,33,331,3312,exact,100.0,matched_exact,1
CPC32320,Certificate III In Stonemasonry,Stonemason,68.0,qual_by_occ,331112,Stonemason,3,Technicians and Trades Workers,33,331,3311,exact,100.0,matched_exact,1
CPC32420,Certificate III In Plumbing,Plumber (General),78.0,qual_by_occ,334111,Plumber (General),3,Technicians and Trades Workers,33,334,3341,exact,100.0,matched_exact,1
CPC32420,Certificate III In Plumbing,Unknown,6.0,qual_by_occ,,,,,,,,,,unknown_occupation,2
CPC32420,Certificate III In Plumbing,Airconditioning And Mechanical Services Plumber,2.0,qual_by_occ,334112,Airconditioning and Mechanical Services Plumber,3,Technicians and Trades Workers,33,334,3341,exact,100.0,matched_exact,3
CPC32420,Certificate III In Plumbing,Roof Plumber,2.0,qual_by_occ,334115,Roof Plumber,3,Technicians and Trades Workers,33,334,3341,exact,100.0,matched_exact,4
CPC32420,Certificate III In Plumbing,Drainer,1.0,qual_by_occ,334113,Drainer,3,Technicians and Trades Workers,33,334,3341,exact,100.0,matched_exact,5
CPC32420,Certificate III In Plumbing,Gasfitter,1.0,qual_by_occ,334114,Gasfitter,3,Technicians and Trades Workers,33,334,3341,exact,100.0,matched_exact,6
CPC32620,Certificate III In Roof Plumbing,Roof Plumber,52.0,qual_by_occ,334115,Roof Plumber,3,Technicians and Trades Workers,33,334,3341,exact,100.0,matched_exact,1
CPC32620,Certificate III In Roof Plumbing,Plumber (General),12.0,qual_by_occ,334111,Plumber (General),3,Technicians and Trades Workers,33,334,3341,exact,100.0,matched_exact,2
CPC32620,Certificate III In Roof Plumbing,Unknown,12.0,qual_by_occ,,,,,,,,,,unknown_occupation,3
CPC33020,Certificate III In Bricklaying And Blocklaying,Bricklayer,58.0,qual_by_occ,331111,Bricklayer,3,Technicians and Trades Workers,33,331,3311,exact,100.0,matched_exact,1
CPC33020,Certificate III In Bricklaying And Blocklaying,Unknown,24.0,qual_by_occ,,,,,,,,,,unknown_occupation,2
CPC40120,Certificate IV In Building And Construction,Unknown,21.0,qual_by_occ,,,,,,,,,,unknown_occupation,1
CPC40120,Certificate IV In Building And Construction,Carpenter,14.0,qual_by_occ,331212,Carpenter,3,Technicians and Trades Workers,33,331,3312,exact,100.0,matched_exact,2
CPC40120,Certificate IV In Building And Construction,Carpenter And Joiner,11.0,qual_by_occ,331211,Carpenter and Joiner,3,Technicians and Trades Workers,33,331,3312,exact,100.0,matched_exact,3
CPC40120,Certificate IV In Building And Construction,Construction Project Manager,7.0,qual_by_occ,133111,Construction Project Manager,1,Managers,13,133,1331,exact,100.0,matched_exact,4
CPC40120,Certificate IV In Building And Construction,Chief Executive Or Managing Director,5.0,qual_by_occ,111111,Chief Executive or Managing Director,1,Managers,11,111,1111,exact,100.0,matched_exact,5
CPC40120,Certificate IV In Building And Construction,Building Associate,4.0,qual_by_occ,312112,Building Associate,3,Technicians and Trades Workers,31,312,3121,exact,100.0,matched_exact,6
CPC40120,Certificate IV In Building And Construction,Builder's Labourer,3.0,qual_by_occ,821111,Builder's Labourer,8,Labourers,82,821,8211,exact,100.0,matched_exact,7
CPC40120,Certificate IV In Building And Construction,Corporate General Manager,2.0,qual_by_occ,111211,Corporate General Manager,1,Managers,11,111,1112,exact,100.0,matched_exact,8
CPC40120,Certificate IV In Building And Construction,Project Builder,2.0,qual_by_occ,133112,Project Builder,1,Managers,13,133,1331,exact,100.0,matched_exact,9
CPC40120,Certificate IV In Building And Construction,Civil Engineer,1.0,qual_by_occ,233211,Civil Engineer,2,Professionals,23,233,2332,exact,100.0,matched_exact,10
CPC40120,Certificate IV In Building And Construction,Electrician (General),1.0,qual_by_occ,341111,Electrician (General),3,Technicians and Trades Workers,34,341,3411,exact,100.0,matched_exact,11
CPC40120,Certificate IV In Building And Construction,Fibrous Plasterer,1.0,qual_by_occ,333211,Fibrous Plasterer,3,Technicians and Trades Workers,33,333,3332,exact,100.0,matched_exact,12
CPC40120,Certificate IV In Building And Construction,Plumber (General),1.0,qual_by_occ,334111,Plumber (General),3,Technicians and Trades Workers,33,334,3341,exact,100.0,matched_exact,13
CPC40120,Certificate IV In Building And Construction,Program Or Project Administrator,1.0,qual_by_occ,511112,Program or Project Administrator,5,Clerical and Administrative Workers,51,511,5111,exact,100.0,matched_exact,14
CPC40920,Certificate IV In Plumbing And Services,Plumber (General),71.0,qual_by_occ,334111,Plumber (General),3,Technicians and Trades Workers,33,334,3341,exact,100.0,matched_exact,1
CPC40920,Certificate IV In Plumbing And Services,Unknown,14.0,qual_by_occ,,,,,,,,,,unknown_occupation,2
CPC50220,Diploma Of Building And Construction (Building),Unknown,21.0,qual_by_occ,,,,,,,,,,unknown_occupation,1
CPC50220,Diploma Of Building And Construction (Building),Construction Project Manager,12.0,qual_by_occ,133111,Construction Project Manager,1,Managers,13,133,1331,exact,100.0,matched_exact,2
CPC50220,Diploma Of Building And Construction (Building),Chief Executive Or Managing Director,8.0,qual_by_occ,111111,Chief Executive or Managing Director,1,Managers,11,111,1111,exact,100.0,matched_exact,3
CPC50220,Diploma Of Building And Construction (Building),Carpenter,7.0,qual_by_occ,331212,Carpenter,3,Technicians and Trades Workers,33,331,3312,exact,100.0,matched_exact,4
CPC50220,Diploma Of Building And Construction (Building),Building Associate,5.0,qual_by_occ,312112,Building Associate,3,Technicians and Trades Workers,31,312,3121,exact,100.0,matched_exact,5
CPC50220,Diploma Of Building And Construction (Building),Carpenter And Joiner,4.0,qual_by_occ,331211,Carpenter and Joiner,3,Technicians and Trades Workers,33,331,3312,exact,100.0,matched_exact,6
CPC50220,Diploma Of Building And Construction (Building),Builder's Labourer,3.0,qual_by_occ,821111,Builder's Labourer,8,Labourers,82,821,8211,exact,100.0,matched_exact,7
CPC50220,Diploma Of Building And Construction (Building),Corporate General Manager,3.0,qual_by_occ,111211,Corporate General Manager,1,Managers,11,111,1112,exact,100.0,matched_exact,8
CPC50220,Diploma Of Building And Construction (Building),Construction Estimator,2.0,qual_by_occ,312114,Construction Estimator,3,Technicians and Trades Workers,31,312,3121,exact,100.0,matched_exact,9
CPC60220,Advanced Diploma Of Building And Construction (Management),Construction Project Manager,35.0,qual_by_occ,133111,Construction Project Manager,1,Managers,13,133,1331,exact,100.0,matched_exact,1
CPC60220,Advanced Diploma Of Building And Construction (Management),Unknown,13.0,qual_by_occ,,,,,,,,,,unknown_occupation,2
CPP20218,Certificate II In Security Operations,Security Officer,20.0,qual_by_occ,442217,Security Officer,4,Community and Personal Service Workers,44,442,4422,exact,100.0,matched_exact,1
CPP20218,Certificate II In Security Operations,Unknown,13.0,qual_by_occ,,,,,,,,,,unknown_occupation,2
CPP20218,Certificate II In Security Operations,Storeperson,3.0,qual_by_occ,741111,Storeperson,7,Machinery Operators and Drivers,74,741,7411,exact,100.0,matched_exact,3
CPP20218,Certificate II In Security Operations,"Alarm, Security Or Surveillance Monitor",2.0,qual_by_occ,442211,"Alarm, Security or Surveillance Monitor",4,Community and Personal Service Workers,44,442,4422,exact,100.0,matched_exact,4
CPP20218,Certificate II In Security Operations,Chef,2.0,qual_by_occ,351311,Chef,3,Technicians and Trades Workers,35,351,3513,exact,100.0,matched_exact,5
CPP20218,Certificate II In Security Operations,Commercial Cleaner,2.0,qual_by_occ,811211,Commercial Cleaner,8,Labourers,81,811,8112,exact,100.0,matched_exact,6
CPP20218,Certificate II In Security Operations,Crowd Controller,2.0,qual_by_occ,442213,Crowd Controller,4,Community and Personal Service Workers,44,442,4422,exact,100.0,matched_exact,7
CPP20218,Certificate II In Security Operations,Delivery Driver,2.0,qual_by_occ,732111,Delivery Driver,7,Machinery Operators and Drivers,73,732,7321,exact,100.0,matched_exact,8
CPP20218,Certificate II In Security Operations,Sales Assistant (General),2.0,qual_by_occ,621111,Sales Assistant (General),6,Sales Workers,62,621,6211,exact,100.0,matched_exact,9
CPP20218,Certificate II In Security Operations,Security Officers And Guards NEC,2.0,qual_by_occ,442299,Security Officers and Guards nec,4,Community and Personal Service Workers,44,442,4422,exact,100.0,matched_exact,10
CPP20218,Certificate II In Security Operations,Accountant (General),1.0,qual_by_occ,221111,Accountant (General),2,Professionals,22,221,2211,exact,100.0,matched_exact,11
CPP20218,Certificate II In Security Operations,Aged Or Disabled Carer,1.0,qual_by_occ,423111,Aged or Disabled Carer,4,Community and Personal Service Workers,42,423,4231,exact,100.0,matched_exact,12
CPP20218,Certificate II In Security Operations,Bar Attendant,1.0,qual_by_occ,431111,Bar Attendant,4,Community and Personal Service Workers,43,431,4311,exact,100.0,matched_exact,13
CPP20218,Certificate II In Security Operations,Builder's Labourer,1.0,qual_by_occ,821111,Builder's Labourer,8,Labourers,82,821,8211,exact,100.0,matched_exact,14
CPP20218,Certificate II In Security Operations,Bus Driver,1.0,qual_by_occ,731211,Bus Driver,7,Machinery Operators and Drivers,73,731,7312,exact,100.0,matched_exact,15
CPP20218,Certificate II In Security Operations,Checkout Operator,1.0,qual_by_occ,631111,Checkout Operator,6,Sales Workers,63,631,6311,exact,100.0,matched_exact,16
CPP20218,Certificate II In Security Operations,Chief Executive Or Managing Director,1.0,qual_by_occ,111111,Chief Executive or Managing Director,1,Managers,11,111,1111,exact,100.0,matched_exact,17
CPP20218,Certificate II In Security Operations,Community Worker,1.0,qual_by_occ,411711,Community Worker,4,Community and Personal Service Workers,41,411,4117,exact,100.0,matched_exact,18
CPP20218,Certificate II In Security Operations,Corporate General Manager,1.0,qual_by_occ,111211,Corporate General Manager,1,Managers,11,111,1112,exact,100.0,matched_exact,19
CPP20218,Certificate II In Security Operations,Customer Service Manager,1.0,qual_by_occ,149212,Customer Service Manager,1,Managers,14,149,1492,exact,100.0,matched_exact,20
CPP20218,Certificate II In Security Operations,Factory Process Workers NEC,1.0,qual_by_occ,839999,Factory Process Workers nec,8,Labourers,83,839,8399,exact,100.0,matched_exact,21
CPP20218,Certificate II In Security Operations,Fast Food Cook,1.0,qual_by_occ,851111,Fast Food Cook,8,Labourers,85,851,8511,exact,100.0,matched_exact,22
CPP20218,Certificate II In Security Operations,Forklift Driver,1.0,qual_by_occ,721311,Forklift Driver,7,Machinery Operators and Drivers,72,721,7213,exact,100.0,matched_exact,23
CPP20218,Certificate II In Security Operations,General Clerk,1.0,qual_by_occ,531111,General Clerk,5,Clerical and Administrative Workers,53,531,5311,exact,100.0,matched_exact,24
CPP20218,Certificate II In Security Operations,Hospitality Workers NEC,1.0,qual_by_occ,431999,Hospitality Workers nec,4,Community and Personal Service Workers,43,431,4319,exact,100.0,matched_exact,25
CPP20218,Certificate II In Security Operations,Kitchenhand,1.0,qual_by_occ,851311,Kitchenhand,8,Labourers,85,851,8513,exact,100.0,matched_exact,26
CPP20218,Certificate II In Security Operations,Labourers NEC,1.0,qual_by_occ,899999,Labourers nec,8,Labourers,89,899,8999,exact,100.0,matched_exact,27
CPP20218,Certificate II In Security Operations,Meat Process Worker,1.0,qual_by_occ,831311,Meat Process Worker,8,Labourers,83,831,8313,exact,100.0,matched_exact,28
CPP20218,Certificate II In Security Operations,Motor Mechanic (General),1.0,qual_by_occ,321211,Motor Mechanic (General),3,Technicians and Trades Workers,32,321,3212,exact,100.0,matched_exact,29
CPP20218,Certificate II In Security Operations,Office Cashier,1.0,qual_by_occ,631112,Office Cashier,6,Sales Workers,63,631,6311,exact,100.0,matched_exact,30
CPP20218,Certificate II In Security Operations,Packers NEC,1.0,qual_by_occ,832199,Packers nec,8,Labourers,83,832,8321,exact,100.0,matched_exact,31
CPP20218,Certificate II In Security Operations,Prison Officer,1.0,qual_by_occ,442111,Prison Officer,4,Community and Personal Service Workers,44,442,4421,exact,100.0,matched_exact,32
CPP20218,Certificate II In Security Operations,Retail Manager (General),1.0,qual_by_occ,142111,Retail Manager (General),1,Managers,14,142,1421,exact,100.0,matched_exact,33
CPP20218,Certificate II In Security Operations,Road Traffic Controller,1.0,qual_by_occ,899923,Road Traffic Controller,8,Labourers,89,899,8999,exact,100.0,matched_exact,34
CPP20218,Certificate II In Security Operations,Security Consultant,1.0,qual_by_occ,442216,Security Consultant,4,Community and Personal Service Workers,44,442,4422,exact,100.0,matched_exact,35
CPP20218,Certificate II In Security Operations,Truck Driver (General),1.0,qual_by_occ,733111,Truck Driver (General),7,Machinery Operators and Drivers,73,733,7331,exact,100.0,matched_exact,36
CPP20218,Certificate II In Security Operations,Waiter,1.0,qual_by_occ,431511,Waiter,4,Community and Personal Service Workers,43,431,4315,exact,100.0,matched_exact,37
CPP20218,Certificate II In Security Operations,Cafe Or Restaurant Manager,0.0,qual_by_occ,141111,Cafe or Restaurant Manager,1,Managers,14,141,1411,exact,100.0,matched_exact,38
CPP20218,Certificate II In Security Operations,Call Or Contact Centre Operator,0.0,qual_by_occ,541112,Call or Contact Centre Operator,5,Clerical and Administrative Workers,54,541,5411,exact,100.0,matched_exact,39
CPP20218,Certificate II In Security Operations,Cleaners NEC,0.0,qual_by_occ,811699,Cleaners nec,8,Labourers,81,811,8116,exact,100.0,matched_exact,40
CPP20218,Certificate II In Security Operations,Electrician (General),0.0,qual_by_occ,341111,Electrician (General),3,Technicians and Trades Workers,34,341,3411,exact,100.0,matched_exact,41
CPP20218,Certificate II In Security Operations,ICT Customer Support Officer,0.0,qual_by_occ,313112,ICT Customer Support Officer,3,Technicians and Trades Workers,31,313,3131,exact,100.0,matched_exact,42
CPP20218,Certificate II In Security Operations,Machine Operators NEC,0.0,qual_by_occ,711999,Machine Operators nec,7,Machinery Operators and Drivers,71,711,7119,exact,100.0,matched_exact,43
CPP20218,Certificate II In Security Operations,Office Manager,0.0,qual_by_occ,512111,Office Manager,5,Clerical and Administrative Workers,51,512,5121,exact,100.0,matched_exact,44
CPP20218,Certificate II In Security Operations,Product Assembler,0.0,qual_by_occ,832211,Product Assembler,8,Labourers,83,832,8322,exact,100.0,matched_exact,45
CPP20218,Certificate II In Security Operations,Program Or Project Administrator,0.0,qual_by_occ,511112,Program or Project Administrator,5,Clerical and Administrative Workers,51,511,5111,exact,100.0,matched_exact,46
CPP20218,Certificate II In Security Operations,Sales Assistants And Salespersons NEC,0.0,qual_by_occ,621999,Sales Assistants and Salespersons nec,6,Sales Workers,62,621,6219,exact,100.0,matched_exact,47
CPP20218,Certificate II In Security Operations,Shelf Filler,0.0,qual_by_occ,891211,Shelf Filler,8,Labourers,89,891,8912,exact,100.0,matched_exact,48
CPP20218,Certificate II In Security Operations,Specialist Managers NEC,0.0,qual_by_occ,139999,Specialist Managers nec,1,Managers,13,139,1399,exact,100.0,matched_exact,49
CPP20218,Certificate II In Security Operations,Warehouse Administrator,0.0,qual_by_occ,591116,Warehouse Administrator,5,Clerical and Administrative Workers,59,591,5911,exact,100.0,matched_exact,50
CPP20521,Certificate II In Fire Protection Inspection And Testing,Fire Protection Equipment Technician,22.0,qual_by_occ,399918,Fire Protection Equipment Technician,3,Technicians and Trades Workers,39,399,3999,exact,100.0,matched_exact,1
CPP20521,Certificate II In Fire Protection Inspection And Testing,Electrician (General),14.0,qual_by_occ,341111,Electrician (General),3,Technicians and Trades Workers,34,341,3411,exact,100.0,matched_exact,2
CPP20617,Certificate II In Cleaning,Unknown,32.0,qual_by_occ,,,,,,,,,,unknown_occupation,1
CPP30321,Certificate III In Cleaning Operations,Commercial Cleaner,69.0,qual_by_occ,811211,Commercial Cleaner,8,Labourers,81,811,8112,exact,100.0,matched_exact,1
CPP30321,Certificate III In Cleaning Operations,Unknown,7.0,qual_by_occ,,,,,,,,,,unknown_occupation,2
CPP30321,Certificate III In Cleaning Operations,Cleaners NEC,6.0,qual_by_occ,811699,Cleaners nec,8,Labourers,81,811,8116,exact,100.0,matched_exact,3
CPP31318,Certificate III In Security Operations,Security Officer,33.0,qual_by_occ,442217,Security Officer,4,Community and Personal Service Workers,44,442,4422,exact,100.0,matched_exact,1
CPP31318,Certificate III In Security Operations,Unknown,11.0,qual_by_occ,,,,,,,,,,unknown_occupation,2
CPP31418,Certificate III In Close Protection Operations,Security Officer,42.0,qual_by_occ,442217,Security Officer,4,Community and Personal Service Workers,44,442,4422,exact,100.0,matched_exact,1
CPP40521,Certificate IV In Strata Community Management,Property Manager,35.0,qual_by_occ,612112,Property Manager,6,Sales Workers,61,612,6121,exact,100.0,matched_exact,1
CPP41419,Certificate IV In Real Estate Practice,Property Manager,19.0,qual_by_occ,612112,Property Manager,6,Sales Workers,61,612,6121,exact,100.0,matched_exact,1
CPP41419,Certificate IV In Real Estate Practice,Real Estate Agent,18.0,qual_by_occ,612114,Real Estate Agent,6,Sales Workers,61,612,6121,exact,100.0,matched_exact,2
CPP41419,Certificate IV In Real Estate Practice,Unknown,12.0,qual_by_occ,,,,,,,,,,unknown_occupation,3
CPP41419,Certificate IV In Real Estate Practice,Real Estate Representative,11.0,qual_by_occ,612115,Real Estate Representative,6,Sales Workers,61,612,6121,exact,100.0,matched_exact,4
CPP41419,Certificate IV In Real Estate Practice,Chief Executive Or Managing Director,2.0,qual_by_occ,111111,Chief Executive or Managing Director,1,Managers,11,111,1111,exact,100.0,matched_exact,5
CPP41419,Certificate IV In Real Estate Practice,Corporate General Manager,2.0,qual_by_occ,111211,Corporate General Manager,1,Managers,11,111,1112,exact,100.0,matched_exact,6
CPP41419,Certificate IV In Real Estate Practice,General Clerk,2.0,qual_by_occ,531111,General Clerk,5,Clerical and Administrative Workers,53,531,5311,exact,100.0,matched_exact,7
CPP41419,Certificate IV In Real Estate Practice,Office Manager,2.0,qual_by_occ,512111,Office Manager,5,Clerical and Administrative Workers,51,512,5121,exact,100.0,matched_exact,8
CPP41419,Certificate IV In Real Estate Practice,Real Estate Agency Principal,2.0,qual_by_occ,612113,Real Estate Agency Principal,6,Sales Workers,61,612,6121,exact,100.0,matched_exact,9
CPP41419,Certificate IV In Real Estate Practice,Sales And Marketing Manager,2.0,qual_by_occ,131112,Sales and Marketing Manager,1,Managers,13,131,1311,exact,100.0,matched_exact,10
CPP41419,Certificate IV In Real Estate Practice,Sales Assistant (General),1.0,qual_by_occ,621111,Sales Assistant (General),6,Sales Workers,62,621,6211,exact,100.0,matched_exact,11
CPP41419,Certificate IV In Real Estate Practice,Sales Representatives NEC,1.0,qual_by_occ,611399,Sales Representatives nec,6,Sales Workers,61,611,6113,exact,100.0,matched_exact,12
CPP41721,Certificate IV In Surveying And Spatial Information Services,Surveyor,31.0,qual_by_occ,232212,Surveyor,2,Professionals,23,232,2322,exact,100.0,matched_exact,1
CPP50121,Diploma Of Surveying,Surveyor,42.0,qual_by_occ,232212,Surveyor,2,Professionals,23,232,2322,exact,100.0,matched_exact,1
CPP50921,Diploma Of Building Design,Architectural Draftsperson,26.0,qual_by_occ,312111,Architectural Draftsperson,3,Technicians and Trades Workers,31,312,3121,exact,100.0,matched_exact,1
CPP50921,Diploma Of Building Design,Unknown,15.0,qual_by_occ,,,,,,,,,,unknown_occupation,2
CPP51122,Diploma Of Property (Agency Management),Real Estate Agent,20.0,qual_by_occ,612114,Real Estate Agent,6,Sales Workers,61,612,6121,exact,100.0,matched_exact,1
CPP51122,Diploma Of Property (Agency Management),Property Manager,18.0,qual_by_occ,612112,Property Manager,6,Sales Workers,61,612,6121,exact,100.0,matched_exact,2
CPP51122,Diploma Of Property (Agency Management),Real Estate Representative,13.0,qual_by_occ,612115,Real Estate Representative,6,Sales Workers,61,612,6121,exact,100.0,matched_exact,3
CPP51122,Diploma Of Property (Agency Management),Unknown,10.0,qual_by_occ,,,,,,,,,,unknown_occupation,4
CSC30122,Certificate III In Correctional Practice,Prison Officer,67.0,qual_by_occ,442111,Prison Officer,4,Community and Personal Service Workers,44,442,4421,exact,100.0,matched_exact,1
CSC30122,Certificate III In Correctional Practice,Unknown,5.0,qual_by_occ,,,,,,,,,,unknown_occupation,2
CSC30122,Certificate III In Correctional Practice,Security Officer,4.0,qual_by_occ,442217,Security Officer,4,Community and Personal Service Workers,44,442,4422,exact,100.0,matched_exact,3
CSC40122,Certificate IV In Correctional Practice,Prison Officer,69.0,qual_by_occ,442111,Prison Officer,4,Community and Personal Service Workers,44,442,4421,exact,100.0,matched_exact,1
CSC40122,Certificate IV In Correctional Practice,Parole Or Probation Officer,8.0,qual_by_occ,411714,Parole or Probation Officer,4,Community and Personal Service Workers,41,411,4117,exact,100.0,matched_exact,2
CUA20620,Certificate II In Music,Unknown,37.0,qual_by_occ,,,,,,,,,,unknown_occupation,1
CUA30120,Certificate III In Dance,Unknown,26.0,qual_by_occ,,,,,,,,,,unknown_occupation,1
CUA30720,Certificate III In Design Fundamentals,Unknown,19.0,qual_by_occ,,,,,,,,,,unknown_occupation,1
CUA30720,Certificate III In Design Fundamentals,Sales Assistant (General),14.0,qual_by_occ,621111,Sales Assistant (General),6,Sales Workers,62,621,6211,exact,100.0,matched_exact,2
CUA30920,Certificate III In Music,Unknown,18.0,qual_by_occ,,,,,,,,,,unknown_occupation,1
CUA30920,Certificate III In Music,Sales Assistant (General),10.0,qual_by_occ,621111,Sales Assistant (General),6,Sales Workers,62,621,6211,exact,100.0,matched_exact,2
CUA30920,Certificate III In Music,Fast Food Cook,5.0,qual_by_occ,851111,Fast Food Cook,8,Labourers,85,851,8511,exact,100.0,matched_exact,3
CUA31020,Certificate III In Screen And Media,Unknown,19.0,qual_by_occ,,,,,,,,,,unknown_occupation,1
CUA31120,Certificate III In Visual Arts,Unknown,25.0,qual_by_occ,,,,,,,,,,unknown_occupation,1
CUA40120,Certificate IV In Dance,Unknown,19.0,qual_by_occ,,,,,,,,,,unknown_occupation,1
CUA40720,Certificate IV In Design,Unknown,13.0,qual_by_occ,,,,,,,,,,unknown_occupation,1
CUA40720,Certificate IV In Design,Sales Assistant (General),11.0,qual_by_occ,621111,Sales Assistant (General),6,Sales Workers,62,621,6211,exact,100.0,matched_exact,2
CUA40720,Certificate IV In Design,Graphic Designer,10.0,qual_by_occ,232411,Graphic Designer,2,Professionals,23,232,2324,exact,100.0,matched_exact,3
CUA40920,Certificate IV In Music,Unknown,17.0,qual_by_occ,,,,,,,,,,unknown_occupation,1
CUA41120,Certificate IV In Photography And Digital Imaging,Unknown,14.0,qual_by_occ,,,,,,,,,,unknown_occupation,1
CUA41220,Certificate IV In Screen And Media,Sales Assistant (General),14.0,qual_by_occ,621111,Sales Assistant (General),6,Sales Workers,62,621,6211,exact,100.0,matched_exact,1
CUA41220,Certificate IV In Screen And Media,Unknown,12.0,qual_by_occ,,,,,,,,,,unknown_occupation,2
CUA50220,Diploma Of Musical Theatre,Unknown,22.0,qual_by_occ,,,,,,,,,,unknown_occupation,1
CUA50720,Diploma Of Graphic Design,Graphic Designer,20.0,qual_by_occ,232411,Graphic Designer,2,Professionals,23,232,2324,exact,100.0,matched_exact,1
CUA50720,Diploma Of Graphic Design,Sales Assistant (General),12.0,qual_by_occ,621111,Sales Assistant (General),6,Sales Workers,62,621,6211,exact,100.0,matched_exact,2
CUA50720,Diploma Of Graphic Design,Unknown,12.0,qual_by_occ,,,,,,,,,,unknown_occupation,3
CUA50820,Diploma Of Music,Unknown,16.0,qual_by_occ,,,,,,,,,,unknown_occupation,1
CUA50820,Diploma Of Music,Sales Assistant (General),12.0,qual_by_occ,621111,Sales Assistant (General),6,Sales Workers,62,621,6211,exact,100.0,matched_exact,2
CUA51020,Diploma Of Screen And Media,Sales Assistant (General),13.0,qual_by_occ,621111,Sales Assistant (General),6,Sales Workers,62,621,6211,exact,100.0,matched_exact,1
CUA51020,Diploma Of Screen And Media,Unknown,13.0,qual_by_occ,,,,,,,,,,unknown_occupation,2
CUA51020,Diploma Of Screen And Media,Office Cashier,4.0,qual_by_occ,631112,Office Cashier,6,Sales Workers,63,631,6311,exact,100.0,matched_exact,3
CUA51020,Diploma Of Screen And Media,Sales Assistants And Salespersons NEC,3.0,qual_by_occ,621999,Sales Assistants and Salespersons nec,6,Sales Workers,62,621,6219,exact,100.0,matched_exact,4
CUA51020,Diploma Of Screen And Media,Waiter,3.0,qual_by_occ,431511,Waiter,4,Community and Personal Service Workers,43,431,4315,exact,100.0,matched_exact,5
CUA51120,Diploma Of Visual Arts,Unknown,21.0,qual_by_occ,,,,,,,,,,unknown_occupation,1
CUA60320,Advanced Diploma Of Graphic Design,Graphic Designer,26.0,qual_by_occ,232411,Graphic Designer,2,Professionals,23,232,2324,exact,100.0,matched_exact,1
CUA60620,Advanced Diploma Of Screen And Media,Unknown,18.0,qual_by_occ,,,,,,,,,,unknown_occupation,1
FBP20122,Certificate II In Food Processing,Unknown,25.0,qual_by_occ,,,,,,,,,,unknown_occupation,1
FBP20221,Certificate II In Baking,Unknown,16.0,qual_by_occ,,,,,,,,,,unknown_occupation,1
FBP30121,Certificate III In Food Processing,Unknown,10.0,qual_by_occ,,,,,,,,,,unknown_occupation,1
FBP30121,Certificate III In Food Processing,Storeperson,7.0,qual_by_occ,741111,Storeperson,7,Machinery Operators and Drivers,74,741,7411,exact,100.0,matched_exact,2
FBP30121,Certificate III In Food Processing,Food And Drink Factory Workers NEC,4.0,qual_by_occ,831199,Food and Drink Factory Workers nec,8,Labourers,83,831,8311,exact,100.0,matched_exact,3
FBP30121,Certificate III In Food Processing,Labourers NEC,4.0,qual_by_occ,899999,Labourers nec,8,Labourers,89,899,8999,exact,100.0,matched_exact,4
FBP30121,Certificate III In Food Processing,Factory Process Workers NEC,3.0,qual_by_occ,839999,Factory Process Workers nec,8,Labourers,83,839,8399,exact,100.0,matched_exact,5
FBP30121,Certificate III In Food Processing,Product Assembler,3.0,qual_by_occ,832211,Product Assembler,8,Labourers,83,832,8322,exact,100.0,matched_exact,6
FBP30121,Certificate III In Food Processing,Sales Assistant (General),3.0,qual_by_occ,621111,Sales Assistant (General),6,Sales Workers,62,621,6211,exact,100.0,matched_exact,7
FBP30121,Certificate III In Food Processing,Forklift Driver,2.0,qual_by_occ,721311,Forklift Driver,7,Machinery Operators and Drivers,72,721,7213,exact,100.0,matched_exact,8
FBP30121,Certificate III In Food Processing,Kitchenhand,2.0,qual_by_occ,851311,Kitchenhand,8,Labourers,85,851,8513,exact,100.0,matched_exact,9
FBP30121,Certificate III In Food Processing,Packers NEC,2.0,qual_by_occ,832199,Packers nec,8,Labourers,83,832,8321,exact,100.0,matched_exact,10
FBP30421,Certificate III In Bread Baking,Baker,40.0,qual_by_occ,351111,Baker,3,Technicians and Trades Workers,35,351,3511,exact,100.0,matched_exact,1
FBP30421,Certificate III In Bread Baking,Bakers And Pastrycooks NFD,33.0,qual_by_occ,,,,,,,,,,not_further_defined,2
FBP30521,Certificate III In Baking,Baker,46.0,qual_by_occ,351111,Baker,3,Technicians and Trades Workers,35,351,3511,exact,100.0,matched_exact,1
FBP30921,Certificate III In Wine Industry Operations,Winery Cellar Hand,37.0,qual_by_occ,831118,Winery Cellar Hand,8,Labourers,83,831,8311,exact,100.0,matched_exact,1
FNS30122,Certificate III In Financial Services,Bank Worker,37.0,qual_by_occ,552111,Bank Worker,5,Clerical and Administrative Workers,55,552,5521,exact,100.0,matched_exact,1
FNS30122,Certificate III In Financial Services,Debt Collector,7.0,qual_by_occ,599311,Debt Collector,5,Clerical and Administrative Workers,59,599,5993,exact,100.0,matched_exact,2
FNS30122,Certificate III In Financial Services,Customer Service Manager,5.0,qual_by_occ,149212,Customer Service Manager,1,Managers,14,149,1492,exact,100.0,matched_exact,3
FNS30122,Certificate III In Financial Services,Sales Assistant (General),4.0,qual_by_occ,621111,Sales Assistant (General),6,Sales Workers,62,621,6211,exact,100.0,matched_exact,4
FNS30122,Certificate III In Financial Services,Unknown,4.0,qual_by_occ,,,,,,,,,,unknown_occupation,5
FNS30122,Certificate III In Financial Services,General Clerk,3.0,qual_by_occ,531111,General Clerk,5,Clerical and Administrative Workers,53,531,5311,exact,100.0,matched_exact,6
FNS30322,Certificate III In Accounts Administration,General Clerk,12.0,qual_by_occ,531111,General Clerk,5,Clerical and Administrative Workers,53,531,5311,exact,100.0,matched_exact,1
FNS30322,Certificate III In Accounts Administration,Unknown,10.0,qual_by_occ,,,,,,,,,,unknown_occupation,2
FNS40222,Certificate IV In Accounting And Bookkeeping,Accounts Clerk,10.0,qual_by_occ,551111,Accounts Clerk,5,Clerical and Administrative Workers,55,551,5511,exact,100.0,matched_exact,1
FNS40222,Certificate IV In Accounting And Bookkeeping,Bookkeeper,10.0,qual_by_occ,551211,Bookkeeper,5,Clerical and Administrative Workers,55,551,5512,exact,100.0,matched_exact,2
FNS40222,Certificate IV In Accounting And Bookkeeping,General Clerk,10.0,qual_by_occ,531111,General Clerk,5,Clerical and Administrative Workers,53,531,5311,exact,100.0,matched_exact,3
FNS40222,Certificate IV In Accounting And Bookkeeping,Unknown,9.0,qual_by_occ,,,,,,,,,,unknown_occupation,4
FNS40222,Certificate IV In Accounting And Bookkeeping,Office Manager,8.0,qual_by_occ,512111,Office Manager,5,Clerical and Administrative Workers,51,512,5121,exact,100.0,matched_exact,5
FNS40222,Certificate IV In Accounting And Bookkeeping,Accountant (General),4.0,qual_by_occ,221111,Accountant (General),2,Professionals,22,221,2211,exact,100.0,matched_exact,6
FNS40222,Certificate IV In Accounting And Bookkeeping,Finance Manager,3.0,qual_by_occ,132211,Finance Manager,1,Managers,13,132,1322,exact,100.0,matched_exact,7
FNS40222,Certificate IV In Accounting And Bookkeeping,Program Or Project Administrator,3.0,qual_by_occ,511112,Program or Project Administrator,5,Clerical and Administrative Workers,51,511,5111,exact,100.0,matched_exact,8
FNS40222,Certificate IV In Accounting And Bookkeeping,Sales Assistant (General),3.0,qual_by_occ,621111,Sales Assistant (General),6,Sales Workers,62,621,6211,exact,100.0,matched_exact,9
FNS40222,Certificate IV In Accounting And Bookkeeping,Corporate General Manager,2.0,qual_by_occ,111211,Corporate General Manager,1,Managers,11,111,1112,exact,100.0,matched_exact,10
FNS40222,Certificate IV In Accounting And Bookkeeping,Aged Or Disabled Carer,1.0,qual_by_occ,423111,Aged or Disabled Carer,4,Community and Personal Service Workers,42,423,4231,exact,100.0,matched_exact,11
FNS40222,Certificate IV In Accounting And Bookkeeping,Bank Worker,1.0,qual_by_occ,552111,Bank Worker,5,Clerical and Administrative Workers,55,552,5521,exact,100.0,matched_exact,12
FNS40222,Certificate IV In Accounting And Bookkeeping,Child Care Worker,1.0,qual_by_occ,421111,Child Care Worker,4,Community and Personal Service Workers,42,421,4211,exact,100.0,matched_exact,13
FNS40222,Certificate IV In Accounting And Bookkeeping,Customer Service Manager,1.0,qual_by_occ,149212,Customer Service Manager,1,Managers,14,149,1492,exact,100.0,matched_exact,14
FNS40222,Certificate IV In Accounting And Bookkeeping,Payroll Clerk,1.0,qual_by_occ,551311,Payroll Clerk,5,Clerical and Administrative Workers,55,551,5513,exact,100.0,matched_exact,15
FNS40222,Certificate IV In Accounting And Bookkeeping,Personal Assistant,1.0,qual_by_occ,521111,Personal Assistant,5,Clerical and Administrative Workers,52,521,5211,exact,100.0,matched_exact,16
FNS40222,Certificate IV In Accounting And Bookkeeping,Receptionist (General),1.0,qual_by_occ,542111,Receptionist (General),5,Clerical and Administrative Workers,54,542,5421,exact,100.0,matched_exact,17
FNS40222,Certificate IV In Accounting And Bookkeeping,Sales Representatives NEC,1.0,qual_by_occ,611399,Sales Representatives nec,6,Sales Workers,61,611,6113,exact,100.0,matched_exact,18
FNS40222,Certificate IV In Accounting And Bookkeeping,Storeperson,1.0,qual_by_occ,741111,Storeperson,7,Machinery Operators and Drivers,74,741,7411,exact,100.0,matched_exact,19
FNS40222,Certificate IV In Accounting And Bookkeeping,Taxation Accountant,1.0,qual_by_occ,221113,Taxation Accountant,2,Professionals,22,221,2211,exact,100.0,matched_exact,20
FNS40821,Certificate IV In Finance And Mortgage Broking,Unknown,15.0,qual_by_occ,,,,,,,,,,unknown_occupation,1
FNS40821,Certificate IV In Finance And Mortgage Broking,Finance Broker,12.0,qual_by_occ,222112,Finance Broker,2,Professionals,22,222,2221,exact,100.0,matched_exact,2
FNS40821,Certificate IV In Finance And Mortgage Broking,Accountant (General),4.0,qual_by_occ,221111,Accountant (General),2,Professionals,22,221,2211,exact,100.0,matched_exact,3
FNS40821,Certificate IV In Finance And Mortgage Broking,Bank Worker,4.0,qual_by_occ,552111,Bank Worker,5,Clerical and Administrative Workers,55,552,5521,exact,100.0,matched_exact,4
FNS40821,Certificate IV In Finance And Mortgage Broking,Credit Or Loans Officer,4.0,qual_by_occ,552211,Credit or Loans Officer,5,Clerical and Administrative Workers,55,552,5522,exact,100.0,matched_exact,5
FNS40821,Certificate IV In Finance And Mortgage Broking,Chief Executive Or Managing Director,3.0,qual_by_occ,111111,Chief Executive or Managing Director,1,Managers,11,111,1111,exact,100.0,matched_exact,6
FNS40821,Certificate IV In Finance And Mortgage Broking,Corporate General Manager,3.0,qual_by_occ,111211,Corporate General Manager,1,Managers,11,111,1112,exact,100.0,matched_exact,7
FNS40821,Certificate IV In Finance And Mortgage Broking,Finance Manager,3.0,qual_by_occ,132211,Finance Manager,1,Managers,13,132,1322,exact,100.0,matched_exact,8
FNS40821,Certificate IV In Finance And Mortgage Broking,Sales And Marketing Manager,3.0,qual_by_occ,131112,Sales and Marketing Manager,1,Managers,13,131,1311,exact,100.0,matched_exact,9
FNS40821,Certificate IV In Finance And Mortgage Broking,Accounts Clerk,2.0,qual_by_occ,551111,Accounts Clerk,5,Clerical and Administrative Workers,55,551,5511,exact,100.0,matched_exact,10
FNS40821,Certificate IV In Finance And Mortgage Broking,Customer Service Manager,2.0,qual_by_occ,149212,Customer Service Manager,1,Managers,14,149,1492,exact,100.0,matched_exact,11
FNS40821,Certificate IV In Finance And Mortgage Broking,Financial Investment Adviser,2.0,qual_by_occ,222311,Financial Investment Adviser,2,Professionals,22,222,2223,exact,100.0,matched_exact,12
FNS40821,Certificate IV In Finance And Mortgage Broking,General Clerk,2.0,qual_by_occ,531111,General Clerk,5,Clerical and Administrative Workers,53,531,5311,exact,100.0,matched_exact,13
FNS40821,Certificate IV In Finance And Mortgage Broking,Office Manager,2.0,qual_by_occ,512111,Office Manager,5,Clerical and Administrative Workers,51,512,5121,exact,100.0,matched_exact,14
FNS40821,Certificate IV In Finance And Mortgage Broking,Financial Institution Branch Manager,1.0,qual_by_occ,149914,Financial Institution Branch Manager,1,Managers,14,149,1499,exact,100.0,matched_exact,15
FNS40821,Certificate IV In Finance And Mortgage Broking,Management Consultant,1.0,qual_by_occ,224711,Management Consultant,2,Professionals,22,224,2247,exact,100.0,matched_exact,16
FNS40821,Certificate IV In Finance And Mortgage Broking,Sales Assistant (General),1.0,qual_by_occ,621111,Sales Assistant (General),6,Sales Workers,62,621,6211,exact,100.0,matched_exact,17
FNS40821,Certificate IV In Finance And Mortgage Broking,Sales Representatives NEC,1.0,qual_by_occ,611399,Sales Representatives nec,6,Sales Workers,61,611,6113,exact,100.0,matched_exact,18
FNS41422,Certificate IV In General Insurance,Insurance Consultant,31.0,qual_by_occ,552312,Insurance Consultant,5,Clerical and Administrative Workers,55,552,5523,exact,100.0,matched_exact,1
FNS42022,Certificate IV In Banking Services,Bank Worker,40.0,qual_by_occ,552111,Bank Worker,5,Clerical and Administrative Workers,55,552,5521,exact,100.0,matched_exact,1
FNS42022,Certificate IV In Banking Services,Financial Institution Branch Manager,10.0,qual_by_occ,149914,Financial Institution Branch Manager,1,Managers,14,149,1499,exact,100.0,matched_exact,2
FNS42022,Certificate IV In Banking Services,Credit Or Loans Officer,9.0,qual_by_occ,552211,Credit or Loans Officer,5,Clerical and Administrative Workers,55,552,5522,exact,100.0,matched_exact,3
FNS50222,Diploma Of Accounting,Accounts Clerk,14.0,qual_by_occ,551111,Accounts Clerk,5,Clerical and Administrative Workers,55,551,5511,exact,100.0,matched_exact,1
FNS50222,Diploma Of Accounting,Bookkeeper,10.0,qual_by_occ,551211,Bookkeeper,5,Clerical and Administrative Workers,55,551,5512,exact,100.0,matched_exact,2
FNS50222,Diploma Of Accounting,Accountant (General),8.0,qual_by_occ,221111,Accountant (General),2,Professionals,22,221,2211,exact,100.0,matched_exact,3
FNS50222,Diploma Of Accounting,Unknown,8.0,qual_by_occ,,,,,,,,,,unknown_occupation,4
FNS50222,Diploma Of Accounting,General Clerk,7.0,qual_by_occ,531111,General Clerk,5,Clerical and Administrative Workers,53,531,5311,exact,100.0,matched_exact,5
FNS50222,Diploma Of Accounting,Office Manager,6.0,qual_by_occ,512111,Office Manager,5,Clerical and Administrative Workers,51,512,5121,exact,100.0,matched_exact,6
FNS50322,Diploma Of Finance And Mortgage Broking Management,Finance Broker,23.0,qual_by_occ,222112,Finance Broker,2,Professionals,22,222,2221,exact,100.0,matched_exact,1
FNS50322,Diploma Of Finance And Mortgage Broking Management,Unknown,15.0,qual_by_occ,,,,,,,,,,unknown_occupation,2
FNS50322,Diploma Of Finance And Mortgage Broking Management,Chief Executive Or Managing Director,6.0,qual_by_occ,111111,Chief Executive or Managing Director,1,Managers,11,111,1111,exact,100.0,matched_exact,3
FNS50322,Diploma Of Finance And Mortgage Broking Management,Bank Worker,5.0,qual_by_occ,552111,Bank Worker,5,Clerical and Administrative Workers,55,552,5521,exact,100.0,matched_exact,4
FNS50322,Diploma Of Finance And Mortgage Broking Management,Credit Or Loans Officer,5.0,qual_by_occ,552211,Credit or Loans Officer,5,Clerical and Administrative Workers,55,552,5522,exact,100.0,matched_exact,5
FNS50322,Diploma Of Finance And Mortgage Broking Management,Finance Manager,4.0,qual_by_occ,132211,Finance Manager,1,Managers,13,132,1322,exact,100.0,matched_exact,6
FNS50322,Diploma Of Finance And Mortgage Broking Management,Accountant (General),3.0,qual_by_occ,221111,Accountant (General),2,Professionals,22,221,2211,exact,100.0,matched_exact,7
FNS50322,Diploma Of Finance And Mortgage Broking Management,Corporate General Manager,3.0,qual_by_occ,111211,Corporate General Manager,1,Managers,11,111,1112,exact,100.0,matched_exact,8
FNS50322,Diploma Of Finance And Mortgage Broking Management,Financial Institution Branch Manager,3.0,qual_by_occ,149914,Financial Institution Branch Manager,1,Managers,14,149,1499,exact,100.0,matched_exact,9
FNS50322,Diploma Of Finance And Mortgage Broking Management,Accounts Clerk,2.0,qual_by_occ,551111,Accounts Clerk,5,Clerical and Administrative Workers,55,551,5511,exact,100.0,matched_exact,10
FNS50322,Diploma Of Finance And Mortgage Broking Management,Financial Investment Adviser,2.0,qual_by_occ,222311,Financial Investment Adviser,2,Professionals,22,222,2223,exact,100.0,matched_exact,11
FNS50322,Diploma Of Finance And Mortgage Broking Management,General Clerk,2.0,qual_by_occ,531111,General Clerk,5,Clerical and Administrative Workers,53,531,5311,exact,100.0,matched_exact,12
FNS50615,Diploma Of Financial Planning,Unknown,7.0,qual_by_occ,,,,,,,,,,unknown_occupation,1
FNS51220,Diploma Of Insurance Broking,Insurance Broker,40.0,qual_by_occ,222113,Insurance Broker,2,Professionals,22,222,2221,exact,100.0,matched_exact,1
FNS51220,Diploma Of Insurance Broking,Insurance Consultant,14.0,qual_by_occ,552312,Insurance Consultant,5,Clerical and Administrative Workers,55,552,5523,exact,100.0,matched_exact,2
FNS60415,Advanced Diploma Of Financial Planning,Financial Investment Adviser,36.0,qual_by_occ,222311,Financial Investment Adviser,2,Professionals,22,222,2223,exact,100.0,matched_exact,1
FSK10219,Certificate I In Skills For Vocational Pathways,Unknown,27.0,qual_by_occ,,,,,,,,,,unknown_occupation,1
FSK20119,Certificate II In Skills For Work And Vocational Pathways,Unknown,27.0,qual_by_occ,,,,,,,,,,unknown_occupation,1
FSK20119,Certificate II In Skills For Work And Vocational Pathways,Sales Assistant (General),5.0,qual_by_occ,621111,Sales Assistant (General),6,Sales Workers,62,621,6211,exact,100.0,matched_exact,2
FSK20119,Certificate II In Skills For Work And Vocational Pathways,Builder's Labourer,3.0,qual_by_occ,821111,Builder's Labourer,8,Labourers,82,821,8211,exact,100.0,matched_exact,3
FSK20119,Certificate II In Skills For Work And Vocational Pathways,Fast Food Cook,3.0,qual_by_occ,851111,Fast Food Cook,8,Labourers,85,851,8511,exact,100.0,matched_exact,4
FSK20119,Certificate II In Skills For Work And Vocational Pathways,Storeperson,3.0,qual_by_occ,741111,Storeperson,7,Machinery Operators and Drivers,74,741,7411,exact,100.0,matched_exact,5
HLT21020,Certificate II In Medical Service First Response,Unknown,9.0,qual_by_occ,,,,,,,,,,unknown_occupation,1
HLT21020,Certificate II In Medical Service First Response,Ambulance Officer,6.0,qual_by_occ,411111,Ambulance Officer,4,Community and Personal Service Workers,41,411,4111,exact,100.0,matched_exact,2
HLT21020,Certificate II In Medical Service First Response,Miner,6.0,qual_by_occ,712212,Miner,7,Machinery Operators and Drivers,71,712,7122,exact,100.0,matched_exact,3
HLT21020,Certificate II In Medical Service First Response,Geologist,4.0,qual_by_occ,234411,Geologist,2,Professionals,23,234,2344,exact,100.0,matched_exact,4
HLT31120,Certificate III In Non-Emergency Patient Transport,Ambulance Officer,23.0,qual_by_occ,411111,Ambulance Officer,4,Community and Personal Service Workers,41,411,4111,exact,100.0,matched_exact,1
HLT31120,Certificate III In Non-Emergency Patient Transport,Unknown,9.0,qual_by_occ,,,,,,,,,,unknown_occupation,2
HLT33021,Certificate III In Allied Health Assistance,Aged Or Disabled Carer,12.0,qual_by_occ,423111,Aged or Disabled Carer,4,Community and Personal Service Workers,42,423,4231,exact,100.0,matched_exact,1
HLT33021,Certificate III In Allied Health Assistance,Unknown,9.0,qual_by_occ,,,,,,,,,,unknown_occupation,2
HLT33115,Certificate III In Health Services Assistance,Nursing Support Worker,14.0,qual_by_occ,423312,Nursing Support Worker,4,Community and Personal Service Workers,42,423,4233,exact,100.0,matched_exact,1
HLT33115,Certificate III In Health Services Assistance,Aged Or Disabled Carer,11.0,qual_by_occ,423111,Aged or Disabled Carer,4,Community and Personal Service Workers,42,423,4231,exact,100.0,matched_exact,2
HLT33115,Certificate III In Health Services Assistance,Unknown,7.0,qual_by_occ,,,,,,,,,,unknown_occupation,3
HLT33115,Certificate III In Health Services Assistance,Hospital Orderly,6.0,qual_by_occ,423311,Hospital Orderly,4,Community and Personal Service Workers,42,423,4233,exact,100.0,matched_exact,4
HLT33115,Certificate III In Health Services Assistance,Personal Care Assistant,5.0,qual_by_occ,423313,Personal Care Assistant,4,Community and Personal Service Workers,42,423,4233,exact,100.0,matched_exact,5
HLT33115,Certificate III In Health Services Assistance,Sales Assistant (General),3.0,qual_by_occ,621111,Sales Assistant (General),6,Sales Workers,62,621,6211,exact,100.0,matched_exact,6
HLT33115,Certificate III In Health Services Assistance,Commercial Cleaner,2.0,qual_by_occ,811211,Commercial Cleaner,8,Labourers,81,811,8112,exact,100.0,matched_exact,7
HLT33115,Certificate III In Health Services Assistance,Community Worker,2.0,qual_by_occ,411711,Community Worker,4,Community and Personal Service Workers,41,411,4117,exact,100.0,matched_exact,8
HLT33115,Certificate III In Health Services Assistance,General Clerk,2.0,qual_by_occ,531111,General Clerk,5,Clerical and Administrative Workers,53,531,5311,exact,100.0,matched_exact,9
HLT33115,Certificate III In Health Services Assistance,Kitchenhand,2.0,qual_by_occ,851311,Kitchenhand,8,Labourers,85,851,8513,exact,100.0,matched_exact,10
HLT33115,Certificate III In Health Services Assistance,Office Cashier,2.0,qual_by_occ,631112,Office Cashier,6,Sales Workers,63,631,6311,exact,100.0,matched_exact,11
HLT33115,Certificate III In Health Services Assistance,Registered Nurse (Aged Care),2.0,qual_by_occ,254412,Registered Nurse (Aged Care),2,Professionals,25,254,2544,exact,100.0,matched_exact,12
HLT33115,Certificate III In Health Services Assistance,Registered Nurses NEC,2.0,qual_by_occ,254499,Registered Nurses nec,2,Professionals,25,254,2544,exact,100.0,matched_exact,13
HLT33115,Certificate III In Health Services Assistance,Waiter,2.0,qual_by_occ,431511,Waiter,4,Community and Personal Service Workers,43,431,4315,exact,100.0,matched_exact,14
HLT33115,Certificate III In Health Services Assistance,Child Care Worker,1.0,qual_by_occ,421111,Child Care Worker,4,Community and Personal Service Workers,42,421,4211,exact,100.0,matched_exact,15
HLT33115,Certificate III In Health Services Assistance,Fast Food Cook,1.0,qual_by_occ,851111,Fast Food Cook,8,Labourers,85,851,8511,exact,100.0,matched_exact,16
HLT33115,Certificate III In Health Services Assistance,Hospitality Workers NEC,1.0,qual_by_occ,431999,Hospitality Workers nec,4,Community and Personal Service Workers,43,431,4319,exact,100.0,matched_exact,17
HLT33115,Certificate III In Health Services Assistance,Operating Theatre Technician,1.0,qual_by_occ,311214,Operating Theatre Technician,3,Technicians and Trades Workers,31,311,3112,exact,100.0,matched_exact,18
HLT33115,Certificate III In Health Services Assistance,Storeperson,1.0,qual_by_occ,741111,Storeperson,7,Machinery Operators and Drivers,74,741,7411,exact,100.0,matched_exact,19
HLT33215,Certificate III In Health Support Services,Commercial Cleaner,18.0,qual_by_occ,811211,Commercial Cleaner,8,Labourers,81,811,8112,exact,100.0,matched_exact,1
HLT35021,Certificate III In Dental Assisting,Dental Assistant,71.0,qual_by_occ,423211,Dental Assistant,4,Community and Personal Service Workers,42,423,4232,exact,100.0,matched_exact,1
HLT35021,Certificate III In Dental Assisting,Unknown,4.0,qual_by_occ,,,,,,,,,,unknown_occupation,2
HLT37015,Certificate III In Sterilisation Services,Sterilisation Technician,24.0,qual_by_occ,711914,Sterilisation Technician,7,Machinery Operators and Drivers,71,711,7119,exact,100.0,matched_exact,1
HLT37215,Certificate III In Pathology Collection,Pathology Collector,39.0,qual_by_occ,311216,Pathology Collector,3,Technicians and Trades Workers,31,311,3112,exact,100.0,matched_exact,1
HLT37215,Certificate III In Pathology Collection,Unknown,6.0,qual_by_occ,,,,,,,,,,unknown_occupation,2
HLT37215,Certificate III In Pathology Collection,Aged Or Disabled Carer,3.0,qual_by_occ,423111,Aged or Disabled Carer,4,Community and Personal Service Workers,42,423,4231,exact,100.0,matched_exact,3
HLT37215,Certificate III In Pathology Collection,Nursing Support Worker,3.0,qual_by_occ,423312,Nursing Support Worker,4,Community and Personal Service Workers,42,423,4233,exact,100.0,matched_exact,4
HLT37215,Certificate III In Pathology Collection,Pathologist,3.0,qual_by_occ,253915,Pathologist,2,Professionals,25,253,2539,exact,100.0,matched_exact,5
HLT37215,Certificate III In Pathology Collection,General Clerk,2.0,qual_by_occ,531111,General Clerk,5,Clerical and Administrative Workers,53,531,5311,exact,100.0,matched_exact,6
HLT37215,Certificate III In Pathology Collection,Medical Laboratory Technician,2.0,qual_by_occ,311213,Medical Laboratory Technician,3,Technicians and Trades Workers,31,311,3112,exact,100.0,matched_exact,7
HLT37215,Certificate III In Pathology Collection,Sales Assistant (General),2.0,qual_by_occ,621111,Sales Assistant (General),6,Sales Workers,62,621,6211,exact,100.0,matched_exact,8
HLT37315,Certificate III In Health Administration,General Clerk,9.0,qual_by_occ,531111,General Clerk,5,Clerical and Administrative Workers,53,531,5311,exact,100.0,matched_exact,1
HLT37315,Certificate III In Health Administration,Medical Administrator,8.0,qual_by_occ,134211,Medical Administrator,1,Managers,13,134,1342,exact,100.0,matched_exact,2
HLT37315,Certificate III In Health Administration,Unknown,7.0,qual_by_occ,,,,,,,,,,unknown_occupation,3
HLT37315,Certificate III In Health Administration,Medical Receptionist,6.0,qual_by_occ,542114,Medical Receptionist,5,Clerical and Administrative Workers,54,542,5421,exact,100.0,matched_exact,4
HLT37315,Certificate III In Health Administration,Program Or Project Administrator,6.0,qual_by_occ,511112,Program or Project Administrator,5,Clerical and Administrative Workers,51,511,5111,exact,100.0,matched_exact,5
HLT40221,Certificate IV In Aboriginal And/Or Torres Strait Islander Primary Health Care Practice,Aboriginal And Torres Strait Islander Health Worker,53.0,qual_by_occ,411511,Aboriginal and Torres Strait Islander Health Worker,4,Community and Personal Service Workers,41,411,4115,exact,100.0,matched_exact,1
HLT41120,Certificate IV In Health Care,Ambulance Officer,21.0,qual_by_occ,411111,Ambulance Officer,4,Community and Personal Service Workers,41,411,4111,exact,100.0,matched_exact,1
HLT41120,Certificate IV In Health Care,Emergency Service Worker,17.0,qual_by_occ,441211,Emergency Service Worker,4,Community and Personal Service Workers,44,441,4412,exact,100.0,matched_exact,2
HLT42021,Certificate IV In Massage Therapy,Unknown,26.0,qual_by_occ,,,,,,,,,,unknown_occupation,1
HLT43021,Certificate IV In Allied Health Assistance,Therapy Aide,9.0,qual_by_occ,423314,Therapy Aide,4,Community and Personal Service Workers,42,423,4233,exact,100.0,matched_exact,1
HLT43021,Certificate IV In Allied Health Assistance,Unknown,9.0,qual_by_occ,,,,,,,,,,unknown_occupation,2
HLT43021,Certificate IV In Allied Health Assistance,Aged Or Disabled Carer,7.0,qual_by_occ,423111,Aged or Disabled Carer,4,Community and Personal Service Workers,42,423,4231,exact,100.0,matched_exact,3
HLT43021,Certificate IV In Allied Health Assistance,Sales Assistant (General),5.0,qual_by_occ,621111,Sales Assistant (General),6,Sales Workers,62,621,6211,exact,100.0,matched_exact,4
HLT43021,Certificate IV In Allied Health Assistance,General Clerk,4.0,qual_by_occ,531111,General Clerk,5,Clerical and Administrative Workers,53,531,5311,exact,100.0,matched_exact,5
HLT43021,Certificate IV In Allied Health Assistance,Community Worker,3.0,qual_by_occ,411711,Community Worker,4,Community and Personal Service Workers,41,411,4117,exact,100.0,matched_exact,6
HLT43021,Certificate IV In Allied Health Assistance,Nursing Support Worker,3.0,qual_by_occ,423312,Nursing Support Worker,4,Community and Personal Service Workers,42,423,4233,exact,100.0,matched_exact,7
HLT43021,Certificate IV In Allied Health Assistance,Occupational Therapist,3.0,qual_by_occ,252411,Occupational Therapist,2,Professionals,25,252,2524,exact,100.0,matched_exact,8
HLT45021,Certificate IV In Dental Assisting,Dental Assistant,75.0,qual_by_occ,423211,Dental Assistant,4,Community and Personal Service Workers,42,423,4232,exact,100.0,matched_exact,1
HLT47015,Certificate IV In Sterilisation Services,Sterilisation Technician,24.0,qual_by_occ,711914,Sterilisation Technician,7,Machinery Operators and Drivers,71,711,7119,exact,100.0,matched_exact,1
HLT47121,Certificate IV In Hospital Or Health Services Pharmacy Support,Pharmacy Technician,41.0,qual_by_occ,311215,Pharmacy Technician,3,Technicians and Trades Workers,31,311,3112,exact,100.0,matched_exact,1
HLT47321,Certificate IV In Health Administration,General Clerk,10.0,qual_by_occ,531111,General Clerk,5,Clerical and Administrative Workers,53,531,5311,exact,100.0,matched_exact,1
HLT47321,Certificate IV In Health Administration,Medical Receptionist,10.0,qual_by_occ,542114,Medical Receptionist,5,Clerical and Administrative Workers,54,542,5421,exact,100.0,matched_exact,2
HLT47321,Certificate IV In Health Administration,Medical Administrator,9.0,qual_by_occ,134211,Medical Administrator,1,Managers,13,134,1342,exact,100.0,matched_exact,3
HLT47515,Certificate IV In Operating Theatre Technical Support,Operating Theatre Technician,59.0,qual_by_occ,311214,Operating Theatre Technician,3,Technicians and Trades Workers,31,311,3112,exact,100.0,matched_exact,1
HLT47815,Certificate IV In Optical Dispensing,Optical Dispenser,48.0,qual_by_occ,399913,Optical Dispenser,3,Technicians and Trades Workers,39,399,3999,exact,100.0,matched_exact,1
HLT51020,Diploma Of Emergency Health Care,Ambulance Officer,38.0,qual_by_occ,411111,Ambulance Officer,4,Community and Personal Service Workers,41,411,4111,exact,100.0,matched_exact,1
HLT51020,Diploma Of Emergency Health Care,Enrolled Nurse,12.0,qual_by_occ,411411,Enrolled Nurse,4,Community and Personal Service Workers,41,411,4114,exact,100.0,matched_exact,2
HLT52021,Diploma Of Remedial Massage,Unknown,33.0,qual_by_occ,,,,,,,,,,unknown_occupation,1
HLT52021,Diploma Of Remedial Massage,Massage Therapist,21.0,qual_by_occ,411611,Massage Therapist,4,Community and Personal Service Workers,41,411,4116,exact,100.0,matched_exact,2
HLT52021,Diploma Of Remedial Massage,Sales Assistant (General),2.0,qual_by_occ,621111,Sales Assistant (General),6,Sales Workers,62,621,6211,exact,100.0,matched_exact,3
HLT54121,Diploma Of Nursing,Enrolled Nurse,34.0,qual_by_occ,411411,Enrolled Nurse,4,Community and Personal Service Workers,41,411,4114,exact,100.0,matched_exact,1
HLT54121,Diploma Of Nursing,Aged Or Disabled Carer,8.0,qual_by_occ,423111,Aged or Disabled Carer,4,Community and Personal Service Workers,42,423,4231,exact,100.0,matched_exact,2
HLT54121,Diploma Of Nursing,Registered Nurse (Aged Care),7.0,qual_by_occ,254412,Registered Nurse (Aged Care),2,Professionals,25,254,2544,exact,100.0,matched_exact,3
HLT54121,Diploma Of Nursing,Registered Nurses NEC,5.0,qual_by_occ,254499,Registered Nurses nec,2,Professionals,25,254,2544,exact,100.0,matched_exact,4
HLT54121,Diploma Of Nursing,Nursing Support Worker,4.0,qual_by_occ,423312,Nursing Support Worker,4,Community and Personal Service Workers,42,423,4233,exact,100.0,matched_exact,5
HLT54121,Diploma Of Nursing,Unknown,4.0,qual_by_occ,,,,,,,,,,unknown_occupation,6
HLT54121,Diploma Of Nursing,Personal Care Assistant,3.0,qual_by_occ,423313,Personal Care Assistant,4,Community and Personal Service Workers,42,423,4233,exact,100.0,matched_exact,7
HLT54121,Diploma Of Nursing,Registered Nurse (Community Health),3.0,qual_by_occ,254414,Registered Nurse (Community Health),2,Professionals,25,254,2544,exact,100.0,matched_exact,8
HLT54121,Diploma Of Nursing,Sales Assistant (General),3.0,qual_by_occ,621111,Sales Assistant (General),6,Sales Workers,62,621,6211,exact,100.0,matched_exact,9
HLT54121,Diploma Of Nursing,Community Worker,2.0,qual_by_occ,411711,Community Worker,4,Community and Personal Service Workers,41,411,4117,exact,100.0,matched_exact,10
HLT54121,Diploma Of Nursing,Registered Nurse (Critical Care And Emergency),2.0,qual_by_occ,254415,Registered Nurse (Critical Care and Emergency),2,Professionals,25,254,2544,exact,100.0,matched_exact,11
HLT54121,Diploma Of Nursing,Registered Nurse (Medical),2.0,qual_by_occ,254418,Registered Nurse (Medical),2,Professionals,25,254,2544,exact,100.0,matched_exact,12
HLT54121,Diploma Of Nursing,Checkout Operator,1.0,qual_by_occ,631111,Checkout Operator,6,Sales Workers,63,631,6311,exact,100.0,matched_exact,13
HLT54121,Diploma Of Nursing,Disabilities Services Officer,1.0,qual_by_occ,411712,Disabilities Services Officer,4,Community and Personal Service Workers,41,411,4117,exact,100.0,matched_exact,14
HLT54121,Diploma Of Nursing,General Clerk,1.0,qual_by_occ,531111,General Clerk,5,Clerical and Administrative Workers,53,531,5311,exact,100.0,matched_exact,15
HLT54121,Diploma Of Nursing,Medical Receptionist,1.0,qual_by_occ,542114,Medical Receptionist,5,Clerical and Administrative Workers,54,542,5421,exact,100.0,matched_exact,16
HLT54121,Diploma Of Nursing,Nurse Practitioner,1.0,qual_by_occ,254411,Nurse Practitioner,2,Professionals,25,254,2544,exact,100.0,matched_exact,17
HLT54121,Diploma Of Nursing,Office Cashier,1.0,qual_by_occ,631112,Office Cashier,6,Sales Workers,63,631,6311,exact,100.0,matched_exact,18
HLT54121,Diploma Of Nursing,Pharmacy Sales Assistant,1.0,qual_by_occ,621411,Pharmacy Sales Assistant,6,Sales Workers,62,621,6214,exact,100.0,matched_exact,19
HLT54121,Diploma Of Nursing,Registered Nurse (Medical Practice),1.0,qual_by_occ,254421,Registered Nurse (Medical Practice),2,Professionals,25,254,2544,exact,100.0,matched_exact,20
HLT54121,Diploma Of Nursing,Registered Nurse (Mental Health),1.0,qual_by_occ,254422,Registered Nurse (Mental Health),2,Professionals,25,254,2544,exact,100.0,matched_exact,21
HLT54121,Diploma Of Nursing,Waiter,1.0,qual_by_occ,431511,Waiter,4,Community and Personal Service Workers,43,431,4315,exact,100.0,matched_exact,22
HLT55118,Diploma Of Dental Technology,Dental Technician,35.0,qual_by_occ,411213,Dental Technician,4,Community and Personal Service Workers,41,411,4112,exact,100.0,matched_exact,1
HLT57921,Diploma Of Anaesthetic Technology And Practice,Anaesthetic Technician,61.0,qual_by_occ,311211,Anaesthetic Technician,3,Technicians and Trades Workers,31,311,3112,exact,100.0,matched_exact,1
ICT20120,Certificate II In Applied Digital Technologies,Unknown,23.0,qual_by_occ,,,,,,,,,,unknown_occupation,1
ICT20120,Certificate II In Applied Digital Technologies,Sales Assistant (General),5.0,qual_by_occ,621111,Sales Assistant (General),6,Sales Workers,62,621,6211,exact,100.0,matched_exact,2
ICT30120,Certificate III In Information Technology,Unknown,13.0,qual_by_occ,,,,,,,,,,unknown_occupation,1
ICT30120,Certificate III In Information Technology,Sales Assistant (General),8.0,qual_by_occ,621111,Sales Assistant (General),6,Sales Workers,62,621,6211,exact,100.0,matched_exact,2
ICT30120,Certificate III In Information Technology,ICT Customer Support Officer,6.0,qual_by_occ,313112,ICT Customer Support Officer,3,Technicians and Trades Workers,31,313,3131,exact,100.0,matched_exact,3
ICT30120,Certificate III In Information Technology,ICT Support Technicians NFD,5.0,qual_by_occ,,,,,,,,,,not_further_defined,4
ICT30120,Certificate III In Information Technology,Electronic Equipment Trades Worker,3.0,qual_by_occ,342313,Electronic Equipment Trades Worker,3,Technicians and Trades Workers,34,342,3423,exact,100.0,matched_exact,5
ICT30120,Certificate III In Information Technology,Fast Food Cook,3.0,qual_by_occ,851111,Fast Food Cook,8,Labourers,85,851,8511,exact,100.0,matched_exact,6
ICT30120,Certificate III In Information Technology,Storeperson,3.0,qual_by_occ,741111,Storeperson,7,Machinery Operators and Drivers,74,741,7411,exact,100.0,matched_exact,7
ICT30120,Certificate III In Information Technology,ICT Support Engineer,2.0,qual_by_occ,263212,ICT Support Engineer,2,Professionals,26,263,2632,exact,100.0,matched_exact,8
ICT30519,Certificate III In Telecommunications Technology,Electrician (General),22.0,qual_by_occ,341111,Electrician (General),3,Technicians and Trades Workers,34,341,3411,exact,100.0,matched_exact,1
ICT30519,Certificate III In Telecommunications Technology,Telecommunications Technician,10.0,qual_by_occ,342414,Telecommunications Technician,3,Technicians and Trades Workers,34,342,3424,exact,100.0,matched_exact,2
ICT30519,Certificate III In Telecommunications Technology,Unknown,9.0,qual_by_occ,,,,,,,,,,unknown_occupation,3
ICT30519,Certificate III In Telecommunications Technology,Cabler (Data And Telecommunications),6.0,qual_by_occ,342411,Cabler (Data and Telecommunications),3,Technicians and Trades Workers,34,342,3424,exact,100.0,matched_exact,4
ICT40120,Certificate IV In Information Technology,Unknown,9.0,qual_by_occ,,,,,,,,,,unknown_occupation,1
ICT40120,Certificate IV In Information Technology,ICT Customer Support Officer,7.0,qual_by_occ,313112,ICT Customer Support Officer,3,Technicians and Trades Workers,31,313,3131,exact,100.0,matched_exact,2
ICT40120,Certificate IV In Information Technology,ICT Support Engineer,5.0,qual_by_occ,263212,ICT Support Engineer,2,Professionals,26,263,2632,exact,100.0,matched_exact,3
ICT40120,Certificate IV In Information Technology,Sales Assistant (General),5.0,qual_by_occ,621111,Sales Assistant (General),6,Sales Workers,62,621,6211,exact,100.0,matched_exact,4
ICT40120,Certificate IV In Information Technology,Electronic Equipment Trades Worker,4.0,qual_by_occ,342313,Electronic Equipment Trades Worker,3,Technicians and Trades Workers,34,342,3423,exact,100.0,matched_exact,5
ICT40120,Certificate IV In Information Technology,ICT Support Technicians NFD,3.0,qual_by_occ,,,,,,,,,,not_further_defined,6
ICT41219,Certificate IV In Telecommunications Engineering Technology,Telecommunications Technician,25.0,qual_by_occ,342414,Telecommunications Technician,3,Technicians and Trades Workers,34,342,3424,exact,100.0,matched_exact,1
ICT50220,Diploma Of Information Technology,Unknown,10.0,qual_by_occ,,,,,,,,,,unknown_occupation,1
ICT50220,Diploma Of Information Technology,Sales Assistant (General),6.0,qual_by_occ,621111,Sales Assistant (General),6,Sales Workers,62,621,6211,exact,100.0,matched_exact,2
ICT50220,Diploma Of Information Technology,Developer Programmer,5.0,qual_by_occ,261312,Developer Programmer,2,Professionals,26,261,2613,exact,100.0,matched_exact,3
ICT50220,Diploma Of Information Technology,ICT Customer Support Officer,5.0,qual_by_occ,313112,ICT Customer Support Officer,3,Technicians and Trades Workers,31,313,3131,exact,100.0,matched_exact,4
ICT50220,Diploma Of Information Technology,ICT Support Engineer,4.0,qual_by_occ,263212,ICT Support Engineer,2,Professionals,26,263,2632,exact,100.0,matched_exact,5
ICT50220,Diploma Of Information Technology,Software Engineer,4.0,qual_by_occ,261313,Software Engineer,2,Professionals,26,261,2613,exact,100.0,matched_exact,6
ICT50220,Diploma Of Information Technology,Electronic Equipment Trades Worker,3.0,qual_by_occ,342313,Electronic Equipment Trades Worker,3,Technicians and Trades Workers,34,342,3423,exact,100.0,matched_exact,7
MAR10220,Certificate I In Maritime Operations (General Purpose Hand Near Coastal),Unknown,13.0,qual_by_occ,,,,,,,,,,unknown_occupation,1
MAR20321,Certificate II In Maritime Operations (Coxswain Grade 1 Near Coastal),Unknown,15.0,qual_by_occ,,,,,,,,,,unknown_occupation,1
MAR20321,Certificate II In Maritime Operations (Coxswain Grade 1 Near Coastal),Deck Hand,9.0,qual_by_occ,899211,Deck Hand,8,Labourers,89,899,8992,exact,100.0,matched_exact,2
MAR30821,Certificate III In Maritime Operations (Marine Engine Driver Grade 2 Near Coastal),Deck Hand,21.0,qual_by_occ,899211,Deck Hand,8,Labourers,89,899,8992,exact,100.0,matched_exact,1
MAR30821,Certificate III In Maritime Operations (Marine Engine Driver Grade 2 Near Coastal),Unknown,14.0,qual_by_occ,,,,,,,,,,unknown_occupation,2
MAR30821,Certificate III In Maritime Operations (Marine Engine Driver Grade 2 Near Coastal),Ship's Master,11.0,qual_by_occ,231213,Ship's Master,2,Professionals,23,231,2312,exact,100.0,matched_exact,3
MAR30921,Certificate III In Maritime Operations (Master Up To 24 Metres Near Coastal),Deck Hand,19.0,qual_by_occ,899211,Deck Hand,8,Labourers,89,899,8992,exact,100.0,matched_exact,1
MAR30921,Certificate III In Maritime Operations (Master Up To 24 Metres Near Coastal),Unknown,15.0,qual_by_occ,,,,,,,,,,unknown_occupation,2
MAR30921,Certificate III In Maritime Operations (Master Up To 24 Metres Near Coastal),Ship's Master,7.0,qual_by_occ,231213,Ship's Master,2,Professionals,23,231,2312,exact,100.0,matched_exact,3
MAR40320,Certificate IV In Maritime Operations (Master Up To 45 Metres Near Coastal),Ship's Master,29.0,qual_by_occ,231213,Ship's Master,2,Professionals,23,231,2312,exact,100.0,matched_exact,1
MAR40320,Certificate IV In Maritime Operations (Master Up To 45 Metres Near Coastal),Deck Hand,19.0,qual_by_occ,899211,Deck Hand,8,Labourers,89,899,8992,exact,100.0,matched_exact,2
MEA40718,Certificate IV In Aeroskills (Mechanical),Aircraft Maintenance Engineer (Mechanical),54.0,qual_by_occ,323112,Aircraft Maintenance Engineer (Mechanical),3,Technicians and Trades Workers,32,323,3231,exact,100.0,matched_exact,1
MEA50219,Diploma Of Aeroskills (Mechanical),Aircraft Maintenance Engineer (Mechanical),57.0,qual_by_occ,323112,Aircraft Maintenance Engineer (Mechanical),3,Technicians and Trades Workers,32,323,3231,exact,100.0,matched_exact,1
MEM20105,Certificate II In Engineering,Unknown,9.0,qual_by_occ,,,,,,,,,,unknown_occupation,1
MEM20105,Certificate II In Engineering,Fabrication Engineering Trades Workers NFD,8.0,qual_by_occ,,,,,,,,,,not_further_defined,2
MEM20105,Certificate II In Engineering,Electrician (General),6.0,qual_by_occ,341111,Electrician (General),3,Technicians and Trades Workers,34,341,3411,exact,100.0,matched_exact,3
MEM20105,Certificate II In Engineering,Labourers NEC,6.0,qual_by_occ,899999,Labourers nec,8,Labourers,89,899,8999,exact,100.0,matched_exact,4
MEM20105,Certificate II In Engineering,Mechanical Engineering Trades Workers NFD,5.0,qual_by_occ,,,,,,,,,,not_further_defined,5
MEM30219,Certificate III In Engineering - Mechanical Trade,Fitter And Turner,19.0,qual_by_occ,323212,Fitter and Turner,3,Technicians and Trades Workers,32,323,3232,exact,100.0,matched_exact,1
MEM30219,Certificate III In Engineering - Mechanical Trade,Fitter (General),16.0,qual_by_occ,323211,Fitter (General),3,Technicians and Trades Workers,32,323,3232,exact,100.0,matched_exact,2
MEM30219,Certificate III In Engineering - Mechanical Trade,Diesel Motor Mechanic,10.0,qual_by_occ,321212,Diesel Motor Mechanic,3,Technicians and Trades Workers,32,321,3212,exact,100.0,matched_exact,3
MEM30219,Certificate III In Engineering - Mechanical Trade,Mechanical Engineering Trades Workers NFD,7.0,qual_by_occ,,,,,,,,,,not_further_defined,4
MEM30219,Certificate III In Engineering - Mechanical Trade,Unknown,6.0,qual_by_occ,,,,,,,,,,unknown_occupation,5
MEM30219,Certificate III In Engineering - Mechanical Trade,Airconditioning And Refrigeration Mechanic,5.0,qual_by_occ,342111,Airconditioning and Refrigeration Mechanic,3,Technicians and Trades Workers,34,342,3421,exact,100.0,matched_exact,6
MEM30219,Certificate III In Engineering - Mechanical Trade,Mechanical Engineer,3.0,qual_by_occ,233512,Mechanical Engineer,2,Professionals,23,233,2335,exact,100.0,matched_exact,7
MEM30219,Certificate III In Engineering - Mechanical Trade,Metal Fabricator,3.0,qual_by_occ,322311,Metal Fabricator,3,Technicians and Trades Workers,32,322,3223,exact,100.0,matched_exact,8
MEM30219,Certificate III In Engineering - Mechanical Trade,Metal Machinist (First Class),3.0,qual_by_occ,323214,Metal Machinist (First Class),3,Technicians and Trades Workers,32,323,3232,exact,100.0,matched_exact,9
MEM30219,Certificate III In Engineering - Mechanical Trade,Motor Mechanic (General),3.0,qual_by_occ,321211,Motor Mechanic (General),3,Technicians and Trades Workers,32,321,3212,exact,100.0,matched_exact,10
MEM30219,Certificate III In Engineering - Mechanical Trade,Electrician (General),2.0,qual_by_occ,341111,Electrician (General),3,Technicians and Trades Workers,34,341,3411,exact,100.0,matched_exact,11
MEM30219,Certificate III In Engineering - Mechanical Trade,Fabrication Engineering Trades Workers NFD,2.0,qual_by_occ,,,,,,,,,,not_further_defined,12
MEM30219,Certificate III In Engineering - Mechanical Trade,Mechanical Engineering Technician,2.0,qual_by_occ,312512,Mechanical Engineering Technician,3,Technicians and Trades Workers,31,312,3125,exact,100.0,matched_exact,13
MEM30819,Certificate III In Locksmithing,Locksmith,74.0,qual_by_occ,323313,Locksmith,3,Technicians and Trades Workers,32,323,3233,exact,100.0,matched_exact,1
MEM31719,Certificate III In Engineering - Casting And Moulding Trade,Metal Fabricator,48.0,qual_by_occ,322311,Metal Fabricator,3,Technicians and Trades Workers,32,322,3223,exact,100.0,matched_exact,1
MEM31719,Certificate III In Engineering - Casting And Moulding Trade,Fabrication Engineering Trades Workers NFD,11.0,qual_by_occ,,,,,,,,,,not_further_defined,2
MEM31719,Certificate III In Engineering - Casting And Moulding Trade,Welder (First Class),9.0,qual_by_occ,322313,Welder (First Class),3,Technicians and Trades Workers,32,322,3223,exact,100.0,matched_exact,3
MEM31719,Certificate III In Engineering - Casting And Moulding Trade,Sheetmetal Trades Worker,5.0,qual_by_occ,322211,Sheetmetal Trades Worker,3,Technicians and Trades Workers,32,322,3222,exact,100.0,matched_exact,4
MEM31719,Certificate III In Engineering - Casting And Moulding Trade,Unknown,5.0,qual_by_occ,,,,,,,,,,unknown_occupation,5
MEM31922,Certificate III In Engineering - Fabrication Trade,Metal Fabricator,28.0,qual_by_occ,322311,Metal Fabricator,3,Technicians and Trades Workers,32,322,3223,exact,100.0,matched_exact,1
MEM31922,Certificate III In Engineering - Fabrication Trade,Welder (First Class),20.0,qual_by_occ,322313,Welder (First Class),3,Technicians and Trades Workers,32,322,3223,exact,100.0,matched_exact,2
MEM31922,Certificate III In Engineering - Fabrication Trade,Unknown,13.0,qual_by_occ,,,,,,,,,,unknown_occupation,3
MEM40119,Certificate IV In Engineering,Fitter And Turner,12.0,qual_by_occ,323212,Fitter and Turner,3,Technicians and Trades Workers,32,323,3232,exact,100.0,matched_exact,1
MEM40119,Certificate IV In Engineering,Metal Fabricator,10.0,qual_by_occ,322311,Metal Fabricator,3,Technicians and Trades Workers,32,322,3223,exact,100.0,matched_exact,2
MEM40119,Certificate IV In Engineering,Fitter (General),9.0,qual_by_occ,323211,Fitter (General),3,Technicians and Trades Workers,32,323,3232,exact,100.0,matched_exact,3
MEM40119,Certificate IV In Engineering,Electrician (General),8.0,qual_by_occ,341111,Electrician (General),3,Technicians and Trades Workers,34,341,3411,exact,100.0,matched_exact,4
MEM40119,Certificate IV In Engineering,Defence Force Member - Other Ranks,7.0,qual_by_occ,441111,Defence Force Member - Other Ranks,4,Community and Personal Service Workers,44,441,4411,exact,100.0,matched_exact,5
MEM40119,Certificate IV In Engineering,Unknown,6.0,qual_by_occ,,,,,,,,,,unknown_occupation,6
MSF30322,Certificate III In Cabinet Making And Timber Technology,Cabinetmaker,53.0,qual_by_occ,394111,Cabinetmaker,3,Technicians and Trades Workers,39,394,3941,exact,100.0,matched_exact,1
MSF30322,Certificate III In Cabinet Making And Timber Technology,Carpenter And Joiner,20.0,qual_by_occ,331211,Carpenter and Joiner,3,Technicians and Trades Workers,33,331,3312,exact,100.0,matched_exact,2
MSF30322,Certificate III In Cabinet Making And Timber Technology,Unknown,7.0,qual_by_occ,,,,,,,,,,unknown_occupation,3
MSF30422,Certificate III In Glass And Glazing,Glazier,60.0,qual_by_occ,333111,Glazier,3,Technicians and Trades Workers,33,333,3331,exact,100.0,matched_exact,1
MSF30422,Certificate III In Glass And Glazing,Unknown,11.0,qual_by_occ,,,,,,,,,,unknown_occupation,2
MSF30822,Certificate III In Flooring Technology,Floor Finisher,53.0,qual_by_occ,332111,Floor Finisher,3,Technicians and Trades Workers,33,332,3321,exact,100.0,matched_exact,1
MSF30822,Certificate III In Flooring Technology,Unknown,27.0,qual_by_occ,,,,,,,,,,unknown_occupation,2
MSF40122,Certificate IV In Interior Decoration,Unknown,15.0,qual_by_occ,,,,,,,,,,unknown_occupation,1
MSF50222,Diploma Of Interior Design,Interior Designer,17.0,qual_by_occ,232511,Interior Designer,2,Professionals,23,232,2325,exact,100.0,matched_exact,1
MSF50222,Diploma Of Interior Design,Sales Assistant (General),13.0,qual_by_occ,621111,Sales Assistant (General),6,Sales Workers,62,621,6211,exact,100.0,matched_exact,2
MSF50222,Diploma Of Interior Design,Unknown,12.0,qual_by_occ,,,,,,,,,,unknown_occupation,3
MSL30122,Certificate III In Laboratory Skills,Earth Science Technician,15.0,qual_by_occ,311412,Earth Science Technician,3,Technicians and Trades Workers,31,311,3114,exact,100.0,matched_exact,1
MSL40122,Certificate IV In Laboratory Techniques,Earth Science Technician,18.0,qual_by_occ,311412,Earth Science Technician,3,Technicians and Trades Workers,31,311,3114,exact,100.0,matched_exact,1
MSL40122,Certificate IV In Laboratory Techniques,Medical Laboratory Technician,10.0,qual_by_occ,311213,Medical Laboratory Technician,3,Technicians and Trades Workers,31,311,3112,exact,100.0,matched_exact,2
MSL40122,Certificate IV In Laboratory Techniques,Unknown,8.0,qual_by_occ,,,,,,,,,,unknown_occupation,3
MSL40122,Certificate IV In Laboratory Techniques,Chemistry Technician,6.0,qual_by_occ,311411,Chemistry Technician,3,Technicians and Trades Workers,31,311,3114,exact,100.0,matched_exact,4
MSL40122,Certificate IV In Laboratory Techniques,Pathology Collector,5.0,qual_by_occ,311216,Pathology Collector,3,Technicians and Trades Workers,31,311,3112,exact,100.0,matched_exact,5
MSL50122,Diploma Of Laboratory Technology,Earth Science Technician,20.0,qual_by_occ,311412,Earth Science Technician,3,Technicians and Trades Workers,31,311,3114,exact,100.0,matched_exact,1
MSL50122,Diploma Of Laboratory Technology,Medical Laboratory Technician,12.0,qual_by_occ,311213,Medical Laboratory Technician,3,Technicians and Trades Workers,31,311,3112,exact,100.0,matched_exact,2
MSM30116,Certificate III In Process Manufacturing,Storeperson,9.0,qual_by_occ,741111,Storeperson,7,Machinery Operators and Drivers,74,741,7411,exact,100.0,matched_exact,1
MSM30116,Certificate III In Process Manufacturing,Unknown,9.0,qual_by_occ,,,,,,,,,,unknown_occupation,2
MSM30116,Certificate III In Process Manufacturing,Labourers NEC,5.0,qual_by_occ,899999,Labourers nec,8,Labourers,89,899,8999,exact,100.0,matched_exact,3
MSM30116,Certificate III In Process Manufacturing,Builder's Labourer,3.0,qual_by_occ,821111,Builder's Labourer,8,Labourers,82,821,8211,exact,100.0,matched_exact,4
MSM30116,Certificate III In Process Manufacturing,Product Assembler,3.0,qual_by_occ,832211,Product Assembler,8,Labourers,83,832,8322,exact,100.0,matched_exact,5
MSM30116,Certificate III In Process Manufacturing,Sales Assistant (General),3.0,qual_by_occ,621111,Sales Assistant (General),6,Sales Workers,62,621,6211,exact,100.0,matched_exact,6
MSM30116,Certificate III In Process Manufacturing,Factory Process Workers NEC,2.0,qual_by_occ,839999,Factory Process Workers nec,8,Labourers,83,839,8399,exact,100.0,matched_exact,7
MSM30116,Certificate III In Process Manufacturing,Fast Food Cook,2.0,qual_by_occ,851111,Fast Food Cook,8,Labourers,85,851,8511,exact,100.0,matched_exact,8
MSM30116,Certificate III In Process Manufacturing,Food And Drink Factory Workers NEC,2.0,qual_by_occ,831199,Food and Drink Factory Workers nec,8,Labourers,83,831,8311,exact,100.0,matched_exact,9
MSM30116,Certificate III In Process Manufacturing,Truck Driver (General),2.0,qual_by_occ,733111,Truck Driver (General),7,Machinery Operators and Drivers,73,733,7331,exact,100.0,matched_exact,10
MST31022,"Certificate III In Apparel, Fashion And Textiles",Unknown,13.0,qual_by_occ,,,,,,,,,,unknown_occupation,1
NWP30222,Certificate III In Water Industry Operations,Waste Water Or Water Plant Operator,28.0,qual_by_occ,712921,Waste Water or Water Plant Operator,7,Machinery Operators and Drivers,71,712,7129,exact,100.0,matched_exact,1
NWP30222,Certificate III In Water Industry Operations,Plumber (General),17.0,qual_by_occ,334111,Plumber (General),3,Technicians and Trades Workers,33,334,3341,exact,100.0,matched_exact,2
NWP30222,Certificate III In Water Industry Operations,"Drainage, Sewerage And Stormwater Labourer",8.0,qual_by_occ,821112,"Drainage, Sewerage and Stormwater Labourer",8,Labourers,82,821,8211,exact,100.0,matched_exact,3
PMA30120,Certificate III In Process Plant Operations,Gas Or Petroleum Operator,12.0,qual_by_occ,399212,Gas or Petroleum Operator,3,Technicians and Trades Workers,39,399,3992,exact,100.0,matched_exact,1
PSP20218,Certificate II In Auslan,Unknown,10.0,qual_by_occ,,,,,,,,,,unknown_occupation,1
PSP30218,Certificate III In Auslan,Unknown,13.0,qual_by_occ,,,,,,,,,,unknown_occupation,1
PSP40122,Certificate IV In Government,Police Officer,26.0,qual_by_occ,441312,Police Officer,4,Community and Personal Service Workers,44,441,4413,exact,100.0,matched_exact,1
PSP40122,Certificate IV In Government,Clerical And Office Support Workers NFD,12.0,qual_by_occ,,,,,,,,,,not_further_defined,2
PSP40416,Certificate IV In Government Investigations,Program Or Project Administrator,9.0,qual_by_occ,511112,Program or Project Administrator,5,Clerical and Administrative Workers,51,511,5111,exact,100.0,matched_exact,1
PSP40416,Certificate IV In Government Investigations,Park Ranger,8.0,qual_by_occ,234314,Park Ranger,2,Professionals,23,234,2343,exact,100.0,matched_exact,2
PSP40416,Certificate IV In Government Investigations,Inspectors And Regulatory Officers NEC,6.0,qual_by_occ,599599,Inspectors and Regulatory Officers nec,5,Clerical and Administrative Workers,59,599,5995,exact,100.0,matched_exact,3
PSP40416,Certificate IV In Government Investigations,Policy And Planning Manager,6.0,qual_by_occ,132411,Policy and Planning Manager,1,Managers,13,132,1324,exact,100.0,matched_exact,4
PSP40416,Certificate IV In Government Investigations,General Clerical Workers NFD,5.0,qual_by_occ,,,,,,,,,,not_further_defined,5
PSP40416,Certificate IV In Government Investigations,Unknown,4.0,qual_by_occ,,,,,,,,,,unknown_occupation,6
PSP40416,Certificate IV In Government Investigations,Environmental Consultant,3.0,qual_by_occ,234312,Environmental Consultant,2,Professionals,23,234,2343,exact,100.0,matched_exact,7
PSP40416,Certificate IV In Government Investigations,General Clerk,3.0,qual_by_occ,531111,General Clerk,5,Clerical and Administrative Workers,53,531,5311,exact,100.0,matched_exact,8
PSP40616,Certificate IV In Procurement And Contracting,Program Or Project Administrator,20.0,qual_by_occ,511112,Program or Project Administrator,5,Clerical and Administrative Workers,51,511,5111,exact,100.0,matched_exact,1
PSP40616,Certificate IV In Procurement And Contracting,Policy And Planning Manager,9.0,qual_by_occ,132411,Policy and Planning Manager,1,Managers,13,132,1324,exact,100.0,matched_exact,2
PSP40616,Certificate IV In Procurement And Contracting,Purchasing Officer,8.0,qual_by_occ,591113,Purchasing Officer,5,Clerical and Administrative Workers,59,591,5911,exact,100.0,matched_exact,3
PSP50122,Diploma Of Government,General Clerical Workers NFD,21.0,qual_by_occ,,,,,,,,,,not_further_defined,1
PSP50122,Diploma Of Government,Program Or Project Administrator,17.0,qual_by_occ,511112,Program or Project Administrator,5,Clerical and Administrative Workers,51,511,5111,exact,100.0,matched_exact,2
PSP50122,Diploma Of Government,Policy Analyst,6.0,qual_by_occ,224412,Policy Analyst,2,Professionals,22,224,2244,exact,100.0,matched_exact,3
PSP50122,Diploma Of Government,General Clerk,5.0,qual_by_occ,531111,General Clerk,5,Clerical and Administrative Workers,53,531,5311,exact,100.0,matched_exact,4
PSP50122,Diploma Of Government,Unknown,5.0,qual_by_occ,,,,,,,,,,unknown_occupation,5
PSP50616,Diploma Of Procurement And Contracting,Program Or Project Administrator,17.0,qual_by_occ,511112,Program or Project Administrator,5,Clerical and Administrative Workers,51,511,5111,exact,100.0,matched_exact,1
PSP50616,Diploma Of Procurement And Contracting,Purchasing Officer,11.0,qual_by_occ,591113,Purchasing Officer,5,Clerical and Administrative Workers,59,591,5911,exact,100.0,matched_exact,2
PSP50616,Diploma Of Procurement And Contracting,Policy And Planning Manager,10.0,qual_by_occ,132411,Policy and Planning Manager,1,Managers,13,132,1324,exact,100.0,matched_exact,3
PSP50922,Diploma Of Interpreting,Unknown,16.0,qual_by_occ,,,,,,,,,,unknown_occupation,1
PUA20119,Certificate II In Public Safety (Aquatic Rescue),Unknown,23.0,qual_by_occ,,,,,,,,,,unknown_occupation,1
PUA20119,Certificate II In Public Safety (Aquatic Rescue),Lifeguard,3.0,qual_by_occ,452414,Lifeguard,4,Community and Personal Service Workers,45,452,4524,exact,100.0,matched_exact,2
PUA20119,Certificate II In Public Safety (Aquatic Rescue),Sales Assistant (General),3.0,qual_by_occ,621111,Sales Assistant (General),6,Sales Workers,62,621,6211,exact,100.0,matched_exact,3
PUA20119,Certificate II In Public Safety (Aquatic Rescue),Secondary School Teacher,3.0,qual_by_occ,241411,Secondary School Teacher,2,Professionals,24,241,2414,exact,100.0,matched_exact,4
PUA20119,Certificate II In Public Safety (Aquatic Rescue),Chief Executive Or Managing Director,2.0,qual_by_occ,111111,Chief Executive or Managing Director,1,Managers,11,111,1111,exact,100.0,matched_exact,5
PUA20622,Certificate II In Public Safety (Firefighting And Emergency Operations),Fire Fighter,75.0,qual_by_occ,441212,Fire Fighter,4,Community and Personal Service Workers,44,441,4412,exact,100.0,matched_exact,1
PUA20719,Certificate II In Public Safety (Firefighting Operations),Unknown,19.0,qual_by_occ,,,,,,,,,,unknown_occupation,1
PUA30622,Certificate III In Public Safety (Firefighting And Emergency Operations),Fire Fighter,82.0,qual_by_occ,441212,Fire Fighter,4,Community and Personal Service Workers,44,441,4412,exact,100.0,matched_exact,1
PUA40319,Certificate IV In Public Safety (Firefighting Supervision),Fire Fighter,83.0,qual_by_occ,441212,Fire Fighter,4,Community and Personal Service Workers,44,441,4412,exact,100.0,matched_exact,1
PUA50519,Diploma Of Public Safety (Firefighting Management),Fire Fighter,87.0,qual_by_occ,441212,Fire Fighter,4,Community and Personal Service Workers,44,441,4412,exact,100.0,matched_exact,1
RII20120,Certificate II In Resources And Infrastructure Work Preparation,Unknown,16.0,qual_by_occ,,,,,,,,,,unknown_occupation,1
RII20120,Certificate II In Resources And Infrastructure Work Preparation,Labourers NEC,7.0,qual_by_occ,899999,Labourers nec,8,Labourers,89,899,8999,exact,100.0,matched_exact,2
RII20220,Certificate II In Surface Extraction Operations,Tyre Fitter,20.0,qual_by_occ,899415,Tyre Fitter,8,Labourers,89,899,8994,exact,100.0,matched_exact,1
RII20720,Certificate II In Civil Construction,Builder's Labourer,21.0,qual_by_occ,821111,Builder's Labourer,8,Labourers,82,821,8211,exact,100.0,matched_exact,1
RII20920,Certificate II In Drilling Operations,Driller,30.0,qual_by_occ,712211,Driller,7,Machinery Operators and Drivers,71,712,7122,exact,100.0,matched_exact,1
RII20920,Certificate II In Drilling Operations,Driller's Assistant,26.0,qual_by_occ,821912,Driller's Assistant,8,Labourers,82,821,8219,exact,100.0,matched_exact,2
RII30120,Certificate III In Surface Extraction Operations,Miner,19.0,qual_by_occ,712212,Miner,7,Machinery Operators and Drivers,71,712,7122,exact,100.0,matched_exact,1
RII30120,Certificate III In Surface Extraction Operations,Earthmoving Plant Operator (General),12.0,qual_by_occ,721211,Earthmoving Plant Operator (General),7,Machinery Operators and Drivers,72,721,7212,exact,100.0,matched_exact,2
RII30120,Certificate III In Surface Extraction Operations,Truck Driver (General),12.0,qual_by_occ,733111,Truck Driver (General),7,Machinery Operators and Drivers,73,733,7331,exact,100.0,matched_exact,3
RII30120,Certificate III In Surface Extraction Operations,Unknown,9.0,qual_by_occ,,,,,,,,,,unknown_occupation,4
RII30120,Certificate III In Surface Extraction Operations,Machine Operators NEC,6.0,qual_by_occ,711999,Machine Operators nec,7,Machinery Operators and Drivers,71,711,7119,exact,100.0,matched_exact,5
RII30120,Certificate III In Surface Extraction Operations,Mining Support Worker,5.0,qual_by_occ,821914,Mining Support Worker,8,Labourers,82,821,8219,exact,100.0,matched_exact,6
RII30420,Certificate III In Resource Processing,Miner,24.0,qual_by_occ,712212,Miner,7,Machinery Operators and Drivers,71,712,7122,exact,100.0,matched_exact,1
RII30719,Certificate III In Emergency Response And Rescue,Emergency Service Worker,15.0,qual_by_occ,441211,Emergency Service Worker,4,Community and Personal Service Workers,44,441,4412,exact,100.0,matched_exact,1
RII30719,Certificate III In Emergency Response And Rescue,Miner,11.0,qual_by_occ,712212,Miner,7,Machinery Operators and Drivers,71,712,7122,exact,100.0,matched_exact,2
RII30719,Certificate III In Emergency Response And Rescue,Ambulance Officer,8.0,qual_by_occ,411111,Ambulance Officer,4,Community and Personal Service Workers,41,411,4111,exact,100.0,matched_exact,3
RII30719,Certificate III In Emergency Response And Rescue,Unknown,8.0,qual_by_occ,,,,,,,,,,unknown_occupation,4
RII30820,Certificate III In Civil Construction Plant Operations,Unknown,14.0,qual_by_occ,,,,,,,,,,unknown_occupation,1
RII30820,Certificate III In Civil Construction Plant Operations,Earthmoving Plant Operator (General),10.0,qual_by_occ,721211,Earthmoving Plant Operator (General),7,Machinery Operators and Drivers,72,721,7212,exact,100.0,matched_exact,2
RII30820,Certificate III In Civil Construction Plant Operations,Builder's Labourer,5.0,qual_by_occ,821111,Builder's Labourer,8,Labourers,82,821,8211,exact,100.0,matched_exact,3
RII30820,Certificate III In Civil Construction Plant Operations,Labourers NEC,4.0,qual_by_occ,899999,Labourers nec,8,Labourers,89,899,8999,exact,100.0,matched_exact,4
RII30820,Certificate III In Civil Construction Plant Operations,Truck Driver (General),4.0,qual_by_occ,733111,Truck Driver (General),7,Machinery Operators and Drivers,73,733,7331,exact,100.0,matched_exact,5
RII30820,Certificate III In Civil Construction Plant Operations,Earthmoving Labourer,3.0,qual_by_occ,821113,Earthmoving Labourer,8,Labourers,82,821,8211,exact,100.0,matched_exact,6
RII30820,Certificate III In Civil Construction Plant Operations,Machine Operators NEC,3.0,qual_by_occ,711999,Machine Operators nec,7,Machinery Operators and Drivers,71,711,7119,exact,100.0,matched_exact,7
RII30820,Certificate III In Civil Construction Plant Operations,Concreter,2.0,qual_by_occ,821211,Concreter,8,Labourers,82,821,8212,exact,100.0,matched_exact,8
RII30820,Certificate III In Civil Construction Plant Operations,Construction Project Manager,2.0,qual_by_occ,133111,Construction Project Manager,1,Managers,13,133,1331,exact,100.0,matched_exact,9
RII30820,Certificate III In Civil Construction Plant Operations,Excavator Operator,2.0,qual_by_occ,721214,Excavator Operator,7,Machinery Operators and Drivers,72,721,7212,exact,100.0,matched_exact,10
RII30820,Certificate III In Civil Construction Plant Operations,Paving And Surfacing Labourer,2.0,qual_by_occ,821511,Paving and Surfacing Labourer,8,Labourers,82,821,8215,exact,100.0,matched_exact,11
RII30920,Certificate III In Civil Construction,Builder's Labourer,9.0,qual_by_occ,821111,Builder's Labourer,8,Labourers,82,821,8211,exact,100.0,matched_exact,1
RII30920,Certificate III In Civil Construction,Paving And Surfacing Labourer,9.0,qual_by_occ,821511,Paving and Surfacing Labourer,8,Labourers,82,821,8215,exact,100.0,matched_exact,2
RII30920,Certificate III In Civil Construction,Unknown,7.0,qual_by_occ,,,,,,,,,,unknown_occupation,3
RII30920,Certificate III In Civil Construction,Earthmoving Plant Operator (General),6.0,qual_by_occ,721211,Earthmoving Plant Operator (General),7,Machinery Operators and Drivers,72,721,7212,exact,100.0,matched_exact,4
RII30920,Certificate III In Civil Construction,Earthmoving Labourer,5.0,qual_by_occ,821113,Earthmoving Labourer,8,Labourers,82,821,8211,exact,100.0,matched_exact,5
RII30920,Certificate III In Civil Construction,Labourers NEC,5.0,qual_by_occ,899999,Labourers nec,8,Labourers,89,899,8999,exact,100.0,matched_exact,6
RII30920,Certificate III In Civil Construction,Road Traffic Controller,5.0,qual_by_occ,899923,Road Traffic Controller,8,Labourers,89,899,8999,exact,100.0,matched_exact,7
RII30920,Certificate III In Civil Construction,Concreter,4.0,qual_by_occ,821211,Concreter,8,Labourers,82,821,8212,exact,100.0,matched_exact,8
RII30920,Certificate III In Civil Construction,"Drainage, Sewerage And Stormwater Labourer",4.0,qual_by_occ,821112,"Drainage, Sewerage and Stormwater Labourer",8,Labourers,82,821,8211,exact,100.0,matched_exact,9
RII30920,Certificate III In Civil Construction,Building Associate,2.0,qual_by_occ,312112,Building Associate,3,Technicians and Trades Workers,31,312,3121,exact,100.0,matched_exact,10
RII30920,Certificate III In Civil Construction,Truck Driver (General),2.0,qual_by_occ,733111,Truck Driver (General),7,Machinery Operators and Drivers,73,733,7331,exact,100.0,matched_exact,11
RII31820,Certificate III In Drilling Operations,Driller,54.0,qual_by_occ,712211,Driller,7,Machinery Operators and Drivers,71,712,7122,exact,100.0,matched_exact,1
RII31820,Certificate III In Drilling Operations,Driller's Assistant,12.0,qual_by_occ,821912,Driller's Assistant,8,Labourers,82,821,8219,exact,100.0,matched_exact,2
RII40420,Certificate IV In Underground Coal Operations,Miner,49.0,qual_by_occ,712212,Miner,7,Machinery Operators and Drivers,71,712,7122,exact,100.0,matched_exact,1
RII40720,Certificate IV In Civil Construction,Unknown,12.0,qual_by_occ,,,,,,,,,,unknown_occupation,1
RII40720,Certificate IV In Civil Construction,Construction Project Manager,9.0,qual_by_occ,133111,Construction Project Manager,1,Managers,13,133,1331,exact,100.0,matched_exact,2
RII40720,Certificate IV In Civil Construction,Building Associate,7.0,qual_by_occ,312112,Building Associate,3,Technicians and Trades Workers,31,312,3121,exact,100.0,matched_exact,3
RII40720,Certificate IV In Civil Construction,Earthmoving Plant Operator (General),7.0,qual_by_occ,721211,Earthmoving Plant Operator (General),7,Machinery Operators and Drivers,72,721,7212,exact,100.0,matched_exact,4
RII40720,Certificate IV In Civil Construction,Paving And Surfacing Labourer,7.0,qual_by_occ,821511,Paving and Surfacing Labourer,8,Labourers,82,821,8215,exact,100.0,matched_exact,5
RII40720,Certificate IV In Civil Construction,Builder's Labourer,5.0,qual_by_occ,821111,Builder's Labourer,8,Labourers,82,821,8211,exact,100.0,matched_exact,6
RII40920,Certificate IV In Drilling Operations,Driller,51.0,qual_by_occ,712211,Driller,7,Machinery Operators and Drivers,71,712,7122,exact,100.0,matched_exact,1
SFI30119,Certificate III In Aquaculture,Aquaculture Worker,40.0,qual_by_occ,841111,Aquaculture Worker,8,Labourers,84,841,8411,exact,100.0,matched_exact,1
SFL30115,Certificate III In Floristry,Florist,24.0,qual_by_occ,362111,Florist,3,Technicians and Trades Workers,36,362,3621,exact,100.0,matched_exact,1
SFL30115,Certificate III In Floristry,Unknown,12.0,qual_by_occ,,,,,,,,,,unknown_occupation,2
SFL30115,Certificate III In Floristry,Sales Assistant (General),7.0,qual_by_occ,621111,Sales Assistant (General),6,Sales Workers,62,621,6211,exact,100.0,matched_exact,3
SHB20216,Certificate II In Salon Assistant,Hairdresser,28.0,qual_by_occ,391111,Hairdresser,3,Technicians and Trades Workers,39,391,3911,exact,100.0,matched_exact,1
SHB20216,Certificate II In Salon Assistant,Unknown,15.0,qual_by_occ,,,,,,,,,,unknown_occupation,2
SHB30121,Certificate III In Beauty Services,Beauty Therapist,16.0,qual_by_occ,451111,Beauty Therapist,4,Community and Personal Service Workers,45,451,4511,exact,100.0,matched_exact,1
SHB30121,Certificate III In Beauty Services,Unknown,14.0,qual_by_occ,,,,,,,,,,unknown_occupation,2
SHB30121,Certificate III In Beauty Services,Sales Assistant (General),8.0,qual_by_occ,621111,Sales Assistant (General),6,Sales Workers,62,621,6211,exact,100.0,matched_exact,3
SHB30121,Certificate III In Beauty Services,Office Cashier,4.0,qual_by_occ,631112,Office Cashier,6,Sales Workers,63,631,6311,exact,100.0,matched_exact,4
SHB30121,Certificate III In Beauty Services,General Clerk,3.0,qual_by_occ,531111,General Clerk,5,Clerical and Administrative Workers,53,531,5311,exact,100.0,matched_exact,5
SHB30121,Certificate III In Beauty Services,Hairdresser,3.0,qual_by_occ,391111,Hairdresser,3,Technicians and Trades Workers,39,391,3911,exact,100.0,matched_exact,6
SHB30121,Certificate III In Beauty Services,Child Care Worker,2.0,qual_by_occ,421111,Child Care Worker,4,Community and Personal Service Workers,42,421,4211,exact,100.0,matched_exact,7
SHB30121,Certificate III In Beauty Services,Fast Food Cook,2.0,qual_by_occ,851111,Fast Food Cook,8,Labourers,85,851,8511,exact,100.0,matched_exact,8
SHB30121,Certificate III In Beauty Services,Waiter,2.0,qual_by_occ,431511,Waiter,4,Community and Personal Service Workers,43,431,4315,exact,100.0,matched_exact,9
SHB30221,Certificate III In Make-Up,Unknown,14.0,qual_by_occ,,,,,,,,,,unknown_occupation,1
SHB30221,Certificate III In Make-Up,Sales Assistant (General),12.0,qual_by_occ,621111,Sales Assistant (General),6,Sales Workers,62,621,6211,exact,100.0,matched_exact,2
SHB30321,Certificate III In Nail Technology,Unknown,16.0,qual_by_occ,,,,,,,,,,unknown_occupation,1
SHB30321,Certificate III In Nail Technology,Beauty Therapist,11.0,qual_by_occ,451111,Beauty Therapist,4,Community and Personal Service Workers,45,451,4511,exact,100.0,matched_exact,2
SHB30321,Certificate III In Nail Technology,Sales Assistant (General),9.0,qual_by_occ,621111,Sales Assistant (General),6,Sales Workers,62,621,6211,exact,100.0,matched_exact,3
SHB30321,Certificate III In Nail Technology,Office Cashier,4.0,qual_by_occ,631112,Office Cashier,6,Sales Workers,63,631,6311,exact,100.0,matched_exact,4
SHB30416,Certificate III In Hairdressing,Hairdresser,72.0,qual_by_occ,391111,Hairdresser,3,Technicians and Trades Workers,39,391,3911,exact,100.0,matched_exact,1
SHB30416,Certificate III In Hairdressing,Unknown,7.0,qual_by_occ,,,,,,,,,,unknown_occupation,2
SHB30416,Certificate III In Hairdressing,Hair Or Beauty Salon Manager,2.0,qual_by_occ,142114,Hair or Beauty Salon Manager,1,Managers,14,142,1421,exact,100.0,matched_exact,3
SHB30416,Certificate III In Hairdressing,Sales Assistant (General),2.0,qual_by_occ,621111,Sales Assistant (General),6,Sales Workers,62,621,6211,exact,100.0,matched_exact,4
SHB30516,Certificate III In Barbering,Hairdresser,57.0,qual_by_occ,391111,Hairdresser,3,Technicians and Trades Workers,39,391,3911,exact,100.0,matched_exact,1
SHB30516,Certificate III In Barbering,Unknown,17.0,qual_by_occ,,,,,,,,,,unknown_occupation,2
SHB40121,Certificate IV In Beauty Therapy,Beauty Therapist,33.0,qual_by_occ,451111,Beauty Therapist,4,Community and Personal Service Workers,45,451,4511,exact,100.0,matched_exact,1
SHB40121,Certificate IV In Beauty Therapy,Unknown,15.0,qual_by_occ,,,,,,,,,,unknown_occupation,2
SHB50121,Diploma Of Beauty Therapy,Beauty Therapist,36.0,qual_by_occ,451111,Beauty Therapist,4,Community and Personal Service Workers,45,451,4511,exact,100.0,matched_exact,1
SHB50121,Diploma Of Beauty Therapy,Unknown,11.0,qual_by_occ,,,,,,,,,,unknown_occupation,2
SHB50121,Diploma Of Beauty Therapy,Sales Assistant (General),7.0,qual_by_occ,621111,Sales Assistant (General),6,Sales Workers,62,621,6211,exact,100.0,matched_exact,3
SHB50121,Diploma Of Beauty Therapy,General Clerk,3.0,qual_by_occ,531111,General Clerk,5,Clerical and Administrative Workers,53,531,5311,exact,100.0,matched_exact,4
SHB50121,Diploma Of Beauty Therapy,Office Cashier,3.0,qual_by_occ,631112,Office Cashier,6,Sales Workers,63,631,6311,exact,100.0,matched_exact,5
SHB50121,Diploma Of Beauty Therapy,Waiter,2.0,qual_by_occ,431511,Waiter,4,Community and Personal Service Workers,43,431,4315,exact,100.0,matched_exact,6
SIR20216,Certificate II In Retail Services,Unknown,17.0,qual_by_occ,,,,,,,,,,unknown_occupation,1
SIR20216,Certificate II In Retail Services,Sales Assistant (General),12.0,qual_by_occ,621111,Sales Assistant (General),6,Sales Workers,62,621,6211,exact,100.0,matched_exact,2
SIR20216,Certificate II In Retail Services,Office Cashier,5.0,qual_by_occ,631112,Office Cashier,6,Sales Workers,63,631,6311,exact,100.0,matched_exact,3
SIR20216,Certificate II In Retail Services,Fast Food Cook,4.0,qual_by_occ,851111,Fast Food Cook,8,Labourers,85,851,8511,exact,100.0,matched_exact,4
SIR30116,Certificate III In Community Pharmacy,Pharmacy Sales Assistant,50.0,qual_by_occ,621411,Pharmacy Sales Assistant,6,Sales Workers,62,621,6214,exact,100.0,matched_exact,1
SIR30216,Certificate III In Retail,Fast Food Cook,15.0,qual_by_occ,851111,Fast Food Cook,8,Labourers,85,851,8511,exact,100.0,matched_exact,1
SIR30216,Certificate III In Retail,Sales Assistant (General),13.0,qual_by_occ,621111,Sales Assistant (General),6,Sales Workers,62,621,6211,exact,100.0,matched_exact,2
SIR30216,Certificate III In Retail,Unknown,9.0,qual_by_occ,,,,,,,,,,unknown_occupation,3
SIR30216,Certificate III In Retail,Retail Manager (General),7.0,qual_by_occ,142111,Retail Manager (General),1,Managers,14,142,1421,exact,100.0,matched_exact,4
SIR30216,Certificate III In Retail,Office Cashier,5.0,qual_by_occ,631112,Office Cashier,6,Sales Workers,63,631,6311,exact,100.0,matched_exact,5
SIR30216,Certificate III In Retail,Hospitality Workers NEC,3.0,qual_by_occ,431999,Hospitality Workers nec,4,Community and Personal Service Workers,43,431,4319,exact,100.0,matched_exact,6
SIR30216,Certificate III In Retail,Kitchenhand,3.0,qual_by_occ,851311,Kitchenhand,8,Labourers,85,851,8513,exact,100.0,matched_exact,7
SIR30216,Certificate III In Retail,Sales Assistants And Salespersons NEC,3.0,qual_by_occ,621999,Sales Assistants and Salespersons nec,6,Sales Workers,62,621,6219,exact,100.0,matched_exact,8
SIR30216,Certificate III In Retail,Waiter,3.0,qual_by_occ,431511,Waiter,4,Community and Personal Service Workers,43,431,4315,exact,100.0,matched_exact,9
SIR30216,Certificate III In Retail,Cafe Worker,2.0,qual_by_occ,431211,Cafe Worker,4,Community and Personal Service Workers,43,431,4312,exact,100.0,matched_exact,10
SIR30216,Certificate III In Retail,Checkout Operator,2.0,qual_by_occ,631111,Checkout Operator,6,Sales Workers,63,631,6311,exact,100.0,matched_exact,11
SIR30216,Certificate III In Retail,Secondary School Teacher,2.0,qual_by_occ,241411,Secondary School Teacher,2,Professionals,24,241,2414,exact,100.0,matched_exact,12
SIR30216,Certificate III In Retail,Storeperson,2.0,qual_by_occ,741111,Storeperson,7,Machinery Operators and Drivers,74,741,7411,exact,100.0,matched_exact,13
SIR30216,Certificate III In Retail,Barista,1.0,qual_by_occ,431112,Barista,4,Community and Personal Service Workers,43,431,4311,exact,100.0,matched_exact,14
SIR30216,Certificate III In Retail,Cafe Or Restaurant Manager,1.0,qual_by_occ,141111,Cafe or Restaurant Manager,1,Managers,14,141,1411,exact,100.0,matched_exact,15
SIR30216,Certificate III In Retail,Child Care Worker,1.0,qual_by_occ,421111,Child Care Worker,4,Community and Personal Service Workers,42,421,4211,exact,100.0,matched_exact,16
SIR30216,Certificate III In Retail,Corporate General Manager,1.0,qual_by_occ,111211,Corporate General Manager,1,Managers,11,111,1112,exact,100.0,matched_exact,17
SIR30216,Certificate III In Retail,Customer Service Manager,1.0,qual_by_occ,149212,Customer Service Manager,1,Managers,14,149,1492,exact,100.0,matched_exact,18
SIR30216,Certificate III In Retail,General Clerk,1.0,qual_by_occ,531111,General Clerk,5,Clerical and Administrative Workers,53,531,5311,exact,100.0,matched_exact,19
SIR30216,Certificate III In Retail,Retail Supervisor,1.0,qual_by_occ,621511,Retail Supervisor,6,Sales Workers,62,621,6215,exact,100.0,matched_exact,20
SIR30216,Certificate III In Retail,Sales Assistants And Salespersons NFD,1.0,qual_by_occ,,,,,,,,,,not_further_defined,21
SIR40216,Certificate IV In Community Pharmacy Dispensary,Pharmacy Sales Assistant,48.0,qual_by_occ,621411,Pharmacy Sales Assistant,6,Sales Workers,62,621,6214,exact,100.0,matched_exact,1
SIR40316,Certificate IV In Retail Management,Retail Manager (General),27.0,qual_by_occ,142111,Retail Manager (General),1,Managers,14,142,1421,exact,100.0,matched_exact,1
SIS20122,Certificate II In Sport And Recreation,Unknown,22.0,qual_by_occ,,,,,,,,,,unknown_occupation,1
SIS20419,Certificate II In Outdoor Recreation,Unknown,16.0,qual_by_occ,,,,,,,,,,unknown_occupation,1
SIS20419,Certificate II In Outdoor Recreation,Sales Assistant (General),11.0,qual_by_occ,621111,Sales Assistant (General),6,Sales Workers,62,621,6211,exact,100.0,matched_exact,2
SIS30122,"Certificate III In Sport, Aquatics And Recreation",Unknown,12.0,qual_by_occ,,,,,,,,,,unknown_occupation,1
SIS30122,"Certificate III In Sport, Aquatics And Recreation",Sales Assistant (General),9.0,qual_by_occ,621111,Sales Assistant (General),6,Sales Workers,62,621,6211,exact,100.0,matched_exact,2
SIS30122,"Certificate III In Sport, Aquatics And Recreation",Swimming Coach Or Instructor,8.0,qual_by_occ,452315,Swimming Coach or Instructor,4,Community and Personal Service Workers,45,452,4523,exact,100.0,matched_exact,3
SIS30122,"Certificate III In Sport, Aquatics And Recreation",Fast Food Cook,4.0,qual_by_occ,851111,Fast Food Cook,8,Labourers,85,851,8511,exact,100.0,matched_exact,4
SIS30122,"Certificate III In Sport, Aquatics And Recreation",Lifeguard,3.0,qual_by_occ,452414,Lifeguard,4,Community and Personal Service Workers,45,452,4524,exact,100.0,matched_exact,5
SIS30122,"Certificate III In Sport, Aquatics And Recreation",Office Cashier,3.0,qual_by_occ,631112,Office Cashier,6,Sales Workers,63,631,6311,exact,100.0,matched_exact,6
SIS30122,"Certificate III In Sport, Aquatics And Recreation",Waiter,3.0,qual_by_occ,431511,Waiter,4,Community and Personal Service Workers,43,431,4315,exact,100.0,matched_exact,7
SIS30122,"Certificate III In Sport, Aquatics And Recreation",Carpenter And Joiner,2.0,qual_by_occ,331211,Carpenter and Joiner,3,Technicians and Trades Workers,33,331,3312,exact,100.0,matched_exact,8
SIS30122,"Certificate III In Sport, Aquatics And Recreation",Checkout Operator,2.0,qual_by_occ,631111,Checkout Operator,6,Sales Workers,63,631,6311,exact,100.0,matched_exact,9
SIS30122,"Certificate III In Sport, Aquatics And Recreation",Child Care Worker,2.0,qual_by_occ,421111,Child Care Worker,4,Community and Personal Service Workers,42,421,4211,exact,100.0,matched_exact,10
SIS30122,"Certificate III In Sport, Aquatics And Recreation",Electrician (General),2.0,qual_by_occ,341111,Electrician (General),3,Technicians and Trades Workers,34,341,3411,exact,100.0,matched_exact,11
SIS30122,"Certificate III In Sport, Aquatics And Recreation",General Clerk,2.0,qual_by_occ,531111,General Clerk,5,Clerical and Administrative Workers,53,531,5311,exact,100.0,matched_exact,12
SIS30122,"Certificate III In Sport, Aquatics And Recreation",Storeperson,2.0,qual_by_occ,741111,Storeperson,7,Machinery Operators and Drivers,74,741,7411,exact,100.0,matched_exact,13
SIS30122,"Certificate III In Sport, Aquatics And Recreation",Bar Attendant,1.0,qual_by_occ,431111,Bar Attendant,4,Community and Personal Service Workers,43,431,4311,exact,100.0,matched_exact,14
SIS30122,"Certificate III In Sport, Aquatics And Recreation",Cafe Worker,1.0,qual_by_occ,431211,Cafe Worker,4,Community and Personal Service Workers,43,431,4312,exact,100.0,matched_exact,15
SIS30122,"Certificate III In Sport, Aquatics And Recreation",Hospitality Workers NEC,1.0,qual_by_occ,431999,Hospitality Workers nec,4,Community and Personal Service Workers,43,431,4319,exact,100.0,matched_exact,16
SIS30122,"Certificate III In Sport, Aquatics And Recreation",Kitchenhand,1.0,qual_by_occ,851311,Kitchenhand,8,Labourers,85,851,8513,exact,100.0,matched_exact,17
SIS30122,"Certificate III In Sport, Aquatics And Recreation",Labourers NEC,1.0,qual_by_occ,899999,Labourers nec,8,Labourers,89,899,8999,exact,100.0,matched_exact,18
SIS30122,"Certificate III In Sport, Aquatics And Recreation",Out Of School Hours Care Worker,1.0,qual_by_occ,421114,Out of School Hours Care Worker,4,Community and Personal Service Workers,42,421,4211,exact,100.0,matched_exact,19
SIS30122,"Certificate III In Sport, Aquatics And Recreation",Plumber (General),1.0,qual_by_occ,334111,Plumber (General),3,Technicians and Trades Workers,33,334,3341,exact,100.0,matched_exact,20
SIS30122,"Certificate III In Sport, Aquatics And Recreation",Primary School Teacher,1.0,qual_by_occ,241213,Primary School Teacher,2,Professionals,24,241,2412,exact,100.0,matched_exact,21
SIS30122,"Certificate III In Sport, Aquatics And Recreation",Sales Assistants And Salespersons NEC,1.0,qual_by_occ,621999,Sales Assistants and Salespersons nec,6,Sales Workers,62,621,6219,exact,100.0,matched_exact,22
SIS30122,"Certificate III In Sport, Aquatics And Recreation",Secondary School Teacher,1.0,qual_by_occ,241411,Secondary School Teacher,2,Professionals,24,241,2414,exact,100.0,matched_exact,23
SIS30122,"Certificate III In Sport, Aquatics And Recreation",Sports And Fitness Workers NFD,1.0,qual_by_occ,,,,,,,,,,not_further_defined,24
SIS30122,"Certificate III In Sport, Aquatics And Recreation",Teachers' Aide,1.0,qual_by_occ,422116,Teachers' Aide,4,Community and Personal Service Workers,42,422,4221,exact,100.0,matched_exact,25
SIS30321,Certificate III In Fitness,Unknown,12.0,qual_by_occ,,,,,,,,,,unknown_occupation,1
SIS30321,Certificate III In Fitness,Fitness Instructor,11.0,qual_by_occ,452111,Fitness Instructor,4,Community and Personal Service Workers,45,452,4521,exact,100.0,matched_exact,2
SIS30321,Certificate III In Fitness,Sales Assistant (General),5.0,qual_by_occ,621111,Sales Assistant (General),6,Sales Workers,62,621,6211,exact,100.0,matched_exact,3
SIS30321,Certificate III In Fitness,General Clerk,3.0,qual_by_occ,531111,General Clerk,5,Clerical and Administrative Workers,53,531,5311,exact,100.0,matched_exact,4
SIS30321,Certificate III In Fitness,Office Manager,2.0,qual_by_occ,512111,Office Manager,5,Clerical and Administrative Workers,51,512,5121,exact,100.0,matched_exact,5
SIS30321,Certificate III In Fitness,Receptionist (General),2.0,qual_by_occ,542111,Receptionist (General),5,Clerical and Administrative Workers,54,542,5421,exact,100.0,matched_exact,6
SIS30321,Certificate III In Fitness,Waiter,2.0,qual_by_occ,431511,Waiter,4,Community and Personal Service Workers,43,431,4315,exact,100.0,matched_exact,7
SIS30321,Certificate III In Fitness,Aged Or Disabled Carer,1.0,qual_by_occ,423111,Aged or Disabled Carer,4,Community and Personal Service Workers,42,423,4231,exact,100.0,matched_exact,8
SIS30321,Certificate III In Fitness,Bar Attendant,1.0,qual_by_occ,431111,Bar Attendant,4,Community and Personal Service Workers,43,431,4311,exact,100.0,matched_exact,9
SIS30321,Certificate III In Fitness,Builder's Labourer,1.0,qual_by_occ,821111,Builder's Labourer,8,Labourers,82,821,8211,exact,100.0,matched_exact,10
SIS30321,Certificate III In Fitness,Checkout Operator,1.0,qual_by_occ,631111,Checkout Operator,6,Sales Workers,63,631,6311,exact,100.0,matched_exact,11
SIS30321,Certificate III In Fitness,Child Care Worker,1.0,qual_by_occ,421111,Child Care Worker,4,Community and Personal Service Workers,42,421,4211,exact,100.0,matched_exact,12
SIS30321,Certificate III In Fitness,Corporate General Manager,1.0,qual_by_occ,111211,Corporate General Manager,1,Managers,11,111,1112,exact,100.0,matched_exact,13
SIS30321,Certificate III In Fitness,Customer Service Manager,1.0,qual_by_occ,149212,Customer Service Manager,1,Managers,14,149,1492,exact,100.0,matched_exact,14
SIS30321,Certificate III In Fitness,Electrician (General),1.0,qual_by_occ,341111,Electrician (General),3,Technicians and Trades Workers,34,341,3411,exact,100.0,matched_exact,15
SIS30321,Certificate III In Fitness,Fast Food Cook,1.0,qual_by_occ,851111,Fast Food Cook,8,Labourers,85,851,8511,exact,100.0,matched_exact,16
SIS30321,Certificate III In Fitness,Fitness Centre Manager,1.0,qual_by_occ,149112,Fitness Centre Manager,1,Managers,14,149,1491,exact,100.0,matched_exact,17
SIS30321,Certificate III In Fitness,Labourers NEC,1.0,qual_by_occ,899999,Labourers nec,8,Labourers,89,899,8999,exact,100.0,matched_exact,18
SIS30321,Certificate III In Fitness,Office Cashier,1.0,qual_by_occ,631112,Office Cashier,6,Sales Workers,63,631,6311,exact,100.0,matched_exact,19
SIS30321,Certificate III In Fitness,Other Sports Coach Or Instructor,1.0,qual_by_occ,452317,Other Sports Coach or Instructor,4,Community and Personal Service Workers,45,452,4523,exact,100.0,matched_exact,20
SIS30321,Certificate III In Fitness,Police Officer,1.0,qual_by_occ,441312,Police Officer,4,Community and Personal Service Workers,44,441,4413,exact,100.0,matched_exact,21
SIS30321,Certificate III In Fitness,Primary School Teacher,1.0,qual_by_occ,241213,Primary School Teacher,2,Professionals,24,241,2412,exact,100.0,matched_exact,22
SIS30321,Certificate III In Fitness,Program Or Project Administrator,1.0,qual_by_occ,511112,Program or Project Administrator,5,Clerical and Administrative Workers,51,511,5111,exact,100.0,matched_exact,23
SIS30321,Certificate III In Fitness,Retail Manager (General),1.0,qual_by_occ,142111,Retail Manager (General),1,Managers,14,142,1421,exact,100.0,matched_exact,24
SIS30321,Certificate III In Fitness,Sales And Marketing Manager,1.0,qual_by_occ,131112,Sales and Marketing Manager,1,Managers,13,131,1311,exact,100.0,matched_exact,25
SIS30321,Certificate III In Fitness,Sales Assistants And Salespersons NEC,1.0,qual_by_occ,621999,Sales Assistants and Salespersons nec,6,Sales Workers,62,621,6219,exact,100.0,matched_exact,26
SIS30321,Certificate III In Fitness,Sales Assistants And Salespersons NFD,1.0,qual_by_occ,,,,,,,,,,not_further_defined,27
SIS30321,Certificate III In Fitness,Sales Representatives NEC,1.0,qual_by_occ,611399,Sales Representatives nec,6,Sales Workers,61,611,6113,exact,100.0,matched_exact,28
SIS30321,Certificate III In Fitness,Secondary School Teacher,1.0,qual_by_occ,241411,Secondary School Teacher,2,Professionals,24,241,2414,exact,100.0,matched_exact,29
SIS30321,Certificate III In Fitness,Storeperson,1.0,qual_by_occ,741111,Storeperson,7,Machinery Operators and Drivers,74,741,7411,exact,100.0,matched_exact,30
SIS30321,Certificate III In Fitness,Teachers' Aide,1.0,qual_by_occ,422116,Teachers' Aide,4,Community and Personal Service Workers,42,422,4221,exact,100.0,matched_exact,31
SIS30521,Certificate III In Sport Coaching,Secondary School Teacher,54.0,qual_by_occ,241411,Secondary School Teacher,2,Professionals,24,241,2414,exact,100.0,matched_exact,1
SIS30521,Certificate III In Sport Coaching,Unknown,13.0,qual_by_occ,,,,,,,,,,unknown_occupation,2
SIS30619,Certificate III In Outdoor Leadership,Outdoor Adventure Instructor,19.0,qual_by_occ,452215,Outdoor Adventure Instructor,4,Community and Personal Service Workers,45,452,4522,exact,100.0,matched_exact,1
SIS40221,Certificate IV In Fitness,Fitness Instructor,16.0,qual_by_occ,452111,Fitness Instructor,4,Community and Personal Service Workers,45,452,4521,exact,100.0,matched_exact,1
SIS40221,Certificate IV In Fitness,Unknown,15.0,qual_by_occ,,,,,,,,,,unknown_occupation,2
SIS40221,Certificate IV In Fitness,Sales Assistant (General),5.0,qual_by_occ,621111,Sales Assistant (General),6,Sales Workers,62,621,6211,exact,100.0,matched_exact,3
SIS40221,Certificate IV In Fitness,General Clerk,2.0,qual_by_occ,531111,General Clerk,5,Clerical and Administrative Workers,53,531,5311,exact,100.0,matched_exact,4
SIS40221,Certificate IV In Fitness,Secondary School Teacher,2.0,qual_by_occ,241411,Secondary School Teacher,2,Professionals,24,241,2414,exact,100.0,matched_exact,5
SIS40221,Certificate IV In Fitness,Storeperson,2.0,qual_by_occ,741111,Storeperson,7,Machinery Operators and Drivers,74,741,7411,exact,100.0,matched_exact,6
SIS40221,Certificate IV In Fitness,Waiter,2.0,qual_by_occ,431511,Waiter,4,Community and Personal Service Workers,43,431,4315,exact,100.0,matched_exact,7
SIS40221,Certificate IV In Fitness,Aged Or Disabled Carer,1.0,qual_by_occ,423111,Aged or Disabled Carer,4,Community and Personal Service Workers,42,423,4231,exact,100.0,matched_exact,8
SIS40221,Certificate IV In Fitness,Bar Attendant,1.0,qual_by_occ,431111,Bar Attendant,4,Community and Personal Service Workers,43,431,4311,exact,100.0,matched_exact,9
SIS40221,Certificate IV In Fitness,Barista,1.0,qual_by_occ,431112,Barista,4,Community and Personal Service Workers,43,431,4311,exact,100.0,matched_exact,10
SIS40221,Certificate IV In Fitness,Chief Executive Or Managing Director,1.0,qual_by_occ,111111,Chief Executive or Managing Director,1,Managers,11,111,1111,exact,100.0,matched_exact,11
SIS40221,Certificate IV In Fitness,Child Care Worker,1.0,qual_by_occ,421111,Child Care Worker,4,Community and Personal Service Workers,42,421,4211,exact,100.0,matched_exact,12
SIS40221,Certificate IV In Fitness,Corporate General Manager,1.0,qual_by_occ,111211,Corporate General Manager,1,Managers,11,111,1112,exact,100.0,matched_exact,13
SIS40221,Certificate IV In Fitness,Customer Service Manager,1.0,qual_by_occ,149212,Customer Service Manager,1,Managers,14,149,1492,exact,100.0,matched_exact,14
SIS40221,Certificate IV In Fitness,Defence Force Member - Other Ranks,1.0,qual_by_occ,441111,Defence Force Member - Other Ranks,4,Community and Personal Service Workers,44,441,4411,exact,100.0,matched_exact,15
SIS40221,Certificate IV In Fitness,Electrician (General),1.0,qual_by_occ,341111,Electrician (General),3,Technicians and Trades Workers,34,341,3411,exact,100.0,matched_exact,16
SIS40221,Certificate IV In Fitness,Fitness Centre Manager,1.0,qual_by_occ,149112,Fitness Centre Manager,1,Managers,14,149,1491,exact,100.0,matched_exact,17
SIS40221,Certificate IV In Fitness,Labourers NEC,1.0,qual_by_occ,899999,Labourers nec,8,Labourers,89,899,8999,exact,100.0,matched_exact,18
SIS40221,Certificate IV In Fitness,Office Cashier,1.0,qual_by_occ,631112,Office Cashier,6,Sales Workers,63,631,6311,exact,100.0,matched_exact,19
SIS40221,Certificate IV In Fitness,Office Manager,1.0,qual_by_occ,512111,Office Manager,5,Clerical and Administrative Workers,51,512,5121,exact,100.0,matched_exact,20
SIS40221,Certificate IV In Fitness,Other Sports Coach Or Instructor,1.0,qual_by_occ,452317,Other Sports Coach or Instructor,4,Community and Personal Service Workers,45,452,4523,exact,100.0,matched_exact,21
SIS40221,Certificate IV In Fitness,Program Or Project Administrator,1.0,qual_by_occ,511112,Program or Project Administrator,5,Clerical and Administrative Workers,51,511,5111,exact,100.0,matched_exact,22
SIS40221,Certificate IV In Fitness,Receptionist (General),1.0,qual_by_occ,542111,Receptionist (General),5,Clerical and Administrative Workers,54,542,5421,exact,100.0,matched_exact,23
SIS40221,Certificate IV In Fitness,Retail Manager (General),1.0,qual_by_occ,142111,Retail Manager (General),1,Managers,14,142,1421,exact,100.0,matched_exact,24
SIS40221,Certificate IV In Fitness,Sales And Marketing Manager,1.0,qual_by_occ,131112,Sales and Marketing Manager,1,Managers,13,131,1311,exact,100.0,matched_exact,25
SIS40221,Certificate IV In Fitness,Sales Assistants And Salespersons NEC,1.0,qual_by_occ,621999,Sales Assistants and Salespersons nec,6,Sales Workers,62,621,6219,exact,100.0,matched_exact,26
SIS40221,Certificate IV In Fitness,Sales Representatives NEC,1.0,qual_by_occ,611399,Sales Representatives nec,6,Sales Workers,61,611,6113,exact,100.0,matched_exact,27
SIS40621,Certificate IV In Outdoor Leadership,Outdoor Adventure Instructor,27.0,qual_by_occ,452215,Outdoor Adventure Instructor,4,Community and Personal Service Workers,45,452,4522,exact,100.0,matched_exact,1
SIT10222,Certificate I In Hospitality,Unknown,34.0,qual_by_occ,,,,,,,,,,unknown_occupation,1
SIT10222,Certificate I In Hospitality,Sales Assistant (General),8.0,qual_by_occ,621111,Sales Assistant (General),6,Sales Workers,62,621,6211,exact,100.0,matched_exact,2
SIT10222,Certificate I In Hospitality,Fast Food Cook,7.0,qual_by_occ,851111,Fast Food Cook,8,Labourers,85,851,8511,exact,100.0,matched_exact,3
SIT20322,Certificate II In Hospitality,Unknown,19.0,qual_by_occ,,,,,,,,,,unknown_occupation,1
SIT20322,Certificate II In Hospitality,Waiter,7.0,qual_by_occ,431511,Waiter,4,Community and Personal Service Workers,43,431,4315,exact,100.0,matched_exact,2
SIT20322,Certificate II In Hospitality,Cafe Worker,4.0,qual_by_occ,431211,Cafe Worker,4,Community and Personal Service Workers,43,431,4312,exact,100.0,matched_exact,3
SIT20322,Certificate II In Hospitality,Fast Food Cook,4.0,qual_by_occ,851111,Fast Food Cook,8,Labourers,85,851,8511,exact,100.0,matched_exact,4
SIT20322,Certificate II In Hospitality,Flight Attendant,4.0,qual_by_occ,451711,Flight Attendant,4,Community and Personal Service Workers,45,451,4517,exact,100.0,matched_exact,5
SIT20322,Certificate II In Hospitality,Sales Assistant (General),4.0,qual_by_occ,621111,Sales Assistant (General),6,Sales Workers,62,621,6211,exact,100.0,matched_exact,6
SIT20322,Certificate II In Hospitality,Bar Attendant,3.0,qual_by_occ,431111,Bar Attendant,4,Community and Personal Service Workers,43,431,4311,exact,100.0,matched_exact,7
SIT20322,Certificate II In Hospitality,Commercial Cleaner,3.0,qual_by_occ,811211,Commercial Cleaner,8,Labourers,81,811,8112,exact,100.0,matched_exact,8
SIT20322,Certificate II In Hospitality,Kitchenhand,3.0,qual_by_occ,851311,Kitchenhand,8,Labourers,85,851,8513,exact,100.0,matched_exact,9
SIT20421,Certificate II In Cookery,Unknown,22.0,qual_by_occ,,,,,,,,,,unknown_occupation,1
SIT20421,Certificate II In Cookery,Chef,11.0,qual_by_occ,351311,Chef,3,Technicians and Trades Workers,35,351,3513,exact,100.0,matched_exact,2
SIT20421,Certificate II In Cookery,Kitchenhand,8.0,qual_by_occ,851311,Kitchenhand,8,Labourers,85,851,8513,exact,100.0,matched_exact,3
SIT30222,Certificate III In Travel,Travel Consultant,12.0,qual_by_occ,451612,Travel Consultant,4,Community and Personal Service Workers,45,451,4516,exact,100.0,matched_exact,1
SIT30622,Certificate III In Hospitality,Unknown,12.0,qual_by_occ,,,,,,,,,,unknown_occupation,1
SIT30622,Certificate III In Hospitality,Waiter,11.0,qual_by_occ,431511,Waiter,4,Community and Personal Service Workers,43,431,4315,exact,100.0,matched_exact,2
SIT30622,Certificate III In Hospitality,Bar Attendant,6.0,qual_by_occ,431111,Bar Attendant,4,Community and Personal Service Workers,43,431,4311,exact,100.0,matched_exact,3
SIT30622,Certificate III In Hospitality,Sales Assistant (General),6.0,qual_by_occ,621111,Sales Assistant (General),6,Sales Workers,62,621,6211,exact,100.0,matched_exact,4
SIT30622,Certificate III In Hospitality,Fast Food Cook,5.0,qual_by_occ,851111,Fast Food Cook,8,Labourers,85,851,8511,exact,100.0,matched_exact,5
SIT30622,Certificate III In Hospitality,Hospitality Workers NEC,5.0,qual_by_occ,431999,Hospitality Workers nec,4,Community and Personal Service Workers,43,431,4319,exact,100.0,matched_exact,6
SIT30622,Certificate III In Hospitality,Kitchenhand,5.0,qual_by_occ,851311,Kitchenhand,8,Labourers,85,851,8513,exact,100.0,matched_exact,7
SIT30622,Certificate III In Hospitality,Cafe Worker,4.0,qual_by_occ,431211,Cafe Worker,4,Community and Personal Service Workers,43,431,4312,exact,100.0,matched_exact,8
SIT30622,Certificate III In Hospitality,Barista,3.0,qual_by_occ,431112,Barista,4,Community and Personal Service Workers,43,431,4311,exact,100.0,matched_exact,9
SIT30622,Certificate III In Hospitality,Chef,2.0,qual_by_occ,351311,Chef,3,Technicians and Trades Workers,35,351,3513,exact,100.0,matched_exact,10
SIT30622,Certificate III In Hospitality,Commercial Cleaner,2.0,qual_by_occ,811211,Commercial Cleaner,8,Labourers,81,811,8112,exact,100.0,matched_exact,11
SIT30622,Certificate III In Hospitality,Cook,2.0,qual_by_occ,351411,Cook,3,Technicians and Trades Workers,35,351,3514,exact,100.0,matched_exact,12
SIT30622,Certificate III In Hospitality,Office Cashier,2.0,qual_by_occ,631112,Office Cashier,6,Sales Workers,63,631,6311,exact,100.0,matched_exact,13
SIT30622,Certificate III In Hospitality,Aged Or Disabled Carer,1.0,qual_by_occ,423111,Aged or Disabled Carer,4,Community and Personal Service Workers,42,423,4231,exact,100.0,matched_exact,14
SIT30622,Certificate III In Hospitality,Cafe Or Restaurant Manager,1.0,qual_by_occ,141111,Cafe or Restaurant Manager,1,Managers,14,141,1411,exact,100.0,matched_exact,15
SIT30622,Certificate III In Hospitality,Checkout Operator,1.0,qual_by_occ,631111,Checkout Operator,6,Sales Workers,63,631,6311,exact,100.0,matched_exact,16
SIT30622,Certificate III In Hospitality,General Clerk,1.0,qual_by_occ,531111,General Clerk,5,Clerical and Administrative Workers,53,531,5311,exact,100.0,matched_exact,17
SIT30622,Certificate III In Hospitality,Hospitality Workers NFD,1.0,qual_by_occ,,,,,,,,,,not_further_defined,18
SIT30622,Certificate III In Hospitality,Office Manager,1.0,qual_by_occ,512111,Office Manager,5,Clerical and Administrative Workers,51,512,5121,exact,100.0,matched_exact,19
SIT30622,Certificate III In Hospitality,Retail Manager (General),1.0,qual_by_occ,142111,Retail Manager (General),1,Managers,14,142,1421,exact,100.0,matched_exact,20
SIT30622,Certificate III In Hospitality,Sales Assistants And Salespersons NEC,1.0,qual_by_occ,621999,Sales Assistants and Salespersons nec,6,Sales Workers,62,621,6219,exact,100.0,matched_exact,21
SIT30622,Certificate III In Hospitality,Storeperson,1.0,qual_by_occ,741111,Storeperson,7,Machinery Operators and Drivers,74,741,7411,exact,100.0,matched_exact,22
SIT30821,Certificate III In Commercial Cookery,Chef,55.0,qual_by_occ,351311,Chef,3,Technicians and Trades Workers,35,351,3513,exact,100.0,matched_exact,1
SIT30821,Certificate III In Commercial Cookery,Cook,9.0,qual_by_occ,351411,Cook,3,Technicians and Trades Workers,35,351,3514,exact,100.0,matched_exact,2
SIT30821,Certificate III In Commercial Cookery,Unknown,6.0,qual_by_occ,,,,,,,,,,unknown_occupation,3
SIT30821,Certificate III In Commercial Cookery,Kitchenhand,4.0,qual_by_occ,851311,Kitchenhand,8,Labourers,85,851,8513,exact,100.0,matched_exact,4
SIT30821,Certificate III In Commercial Cookery,Cafe Or Restaurant Manager,2.0,qual_by_occ,141111,Cafe or Restaurant Manager,1,Managers,14,141,1411,exact,100.0,matched_exact,5
SIT30821,Certificate III In Commercial Cookery,Defence Force Member - Other Ranks,2.0,qual_by_occ,441111,Defence Force Member - Other Ranks,4,Community and Personal Service Workers,44,441,4411,exact,100.0,matched_exact,6
SIT31021,Certificate III In Patisserie,Chef,16.0,qual_by_occ,351311,Chef,3,Technicians and Trades Workers,35,351,3513,exact,100.0,matched_exact,1
SIT40122,Certificate IV In Travel And Tourism,Travel Consultant,32.0,qual_by_occ,451612,Travel Consultant,4,Community and Personal Service Workers,45,451,4516,exact,100.0,matched_exact,1
SIT40422,Certificate IV In Hospitality,Bar Attendant,12.0,qual_by_occ,431111,Bar Attendant,4,Community and Personal Service Workers,43,431,4311,exact,100.0,matched_exact,1
SIT40422,Certificate IV In Hospitality,Waiter,10.0,qual_by_occ,431511,Waiter,4,Community and Personal Service Workers,43,431,4315,exact,100.0,matched_exact,2
SIT40422,Certificate IV In Hospitality,Unknown,8.0,qual_by_occ,,,,,,,,,,unknown_occupation,3
SIT40422,Certificate IV In Hospitality,Cafe Or Restaurant Manager,7.0,qual_by_occ,141111,Cafe or Restaurant Manager,1,Managers,14,141,1411,exact,100.0,matched_exact,4
SIT40422,Certificate IV In Hospitality,Cafe Worker,5.0,qual_by_occ,431211,Cafe Worker,4,Community and Personal Service Workers,43,431,4312,exact,100.0,matched_exact,5
SIT40422,Certificate IV In Hospitality,Kitchenhand,5.0,qual_by_occ,851311,Kitchenhand,8,Labourers,85,851,8513,exact,100.0,matched_exact,6
SIT40422,Certificate IV In Hospitality,Chef,4.0,qual_by_occ,351311,Chef,3,Technicians and Trades Workers,35,351,3513,exact,100.0,matched_exact,7
SIT40422,Certificate IV In Hospitality,Hospitality Workers NEC,4.0,qual_by_occ,431999,Hospitality Workers nec,4,Community and Personal Service Workers,43,431,4319,exact,100.0,matched_exact,8
SIT40422,Certificate IV In Hospitality,Sales Assistant (General),4.0,qual_by_occ,621111,Sales Assistant (General),6,Sales Workers,62,621,6211,exact,100.0,matched_exact,9
SIT40422,Certificate IV In Hospitality,Barista,3.0,qual_by_occ,431112,Barista,4,Community and Personal Service Workers,43,431,4311,exact,100.0,matched_exact,10
SIT40422,Certificate IV In Hospitality,Hotel Or Motel Manager,3.0,qual_by_occ,141311,Hotel or Motel Manager,1,Managers,14,141,1413,exact,100.0,matched_exact,11
SIT40521,Certificate IV In Kitchen Management,Chef,63.0,qual_by_occ,351311,Chef,3,Technicians and Trades Workers,35,351,3513,exact,100.0,matched_exact,1
SIT40521,Certificate IV In Kitchen Management,Cook,8.0,qual_by_occ,351411,Cook,3,Technicians and Trades Workers,35,351,3514,exact,100.0,matched_exact,2
SIT40521,Certificate IV In Kitchen Management,Unknown,5.0,qual_by_occ,,,,,,,,,,unknown_occupation,3
SIT40521,Certificate IV In Kitchen Management,Kitchenhand,3.0,qual_by_occ,851311,Kitchenhand,8,Labourers,85,851,8513,exact,100.0,matched_exact,4
SIT40721,Certificate IV In Patisserie,Chef,25.0,qual_by_occ,351311,Chef,3,Technicians and Trades Workers,35,351,3513,exact,100.0,matched_exact,1
SIT50322,Diploma Of Event Management,Conference And Event Organiser,14.0,qual_by_occ,149311,Conference and Event Organiser,1,Managers,14,149,1493,exact,100.0,matched_exact,1
SIT50422,Diploma Of Hospitality Management,Chef,23.0,qual_by_occ,351311,Chef,3,Technicians and Trades Workers,35,351,3513,exact,100.0,matched_exact,1
SIT50422,Diploma Of Hospitality Management,Cafe Or Restaurant Manager,12.0,qual_by_occ,141111,Cafe or Restaurant Manager,1,Managers,14,141,1411,exact,100.0,matched_exact,2
SIT50422,Diploma Of Hospitality Management,Unknown,8.0,qual_by_occ,,,,,,,,,,unknown_occupation,3
SIT50422,Diploma Of Hospitality Management,Waiter,6.0,qual_by_occ,431511,Waiter,4,Community and Personal Service Workers,43,431,4315,exact,100.0,matched_exact,4
SIT50422,Diploma Of Hospitality Management,Bar Attendant,4.0,qual_by_occ,431111,Bar Attendant,4,Community and Personal Service Workers,43,431,4311,exact,100.0,matched_exact,5
SIT50422,Diploma Of Hospitality Management,Cook,3.0,qual_by_occ,351411,Cook,3,Technicians and Trades Workers,35,351,3514,exact,100.0,matched_exact,6
SIT60322,Advanced Diploma Of Hospitality Management,Chef,24.0,qual_by_occ,351311,Chef,3,Technicians and Trades Workers,35,351,3513,exact,100.0,matched_exact,1
TAE40122,Certificate IV In Training And Assessment,Secondary School Teacher,10.0,qual_by_occ,241411,Secondary School Teacher,2,Professionals,24,241,2414,exact,100.0,matched_exact,1
TAE40122,Certificate IV In Training And Assessment,Unknown,8.0,qual_by_occ,,,,,,,,,,unknown_occupation,2
TAE40122,Certificate IV In Training And Assessment,Vocational Education Teacher,7.0,qual_by_occ,242211,Vocational Education Teacher,2,Professionals,24,242,2422,exact,100.0,matched_exact,3
TAE40122,Certificate IV In Training And Assessment,Training And Development Professional,3.0,qual_by_occ,223311,Training and Development Professional,2,Professionals,22,223,2233,exact,100.0,matched_exact,4
TAE40122,Certificate IV In Training And Assessment,Child Care Worker,2.0,qual_by_occ,421111,Child Care Worker,4,Community and Personal Service Workers,42,421,4211,exact,100.0,matched_exact,5
TAE40122,Certificate IV In Training And Assessment,Corporate General Manager,2.0,qual_by_occ,111211,Corporate General Manager,1,Managers,11,111,1112,exact,100.0,matched_exact,6
TAE40122,Certificate IV In Training And Assessment,Fire Fighter,2.0,qual_by_occ,441212,Fire Fighter,4,Community and Personal Service Workers,44,441,4412,exact,100.0,matched_exact,7
TAE40122,Certificate IV In Training And Assessment,Registered Nurses NEC,2.0,qual_by_occ,254499,Registered Nurses nec,2,Professionals,25,254,2544,exact,100.0,matched_exact,8
TAE40122,Certificate IV In Training And Assessment,Aged Or Disabled Carer,1.0,qual_by_occ,423111,Aged or Disabled Carer,4,Community and Personal Service Workers,42,423,4231,exact,100.0,matched_exact,9
TAE40122,Certificate IV In Training And Assessment,Ambulance Officer,1.0,qual_by_occ,411111,Ambulance Officer,4,Community and Personal Service Workers,41,411,4111,exact,100.0,matched_exact,10
TAE40122,Certificate IV In Training And Assessment,Chef,1.0,qual_by_occ,351311,Chef,3,Technicians and Trades Workers,35,351,3513,exact,100.0,matched_exact,11
TAE40122,Certificate IV In Training And Assessment,Chief Executive Or Managing Director,1.0,qual_by_occ,111111,Chief Executive or Managing Director,1,Managers,11,111,1111,exact,100.0,matched_exact,12
TAE40122,Certificate IV In Training And Assessment,Community Worker,1.0,qual_by_occ,411711,Community Worker,4,Community and Personal Service Workers,41,411,4117,exact,100.0,matched_exact,13
TAE40122,Certificate IV In Training And Assessment,Customer Service Manager,1.0,qual_by_occ,149212,Customer Service Manager,1,Managers,14,149,1492,exact,100.0,matched_exact,14
TAE40122,Certificate IV In Training And Assessment,Early Childhood (Pre-Primary School) Teacher,1.0,qual_by_occ,241111,Early Childhood (Pre-primary School) Teacher,2,Professionals,24,241,2411,exact,100.0,matched_exact,15
TAE40122,Certificate IV In Training And Assessment,Education Adviser,1.0,qual_by_occ,249111,Education Adviser,2,Professionals,24,249,2491,exact,100.0,matched_exact,16
TAE40122,Certificate IV In Training And Assessment,Electrician (General),1.0,qual_by_occ,341111,Electrician (General),3,Technicians and Trades Workers,34,341,3411,exact,100.0,matched_exact,17
TAE40122,Certificate IV In Training And Assessment,General Clerk,1.0,qual_by_occ,531111,General Clerk,5,Clerical and Administrative Workers,53,531,5311,exact,100.0,matched_exact,18
TAE40122,Certificate IV In Training And Assessment,Human Resource Adviser,1.0,qual_by_occ,223111,Human Resource Adviser,2,Professionals,22,223,2231,exact,100.0,matched_exact,19
TAE40122,Certificate IV In Training And Assessment,Miner,1.0,qual_by_occ,712212,Miner,7,Machinery Operators and Drivers,71,712,7122,exact,100.0,matched_exact,20
TAE40122,Certificate IV In Training And Assessment,Nurse Educator,1.0,qual_by_occ,254211,Nurse Educator,2,Professionals,25,254,2542,exact,100.0,matched_exact,21
TAE40122,Certificate IV In Training And Assessment,Occupational Health And Safety Adviser,1.0,qual_by_occ,251312,Occupational Health and Safety Adviser,2,Professionals,25,251,2513,exact,100.0,matched_exact,22
TAE40122,Certificate IV In Training And Assessment,Office Manager,1.0,qual_by_occ,512111,Office Manager,5,Clerical and Administrative Workers,51,512,5121,exact,100.0,matched_exact,23
TAE40122,Certificate IV In Training And Assessment,Police Officer,1.0,qual_by_occ,441312,Police Officer,4,Community and Personal Service Workers,44,441,4413,exact,100.0,matched_exact,24
TAE40122,Certificate IV In Training And Assessment,Primary School Teacher,1.0,qual_by_occ,241213,Primary School Teacher,2,Professionals,24,241,2412,exact,100.0,matched_exact,25
TAE40122,Certificate IV In Training And Assessment,Private Tutors And Teachers NEC,1.0,qual_by_occ,249299,Private Tutors and Teachers nec,2,Professionals,24,249,2492,exact,100.0,matched_exact,26
TAE40122,Certificate IV In Training And Assessment,Program Or Project Administrator,1.0,qual_by_occ,511112,Program or Project Administrator,5,Clerical and Administrative Workers,51,511,5111,exact,100.0,matched_exact,27
TAE40122,Certificate IV In Training And Assessment,Registered Nurse (Aged Care),1.0,qual_by_occ,254412,Registered Nurse (Aged Care),2,Professionals,25,254,2544,exact,100.0,matched_exact,28
TAE40122,Certificate IV In Training And Assessment,Registered Nurse (Community Health),1.0,qual_by_occ,254414,Registered Nurse (Community Health),2,Professionals,25,254,2544,exact,100.0,matched_exact,29
TAE40122,Certificate IV In Training And Assessment,Registered Nurse (Critical Care And Emergency),1.0,qual_by_occ,254415,Registered Nurse (Critical Care and Emergency),2,Professionals,25,254,2544,exact,100.0,matched_exact,30
TAE40122,Certificate IV In Training And Assessment,Registered Nurse (Medical),1.0,qual_by_occ,254418,Registered Nurse (Medical),2,Professionals,25,254,2544,exact,100.0,matched_exact,31
TAE40122,Certificate IV In Training And Assessment,Safety Inspector,1.0,qual_by_occ,312611,Safety Inspector,3,Technicians and Trades Workers,31,312,3126,exact,100.0,matched_exact,32
TAE40122,Certificate IV In Training And Assessment,Sales And Marketing Manager,1.0,qual_by_occ,131112,Sales and Marketing Manager,1,Managers,13,131,1311,exact,100.0,matched_exact,33
TAE40122,Certificate IV In Training And Assessment,School Teachers NFD,1.0,qual_by_occ,,,,,,,,,,not_further_defined,34
TAE40122,Certificate IV In Training And Assessment,Social Worker,1.0,qual_by_occ,272511,Social Worker,2,Professionals,27,272,2725,exact,100.0,matched_exact,35
TAE40122,Certificate IV In Training And Assessment,Special Needs Teacher,1.0,qual_by_occ,241511,Special Needs Teacher,2,Professionals,24,241,2415,exact,100.0,matched_exact,36
TAE40122,Certificate IV In Training And Assessment,Train Driver,1.0,qual_by_occ,731311,Train Driver,7,Machinery Operators and Drivers,73,731,7313,exact,100.0,matched_exact,37
TAE40122,Certificate IV In Training And Assessment,Truck Driver (General),1.0,qual_by_occ,733111,Truck Driver (General),7,Machinery Operators and Drivers,73,733,7331,exact,100.0,matched_exact,38
TAE40122,Certificate IV In Training And Assessment,University Lecturer,1.0,qual_by_occ,242111,University Lecturer,2,Professionals,24,242,2421,exact,100.0,matched_exact,39
TAE40122,Certificate IV In Training And Assessment,Accountant (General),0.0,qual_by_occ,221111,Accountant (General),2,Professionals,22,221,2211,exact,100.0,matched_exact,40
TAE40122,Certificate IV In Training And Assessment,Aeroplane Pilot,0.0,qual_by_occ,231111,Aeroplane Pilot,2,Professionals,23,231,2311,exact,100.0,matched_exact,41
TAE40122,Certificate IV In Training And Assessment,Beauty Therapist,0.0,qual_by_occ,451111,Beauty Therapist,4,Community and Personal Service Workers,45,451,4511,exact,100.0,matched_exact,42
TAE40122,Certificate IV In Training And Assessment,Bus Driver,0.0,qual_by_occ,731211,Bus Driver,7,Machinery Operators and Drivers,73,731,7312,exact,100.0,matched_exact,43
TAE40122,Certificate IV In Training And Assessment,Cafe Or Restaurant Manager,0.0,qual_by_occ,141111,Cafe or Restaurant Manager,1,Managers,14,141,1411,exact,100.0,matched_exact,44
TAE40122,Certificate IV In Training And Assessment,Child Care Centre Manager,0.0,qual_by_occ,134111,Child Care Centre Manager,1,Managers,13,134,1341,exact,100.0,matched_exact,45
TAE40122,Certificate IV In Training And Assessment,Construction Project Manager,0.0,qual_by_occ,133111,Construction Project Manager,1,Managers,13,133,1331,exact,100.0,matched_exact,46
TAE40122,Certificate IV In Training And Assessment,Diesel Motor Mechanic,0.0,qual_by_occ,321212,Diesel Motor Mechanic,3,Technicians and Trades Workers,32,321,3212,exact,100.0,matched_exact,47
TAE40122,Certificate IV In Training And Assessment,Disabilities Services Officer,0.0,qual_by_occ,411712,Disabilities Services Officer,4,Community and Personal Service Workers,41,411,4117,exact,100.0,matched_exact,48
TAE40122,Certificate IV In Training And Assessment,Earthmoving Plant Operator (General),0.0,qual_by_occ,721211,Earthmoving Plant Operator (General),7,Machinery Operators and Drivers,72,721,7212,exact,100.0,matched_exact,49
TAE40122,Certificate IV In Training And Assessment,Emergency Service Worker,0.0,qual_by_occ,441211,Emergency Service Worker,4,Community and Personal Service Workers,44,441,4412,exact,100.0,matched_exact,50
TAE40122,Certificate IV In Training And Assessment,First Aid Trainer,0.0,qual_by_occ,451815,First Aid Trainer,4,Community and Personal Service Workers,45,451,4518,exact,100.0,matched_exact,51
TAE40122,Certificate IV In Training And Assessment,Hairdresser,0.0,qual_by_occ,391111,Hairdresser,3,Technicians and Trades Workers,39,391,3911,exact,100.0,matched_exact,52
TAE40122,Certificate IV In Training And Assessment,Human Resource Manager,0.0,qual_by_occ,132311,Human Resource Manager,1,Managers,13,132,1323,exact,100.0,matched_exact,53
TAE40122,Certificate IV In Training And Assessment,ICT Trainer,0.0,qual_by_occ,223211,ICT Trainer,2,Professionals,22,223,2232,exact,100.0,matched_exact,54
TAE40122,Certificate IV In Training And Assessment,Management Consultant,0.0,qual_by_occ,224711,Management Consultant,2,Professionals,22,224,2247,exact,100.0,matched_exact,55
TAE40122,Certificate IV In Training And Assessment,Marketing Specialist,0.0,qual_by_occ,225113,Marketing Specialist,2,Professionals,22,225,2251,exact,100.0,matched_exact,56
TAE40122,Certificate IV In Training And Assessment,Metal Fabricator,0.0,qual_by_occ,322311,Metal Fabricator,3,Technicians and Trades Workers,32,322,3223,exact,100.0,matched_exact,57
TAE40122,Certificate IV In Training And Assessment,Middle School Teacher,0.0,qual_by_occ,241311,Middle School Teacher,2,Professionals,24,241,2413,exact,100.0,matched_exact,58
TAE40122,Certificate IV In Training And Assessment,Midwife,0.0,qual_by_occ,254111,Midwife,2,Professionals,25,254,2541,exact,100.0,matched_exact,59
TAE40122,Certificate IV In Training And Assessment,Mine Deputy,0.0,qual_by_occ,312913,Mine Deputy,3,Technicians and Trades Workers,31,312,3129,exact,100.0,matched_exact,60
TAE40122,Certificate IV In Training And Assessment,Mining Support Worker,0.0,qual_by_occ,821914,Mining Support Worker,8,Labourers,82,821,8219,exact,100.0,matched_exact,61
TAE40122,Certificate IV In Training And Assessment,Motor Mechanic (General),0.0,qual_by_occ,321211,Motor Mechanic (General),3,Technicians and Trades Workers,32,321,3212,exact,100.0,matched_exact,62
TAE40122,Certificate IV In Training And Assessment,Nurse Practitioner,0.0,qual_by_occ,254411,Nurse Practitioner,2,Professionals,25,254,2544,exact,100.0,matched_exact,63
TAE40122,Certificate IV In Training And Assessment,Plumber (General),0.0,qual_by_occ,334111,Plumber (General),3,Technicians and Trades Workers,33,334,3341,exact,100.0,matched_exact,64
TAE40122,Certificate IV In Training And Assessment,Policy And Planning Manager,0.0,qual_by_occ,132411,Policy and Planning Manager,1,Managers,13,132,1324,exact,100.0,matched_exact,65
TAE40122,Certificate IV In Training And Assessment,Practice Managers NEC,0.0,qual_by_occ,512299,Practice Managers nec,5,Clerical and Administrative Workers,51,512,5122,exact,100.0,matched_exact,66
TAE40122,Certificate IV In Training And Assessment,Prison Officer,0.0,qual_by_occ,442111,Prison Officer,4,Community and Personal Service Workers,44,442,4421,exact,100.0,matched_exact,67
TAE40122,Certificate IV In Training And Assessment,Quality Assurance Manager,0.0,qual_by_occ,139914,Quality Assurance Manager,1,Managers,13,139,1399,exact,100.0,matched_exact,68
TAE40122,Certificate IV In Training And Assessment,Recruitment Consultant,0.0,qual_by_occ,223112,Recruitment Consultant,2,Professionals,22,223,2231,exact,100.0,matched_exact,69
TAE40122,Certificate IV In Training And Assessment,Regional Education Manager,0.0,qual_by_occ,134412,Regional Education Manager,1,Managers,13,134,1344,exact,100.0,matched_exact,70
TAE40122,Certificate IV In Training And Assessment,Registered Nurse (Mental Health),0.0,qual_by_occ,254422,Registered Nurse (Mental Health),2,Professionals,25,254,2544,exact,100.0,matched_exact,71
TAE40122,Certificate IV In Training And Assessment,Sales Assistant (General),0.0,qual_by_occ,621111,Sales Assistant (General),6,Sales Workers,62,621,6211,exact,100.0,matched_exact,72
TAE40122,Certificate IV In Training And Assessment,Sales Representatives NEC,0.0,qual_by_occ,611399,Sales Representatives nec,6,Sales Workers,61,611,6113,exact,100.0,matched_exact,73
TAE40122,Certificate IV In Training And Assessment,Security Officer,0.0,qual_by_occ,442217,Security Officer,4,Community and Personal Service Workers,44,442,4422,exact,100.0,matched_exact,74
TAE40122,Certificate IV In Training And Assessment,Teacher Of English To Speakers Of Other Languages,0.0,qual_by_occ,249311,Teacher of English to Speakers of Other Languages,2,Professionals,24,249,2493,exact,100.0,matched_exact,75
TAE40122,Certificate IV In Training And Assessment,Teachers' Aide,0.0,qual_by_occ,422116,Teachers' Aide,4,Community and Personal Service Workers,42,422,4221,exact,100.0,matched_exact,76
TAE40122,Certificate IV In Training And Assessment,University Tutor,0.0,qual_by_occ,242112,University Tutor,2,Professionals,24,242,2421,exact,100.0,matched_exact,77
TAE40122,Certificate IV In Training And Assessment,Veterinary Nurse,0.0,qual_by_occ,361311,Veterinary Nurse,3,Technicians and Trades Workers,36,361,3613,exact,100.0,matched_exact,78
TAE40122,Certificate IV In Training And Assessment,Youth Worker,0.0,qual_by_occ,411716,Youth Worker,4,Community and Personal Service Workers,41,411,4117,exact,100.0,matched_exact,79
TAE50122,Diploma Of Vocational Education And Training,Vocational Education Teacher,31.0,qual_by_occ,242211,Vocational Education Teacher,2,Professionals,24,242,2422,exact,100.0,matched_exact,1
TAE50122,Diploma Of Vocational Education And Training,Training And Development Professional,8.0,qual_by_occ,223311,Training and Development Professional,2,Professionals,22,223,2233,exact,100.0,matched_exact,2
TAE50122,Diploma Of Vocational Education And Training,Unknown,8.0,qual_by_occ,,,,,,,,,,unknown_occupation,3
TLI20421,Certificate II In Supply Chain Operations,Unknown,22.0,qual_by_occ,,,,,,,,,,unknown_occupation,1
TLI20421,Certificate II In Supply Chain Operations,Storeperson,17.0,qual_by_occ,741111,Storeperson,7,Machinery Operators and Drivers,74,741,7411,exact,100.0,matched_exact,2
TLI27121,Certificate II In Rail Infrastructure,Railway Track Worker,25.0,qual_by_occ,821611,Railway Track Worker,8,Labourers,82,821,8216,exact,100.0,matched_exact,1
TLI27121,Certificate II In Rail Infrastructure,Unknown,9.0,qual_by_occ,,,,,,,,,,unknown_occupation,2
TLI30321,Certificate III In Supply Chain Operations,Storeperson,21.0,qual_by_occ,741111,Storeperson,7,Machinery Operators and Drivers,74,741,7411,exact,100.0,matched_exact,1
TLI30321,Certificate III In Supply Chain Operations,Unknown,14.0,qual_by_occ,,,,,,,,,,unknown_occupation,2
TLI30321,Certificate III In Supply Chain Operations,Forklift Driver,4.0,qual_by_occ,721311,Forklift Driver,7,Machinery Operators and Drivers,72,721,7213,exact,100.0,matched_exact,3
TLI30321,Certificate III In Supply Chain Operations,Labourers NEC,3.0,qual_by_occ,899999,Labourers nec,8,Labourers,89,899,8999,exact,100.0,matched_exact,4
TLI30321,Certificate III In Supply Chain Operations,Delivery Driver,2.0,qual_by_occ,732111,Delivery Driver,7,Machinery Operators and Drivers,73,732,7321,exact,100.0,matched_exact,5
TLI30321,Certificate III In Supply Chain Operations,Factory Process Workers NEC,2.0,qual_by_occ,839999,Factory Process Workers nec,8,Labourers,83,839,8399,exact,100.0,matched_exact,6
TLI30321,Certificate III In Supply Chain Operations,Packers NEC,2.0,qual_by_occ,832199,Packers nec,8,Labourers,83,832,8321,exact,100.0,matched_exact,7
TLI30321,Certificate III In Supply Chain Operations,Sales Assistant (General),2.0,qual_by_occ,621111,Sales Assistant (General),6,Sales Workers,62,621,6211,exact,100.0,matched_exact,8
TLI30321,Certificate III In Supply Chain Operations,Truck Driver (General),2.0,qual_by_occ,733111,Truck Driver (General),7,Machinery Operators and Drivers,73,733,7331,exact,100.0,matched_exact,9
TLI30321,Certificate III In Supply Chain Operations,Warehouse Administrator,2.0,qual_by_occ,591116,Warehouse Administrator,5,Clerical and Administrative Workers,59,591,5911,exact,100.0,matched_exact,10
TLI30321,Certificate III In Supply Chain Operations,Builder's Labourer,1.0,qual_by_occ,821111,Builder's Labourer,8,Labourers,82,821,8211,exact,100.0,matched_exact,11
TLI30321,Certificate III In Supply Chain Operations,Commercial Cleaner,1.0,qual_by_occ,811211,Commercial Cleaner,8,Labourers,81,811,8112,exact,100.0,matched_exact,12
TLI30321,Certificate III In Supply Chain Operations,General Clerk,1.0,qual_by_occ,531111,General Clerk,5,Clerical and Administrative Workers,53,531,5311,exact,100.0,matched_exact,13
TLI30321,Certificate III In Supply Chain Operations,Product Assembler,1.0,qual_by_occ,832211,Product Assembler,8,Labourers,83,832,8322,exact,100.0,matched_exact,14
TLI30321,Certificate III In Supply Chain Operations,Road Traffic Controller,1.0,qual_by_occ,899923,Road Traffic Controller,8,Labourers,89,899,8999,exact,100.0,matched_exact,15
TLI31222,Certificate III In Driving Operations,Bus Driver,51.0,qual_by_occ,731211,Bus Driver,7,Machinery Operators and Drivers,73,731,7312,exact,100.0,matched_exact,1
TLI31222,Certificate III In Driving Operations,Truck Driver (General),19.0,qual_by_occ,733111,Truck Driver (General),7,Machinery Operators and Drivers,73,733,7331,exact,100.0,matched_exact,2
TLI31222,Certificate III In Driving Operations,Unknown,7.0,qual_by_occ,,,,,,,,,,unknown_occupation,3
TLI31222,Certificate III In Driving Operations,Delivery Driver,3.0,qual_by_occ,732111,Delivery Driver,7,Machinery Operators and Drivers,73,732,7321,exact,100.0,matched_exact,4
TLI31222,Certificate III In Driving Operations,Transport Company Manager,2.0,qual_by_occ,149413,Transport Company Manager,1,Managers,14,149,1494,exact,100.0,matched_exact,5
TLI33122,Certificate III In Rail Customer Service,Railways Assistant,32.0,qual_by_occ,899917,Railways Assistant,8,Labourers,89,899,8999,exact,100.0,matched_exact,1
TLI40321,Certificate IV In Supply Chain Operations,Storeperson,32.0,qual_by_occ,741111,Storeperson,7,Machinery Operators and Drivers,74,741,7411,exact,100.0,matched_exact,1
TLI40321,Certificate IV In Supply Chain Operations,Warehouse Administrator,14.0,qual_by_occ,591116,Warehouse Administrator,5,Clerical and Administrative Workers,59,591,5911,exact,100.0,matched_exact,2
TLI41222,Certificate IV In Motor Vehicle Driver Training,Unknown,32.0,qual_by_occ,,,,,,,,,,unknown_occupation,1
TLI41222,Certificate IV In Motor Vehicle Driver Training,Driving Instructor,8.0,qual_by_occ,451211,Driving Instructor,4,Community and Personal Service Workers,45,451,4512,exact,100.0,matched_exact,2
TLI41222,Certificate IV In Motor Vehicle Driver Training,Truck Driver (General),5.0,qual_by_occ,733111,Truck Driver (General),7,Machinery Operators and Drivers,73,733,7331,exact,100.0,matched_exact,3
TLI42622,Certificate IV In Train Driving,Train Driver,63.0,qual_by_occ,731311,Train Driver,7,Machinery Operators and Drivers,73,731,7313,exact,100.0,matched_exact,1
TLI42622,Certificate IV In Train Driving,Unknown,6.0,qual_by_occ,,,,,,,,,,unknown_occupation,2
TLI42622,Certificate IV In Train Driving,Security Officer,5.0,qual_by_occ,442217,Security Officer,4,Community and Personal Service Workers,44,442,4422,exact,100.0,matched_exact,3
TLI42622,Certificate IV In Train Driving,Railway Track Worker,2.0,qual_by_occ,821611,Railway Track Worker,8,Labourers,82,821,8216,exact,100.0,matched_exact,4
UEE20120,Certificate II In Split Air Conditioning And Heat Pump Systems,Electrician (General),63.0,qual_by_occ,341111,Electrician (General),3,Technicians and Trades Workers,34,341,3411,exact,100.0,matched_exact,1
UEE20120,Certificate II In Split Air Conditioning And Heat Pump Systems,Unknown,19.0,qual_by_occ,,,,,,,,,,unknown_occupation,2
UEE22020,Certificate II In Electrotechnology (Career Start),Electrician (General),35.0,qual_by_occ,341111,Electrician (General),3,Technicians and Trades Workers,34,341,3411,exact,100.0,matched_exact,1
UEE22020,Certificate II In Electrotechnology (Career Start),Unknown,7.0,qual_by_occ,,,,,,,,,,unknown_occupation,2
UEE22020,Certificate II In Electrotechnology (Career Start),Sales Assistant (General),4.0,qual_by_occ,621111,Sales Assistant (General),6,Sales Workers,62,621,6211,exact,100.0,matched_exact,3
UEE22020,Certificate II In Electrotechnology (Career Start),Storeperson,3.0,qual_by_occ,741111,Storeperson,7,Machinery Operators and Drivers,74,741,7411,exact,100.0,matched_exact,4
UEE22020,Certificate II In Electrotechnology (Career Start),Airconditioning And Refrigeration Mechanic,2.0,qual_by_occ,342111,Airconditioning and Refrigeration Mechanic,3,Technicians and Trades Workers,34,342,3421,exact,100.0,matched_exact,5
UEE22020,Certificate II In Electrotechnology (Career Start),Builder's Labourer,2.0,qual_by_occ,821111,Builder's Labourer,8,Labourers,82,821,8211,exact,100.0,matched_exact,6
UEE22020,Certificate II In Electrotechnology (Career Start),Electrical Or Telecommunications Trades Assistant,2.0,qual_by_occ,899914,Electrical or Telecommunications Trades Assistant,8,Labourers,89,899,8999,exact,100.0,matched_exact,7
UEE22020,Certificate II In Electrotechnology (Career Start),Fast Food Cook,2.0,qual_by_occ,851111,Fast Food Cook,8,Labourers,85,851,8511,exact,100.0,matched_exact,8
UEE22020,Certificate II In Electrotechnology (Career Start),Labourers NEC,2.0,qual_by_occ,899999,Labourers nec,8,Labourers,89,899,8999,exact,100.0,matched_exact,9
UEE30820,Certificate III In Electrotechnology Electrician,Electrician (General),80.0,qual_by_occ,341111,Electrician (General),3,Technicians and Trades Workers,34,341,3411,exact,100.0,matched_exact,1
UEE30820,Certificate III In Electrotechnology Electrician,Unknown,8.0,qual_by_occ,,,,,,,,,,unknown_occupation,2
UEE30820,Certificate III In Electrotechnology Electrician,Airconditioning And Refrigeration Mechanic,1.0,qual_by_occ,342111,Airconditioning and Refrigeration Mechanic,3,Technicians and Trades Workers,34,342,3421,exact,100.0,matched_exact,3
UEE30820,Certificate III In Electrotechnology Electrician,Electrical Engineer,1.0,qual_by_occ,233311,Electrical Engineer,2,Professionals,23,233,2333,exact,100.0,matched_exact,4
UEE30820,Certificate III In Electrotechnology Electrician,Electrical Engineering Technician,1.0,qual_by_occ,312312,Electrical Engineering Technician,3,Technicians and Trades Workers,31,312,3123,exact,100.0,matched_exact,5
UEE30820,Certificate III In Electrotechnology Electrician,Electrical Or Telecommunications Trades Assistant,1.0,qual_by_occ,899914,Electrical or Telecommunications Trades Assistant,8,Labourers,89,899,8999,exact,100.0,matched_exact,6
UEE31220,Certificate III In Instrumentation And Control,Electrician (General),71.0,qual_by_occ,341111,Electrician (General),3,Technicians and Trades Workers,34,341,3411,exact,100.0,matched_exact,1
UEE32220,Certificate III In Air Conditioning And Refrigeration,Airconditioning And Refrigeration Mechanic,67.0,qual_by_occ,342111,Airconditioning and Refrigeration Mechanic,3,Technicians and Trades Workers,34,342,3421,exact,100.0,matched_exact,1
UEE32220,Certificate III In Air Conditioning And Refrigeration,Electrician (General),10.0,qual_by_occ,341111,Electrician (General),3,Technicians and Trades Workers,34,341,3411,exact,100.0,matched_exact,2
UEE32220,Certificate III In Air Conditioning And Refrigeration,Unknown,8.0,qual_by_occ,,,,,,,,,,unknown_occupation,3
UEE32220,Certificate III In Air Conditioning And Refrigeration,Airconditioning And Mechanical Services Plumber,3.0,qual_by_occ,334112,Airconditioning and Mechanical Services Plumber,3,Technicians and Trades Workers,33,334,3341,exact,100.0,matched_exact,4
UEE40420,Certificate IV In Electrical - Instrumentation,Electrician (General),83.0,qual_by_occ,341111,Electrician (General),3,Technicians and Trades Workers,34,341,3411,exact,100.0,matched_exact,1
UEE40420,Certificate IV In Electrical - Instrumentation,Unknown,6.0,qual_by_occ,,,,,,,,,,unknown_occupation,2
UEE42622,Certificate IV In Hazardous Areas - Electrical,Electrician (General),77.0,qual_by_occ,341111,Electrician (General),3,Technicians and Trades Workers,34,341,3411,exact,100.0,matched_exact,1
UET20321,Certificate II In Esi - Powerline Vegetation Control,Arborist,40.0,qual_by_occ,362212,Arborist,3,Technicians and Trades Workers,36,362,3622,exact,100.0,matched_exact,1
UET20321,Certificate II In Esi - Powerline Vegetation Control,Tree Faller,13.0,qual_by_occ,841313,Tree Faller,8,Labourers,84,841,8413,exact,100.0,matched_exact,2
UET20321,Certificate II In Esi - Powerline Vegetation Control,Unknown,10.0,qual_by_occ,,,,,,,,,,unknown_occupation,3
UET30621,Certificate III In Esi - Distribution Overhead,Electrical Linesworker,55.0,qual_by_occ,342211,Electrical Linesworker,3,Technicians and Trades Workers,34,342,3422,exact,100.0,matched_exact,1
UET30621,Certificate III In Esi - Distribution Overhead,Electrician (General),32.0,qual_by_occ,341111,Electrician (General),3,Technicians and Trades Workers,34,341,3411,exact,100.0,matched_exact,2
