state,aqf_level,foe,aqf_foe,pct_state_aqf,small_count_flag,pct_employed_prior,pct_employed_post,pptchange_employment,pct_employed_tot_prior,pct_employed_tot_post,pctpt_change_in_tot_employment,pct_employed_pt_prior,pct_employed_pt_post,pctpt_change_in_pt_employment,pct_employed_ft_prior,pct_employed_ft_post,pctpt_change_in_ft_employment,median_income,median_income_change,median_income_total,median_income_total_change,total_ft_median_income,total_ft_median_income_change,income_support_exit_rate,pct_higher_vet_progression,pct_any_vet_progression,pct_female,pct_disability,pct_apprentice_trainees,pct_first_nations,pct_no_yr12_no_cert_iii,pct_government_funded,median_completion_age_yrs,median_completion_time_days,pct_remote,pct_regional,pct_major_city,no_of_different_occupations,source_sheet,suppressed_value_count,has_suppressed_values,median_income_outlier_flag,median_income_change_outlier_flag,median_income_total_outlier_flag,median_income_total_change_outlier_flag,total_ft_median_income_outlier_flag,total_ft_median_income_change_outlier_flag
Nsw,Certificate I,"Agriculture, Environment And Related Studies","Certificate I, Agriculture, Environment And Related Studies",1.0,True,11.0,68.0,57.0,11.0,68.0,57.0,0.0,36.0,36.0,0.0,27.0,27.0,13000.0,0.0,13000.0,0.0,0.0,0.0,,66.0,72.0,38.0,0.0,0.0,9.0,100.0,100.0,15.0,242.0,0.0,90.0,10.0,,aqf_foe_state,2,True,False,False,False,False,False,False
Nsw,Certificate I,Architecture And Building,"Certificate I, Architecture And Building",42.0,False,75.0,73.0,-2.0,85.0,85.0,0.0,11.0,12.0,1.0,75.0,73.0,-2.0,78600.0,300.0,70000.0,-400.0,80000.0,200.0,47,8.0,9.0,19.0,0.0,0.0,2.0,94.0,2.0,44.0,9.0,1.0,26.0,74.0,11,aqf_foe_state,0,False,False,False,False,False,False,False
Nsw,Certificate I,Engineering And Related Technologies,"Certificate I, Engineering And Related Technologies",6.0,False,71.0,87.0,16.0,72.0,89.0,17.0,17.0,24.0,7.0,54.0,64.0,10.0,39800.0,5500.0,40000.0,6400.0,55800.0,5600.0,48,44.0,46.0,22.0,11.0,0.0,8.0,35.0,69.0,28.0,41.0,0.0,32.0,68.0,1,aqf_foe_state,0,False,False,False,False,False,False,False
Nsw,Certificate I,"Food, Hospitality And Personal Services","Certificate I, Food, Hospitality And Personal Services",5.0,False,17.0,72.0,55.0,17.0,72.0,55.0,8.0,52.0,44.0,9.0,21.0,12.0,7000.0,7500.0,7000.0,7500.0,5100.0,0.0,,55.0,56.0,72.0,1.0,0.0,0.0,98.0,100.0,15.0,229.0,0.0,4.0,96.0,2,aqf_foe_state,1,True,False,False,False,False,False,False
Nsw,Certificate I,Management And Commerce,"Certificate I, Management And Commerce",9.0,False,22.0,63.0,41.0,21.0,64.0,43.0,9.0,39.0,30.0,14.0,24.0,10.0,8400.0,5600.0,8400.0,6200.0,6200.0,3800.0,18,42.0,47.0,63.0,13.0,0.0,9.0,92.0,37.0,15.0,50.0,0.0,38.0,62.0,2,aqf_foe_state,0,False,False,False,False,False,False,False
Nsw,Certificate I,Mixed Field Programmes,"Certificate I, Mixed Field Programmes",29.0,False,20.0,43.0,23.0,22.0,46.0,24.0,13.0,25.0,12.0,10.0,20.0,10.0,16500.0,4700.0,17200.0,4800.0,29900.0,4800.0,16,59.0,66.0,61.0,24.0,0.0,9.0,51.0,77.0,35.0,265.0,0.0,27.0,72.0,3,aqf_foe_state,0,False,False,False,False,False,False,False
Vic,Certificate I,Engineering And Related Technologies,"Certificate I, Engineering And Related Technologies",4.0,True,78.0,73.0,-5.0,78.0,80.0,2.0,12.0,18.0,6.0,62.0,72.0,10.0,106700.0,19400.0,106200.0,19300.0,112100.0,23300.0,,35.0,35.0,33.0,8.0,0.0,0.0,30.0,27.0,42.0,172.0,0.0,50.0,47.0,,aqf_foe_state,2,True,False,False,False,False,False,False
Vic,Certificate I,Management And Commerce,"Certificate I, Management And Commerce",9.0,False,15.0,67.0,52.0,15.0,67.0,52.0,8.0,47.0,39.0,8.0,22.0,14.0,7400.0,0.0,7400.0,0.0,6200.0,0.0,,54.0,54.0,63.0,15.0,0.0,0.0,96.0,0.0,15.0,53.0,0.0,0.0,96.0,,aqf_foe_state,2,True,False,False,False,False,False,False
Vic,Certificate I,Mixed Field Programmes,"Certificate I, Mixed Field Programmes",84.0,False,23.0,41.0,18.0,24.0,43.0,19.0,11.0,27.0,16.0,13.0,16.0,3.0,8800.0,1000.0,9400.0,1100.0,8700.0,1000.0,10,55.0,68.0,54.0,51.0,0.0,3.0,56.0,86.0,22.0,302.0,0.0,19.0,81.0,1,aqf_foe_state,0,False,False,False,False,False,False,False
Qld,Certificate I,"Agriculture, Environment And Related Studies","Certificate I, Agriculture, Environment And Related Studies",18.0,False,58.0,88.0,30.0,59.0,88.0,29.0,26.0,32.0,6.0,34.0,56.0,22.0,30300.0,16300.0,30300.0,15100.0,36700.0,12200.0,51,45.0,48.0,35.0,20.0,95.0,23.0,38.0,99.0,23.0,117.0,4.0,48.0,48.0,1,aqf_foe_state,0,False,False,False,False,False,False,False
Qld,Certificate I,Architecture And Building,"Certificate I, Architecture And Building",38.0,False,47.0,85.0,38.0,49.0,85.0,36.0,16.0,24.0,8.0,33.0,61.0,28.0,31400.0,15600.0,32300.0,16200.0,40000.0,15900.0,47,47.0,49.0,17.0,14.0,59.0,24.0,45.0,86.0,21.0,123.0,3.0,40.0,56.0,3,aqf_foe_state,0,False,False,False,False,False,False,False
Qld,Certificate I,Engineering And Related Technologies,"Certificate I, Engineering And Related Technologies",11.0,False,70.0,68.0,-2.0,71.0,71.0,0.0,15.0,16.0,1.0,59.0,54.0,-5.0,69200.0,4900.0,62500.0,3800.0,90200.0,8700.0,,31.0,38.0,17.0,2.0,2.0,11.0,69.0,18.0,50.0,100.0,0.0,35.0,63.0,1,aqf_foe_state,1,True,False,False,False,False,False,False
Qld,Certificate I,"Food, Hospitality And Personal Services","Certificate I, Food, Hospitality And Personal Services",9.0,False,37.0,72.0,35.0,34.0,75.0,41.0,23.0,53.0,30.0,15.0,24.0,9.0,20300.0,10300.0,19800.0,9400.0,39400.0,0.0,27,50.0,53.0,59.0,22.0,83.0,21.0,51.0,91.0,21.0,127.0,0.0,35.0,62.0,,aqf_foe_state,1,True,False,False,False,False,False,False
Qld,Certificate I,Management And Commerce,"Certificate I, Management And Commerce",17.0,False,47.0,86.0,39.0,49.0,86.0,37.0,31.0,48.0,17.0,20.0,37.0,17.0,24500.0,13300.0,25400.0,14500.0,42200.0,23300.0,32,41.0,44.0,62.0,15.0,75.0,17.0,39.0,78.0,24.0,127.0,1.0,35.0,64.0,1,aqf_foe_state,0,False,False,False,False,False,False,False
Qld,Certificate I,Mixed Field Programmes,"Certificate I, Mixed Field Programmes",7.0,False,19.0,58.0,39.0,22.0,58.0,36.0,6.0,23.0,17.0,13.0,37.0,24.0,15500.0,0.0,16500.0,0.0,20500.0,0.0,,60.0,61.0,48.0,27.0,0.0,22.0,80.0,65.0,17.0,107.0,10.0,46.0,44.0,,aqf_foe_state,2,True,False,False,False,False,False,False
Sa,Certificate I,"Food, Hospitality And Personal Services","Certificate I, Food, Hospitality And Personal Services",21.0,False,8.0,78.0,70.0,8.0,78.0,70.0,7.0,44.0,37.0,0.0,37.0,37.0,5900.0,0.0,5900.0,0.0,5700.0,0.0,,54.0,56.0,44.0,0.0,0.0,0.0,96.0,8.0,15.0,166.0,0.0,12.0,88.0,1,aqf_foe_state,1,True,False,False,False,False,False,False
Sa,Certificate I,Management And Commerce,"Certificate I, Management And Commerce",38.0,False,19.0,66.0,47.0,19.0,66.0,47.0,6.0,44.0,38.0,10.0,26.0,16.0,15600.0,14700.0,15600.0,14700.0,13000.0,0.0,,39.0,39.0,50.0,10.0,0.0,3.0,97.0,0.0,16.0,40.0,0.0,12.0,88.0,1,aqf_foe_state,1,True,False,False,False,False,False,False
Sa,Certificate I,Mixed Field Programmes,"Certificate I, Mixed Field Programmes",31.0,False,16.0,58.0,42.0,13.0,57.0,44.0,8.0,32.0,24.0,7.0,22.0,15.0,28000.0,0.0,27700.0,0.0,45700.0,0.0,48,55.0,66.0,59.0,13.0,0.0,9.0,45.0,100.0,37.0,297.0,0.0,3.0,94.0,,aqf_foe_state,1,True,False,False,False,False,False,False
Wa,Certificate I,Engineering And Related Technologies,"Certificate I, Engineering And Related Technologies",12.0,False,71.0,92.0,21.0,72.0,92.0,20.0,17.0,12.0,-5.0,57.0,75.0,18.0,91500.0,8200.0,91500.0,8400.0,106600.0,8500.0,,42.0,52.0,14.0,24.0,10.0,8.0,63.0,54.0,27.0,40.0,20.0,15.0,65.0,,aqf_foe_state,2,True,False,False,False,False,False,False
Wa,Certificate I,Management And Commerce,"Certificate I, Management And Commerce",15.0,False,32.0,61.0,29.0,32.0,61.0,29.0,17.0,36.0,19.0,19.0,25.0,6.0,9300.0,500.0,9300.0,500.0,8000.0,0.0,0,65.0,68.0,47.0,40.0,0.0,3.0,87.0,41.0,16.0,114.0,11.0,9.0,75.0,1,aqf_foe_state,0,False,False,False,False,False,False,False
Wa,Certificate I,Mixed Field Programmes,"Certificate I, Mixed Field Programmes",65.0,False,30.0,60.0,30.0,32.0,62.0,30.0,17.0,35.0,18.0,14.0,28.0,14.0,11100.0,2300.0,11500.0,3800.0,17900.0,2400.0,19,54.0,62.0,63.0,27.0,0.0,18.0,76.0,93.0,24.0,143.0,9.0,22.0,69.0,1,aqf_foe_state,0,False,False,False,False,False,False,False
Tas,Certificate I,Engineering And Related Technologies,"Certificate I, Engineering And Related Technologies",50.0,False,88.0,93.0,5.0,90.0,94.0,4.0,11.0,10.0,-1.0,79.0,85.0,6.0,69700.0,14700.0,69700.0,13700.0,72800.0,11000.0,,40.0,40.0,8.0,0.0,0.0,11.0,27.0,90.0,29.0,28.0,8.0,87.0,4.0,,aqf_foe_state,2,True,False,False,False,False,False,False
Tas,Certificate I,Mixed Field Programmes,"Certificate I, Mixed Field Programmes",42.0,False,29.0,56.0,27.0,29.0,62.0,33.0,20.0,34.0,14.0,13.0,25.0,12.0,13500.0,0.0,15100.0,0.0,0.0,0.0,5,67.0,69.0,53.0,30.0,0.0,5.0,46.0,96.0,30.0,293.0,0.0,98.0,0.0,,aqf_foe_state,1,True,False,False,False,False,False,False
Nt,Certificate I,Engineering And Related Technologies,"Certificate I, Engineering And Related Technologies",44.0,True,79.0,81.0,2.0,79.0,81.0,2.0,13.0,13.0,0.0,69.0,73.0,4.0,61900.0,5100.0,62100.0,5100.0,69400.0,3600.0,,35.0,35.0,6.0,0.0,0.0,59.0,47.0,78.0,38.0,38.0,62.0,36.0,0.0,,aqf_foe_state,2,True,False,False,False,False,False,False
Nt,Certificate I,Management And Commerce,"Certificate I, Management And Commerce",37.0,True,51.0,71.0,20.0,51.0,71.0,20.0,22.0,44.0,22.0,30.0,27.0,-3.0,13300.0,7100.0,13300.0,7100.0,0.0,0.0,,18.0,26.0,55.0,8.0,0.0,70.0,78.0,22.0,25.0,29.0,49.0,44.0,0.0,,aqf_foe_state,2,True,False,False,False,False,False,False
Act,Certificate I,Architecture And Building,"Certificate I, Architecture And Building",56.0,False,66.0,89.0,23.0,72.0,91.0,19.0,18.0,15.0,-3.0,52.0,74.0,22.0,58600.0,12400.0,60800.0,12400.0,67700.0,11500.0,,27.0,27.0,28.0,0.0,0.0,0.0,33.0,0.0,32.0,1.0,0.0,4.0,94.0,,aqf_foe_state,2,True,False,False,False,False,False,False
Act,Certificate I,Management And Commerce,"Certificate I, Management And Commerce",38.0,True,36.0,64.0,28.0,36.0,64.0,28.0,18.0,43.0,25.0,16.0,26.0,10.0,11500.0,0.0,11500.0,0.0,0.0,0.0,,37.0,39.0,50.0,17.0,0.0,0.0,98.0,0.0,15.0,22.0,0.0,0.0,97.0,,aqf_foe_state,2,True,False,False,False,False,False,False
Nsw,Certificate II,"Agriculture, Environment And Related Studies","Certificate II, Agriculture, Environment And Related Studies",2.0,False,55.0,74.0,19.0,57.0,76.0,19.0,17.0,28.0,11.0,40.0,48.0,8.0,32400.0,7300.0,31600.0,7300.0,48200.0,7400.0,33,42.0,49.0,33.0,17.0,22.0,11.0,40.0,89.0,29.0,288.0,4.0,44.0,52.0,1,aqf_foe_state,0,False,False,False,False,False,False,False
Nsw,Certificate II,Architecture And Building,"Certificate II, Architecture And Building",3.0,False,46.0,81.0,35.0,46.0,82.0,36.0,12.0,21.0,9.0,33.0,60.0,27.0,25200.0,16700.0,25100.0,17200.0,28800.0,14600.0,39,37.0,49.0,9.0,18.0,5.0,26.0,66.0,96.0,18.0,108.0,9.0,35.0,56.0,2,aqf_foe_state,0,False,False,False,False,False,False,False
Nsw,Certificate II,Creative Arts,"Certificate II, Creative Arts",2.0,False,51.0,55.0,4.0,50.0,60.0,10.0,27.0,37.0,10.0,22.0,24.0,2.0,19200.0,-900.0,19400.0,-900.0,49500.0,-3100.0,22,49.0,60.0,77.0,30.0,0.0,34.0,35.0,96.0,37.0,141.0,0.0,26.0,71.0,1,aqf_foe_state,0,False,False,False,False,False,False,False
Nsw,Certificate II,Engineering And Related Technologies,"Certificate II, Engineering And Related Technologies",15.0,False,76.0,88.0,12.0,79.0,91.0,12.0,14.0,13.0,-1.0,65.0,78.0,13.0,57300.0,13000.0,56100.0,12600.0,66000.0,11300.0,65,37.0,43.0,12.0,8.0,7.0,6.0,27.0,67.0,29.0,134.0,1.0,34.0,65.0,11,aqf_foe_state,0,False,False,False,False,False,False,False
Nsw,Certificate II,"Food, Hospitality And Personal Services","Certificate II, Food, Hospitality And Personal Services",11.0,False,54.0,79.0,25.0,56.0,80.0,24.0,25.0,41.0,16.0,30.0,39.0,9.0,27500.0,6100.0,28100.0,6600.0,50400.0,4300.0,27,32.0,37.0,62.0,19.0,16.0,9.0,37.0,83.0,27.0,138.0,1.0,41.0,58.0,9,aqf_foe_state,0,False,False,False,False,False,False,False
Nsw,Certificate II,Health,"Certificate II, Health",11.0,False,69.0,87.0,18.0,70.0,88.0,18.0,38.0,48.0,10.0,32.0,40.0,8.0,29600.0,8300.0,29700.0,8400.0,47200.0,4500.0,47,54.0,57.0,76.0,18.0,0.0,6.0,28.0,72.0,21.0,141.0,0.0,28.0,71.0,7,aqf_foe_state,0,False,False,False,False,False,False,False
Nsw,Certificate II,Information Technology,"Certificate II, Information Technology",6.0,False,44.0,53.0,9.0,46.0,56.0,10.0,24.0,32.0,8.0,22.0,24.0,2.0,19900.0,100.0,20100.0,0.0,51100.0,0.0,23,33.0,45.0,56.0,28.0,0.0,5.0,36.0,97.0,46.0,137.0,0.0,35.0,65.0,2,aqf_foe_state,0,False,False,False,False,False,False,False
Nsw,Certificate II,Management And Commerce,"Certificate II, Management And Commerce",13.0,False,58.0,83.0,25.0,59.0,84.0,25.0,37.0,52.0,15.0,22.0,32.0,10.0,26100.0,10700.0,26800.0,11100.0,48000.0,7800.0,33,34.0,37.0,74.0,16.0,9.0,7.0,35.0,53.0,23.0,130.0,0.0,30.0,70.0,10,aqf_foe_state,0,False,False,False,False,False,False,False
Nsw,Certificate II,Mixed Field Programmes,"Certificate II, Mixed Field Programmes",15.0,False,25.0,57.0,32.0,27.0,59.0,32.0,12.0,33.0,21.0,14.0,26.0,12.0,14800.0,6400.0,15700.0,7000.0,22700.0,8100.0,24,53.0,67.0,62.0,18.0,0.0,9.0,57.0,91.0,27.0,154.0,0.0,29.0,71.0,7,aqf_foe_state,0,False,False,False,False,False,False,False
Nsw,Certificate II,Society And Culture,"Certificate II, Society And Culture",21.0,False,60.0,72.0,12.0,64.0,77.0,13.0,23.0,24.0,1.0,42.0,53.0,11.0,40900.0,7600.0,40300.0,7200.0,54600.0,6200.0,49,30.0,43.0,43.0,5.0,0.0,4.0,21.0,52.0,34.0,59.0,0.0,10.0,89.0,11,aqf_foe_state,0,False,False,False,False,False,False,False
Vic,Certificate II,"Agriculture, Environment And Related Studies","Certificate II, Agriculture, Environment And Related Studies",4.0,False,44.0,75.0,31.0,47.0,76.0,29.0,16.0,27.0,11.0,30.0,50.0,20.0,26500.0,9200.0,27700.0,9100.0,41600.0,11600.0,34,37.0,50.0,36.0,28.0,48.0,3.0,63.0,92.0,19.0,295.0,0.0,49.0,51.0,1,aqf_foe_state,0,False,False,False,False,False,False,False
Vic,Certificate II,Architecture And Building,"Certificate II, Architecture And Building",8.0,False,54.0,91.0,37.0,57.0,93.0,36.0,19.0,22.0,3.0,38.0,71.0,33.0,31500.0,18200.0,32000.0,17600.0,35200.0,18700.0,71,54.0,56.0,10.0,8.0,3.0,2.0,43.0,95.0,19.0,184.0,0.0,22.0,78.0,5,aqf_foe_state,0,False,False,False,False,False,False,False
Vic,Certificate II,Creative Arts,"Certificate II, Creative Arts",1.0,True,30.0,77.0,47.0,24.0,77.0,53.0,14.0,50.0,36.0,22.0,22.0,0.0,9800.0,0.0,10000.0,0.0,0.0,0.0,,64.0,68.0,65.0,15.0,0.0,11.0,76.0,38.0,16.0,317.0,0.0,64.0,36.0,,aqf_foe_state,2,True,False,False,False,False,False,False
Vic,Certificate II,Engineering And Related Technologies,"Certificate II, Engineering And Related Technologies",28.0,False,75.0,91.0,16.0,77.0,93.0,16.0,19.0,17.0,-2.0,58.0,77.0,19.0,44500.0,13300.0,45000.0,13400.0,51200.0,11500.0,68,40.0,43.0,11.0,7.0,4.0,1.0,26.0,74.0,24.0,124.0,0.0,25.0,75.0,13,aqf_foe_state,0,False,False,False,False,False,False,False
Vic,Certificate II,"Food, Hospitality And Personal Services","Certificate II, Food, Hospitality And Personal Services",4.0,False,50.0,86.0,36.0,52.0,88.0,36.0,22.0,45.0,23.0,28.0,41.0,13.0,23700.0,14300.0,25000.0,14300.0,49100.0,15500.0,45,38.0,43.0,59.0,13.0,20.0,2.0,53.0,59.0,20.0,290.0,0.0,41.0,58.0,2,aqf_foe_state,0,False,False,False,False,False,False,False
Vic,Certificate II,Health,"Certificate II, Health",4.0,False,74.0,91.0,17.0,75.0,92.0,17.0,48.0,51.0,3.0,26.0,42.0,16.0,32400.0,11300.0,32100.0,11000.0,49900.0,5800.0,56,51.0,52.0,82.0,12.0,1.0,3.0,25.0,69.0,22.0,233.0,0.0,34.0,65.0,2,aqf_foe_state,0,False,False,False,False,False,False,False
Vic,Certificate II,Information Technology,"Certificate II, Information Technology",1.0,False,70.0,78.0,8.0,73.0,78.0,5.0,29.0,6.0,-23.0,49.0,72.0,23.0,88700.0,35400.0,88700.0,35400.0,89900.0,30100.0,,34.0,40.0,59.0,11.0,0.0,0.0,10.0,19.0,27.0,174.0,0.0,23.0,77.0,1,aqf_foe_state,1,True,False,False,False,False,False,False
Vic,Certificate II,Management And Commerce,"Certificate II, Management And Commerce",8.0,False,32.0,82.0,50.0,33.0,84.0,51.0,15.0,44.0,29.0,18.0,40.0,22.0,21300.0,18800.0,22300.0,19900.0,29400.0,25000.0,26,53.0,68.0,41.0,22.0,20.0,2.0,82.0,21.0,17.0,297.0,0.0,20.0,79.0,3,aqf_foe_state,0,False,False,False,False,False,False,False
Vic,Certificate II,Mixed Field Programmes,"Certificate II, Mixed Field Programmes",9.0,False,27.0,54.0,27.0,29.0,57.0,28.0,14.0,29.0,15.0,15.0,28.0,13.0,17700.0,2700.0,17900.0,3500.0,29600.0,3900.0,19,49.0,57.0,64.0,25.0,0.0,2.0,51.0,90.0,30.0,291.0,0.0,20.0,80.0,1,aqf_foe_state,0,False,False,False,False,False,False,False
Vic,Certificate II,Society And Culture,"Certificate II, Society And Culture",34.0,False,57.0,85.0,28.0,64.0,90.0,26.0,22.0,28.0,6.0,42.0,62.0,20.0,31400.0,12800.0,33600.0,12600.0,47400.0,11000.0,65,33.0,37.0,28.0,5.0,0.0,1.0,31.0,42.0,25.0,47.0,0.0,16.0,84.0,19,aqf_foe_state,0,False,False,False,False,False,False,False
Qld,Certificate II,"Agriculture, Environment And Related Studies","Certificate II, Agriculture, Environment And Related Studies",4.0,False,72.0,85.0,13.0,74.0,87.0,13.0,25.0,23.0,-2.0,51.0,63.0,12.0,43900.0,12500.0,43900.0,12500.0,54900.0,12400.0,57,39.0,50.0,31.0,10.0,18.0,9.0,40.0,59.0,30.0,148.0,3.0,45.0,52.0,1,aqf_foe_state,0,False,False,False,False,False,False,False
Qld,Certificate II,Architecture And Building,"Certificate II, Architecture And Building",1.0,False,62.0,91.0,29.0,62.0,93.0,31.0,19.0,19.0,0.0,44.0,70.0,26.0,40300.0,11500.0,40500.0,11100.0,43900.0,8700.0,,46.0,62.0,0.0,5.0,0.0,10.0,48.0,82.0,20.0,125.0,0.0,18.0,76.0,1,aqf_foe_state,1,True,False,False,False,False,False,False
Qld,Certificate II,Creative Arts,"Certificate II, Creative Arts",1.0,True,18.0,47.0,29.0,18.0,47.0,29.0,0.0,18.0,18.0,15.0,34.0,19.0,0.0,0.0,0.0,0.0,0.0,0.0,,32.0,48.0,40.0,8.0,0.0,32.0,84.0,57.0,26.0,255.0,0.0,37.0,58.0,,aqf_foe_state,2,True,False,False,False,False,False,False
Qld,Certificate II,Engineering And Related Technologies,"Certificate II, Engineering And Related Technologies",41.0,False,75.0,86.0,11.0,78.0,88.0,10.0,15.0,13.0,-2.0,62.0,75.0,13.0,54200.0,12900.0,54500.0,13200.0,63600.0,11200.0,55,27.0,37.0,13.0,7.0,4.0,14.0,37.0,60.0,28.0,72.0,6.0,40.0,54.0,26,aqf_foe_state,0,False,False,False,False,False,False,False
Qld,Certificate II,"Food, Hospitality And Personal Services","Certificate II, Food, Hospitality And Personal Services",6.0,False,46.0,79.0,33.0,47.0,80.0,33.0,20.0,33.0,13.0,27.0,47.0,20.0,34100.0,14400.0,34500.0,14400.0,49600.0,15800.0,36,33.0,40.0,49.0,15.0,32.0,12.0,44.0,94.0,25.0,160.0,2.0,47.0,51.0,3,aqf_foe_state,0,False,False,False,False,False,False,False
Qld,Certificate II,Health,"Certificate II, Health",12.0,False,71.0,85.0,14.0,75.0,89.0,14.0,17.0,22.0,5.0,58.0,66.0,8.0,55300.0,5200.0,55400.0,4900.0,79200.0,4200.0,69,20.0,25.0,42.0,4.0,0.0,2.0,26.0,3.0,37.0,35.0,1.0,25.0,74.0,6,aqf_foe_state,0,False,False,False,False,False,False,False
Qld,Certificate II,Management And Commerce,"Certificate II, Management And Commerce",6.0,False,43.0,73.0,30.0,46.0,75.0,29.0,23.0,38.0,15.0,22.0,37.0,15.0,27000.0,12100.0,28100.0,13700.0,45100.0,9400.0,35,36.0,46.0,56.0,15.0,2.0,11.0,42.0,71.0,28.0,99.0,3.0,31.0,66.0,2,aqf_foe_state,0,False,False,False,False,False,False,False
Qld,Certificate II,Mixed Field Programmes,"Certificate II, Mixed Field Programmes",8.0,False,28.0,68.0,40.0,28.0,69.0,41.0,10.0,31.0,21.0,18.0,38.0,20.0,15100.0,9800.0,15500.0,10200.0,20900.0,8500.0,36,30.0,53.0,38.0,15.0,8.0,22.0,81.0,86.0,18.0,84.0,6.0,44.0,50.0,2,aqf_foe_state,0,False,False,False,False,False,False,False
Qld,Certificate II,Society And Culture,"Certificate II, Society And Culture",21.0,False,73.0,88.0,15.0,75.0,90.0,15.0,21.0,21.0,0.0,55.0,69.0,14.0,46700.0,9900.0,46900.0,10500.0,54900.0,8600.0,58,19.0,25.0,23.0,7.0,0.0,11.0,28.0,70.0,32.0,22.0,7.0,32.0,62.0,12,aqf_foe_state,0,False,False,False,False,False,False,False
Sa,Certificate II,"Agriculture, Environment And Related Studies","Certificate II, Agriculture, Environment And Related Studies",3.0,False,56.0,82.0,26.0,62.0,86.0,24.0,24.0,30.0,6.0,33.0,56.0,23.0,34500.0,4800.0,35200.0,3300.0,52000.0,4600.0,,44.0,49.0,34.0,8.0,0.0,7.0,53.0,88.0,25.0,189.0,19.0,34.0,47.0,,aqf_foe_state,2,True,False,False,False,False,False,False
Sa,Certificate II,Architecture And Building,"Certificate II, Architecture And Building",6.0,False,38.0,88.0,50.0,39.0,88.0,49.0,17.0,30.0,13.0,25.0,58.0,33.0,28100.0,15900.0,28400.0,15400.0,33100.0,12700.0,43,36.0,41.0,11.0,9.0,4.0,9.0,50.0,99.0,19.0,126.0,0.0,17.0,83.0,,aqf_foe_state,1,True,False,False,False,False,False,False
Sa,Certificate II,Creative Arts,"Certificate II, Creative Arts",3.0,False,17.0,70.0,53.0,17.0,75.0,58.0,10.0,47.0,37.0,11.0,24.0,13.0,9100.0,0.0,9100.0,0.0,0.0,0.0,,57.0,60.0,57.0,4.0,0.0,0.0,82.0,23.0,15.0,340.0,0.0,5.0,90.0,,aqf_foe_state,2,True,False,False,False,False,False,False
Sa,Certificate II,Engineering And Related Technologies,"Certificate II, Engineering And Related Technologies",25.0,False,73.0,89.0,16.0,75.0,92.0,17.0,16.0,14.0,-2.0,59.0,78.0,19.0,50400.0,11900.0,51300.0,12300.0,58200.0,9900.0,70,32.0,35.0,10.0,5.0,5.0,5.0,34.0,63.0,27.0,102.0,5.0,25.0,71.0,3,aqf_foe_state,0,False,False,False,False,False,False,False
Sa,Certificate II,"Food, Hospitality And Personal Services","Certificate II, Food, Hospitality And Personal Services",9.0,False,40.0,74.0,34.0,40.0,78.0,38.0,23.0,46.0,23.0,18.0,31.0,13.0,26700.0,18400.0,27700.0,17900.0,44900.0,14900.0,36,50.0,55.0,68.0,10.0,10.0,5.0,59.0,89.0,21.0,173.0,3.0,31.0,65.0,1,aqf_foe_state,0,False,False,False,False,False,False,False
Sa,Certificate II,Health,"Certificate II, Health",17.0,False,62.0,87.0,25.0,63.0,88.0,25.0,25.0,42.0,17.0,37.0,46.0,9.0,26900.0,5700.0,27800.0,6200.0,54500.0,6800.0,41,34.0,37.0,70.0,6.0,1.0,2.0,49.0,37.0,22.0,102.0,4.0,25.0,71.0,2,aqf_foe_state,0,False,False,False,False,False,False,False
Sa,Certificate II,Management And Commerce,"Certificate II, Management And Commerce",5.0,False,59.0,86.0,27.0,61.0,86.0,25.0,19.0,34.0,15.0,40.0,53.0,13.0,32800.0,6100.0,34100.0,5800.0,54800.0,1500.0,,33.0,39.0,50.0,10.0,0.0,5.0,55.0,44.0,28.0,214.0,3.0,23.0,72.0,,aqf_foe_state,2,True,False,False,False,False,False,False
Sa,Certificate II,Mixed Field Programmes,"Certificate II, Mixed Field Programmes",3.0,False,40.0,61.0,21.0,45.0,68.0,23.0,17.0,33.0,16.0,22.0,29.0,7.0,35600.0,4500.0,35500.0,4500.0,47900.0,0.0,15,54.0,64.0,68.0,9.0,0.0,4.0,34.0,100.0,37.0,314.0,0.0,12.0,88.0,,aqf_foe_state,1,True,False,False,False,False,False,False
Sa,Certificate II,Society And Culture,"Certificate II, Society And Culture",28.0,False,64.0,92.0,28.0,72.0,95.0,23.0,23.0,19.0,-4.0,50.0,76.0,26.0,47700.0,15400.0,49600.0,18400.0,55800.0,15700.0,62,26.0,28.0,19.0,7.0,0.0,3.0,22.0,7.0,29.0,38.0,3.0,9.0,88.0,2,aqf_foe_state,0,False,False,False,False,False,False,False
Wa,Certificate II,"Agriculture, Environment And Related Studies","Certificate II, Agriculture, Environment And Related Studies",3.0,False,59.0,79.0,20.0,63.0,81.0,18.0,24.0,25.0,1.0,38.0,55.0,17.0,35300.0,8200.0,35500.0,11000.0,50400.0,9800.0,67,54.0,66.0,31.0,11.0,29.0,27.0,58.0,96.0,29.0,153.0,18.0,34.0,47.0,1,aqf_foe_state,0,False,False,False,False,False,False,False
Wa,Certificate II,Architecture And Building,"Certificate II, Architecture And Building",7.0,False,40.0,84.0,44.0,41.0,85.0,44.0,14.0,19.0,5.0,27.0,65.0,38.0,31400.0,17600.0,31700.0,19600.0,34400.0,16800.0,63,47.0,61.0,9.0,7.0,2.0,9.0,79.0,97.0,18.0,109.0,2.0,12.0,86.0,3,aqf_foe_state,0,False,False,False,False,False,False,False
Wa,Certificate II,Engineering And Related Technologies,"Certificate II, Engineering And Related Technologies",37.0,False,78.0,94.0,16.0,80.0,95.0,15.0,16.0,9.0,-7.0,64.0,85.0,21.0,65100.0,25700.0,65800.0,25700.0,75600.0,25600.0,72,38.0,43.0,12.0,4.0,12.0,7.0,50.0,59.0,25.0,142.0,7.0,17.0,75.0,20,aqf_foe_state,0,False,False,False,False,False,False,False
Wa,Certificate II,"Food, Hospitality And Personal Services","Certificate II, Food, Hospitality And Personal Services",5.0,False,40.0,88.0,48.0,41.0,89.0,48.0,20.0,50.0,30.0,22.0,39.0,17.0,28300.0,18300.0,28200.0,18300.0,43300.0,18300.0,46,41.0,50.0,77.0,6.0,24.0,5.0,75.0,89.0,17.0,301.0,1.0,21.0,76.0,3,aqf_foe_state,0,False,False,False,False,False,False,False
Wa,Certificate II,Health,"Certificate II, Health",8.0,False,87.0,94.0,7.0,88.0,94.0,6.0,27.0,27.0,0.0,61.0,67.0,6.0,68700.0,12400.0,66800.0,12600.0,119900.0,15200.0,48,35.0,36.0,56.0,7.0,0.0,3.0,27.0,25.0,29.0,75.0,5.0,22.0,72.0,5,aqf_foe_state,0,False,False,False,False,False,False,False
Wa,Certificate II,Information Technology,"Certificate II, Information Technology",1.0,False,20.0,73.0,53.0,20.0,74.0,54.0,6.0,34.0,28.0,17.0,45.0,28.0,25200.0,0.0,25000.0,0.0,35400.0,0.0,,25.0,30.0,16.0,30.0,0.0,0.0,78.0,87.0,20.0,434.0,0.0,20.0,76.0,,aqf_foe_state,2,True,False,False,False,False,False,False
Wa,Certificate II,Management And Commerce,"Certificate II, Management And Commerce",6.0,False,39.0,81.0,42.0,39.0,81.0,42.0,16.0,41.0,25.0,23.0,41.0,18.0,23300.0,17800.0,23400.0,16900.0,41800.0,17000.0,26,35.0,49.0,50.0,19.0,19.0,8.0,78.0,82.0,17.0,311.0,6.0,24.0,69.0,2,aqf_foe_state,0,False,False,False,False,False,False,False
Wa,Certificate II,Mixed Field Programmes,"Certificate II, Mixed Field Programmes",10.0,False,26.0,64.0,38.0,27.0,66.0,39.0,12.0,37.0,25.0,15.0,30.0,15.0,16800.0,12000.0,17400.0,11700.0,35700.0,17400.0,31,49.0,64.0,63.0,12.0,0.0,15.0,81.0,94.0,18.0,164.0,5.0,18.0,77.0,2,aqf_foe_state,0,False,False,False,False,False,False,False
Wa,Certificate II,Society And Culture,"Certificate II, Society And Culture",24.0,False,63.0,91.0,28.0,67.0,93.0,26.0,22.0,25.0,3.0,45.0,69.0,24.0,45400.0,19000.0,46600.0,19200.0,61000.0,17300.0,63,25.0,29.0,28.0,6.0,1.0,4.0,34.0,21.0,26.0,28.0,5.0,10.0,83.0,14,aqf_foe_state,0,False,False,False,False,False,False,False
Tas,Certificate II,"Agriculture, Environment And Related Studies","Certificate II, Agriculture, Environment And Related Studies",5.0,True,71.0,98.0,27.0,82.0,98.0,16.0,36.0,47.0,11.0,46.0,49.0,3.0,37500.0,6000.0,37500.0,5700.0,0.0,0.0,,55.0,67.0,56.0,16.0,33.0,22.0,47.0,100.0,28.0,310.0,14.0,86.0,0.0,,aqf_foe_state,2,True,False,False,False,False,False,False
Tas,Certificate II,Architecture And Building,"Certificate II, Architecture And Building",8.0,True,72.0,92.0,20.0,72.0,100.0,28.0,23.0,24.0,1.0,44.0,70.0,26.0,33000.0,16200.0,32700.0,15900.0,43400.0,10600.0,,43.0,43.0,23.0,16.0,0.0,0.0,40.0,99.0,23.0,159.0,0.0,89.0,0.0,,aqf_foe_state,2,True,False,False,False,False,False,False
Tas,Certificate II,Engineering And Related Technologies,"Certificate II, Engineering And Related Technologies",27.0,False,81.0,91.0,10.0,83.0,94.0,11.0,15.0,10.0,-5.0,68.0,82.0,14.0,53600.0,12700.0,54400.0,13600.0,64100.0,10000.0,69,30.0,34.0,10.0,8.0,14.0,6.0,32.0,79.0,28.0,157.0,2.0,94.0,2.0,1,aqf_foe_state,0,False,False,False,False,False,False,False
Tas,Certificate II,"Food, Hospitality And Personal Services","Certificate II, Food, Hospitality And Personal Services",11.0,False,71.0,87.0,16.0,71.0,91.0,20.0,34.0,35.0,1.0,36.0,60.0,24.0,40800.0,20400.0,40600.0,21800.0,48600.0,19600.0,,34.0,35.0,51.0,15.0,36.0,10.0,43.0,94.0,22.0,255.0,0.0,91.0,5.0,,aqf_foe_state,2,True,False,False,False,False,False,False
Tas,Certificate II,Health,"Certificate II, Health",6.0,True,79.0,88.0,9.0,81.0,99.0,18.0,40.0,57.0,17.0,33.0,49.0,16.0,32800.0,6000.0,34600.0,6800.0,45000.0,0.0,,63.0,64.0,90.0,22.0,9.0,0.0,34.0,88.0,26.0,169.0,0.0,100.0,0.0,,aqf_foe_state,2,True,False,False,False,False,False,False
Tas,Certificate II,Information Technology,"Certificate II, Information Technology",6.0,True,59.0,65.0,6.0,59.0,65.0,6.0,35.0,36.0,1.0,24.0,33.0,9.0,28700.0,5700.0,28700.0,5700.0,0.0,0.0,,23.0,41.0,55.0,30.0,0.0,8.0,49.0,99.0,44.0,191.0,0.0,99.0,0.0,,aqf_foe_state,2,True,False,False,False,False,False,False
Tas,Certificate II,Management And Commerce,"Certificate II, Management And Commerce",12.0,False,52.0,91.0,39.0,52.0,91.0,39.0,36.0,55.0,19.0,20.0,34.0,14.0,26000.0,18600.0,26500.0,18200.0,44000.0,0.0,61,33.0,37.0,70.0,19.0,23.0,12.0,44.0,98.0,21.0,155.0,0.0,99.0,0.0,,aqf_foe_state,1,True,False,False,False,False,False,False
Tas,Certificate II,Society And Culture,"Certificate II, Society And Culture",19.0,False,65.0,94.0,29.0,73.0,94.0,21.0,30.0,23.0,-7.0,43.0,73.0,30.0,54300.0,22800.0,54400.0,24800.0,64600.0,26100.0,42,35.0,35.0,33.0,21.0,0.0,6.0,25.0,36.0,30.0,69.0,0.0,91.0,8.0,1,aqf_foe_state,0,False,False,False,False,False,False,False
Nt,Certificate II,"Agriculture, Environment And Related Studies","Certificate II, Agriculture, Environment And Related Studies",12.0,True,81.0,100.0,19.0,81.0,100.0,19.0,28.0,19.0,-9.0,56.0,82.0,26.0,48100.0,15400.0,48100.0,15100.0,51200.0,12300.0,,39.0,40.0,45.0,0.0,52.0,26.0,30.0,100.0,21.0,217.0,38.0,46.0,16.0,,aqf_foe_state,2,True,False,False,False,False,False,False
Nt,Certificate II,Engineering And Related Technologies,"Certificate II, Engineering And Related Technologies",20.0,False,77.0,89.0,12.0,79.0,90.0,11.0,12.0,5.0,-7.0,68.0,86.0,18.0,64200.0,7800.0,64600.0,9800.0,67100.0,6400.0,,24.0,40.0,9.0,0.0,0.0,37.0,36.0,69.0,33.0,62.0,36.0,58.0,5.0,,aqf_foe_state,2,True,False,False,False,False,False,False
Nt,Certificate II,Management And Commerce,"Certificate II, Management And Commerce",7.0,True,69.0,100.0,31.0,69.0,100.0,31.0,46.0,67.0,21.0,29.0,37.0,8.0,23900.0,6400.0,23900.0,8600.0,0.0,0.0,,75.0,75.0,83.0,10.0,58.0,92.0,54.0,100.0,26.0,234.0,65.0,35.0,0.0,,aqf_foe_state,2,True,False,False,False,False,False,False
Nt,Certificate II,Society And Culture,"Certificate II, Society And Culture",46.0,False,73.0,90.0,17.0,78.0,94.0,16.0,25.0,11.0,-14.0,53.0,82.0,29.0,68100.0,24500.0,67700.0,26900.0,71900.0,22200.0,56,20.0,23.0,23.0,4.0,2.0,24.0,29.0,14.0,31.0,36.0,21.0,72.0,7.0,2,aqf_foe_state,0,False,False,False,False,False,False,False
Act,Certificate II,Architecture And Building,"Certificate II, Architecture And Building",7.0,True,46.0,80.0,34.0,46.0,84.0,38.0,10.0,16.0,6.0,22.0,80.0,58.0,34600.0,0.0,34600.0,0.0,39000.0,0.0,,34.0,44.0,0.0,44.0,0.0,0.0,58.0,92.0,25.0,79.0,0.0,0.0,100.0,,aqf_foe_state,2,True,False,False,False,False,False,False
Act,Certificate II,Engineering And Related Technologies,"Certificate II, Engineering And Related Technologies",14.0,False,83.0,87.0,4.0,88.0,90.0,2.0,13.0,11.0,-2.0,75.0,85.0,10.0,91800.0,5600.0,89300.0,7800.0,91900.0,4500.0,,42.0,42.0,18.0,0.0,18.0,0.0,31.0,27.0,31.0,144.0,0.0,0.0,95.0,,aqf_foe_state,2,True,False,False,False,False,False,False
Act,Certificate II,Health,"Certificate II, Health",7.0,True,73.0,85.0,12.0,67.0,94.0,27.0,48.0,39.0,-9.0,21.0,54.0,33.0,29300.0,0.0,31400.0,-1000.0,0.0,0.0,,71.0,71.0,79.0,29.0,0.0,0.0,19.0,100.0,22.0,186.0,0.0,0.0,92.0,,aqf_foe_state,2,True,False,False,False,False,False,False
Act,Certificate II,Management And Commerce,"Certificate II, Management And Commerce",27.0,False,67.0,98.0,31.0,66.0,98.0,32.0,39.0,50.0,11.0,25.0,43.0,18.0,30600.0,13300.0,30900.0,13900.0,57800.0,10200.0,,31.0,31.0,75.0,9.0,9.0,3.0,30.0,55.0,24.0,138.0,0.0,0.0,100.0,1,aqf_foe_state,1,True,False,False,False,False,False,False
Act,Certificate II,Mixed Field Programmes,"Certificate II, Mixed Field Programmes",12.0,True,29.0,73.0,44.0,31.0,73.0,42.0,6.0,28.0,22.0,22.0,33.0,11.0,14300.0,0.0,14300.0,0.0,0.0,0.0,,42.0,51.0,57.0,25.0,0.0,6.0,65.0,58.0,28.0,291.0,0.0,0.0,100.0,,aqf_foe_state,2,True,False,False,False,False,False,False
Act,Certificate II,Society And Culture,"Certificate II, Society And Culture",31.0,False,83.0,87.0,4.0,90.0,93.0,3.0,30.0,14.0,-16.0,59.0,79.0,20.0,59900.0,17500.0,59400.0,17400.0,65100.0,17300.0,57,22.0,22.0,22.0,4.0,0.0,2.0,18.0,12.0,30.0,5.0,0.0,3.0,97.0,1,aqf_foe_state,0,False,False,False,False,False,False,False
Nsw,Certificate III,"Agriculture, Environment And Related Studies","Certificate III, Agriculture, Environment And Related Studies",3.0,False,80.0,90.0,10.0,83.0,93.0,10.0,25.0,20.0,-5.0,58.0,74.0,16.0,52900.0,14900.0,52400.0,15400.0,60200.0,14700.0,56,13.0,26.0,32.0,12.0,35.0,5.0,24.0,91.0,28.0,427.0,1.0,46.0,53.0,11,aqf_foe_state,0,False,False,False,False,False,False,False
Nsw,Certificate III,Architecture And Building,"Certificate III, Architecture And Building",12.0,False,70.0,83.0,13.0,78.0,93.0,15.0,10.0,3.0,-7.0,68.0,90.0,22.0,56500.0,27400.0,55900.0,23900.0,56600.0,21300.0,73,22.0,28.0,1.0,3.0,63.0,5.0,35.0,70.0,24.0,883.0,0.0,23.0,76.0,24,aqf_foe_state,0,False,False,False,False,False,False,False
Nsw,Certificate III,Creative Arts,"Certificate III, Creative Arts",2.0,False,56.0,72.0,16.0,58.0,74.0,16.0,31.0,45.0,14.0,28.0,29.0,1.0,22900.0,3400.0,23200.0,3500.0,47600.0,4100.0,34,39.0,50.0,66.0,23.0,2.0,7.0,19.0,90.0,23.0,238.0,0.0,17.0,83.0,5,aqf_foe_state,0,False,False,False,False,False,False,False
Nsw,Certificate III,Education,"Certificate III, Education",9.0,False,60.0,92.0,32.0,62.0,93.0,31.0,45.0,56.0,11.0,17.0,38.0,21.0,37700.0,18100.0,38200.0,17800.0,48100.0,10700.0,41,38.0,43.0,96.0,8.0,33.0,5.0,20.0,87.0,28.0,327.0,0.0,24.0,76.0,16,aqf_foe_state,0,False,False,False,False,False,False,False
Nsw,Certificate III,Engineering And Related Technologies,"Certificate III, Engineering And Related Technologies",18.0,False,80.0,95.0,15.0,83.0,97.0,14.0,16.0,6.0,-10.0,67.0,91.0,24.0,73400.0,28900.0,73000.0,28300.0,75700.0,25100.0,63,8.0,19.0,10.0,5.0,68.0,5.0,32.0,82.0,27.0,827.0,1.0,33.0,67.0,45,aqf_foe_state,0,False,False,False,False,False,False,False
Nsw,Certificate III,"Food, Hospitality And Personal Services","Certificate III, Food, Hospitality And Personal Services",9.0,False,64.0,84.0,20.0,66.0,87.0,21.0,38.0,46.0,8.0,28.0,40.0,12.0,31200.0,13000.0,31500.0,13300.0,48600.0,13600.0,36,18.0,32.0,69.0,12.0,30.0,8.0,32.0,82.0,23.0,242.0,0.0,34.0,66.0,29,aqf_foe_state,0,False,False,False,False,False,False,False
Nsw,Certificate III,Health,"Certificate III, Health",4.0,False,72.0,90.0,18.0,73.0,91.0,18.0,39.0,44.0,5.0,34.0,48.0,14.0,40200.0,12100.0,40300.0,12100.0,57400.0,7800.0,39,27.0,37.0,83.0,10.0,6.0,7.0,15.0,87.0,27.0,306.0,0.0,23.0,77.0,14,aqf_foe_state,0,False,False,False,False,False,False,False
Nsw,Certificate III,Information Technology,"Certificate III, Information Technology",1.0,False,57.0,80.0,23.0,59.0,81.0,22.0,24.0,32.0,8.0,36.0,50.0,14.0,28900.0,9100.0,29100.0,9400.0,45900.0,12500.0,53,62.0,67.0,18.0,23.0,16.0,3.0,13.0,98.0,21.0,163.0,0.0,26.0,74.0,3,aqf_foe_state,0,False,False,False,False,False,False,False
Nsw,Certificate III,Management And Commerce,"Certificate III, Management And Commerce",18.0,False,63.0,77.0,14.0,64.0,78.0,14.0,33.0,32.0,-1.0,31.0,46.0,15.0,39900.0,14800.0,39900.0,14700.0,54900.0,10400.0,30,17.0,29.0,65.0,22.0,28.0,8.0,36.0,73.0,30.0,275.0,0.0,27.0,73.0,53,aqf_foe_state,0,False,False,False,False,False,False,False
Nsw,Certificate III,Mixed Field Programmes,"Certificate III, Mixed Field Programmes",2.0,False,39.0,67.0,28.0,40.0,69.0,29.0,22.0,40.0,18.0,18.0,29.0,11.0,22300.0,8300.0,23100.0,8000.0,49300.0,6900.0,30,36.0,68.0,72.0,13.0,0.0,17.0,28.0,100.0,29.0,147.0,1.0,31.0,68.0,2,aqf_foe_state,0,False,False,False,False,False,False,False
Nsw,Certificate III,Natural And Physical Sciences,"Certificate III, Natural And Physical Sciences",2.0,False,65.0,90.0,25.0,68.0,91.0,23.0,39.0,39.0,0.0,28.0,51.0,23.0,46900.0,15100.0,47300.0,16100.0,61300.0,9200.0,58,17.0,27.0,86.0,5.0,3.0,3.0,6.0,87.0,32.0,236.0,0.0,17.0,83.0,3,aqf_foe_state,0,False,False,False,False,False,False,False
Nsw,Certificate III,Society And Culture,"Certificate III, Society And Culture",21.0,False,66.0,88.0,22.0,69.0,91.0,22.0,35.0,36.0,1.0,34.0,54.0,20.0,45900.0,13700.0,46700.0,14200.0,62800.0,12100.0,45,28.0,36.0,67.0,7.0,3.0,4.0,21.0,51.0,32.0,211.0,0.0,25.0,74.0,52,aqf_foe_state,0,False,False,False,False,False,False,False
Vic,Certificate III,"Agriculture, Environment And Related Studies","Certificate III, Agriculture, Environment And Related Studies",3.0,False,75.0,87.0,12.0,78.0,92.0,14.0,26.0,20.0,-6.0,52.0,71.0,19.0,48500.0,13900.0,49600.0,14400.0,57200.0,13100.0,50,14.0,24.0,34.0,10.0,42.0,1.0,36.0,87.0,26.0,486.0,1.0,61.0,38.0,6,aqf_foe_state,0,False,False,False,False,False,False,False
Vic,Certificate III,Architecture And Building,"Certificate III, Architecture And Building",12.0,False,75.0,84.0,9.0,82.0,94.0,12.0,15.0,2.0,-13.0,67.0,92.0,25.0,61900.0,37200.0,61800.0,35400.0,62300.0,31900.0,74,9.0,16.0,2.0,3.0,76.0,2.0,41.0,90.0,24.0,1241.0,0.0,27.0,73.0,16,aqf_foe_state,0,False,False,False,False,False,False,False
Vic,Certificate III,Creative Arts,"Certificate III, Creative Arts",2.0,False,37.0,79.0,42.0,38.0,81.0,43.0,18.0,50.0,32.0,21.0,31.0,10.0,19000.0,11400.0,19100.0,10600.0,36600.0,9400.0,14,31.0,41.0,58.0,16.0,3.0,3.0,62.0,39.0,18.0,633.0,0.0,29.0,71.0,4,aqf_foe_state,0,False,False,False,False,False,False,False
Vic,Certificate III,Education,"Certificate III, Education",9.0,False,54.0,91.0,37.0,56.0,92.0,36.0,42.0,64.0,22.0,15.0,28.0,13.0,33100.0,14800.0,33700.0,14700.0,47100.0,8400.0,46,31.0,36.0,95.0,8.0,16.0,1.0,21.0,83.0,31.0,386.0,0.0,26.0,74.0,13,aqf_foe_state,0,False,False,False,False,False,False,False
Vic,Certificate III,Engineering And Related Technologies,"Certificate III, Engineering And Related Technologies",16.0,False,79.0,95.0,16.0,81.0,96.0,15.0,18.0,6.0,-12.0,63.0,90.0,27.0,68600.0,34600.0,68600.0,34600.0,70800.0,30500.0,62,7.0,17.0,8.0,5.0,72.0,1.0,37.0,83.0,25.0,1078.0,0.0,36.0,63.0,29,aqf_foe_state,0,False,False,False,False,False,False,False
Vic,Certificate III,"Food, Hospitality And Personal Services","Certificate III, Food, Hospitality And Personal Services",8.0,False,67.0,90.0,23.0,68.0,92.0,24.0,38.0,43.0,5.0,30.0,49.0,19.0,36600.0,18400.0,36700.0,18700.0,50300.0,16600.0,43,16.0,25.0,64.0,7.0,51.0,2.0,34.0,86.0,22.0,442.0,0.0,25.0,74.0,17,aqf_foe_state,0,False,False,False,False,False,False,False
Vic,Certificate III,Health,"Certificate III, Health",8.0,False,72.0,94.0,22.0,75.0,95.0,20.0,38.0,39.0,1.0,37.0,55.0,18.0,45400.0,15300.0,45500.0,15300.0,59600.0,11300.0,63,24.0,31.0,75.0,8.0,12.0,1.0,28.0,71.0,30.0,298.0,0.0,18.0,81.0,17,aqf_foe_state,0,False,False,False,False,False,False,False
Vic,Certificate III,Information Technology,"Certificate III, Information Technology",1.0,False,46.0,75.0,29.0,49.0,75.0,26.0,10.0,27.0,17.0,37.0,49.0,12.0,26800.0,16100.0,26500.0,15700.0,43700.0,17700.0,35,37.0,44.0,19.0,15.0,25.0,0.0,50.0,65.0,19.0,298.0,0.0,30.0,70.0,1,aqf_foe_state,0,False,False,False,False,False,False,False
Vic,Certificate III,Management And Commerce,"Certificate III, Management And Commerce",13.0,False,66.0,80.0,14.0,67.0,82.0,15.0,35.0,33.0,-2.0,32.0,48.0,16.0,39000.0,17700.0,39100.0,17800.0,54500.0,13100.0,33,14.0,22.0,64.0,20.0,37.0,3.0,44.0,32.0,26.0,303.0,0.0,28.0,71.0,24,aqf_foe_state,0,False,False,False,False,False,False,False
Vic,Certificate III,Mixed Field Programmes,"Certificate III, Mixed Field Programmes",2.0,False,22.0,51.0,29.0,23.0,53.0,30.0,13.0,35.0,22.0,9.0,18.0,9.0,18500.0,5700.0,19200.0,6700.0,45900.0,8900.0,30,40.0,62.0,74.0,11.0,0.0,1.0,34.0,99.0,35.0,232.0,0.0,7.0,92.0,1,aqf_foe_state,0,False,False,False,False,False,False,False
Vic,Certificate III,Natural And Physical Sciences,"Certificate III, Natural And Physical Sciences",2.0,False,68.0,94.0,26.0,70.0,94.0,24.0,44.0,47.0,3.0,27.0,47.0,20.0,46200.0,16200.0,46300.0,16000.0,61000.0,10900.0,58,12.0,18.0,87.0,7.0,2.0,1.0,16.0,80.0,33.0,264.0,0.0,15.0,85.0,1,aqf_foe_state,0,False,False,False,False,False,False,False
Vic,Certificate III,Society And Culture,"Certificate III, Society And Culture",26.0,False,55.0,92.0,37.0,58.0,94.0,36.0,28.0,41.0,13.0,30.0,52.0,22.0,33900.0,15200.0,35100.0,16200.0,56500.0,14600.0,52,25.0,36.0,59.0,5.0,9.0,1.0,42.0,39.0,25.0,304.0,0.0,25.0,75.0,49,aqf_foe_state,0,False,False,False,False,False,False,False
Qld,Certificate III,"Agriculture, Environment And Related Studies","Certificate III, Agriculture, Environment And Related Studies",4.0,False,79.0,90.0,11.0,81.0,92.0,11.0,19.0,18.0,-1.0,62.0,74.0,12.0,53800.0,11100.0,53800.0,11300.0,61100.0,11500.0,50,5.0,31.0,23.0,10.0,22.0,13.0,34.0,88.0,32.0,178.0,5.0,54.0,41.0,9,aqf_foe_state,0,False,False,False,False,False,False,False
Qld,Certificate III,Architecture And Building,"Certificate III, Architecture And Building",9.0,False,77.0,81.0,4.0,84.0,92.0,8.0,11.0,4.0,-7.0,73.0,89.0,16.0,65100.0,26000.0,64600.0,24300.0,65800.0,22000.0,74,14.0,25.0,3.0,4.0,53.0,4.0,26.0,66.0,26.0,723.0,2.0,25.0,73.0,19,aqf_foe_state,0,False,False,False,False,False,False,False
Qld,Certificate III,Creative Arts,"Certificate III, Creative Arts",2.0,False,55.0,75.0,20.0,57.0,79.0,22.0,33.0,50.0,17.0,24.0,29.0,5.0,20700.0,5300.0,22000.0,5400.0,43600.0,4300.0,49,30.0,38.0,71.0,16.0,3.0,9.0,36.0,78.0,23.0,159.0,2.0,22.0,76.0,3,aqf_foe_state,0,False,False,False,False,False,False,False
Qld,Certificate III,Education,"Certificate III, Education",7.0,False,61.0,93.0,32.0,64.0,94.0,30.0,45.0,63.0,18.0,19.0,31.0,12.0,36300.0,9300.0,36800.0,10200.0,47600.0,5700.0,42,25.0,32.0,95.0,6.0,9.0,5.0,24.0,88.0,34.0,401.0,3.0,33.0,65.0,8,aqf_foe_state,0,False,False,False,False,False,False,False
Qld,Certificate III,Engineering And Related Technologies,"Certificate III, Engineering And Related Technologies",27.0,False,84.0,95.0,11.0,86.0,96.0,10.0,17.0,12.0,-5.0,69.0,84.0,15.0,69400.0,19300.0,69200.0,19200.0,75700.0,19500.0,62,6.0,22.0,16.0,5.0,45.0,5.0,29.0,84.0,29.0,299.0,4.0,38.0,58.0,65,aqf_foe_state,0,False,False,False,False,False,False,False
Qld,Certificate III,"Food, Hospitality And Personal Services","Certificate III, Food, Hospitality And Personal Services",8.0,False,66.0,90.0,24.0,67.0,92.0,25.0,37.0,41.0,4.0,30.0,51.0,21.0,37700.0,16600.0,37800.0,16600.0,51200.0,12500.0,42,13.0,26.0,67.0,10.0,38.0,7.0,29.0,82.0,22.0,308.0,2.0,35.0,63.0,21,aqf_foe_state,0,False,False,False,False,False,False,False
Qld,Certificate III,Health,"Certificate III, Health",4.0,False,78.0,92.0,14.0,78.0,92.0,14.0,42.0,42.0,0.0,36.0,50.0,14.0,43300.0,13300.0,43700.0,13400.0,56500.0,9000.0,49,29.0,36.0,83.0,9.0,7.0,6.0,21.0,75.0,27.0,302.0,2.0,29.0,69.0,9,aqf_foe_state,0,False,False,False,False,False,False,False
Qld,Certificate III,Information Technology,"Certificate III, Information Technology",1.0,False,60.0,78.0,18.0,63.0,81.0,18.0,20.0,24.0,4.0,42.0,56.0,14.0,34400.0,5200.0,34000.0,5900.0,47100.0,3900.0,50,44.0,50.0,21.0,22.0,7.0,4.0,23.0,95.0,25.0,167.0,0.0,35.0,65.0,1,aqf_foe_state,0,False,False,False,False,False,False,False
Qld,Certificate III,Management And Commerce,"Certificate III, Management And Commerce",14.0,False,70.0,85.0,15.0,71.0,86.0,15.0,35.0,32.0,-3.0,36.0,54.0,18.0,44900.0,14300.0,44900.0,14500.0,56000.0,10000.0,39,11.0,23.0,67.0,14.0,26.0,7.0,30.0,69.0,29.0,297.0,2.0,32.0,66.0,39,aqf_foe_state,0,False,False,False,False,False,False,False
Qld,Certificate III,Natural And Physical Sciences,"Certificate III, Natural And Physical Sciences",1.0,False,74.0,93.0,19.0,78.0,93.0,15.0,40.0,43.0,3.0,36.0,50.0,14.0,46400.0,12300.0,46500.0,12300.0,59800.0,10600.0,57,9.0,16.0,82.0,7.0,16.0,3.0,15.0,75.0,34.0,258.0,2.0,20.0,79.0,3,aqf_foe_state,0,False,False,False,False,False,False,False
Qld,Certificate III,Society And Culture,"Certificate III, Society And Culture",24.0,False,71.0,92.0,21.0,74.0,94.0,20.0,38.0,39.0,1.0,36.0,55.0,19.0,46500.0,13100.0,47800.0,14400.0,62900.0,11600.0,53,19.0,27.0,72.0,8.0,2.0,4.0,29.0,70.0,36.0,211.0,1.0,36.0,63.0,49,aqf_foe_state,0,False,False,False,False,False,False,False
Sa,Certificate III,"Agriculture, Environment And Related Studies","Certificate III, Agriculture, Environment And Related Studies",3.0,False,75.0,89.0,14.0,80.0,94.0,14.0,27.0,17.0,-10.0,54.0,75.0,21.0,54800.0,13900.0,55800.0,17100.0,61200.0,10500.0,,9.0,20.0,30.0,9.0,30.0,3.0,30.0,80.0,28.0,513.0,5.0,42.0,53.0,2,aqf_foe_state,1,True,False,False,False,False,False,False
Sa,Certificate III,Architecture And Building,"Certificate III, Architecture And Building",6.0,False,83.0,92.0,9.0,85.0,99.0,14.0,22.0,3.0,-19.0,62.0,96.0,34.0,60700.0,39400.0,60800.0,39100.0,61200.0,36500.0,,12.0,15.0,1.0,6.0,92.0,2.0,36.0,95.0,22.0,1207.0,4.0,23.0,73.0,5,aqf_foe_state,1,True,False,False,False,False,False,False
Sa,Certificate III,Creative Arts,"Certificate III, Creative Arts",2.0,False,37.0,78.0,41.0,35.0,80.0,45.0,12.0,48.0,36.0,22.0,30.0,8.0,13500.0,11800.0,13500.0,12200.0,18200.0,0.0,,22.0,33.0,49.0,6.0,2.0,6.0,74.0,39.0,17.0,311.0,0.0,9.0,90.0,1,aqf_foe_state,1,True,False,False,False,False,False,False
Sa,Certificate III,Education,"Certificate III, Education",5.0,False,60.0,94.0,34.0,61.0,95.0,34.0,46.0,74.0,28.0,15.0,21.0,6.0,31100.0,13000.0,31300.0,13000.0,49500.0,9000.0,40,22.0,27.0,92.0,9.0,6.0,2.0,23.0,72.0,32.0,483.0,4.0,19.0,77.0,3,aqf_foe_state,0,False,False,False,False,False,False,False
Sa,Certificate III,Engineering And Related Technologies,"Certificate III, Engineering And Related Technologies",15.0,False,86.0,96.0,10.0,87.0,97.0,10.0,18.0,3.0,-15.0,69.0,94.0,25.0,74800.0,35300.0,74800.0,34900.0,75900.0,28800.0,76,8.0,15.0,6.0,5.0,77.0,2.0,29.0,86.0,25.0,1094.0,7.0,30.0,63.0,10,aqf_foe_state,0,False,False,False,False,False,False,False
Sa,Certificate III,"Food, Hospitality And Personal Services","Certificate III, Food, Hospitality And Personal Services",8.0,False,61.0,89.0,28.0,62.0,91.0,29.0,37.0,42.0,5.0,25.0,49.0,24.0,34700.0,18800.0,35600.0,18800.0,50200.0,18400.0,48,10.0,25.0,70.0,6.0,30.0,3.0,47.0,71.0,21.0,346.0,3.0,23.0,74.0,7,aqf_foe_state,0,False,False,False,False,False,False,False
Sa,Certificate III,Health,"Certificate III, Health",4.0,False,79.0,96.0,17.0,81.0,96.0,15.0,46.0,42.0,-4.0,35.0,54.0,19.0,45900.0,14900.0,45600.0,15000.0,56900.0,8400.0,53,18.0,26.0,86.0,5.0,20.0,3.0,20.0,61.0,26.0,261.0,3.0,16.0,81.0,1,aqf_foe_state,0,False,False,False,False,False,False,False
Sa,Certificate III,Information Technology,"Certificate III, Information Technology",1.0,False,29.0,75.0,46.0,30.0,71.0,41.0,5.0,39.0,34.0,21.0,36.0,15.0,23900.0,0.0,22500.0,22600.0,34700.0,0.0,,31.0,32.0,9.0,15.0,12.0,0.0,75.0,54.0,17.0,312.0,0.0,23.0,70.0,,aqf_foe_state,2,True,False,False,False,False,False,False
Sa,Certificate III,Management And Commerce,"Certificate III, Management And Commerce",20.0,False,58.0,78.0,20.0,59.0,78.0,19.0,29.0,35.0,6.0,30.0,44.0,14.0,32400.0,14200.0,32800.0,14200.0,50800.0,10200.0,23,6.0,15.0,56.0,23.0,32.0,4.0,52.0,35.0,25.0,267.0,3.0,22.0,76.0,15,aqf_foe_state,0,False,False,False,False,False,False,False
Sa,Certificate III,Mixed Field Programmes,"Certificate III, Mixed Field Programmes",1.0,True,37.0,51.0,14.0,37.0,53.0,16.0,26.0,31.0,5.0,13.0,23.0,10.0,26200.0,0.0,26600.0,0.0,0.0,0.0,,54.0,69.0,70.0,0.0,0.0,0.0,12.0,100.0,36.0,319.0,0.0,0.0,90.0,,aqf_foe_state,2,True,False,False,False,False,False,False
Sa,Certificate III,Natural And Physical Sciences,"Certificate III, Natural And Physical Sciences",2.0,False,74.0,96.0,22.0,77.0,96.0,19.0,33.0,43.0,10.0,41.0,52.0,11.0,48600.0,12600.0,48600.0,13400.0,65600.0,10300.0,45,11.0,18.0,74.0,6.0,13.0,2.0,15.0,93.0,34.0,240.0,0.0,29.0,71.0,1,aqf_foe_state,0,False,False,False,False,False,False,False
Sa,Certificate III,Society And Culture,"Certificate III, Society And Culture",35.0,False,61.0,93.0,32.0,65.0,94.0,29.0,30.0,35.0,5.0,35.0,59.0,24.0,48300.0,16500.0,48900.0,17800.0,63100.0,15300.0,52,17.0,24.0,62.0,6.0,4.0,3.0,30.0,58.0,32.0,226.0,2.0,16.0,82.0,17,aqf_foe_state,0,False,False,False,False,False,False,False
Wa,Certificate III,"Agriculture, Environment And Related Studies","Certificate III, Agriculture, Environment And Related Studies",3.0,False,82.0,90.0,8.0,86.0,95.0,9.0,26.0,20.0,-6.0,60.0,73.0,13.0,55100.0,10500.0,54800.0,10600.0,64100.0,8400.0,59,18.0,34.0,34.0,7.0,16.0,9.0,45.0,84.0,31.0,193.0,11.0,39.0,50.0,2,aqf_foe_state,0,False,False,False,False,False,False,False
Wa,Certificate III,Architecture And Building,"Certificate III, Architecture And Building",4.0,False,81.0,86.0,5.0,85.0,98.0,13.0,15.0,3.0,-12.0,70.0,94.0,24.0,70500.0,41500.0,70700.0,41500.0,72300.0,41500.0,,3.0,9.0,2.0,1.0,80.0,2.0,55.0,83.0,23.0,1103.0,4.0,18.0,77.0,5,aqf_foe_state,1,True,False,False,False,False,False,False
Wa,Certificate III,Creative Arts,"Certificate III, Creative Arts",1.0,False,52.0,78.0,26.0,53.0,78.0,25.0,29.0,52.0,23.0,23.0,26.0,3.0,19200.0,7500.0,19200.0,7100.0,36100.0,0.0,56,63.0,73.0,60.0,15.0,0.0,2.0,62.0,87.0,19.0,148.0,0.0,19.0,81.0,,aqf_foe_state,1,True,False,False,False,False,False,False
Wa,Certificate III,Education,"Certificate III, Education",10.0,False,55.0,93.0,38.0,57.0,95.0,38.0,42.0,63.0,21.0,15.0,33.0,18.0,34100.0,16800.0,34600.0,17000.0,47400.0,13900.0,51,38.0,43.0,95.0,6.0,9.0,3.0,32.0,80.0,29.0,303.0,4.0,18.0,78.0,7,aqf_foe_state,0,False,False,False,False,False,False,False
Wa,Certificate III,Engineering And Related Technologies,"Certificate III, Engineering And Related Technologies",26.0,False,82.0,95.0,13.0,83.0,96.0,13.0,11.0,4.0,-7.0,72.0,92.0,20.0,103600.0,42400.0,103100.0,41800.0,106200.0,39700.0,61,7.0,20.0,9.0,3.0,54.0,7.0,43.0,72.0,28.0,561.0,9.0,21.0,71.0,27,aqf_foe_state,0,False,False,False,False,False,False,False
Wa,Certificate III,"Food, Hospitality And Personal Services","Certificate III, Food, Hospitality And Personal Services",8.0,False,67.0,91.0,24.0,68.0,93.0,25.0,39.0,42.0,3.0,29.0,51.0,22.0,37700.0,19700.0,37900.0,20000.0,53500.0,17000.0,52,17.0,29.0,69.0,7.0,37.0,4.0,46.0,79.0,22.0,316.0,3.0,15.0,82.0,11,aqf_foe_state,0,False,False,False,False,False,False,False
Wa,Certificate III,Health,"Certificate III, Health",6.0,False,72.0,96.0,24.0,75.0,96.0,21.0,40.0,45.0,5.0,34.0,51.0,17.0,44300.0,15000.0,44300.0,15200.0,61900.0,14700.0,64,22.0,29.0,83.0,5.0,0.0,1.0,40.0,61.0,31.0,154.0,1.0,10.0,89.0,5,aqf_foe_state,0,False,False,False,False,False,False,False
Wa,Certificate III,Information Technology,"Certificate III, Information Technology",1.0,False,59.0,77.0,18.0,58.0,78.0,20.0,20.0,25.0,5.0,39.0,56.0,17.0,30700.0,12400.0,29800.0,12600.0,46900.0,8800.0,,63.0,72.0,16.0,25.0,6.0,4.0,40.0,91.0,21.0,151.0,0.0,26.0,75.0,,aqf_foe_state,2,True,False,False,False,False,False,False
Wa,Certificate III,Management And Commerce,"Certificate III, Management And Commerce",16.0,False,64.0,85.0,21.0,65.0,87.0,22.0,35.0,33.0,-2.0,30.0,54.0,24.0,41600.0,19800.0,41600.0,19800.0,55100.0,13600.0,45,15.0,26.0,64.0,13.0,27.0,6.0,41.0,69.0,28.0,260.0,3.0,13.0,84.0,14,aqf_foe_state,0,False,False,False,False,False,False,False
Wa,Certificate III,Mixed Field Programmes,"Certificate III, Mixed Field Programmes",3.0,False,23.0,67.0,44.0,26.0,69.0,43.0,14.0,43.0,29.0,10.0,26.0,16.0,21700.0,8900.0,22600.0,8900.0,46100.0,6800.0,47,35.0,64.0,72.0,4.0,0.0,1.0,71.0,99.0,32.0,204.0,0.0,7.0,92.0,1,aqf_foe_state,0,False,False,False,False,False,False,False
Wa,Certificate III,Natural And Physical Sciences,"Certificate III, Natural And Physical Sciences",2.0,False,76.0,94.0,18.0,78.0,96.0,18.0,44.0,49.0,5.0,35.0,46.0,11.0,44200.0,12200.0,44200.0,12200.0,58400.0,10000.0,59,28.0,34.0,81.0,4.0,7.0,4.0,27.0,49.0,32.0,165.0,2.0,15.0,81.0,1,aqf_foe_state,0,False,False,False,False,False,False,False
Wa,Certificate III,Society And Culture,"Certificate III, Society And Culture",22.0,False,66.0,94.0,28.0,69.0,95.0,26.0,37.0,41.0,4.0,32.0,54.0,22.0,45100.0,15100.0,46200.0,15800.0,64200.0,11200.0,54,22.0,29.0,74.0,7.0,5.0,3.0,32.0,66.0,34.0,191.0,3.0,18.0,79.0,20,aqf_foe_state,0,False,False,False,False,False,False,False
Tas,Certificate III,"Agriculture, Environment And Related Studies","Certificate III, Agriculture, Environment And Related Studies",6.0,False,93.0,98.0,5.0,93.0,98.0,5.0,11.0,6.0,-5.0,80.0,94.0,14.0,69200.0,14600.0,69200.0,14600.0,71900.0,13000.0,,11.0,20.0,14.0,9.0,81.0,11.0,43.0,94.0,30.0,717.0,3.0,97.0,0.0,1,aqf_foe_state,1,True,False,False,False,False,False,False
Tas,Certificate III,Architecture And Building,"Certificate III, Architecture And Building",11.0,False,81.0,90.0,9.0,84.0,95.0,11.0,14.0,3.0,-11.0,72.0,93.0,21.0,63900.0,39700.0,65200.0,39100.0,65500.0,37300.0,,20.0,24.0,2.0,5.0,80.0,4.0,53.0,85.0,23.0,1215.0,0.0,94.0,5.0,4,aqf_foe_state,1,True,False,False,False,False,False,False
Tas,Certificate III,Creative Arts,"Certificate III, Creative Arts",1.0,True,53.0,77.0,24.0,51.0,77.0,26.0,42.0,34.0,-8.0,17.0,43.0,26.0,26400.0,0.0,30600.0,0.0,0.0,0.0,,38.0,38.0,68.0,28.0,0.0,0.0,9.0,66.0,20.0,284.0,0.0,100.0,0.0,,aqf_foe_state,2,True,False,False,False,False,False,False
Tas,Certificate III,Education,"Certificate III, Education",8.0,False,69.0,94.0,25.0,72.0,94.0,22.0,56.0,65.0,9.0,14.0,31.0,17.0,31700.0,16700.0,31700.0,15400.0,46400.0,0.0,31,19.0,25.0,93.0,13.0,9.0,4.0,32.0,80.0,31.0,304.0,1.0,96.0,3.0,2,aqf_foe_state,0,False,False,False,False,False,False,False
Tas,Certificate III,Engineering And Related Technologies,"Certificate III, Engineering And Related Technologies",17.0,False,87.0,96.0,9.0,87.0,97.0,10.0,16.0,7.0,-9.0,71.0,91.0,20.0,76300.0,27900.0,75900.0,26800.0,78200.0,23900.0,48,5.0,20.0,11.0,7.0,71.0,5.0,42.0,89.0,26.0,1000.0,3.0,95.0,2.0,3,aqf_foe_state,0,False,False,False,False,False,False,False
Tas,Certificate III,"Food, Hospitality And Personal Services","Certificate III, Food, Hospitality And Personal Services",6.0,False,74.0,95.0,21.0,76.0,95.0,19.0,45.0,33.0,-12.0,31.0,63.0,32.0,46900.0,23200.0,48900.0,24100.0,56400.0,20200.0,,19.0,28.0,69.0,13.0,58.0,8.0,49.0,84.0,23.0,699.0,2.0,94.0,3.0,2,aqf_foe_state,1,True,False,False,False,False,False,False
Tas,Certificate III,Health,"Certificate III, Health",4.0,False,89.0,94.0,5.0,88.0,95.0,7.0,55.0,34.0,-21.0,29.0,59.0,30.0,48800.0,17800.0,49100.0,18200.0,55400.0,7500.0,,11.0,12.0,87.0,7.0,58.0,6.0,37.0,87.0,28.0,382.0,0.0,94.0,6.0,1,aqf_foe_state,1,True,False,False,False,False,False,False
Tas,Certificate III,Information Technology,"Certificate III, Information Technology",2.0,True,57.0,82.0,25.0,59.0,82.0,23.0,22.0,22.0,0.0,37.0,57.0,20.0,35500.0,14400.0,35500.0,14400.0,46200.0,0.0,,45.0,45.0,34.0,14.0,22.0,0.0,14.0,100.0,22.0,209.0,0.0,94.0,0.0,,aqf_foe_state,2,True,False,False,False,False,False,False
Tas,Certificate III,Management And Commerce,"Certificate III, Management And Commerce",17.0,False,74.0,84.0,10.0,75.0,85.0,10.0,43.0,29.0,-14.0,32.0,58.0,26.0,45700.0,18600.0,45300.0,18100.0,52400.0,8200.0,23,12.0,23.0,68.0,20.0,44.0,7.0,33.0,59.0,26.0,386.0,2.0,97.0,2.0,3,aqf_foe_state,0,False,False,False,False,False,False,False
Tas,Certificate III,Society And Culture,"Certificate III, Society And Culture",28.0,False,71.0,93.0,22.0,74.0,95.0,21.0,40.0,38.0,-2.0,34.0,57.0,23.0,47500.0,19900.0,48500.0,20600.0,63200.0,19900.0,47,20.0,27.0,67.0,9.0,11.0,6.0,32.0,70.0,32.0,278.0,0.0,93.0,7.0,6,aqf_foe_state,0,False,False,False,False,False,False,False
Nt,Certificate III,"Agriculture, Environment And Related Studies","Certificate III, Agriculture, Environment And Related Studies",4.0,True,100.0,100.0,0.0,100.0,100.0,0.0,20.0,8.0,-12.0,82.0,90.0,8.0,54500.0,15100.0,56100.0,17300.0,58200.0,15100.0,,20.0,38.0,31.0,0.0,54.0,8.0,23.0,100.0,24.0,296.0,27.0,66.0,7.0,,aqf_foe_state,2,True,False,False,False,False,False,False
Nt,Certificate III,Architecture And Building,"Certificate III, Architecture And Building",4.0,True,90.0,97.0,7.0,90.0,100.0,10.0,25.0,0.0,-25.0,73.0,96.0,23.0,78800.0,35300.0,83600.0,37300.0,84100.0,22400.0,,12.0,25.0,0.0,0.0,82.0,7.0,41.0,86.0,23.0,1061.0,36.0,51.0,0.0,,aqf_foe_state,2,True,False,False,False,False,False,False
Nt,Certificate III,Education,"Certificate III, Education",8.0,False,64.0,99.0,35.0,71.0,97.0,26.0,51.0,62.0,11.0,18.0,39.0,21.0,43300.0,11800.0,43400.0,12900.0,54300.0,0.0,,36.0,39.0,99.0,9.0,24.0,13.0,24.0,76.0,33.0,522.0,26.0,70.0,4.0,1,aqf_foe_state,1,True,False,False,False,False,False,False
Nt,Certificate III,Engineering And Related Technologies,"Certificate III, Engineering And Related Technologies",36.0,False,94.0,94.0,0.0,95.0,96.0,1.0,9.0,2.0,-7.0,87.0,93.0,6.0,97000.0,20300.0,96300.0,19800.0,97300.0,17100.0,71,4.0,18.0,6.0,3.0,49.0,19.0,28.0,82.0,34.0,488.0,29.0,64.0,6.0,5,aqf_foe_state,0,False,False,False,False,False,False,False
Nt,Certificate III,"Food, Hospitality And Personal Services","Certificate III, Food, Hospitality And Personal Services",7.0,False,81.0,100.0,19.0,81.0,100.0,19.0,34.0,39.0,5.0,47.0,62.0,15.0,47700.0,17000.0,47800.0,17400.0,57400.0,11600.0,,6.0,24.0,60.0,9.0,64.0,41.0,25.0,89.0,24.0,476.0,30.0,66.0,4.0,,aqf_foe_state,2,True,False,False,False,False,False,False
Nt,Certificate III,Health,"Certificate III, Health",4.0,True,71.0,94.0,23.0,72.0,94.0,22.0,19.0,19.0,0.0,52.0,68.0,16.0,72300.0,21900.0,74500.0,23300.0,80100.0,19100.0,,18.0,29.0,65.0,0.0,16.0,12.0,25.0,41.0,33.0,289.0,10.0,84.0,0.0,,aqf_foe_state,2,True,False,False,False,False,False,False
Nt,Certificate III,Management And Commerce,"Certificate III, Management And Commerce",11.0,False,79.0,90.0,11.0,79.0,90.0,11.0,38.0,30.0,-8.0,44.0,61.0,17.0,50200.0,18000.0,50200.0,18400.0,64600.0,14800.0,36,15.0,19.0,69.0,11.0,39.0,22.0,38.0,57.0,27.0,360.0,28.0,67.0,5.0,,aqf_foe_state,1,True,False,False,False,False,False,False
Nt,Certificate III,Society And Culture,"Certificate III, Society And Culture",23.0,False,81.0,96.0,15.0,84.0,96.0,12.0,26.0,19.0,-7.0,56.0,78.0,22.0,72100.0,22400.0,73400.0,24500.0,80200.0,22200.0,54,22.0,28.0,56.0,4.0,3.0,12.0,32.0,34.0,31.0,246.0,24.0,69.0,6.0,2,aqf_foe_state,0,False,False,False,False,False,False,False
Act,Certificate III,"Agriculture, Environment And Related Studies","Certificate III, Agriculture, Environment And Related Studies",3.0,True,61.0,89.0,28.0,69.0,78.0,9.0,28.0,30.0,2.0,44.0,65.0,21.0,51500.0,10900.0,52800.0,15000.0,63700.0,0.0,,22.0,33.0,46.0,20.0,22.0,0.0,0.0,85.0,30.0,822.0,0.0,21.0,79.0,,aqf_foe_state,2,True,False,False,False,False,False,False
Act,Certificate III,Architecture And Building,"Certificate III, Architecture And Building",11.0,False,81.0,87.0,6.0,83.0,95.0,12.0,19.0,0.0,-19.0,67.0,92.0,25.0,69300.0,35900.0,68500.0,31900.0,68600.0,26900.0,,13.0,19.0,0.0,2.0,72.0,4.0,18.0,85.0,24.0,1041.0,0.0,7.0,92.0,3,aqf_foe_state,1,True,False,False,False,False,False,False
Act,Certificate III,Creative Arts,"Certificate III, Creative Arts",2.0,True,62.0,71.0,9.0,62.0,79.0,17.0,42.0,40.0,-2.0,33.0,33.0,0.0,19800.0,0.0,18900.0,0.0,0.0,0.0,,50.0,62.0,40.0,25.0,0.0,0.0,0.0,94.0,24.0,310.0,0.0,0.0,94.0,,aqf_foe_state,2,True,False,False,False,False,False,False
Act,Certificate III,Education,"Certificate III, Education",13.0,False,56.0,93.0,37.0,57.0,94.0,37.0,42.0,53.0,11.0,16.0,40.0,24.0,41600.0,22300.0,41400.0,21700.0,53100.0,0.0,,37.0,40.0,92.0,9.0,35.0,2.0,19.0,73.0,29.0,443.0,0.0,0.0,99.0,1,aqf_foe_state,1,True,False,False,False,False,False,False
Act,Certificate III,Engineering And Related Technologies,"Certificate III, Engineering And Related Technologies",19.0,False,88.0,99.0,11.0,89.0,99.0,10.0,16.0,0.0,-16.0,74.0,98.0,24.0,87500.0,36800.0,87100.0,34400.0,87300.0,28500.0,,4.0,12.0,8.0,5.0,86.0,3.0,18.0,94.0,28.0,1183.0,0.0,7.0,93.0,3,aqf_foe_state,1,True,False,False,False,False,False,False
Act,Certificate III,"Food, Hospitality And Personal Services","Certificate III, Food, Hospitality And Personal Services",10.0,False,72.0,96.0,24.0,72.0,95.0,23.0,37.0,39.0,2.0,37.0,57.0,20.0,39600.0,16000.0,39500.0,16500.0,51100.0,16100.0,,24.0,36.0,52.0,11.0,53.0,3.0,32.0,91.0,22.0,404.0,0.0,3.0,97.0,,aqf_foe_state,2,True,False,False,False,False,False,False
Act,Certificate III,Health,"Certificate III, Health",3.0,True,67.0,91.0,24.0,70.0,94.0,24.0,36.0,43.0,7.0,36.0,47.0,11.0,36000.0,12000.0,36300.0,12000.0,50900.0,0.0,,51.0,60.0,84.0,24.0,0.0,0.0,0.0,71.0,23.0,307.0,0.0,0.0,100.0,,aqf_foe_state,2,True,False,False,False,False,False,False
Act,Certificate III,Information Technology,"Certificate III, Information Technology",2.0,True,77.0,96.0,19.0,77.0,96.0,19.0,29.0,28.0,-1.0,43.0,71.0,28.0,52400.0,12000.0,52400.0,12000.0,62700.0,0.0,,47.0,53.0,41.0,16.0,0.0,0.0,0.0,92.0,26.0,363.0,0.0,0.0,100.0,,aqf_foe_state,2,True,False,False,False,False,False,False
Act,Certificate III,Management And Commerce,"Certificate III, Management And Commerce",14.0,False,71.0,87.0,16.0,71.0,87.0,16.0,36.0,31.0,-5.0,35.0,55.0,20.0,43900.0,13900.0,44300.0,13900.0,61400.0,11100.0,40,21.0,33.0,65.0,20.0,37.0,8.0,24.0,74.0,27.0,344.0,0.0,2.0,98.0,,aqf_foe_state,1,True,False,False,False,False,False,False
Act,Certificate III,Society And Culture,"Certificate III, Society And Culture",22.0,False,75.0,93.0,18.0,77.0,95.0,18.0,37.0,32.0,-5.0,39.0,62.0,23.0,52100.0,15800.0,52400.0,15700.0,68200.0,10600.0,53,35.0,40.0,61.0,6.0,4.0,4.0,18.0,52.0,30.0,269.0,0.0,2.0,98.0,2,aqf_foe_state,0,False,False,False,False,False,False,False
Nsw,Certificate IV,"Agriculture, Environment And Related Studies","Certificate IV, Agriculture, Environment And Related Studies",1.0,False,87.0,83.0,-4.0,94.0,93.0,-1.0,25.0,16.0,-9.0,67.0,76.0,9.0,55800.0,13800.0,55500.0,15600.0,59600.0,15000.0,,10.0,24.0,45.0,3.0,10.0,5.0,25.0,90.0,29.0,303.0,0.0,74.0,22.0,,aqf_foe_state,2,True,False,False,False,False,False,False
Nsw,Certificate IV,Architecture And Building,"Certificate IV, Architecture And Building",8.0,False,82.0,81.0,-1.0,91.0,92.0,1.0,7.0,6.0,-1.0,84.0,85.0,1.0,65100.0,10400.0,63400.0,10400.0,67100.0,11500.0,74,12.0,31.0,11.0,2.0,1.0,2.0,15.0,60.0,30.0,314.0,0.0,15.0,84.0,11,aqf_foe_state,0,False,False,False,False,False,False,False
Nsw,Certificate IV,Creative Arts,"Certificate IV, Creative Arts",3.0,False,62.0,78.0,16.0,65.0,82.0,17.0,33.0,48.0,15.0,32.0,34.0,2.0,22700.0,6000.0,23400.0,6100.0,43200.0,5500.0,46,45.0,57.0,60.0,19.0,0.0,4.0,9.0,83.0,22.0,171.0,0.0,16.0,84.0,6,aqf_foe_state,0,False,False,False,False,False,False,False
Nsw,Certificate IV,Education,"Certificate IV, Education",16.0,False,86.0,92.0,6.0,90.0,95.0,5.0,21.0,24.0,3.0,68.0,71.0,3.0,75800.0,7400.0,74900.0,7400.0,90700.0,7200.0,55,7.0,24.0,59.0,5.0,1.0,3.0,10.0,38.0,41.0,302.0,0.0,24.0,74.0,39,aqf_foe_state,0,False,False,False,False,False,False,False
Nsw,Certificate IV,Engineering And Related Technologies,"Certificate IV, Engineering And Related Technologies",4.0,False,94.0,98.0,4.0,95.0,99.0,4.0,6.0,3.0,-3.0,89.0,96.0,7.0,110600.0,16500.0,110200.0,16800.0,111900.0,15900.0,87,10.0,23.0,7.0,2.0,13.0,7.0,23.0,46.0,34.0,297.0,1.0,35.0,65.0,6,aqf_foe_state,0,False,False,False,False,False,False,False
Nsw,Certificate IV,"Food, Hospitality And Personal Services","Certificate IV, Food, Hospitality And Personal Services",2.0,False,83.0,93.0,10.0,85.0,95.0,10.0,39.0,27.0,-12.0,46.0,68.0,22.0,49300.0,13900.0,49100.0,13600.0,55900.0,8900.0,57,11.0,27.0,40.0,6.0,14.0,2.0,30.0,41.0,27.0,215.0,0.0,13.0,86.0,4,aqf_foe_state,0,False,False,False,False,False,False,False
Nsw,Certificate IV,Health,"Certificate IV, Health",8.0,False,87.0,93.0,6.0,88.0,95.0,7.0,27.0,21.0,-6.0,62.0,74.0,12.0,62800.0,11200.0,62500.0,11400.0,74100.0,8300.0,58,11.0,25.0,60.0,8.0,2.0,5.0,11.0,59.0,33.0,322.0,1.0,26.0,74.0,12,aqf_foe_state,0,False,False,False,False,False,False,False
Nsw,Certificate IV,Information Technology,"Certificate IV, Information Technology",3.0,False,65.0,83.0,18.0,67.0,84.0,17.0,23.0,20.0,-3.0,45.0,63.0,18.0,47200.0,12500.0,46700.0,11900.0,56500.0,9500.0,62,28.0,45.0,21.0,12.0,10.0,2.0,4.0,97.0,28.0,283.0,0.0,11.0,89.0,5,aqf_foe_state,0,False,False,False,False,False,False,False
Nsw,Certificate IV,Management And Commerce,"Certificate IV, Management And Commerce",30.0,False,83.0,89.0,6.0,86.0,92.0,6.0,23.0,20.0,-3.0,63.0,72.0,9.0,64500.0,10900.0,63800.0,10800.0,73800.0,9900.0,54,13.0,26.0,61.0,5.0,9.0,3.0,13.0,56.0,34.0,297.0,0.0,20.0,80.0,57,aqf_foe_state,0,False,False,False,False,False,False,False
Nsw,Certificate IV,Mixed Field Programmes,"Certificate IV, Mixed Field Programmes",2.0,False,45.0,71.0,26.0,47.0,72.0,25.0,26.0,45.0,19.0,22.0,27.0,5.0,20400.0,9500.0,20900.0,9000.0,40500.0,1800.0,42,5.0,39.0,65.0,16.0,0.0,4.0,33.0,98.0,20.0,298.0,0.0,25.0,75.0,2,aqf_foe_state,0,False,False,False,False,False,False,False
Nsw,Certificate IV,Natural And Physical Sciences,"Certificate IV, Natural And Physical Sciences",1.0,False,68.0,84.0,16.0,72.0,88.0,16.0,23.0,24.0,1.0,47.0,64.0,17.0,53900.0,12100.0,53200.0,11900.0,61900.0,12100.0,70,33.0,44.0,46.0,6.0,17.0,2.0,10.0,98.0,31.0,285.0,0.0,18.0,82.0,,aqf_foe_state,1,True,False,False,False,False,False,False
Nsw,Certificate IV,Society And Culture,"Certificate IV, Society And Culture",23.0,False,81.0,91.0,10.0,83.0,94.0,11.0,35.0,31.0,-4.0,48.0,63.0,15.0,53600.0,10900.0,53800.0,11700.0,70400.0,10000.0,50,13.0,30.0,64.0,7.0,1.0,4.0,15.0,43.0,32.0,259.0,0.0,20.0,80.0,35,aqf_foe_state,0,False,False,False,False,False,False,False
Vic,Certificate IV,"Agriculture, Environment And Related Studies","Certificate IV, Agriculture, Environment And Related Studies",1.0,False,82.0,84.0,2.0,90.0,96.0,6.0,28.0,19.0,-9.0,63.0,74.0,11.0,48300.0,10500.0,50100.0,12300.0,56800.0,12900.0,,7.0,21.0,43.0,8.0,10.0,0.0,16.0,90.0,30.0,397.0,3.0,65.0,32.0,1,aqf_foe_state,1,True,False,False,False,False,False,False
Vic,Certificate IV,Architecture And Building,"Certificate IV, Architecture And Building",6.0,False,77.0,79.0,2.0,88.0,91.0,3.0,9.0,9.0,0.0,79.0,82.0,3.0,64100.0,6200.0,63800.0,6400.0,68300.0,6400.0,69,24.0,32.0,15.0,2.0,0.0,0.0,11.0,86.0,35.0,315.0,0.0,17.0,83.0,8,aqf_foe_state,0,False,False,False,False,False,False,False
Vic,Certificate IV,Creative Arts,"Certificate IV, Creative Arts",3.0,False,63.0,77.0,14.0,63.0,80.0,17.0,38.0,47.0,9.0,27.0,33.0,6.0,24400.0,9500.0,24200.0,8600.0,45500.0,10400.0,50,41.0,49.0,61.0,17.0,0.0,2.0,13.0,85.0,21.0,298.0,0.0,22.0,77.0,2,aqf_foe_state,0,False,False,False,False,False,False,False
Vic,Certificate IV,Education,"Certificate IV, Education",18.0,False,82.0,91.0,9.0,86.0,94.0,8.0,29.0,31.0,2.0,57.0,64.0,7.0,63400.0,8800.0,63200.0,8700.0,83200.0,9000.0,56,7.0,16.0,66.0,5.0,0.0,1.0,11.0,49.0,41.0,313.0,0.0,26.0,74.0,32,aqf_foe_state,0,False,False,False,False,False,False,False
Vic,Certificate IV,Engineering And Related Technologies,"Certificate IV, Engineering And Related Technologies",4.0,False,92.0,95.0,3.0,94.0,97.0,3.0,10.0,3.0,-7.0,85.0,94.0,9.0,89200.0,16000.0,88300.0,16400.0,90000.0,15000.0,87,10.0,18.0,20.0,2.0,14.0,1.0,20.0,41.0,35.0,450.0,0.0,26.0,74.0,6,aqf_foe_state,0,False,False,False,False,False,False,False
Vic,Certificate IV,"Food, Hospitality And Personal Services","Certificate IV, Food, Hospitality And Personal Services",3.0,False,79.0,92.0,13.0,80.0,94.0,14.0,38.0,40.0,2.0,43.0,54.0,11.0,44300.0,10800.0,44200.0,10700.0,58000.0,7600.0,49,10.0,28.0,54.0,4.0,14.0,1.0,22.0,67.0,27.0,368.0,0.0,22.0,77.0,3,aqf_foe_state,0,False,False,False,False,False,False,False
Vic,Certificate IV,Health,"Certificate IV, Health",9.0,False,87.0,94.0,7.0,89.0,96.0,7.0,29.0,23.0,-6.0,61.0,73.0,12.0,62400.0,11400.0,62100.0,11400.0,75200.0,9300.0,63,8.0,16.0,56.0,4.0,2.0,1.0,15.0,56.0,34.0,366.0,0.0,22.0,78.0,15,aqf_foe_state,0,False,False,False,False,False,False,False
Vic,Certificate IV,Information Technology,"Certificate IV, Information Technology",4.0,False,68.0,81.0,13.0,71.0,84.0,13.0,19.0,17.0,-2.0,53.0,68.0,15.0,50700.0,10300.0,50500.0,9900.0,59800.0,9100.0,62,14.0,23.0,22.0,9.0,5.0,1.0,10.0,95.0,33.0,352.0,0.0,7.0,93.0,2,aqf_foe_state,0,False,False,False,False,False,False,False
Vic,Certificate IV,Management And Commerce,"Certificate IV, Management And Commerce",25.0,False,82.0,88.0,6.0,86.0,92.0,6.0,26.0,23.0,-3.0,60.0,69.0,9.0,58700.0,10000.0,58300.0,9900.0,70300.0,9200.0,65,14.0,22.0,60.0,3.0,6.0,1.0,14.0,52.0,35.0,288.0,0.0,18.0,81.0,34,aqf_foe_state,0,False,False,False,False,False,False,False
Vic,Certificate IV,Mixed Field Programmes,"Certificate IV, Mixed Field Programmes",2.0,False,39.0,70.0,31.0,41.0,73.0,32.0,22.0,41.0,19.0,20.0,31.0,11.0,20200.0,6600.0,21400.0,8600.0,43300.0,8600.0,50,22.0,55.0,64.0,7.0,0.0,2.0,24.0,99.0,23.0,146.0,0.0,5.0,95.0,1,aqf_foe_state,0,False,False,False,False,False,False,False
Vic,Certificate IV,Natural And Physical Sciences,"Certificate IV, Natural And Physical Sciences",1.0,False,64.0,83.0,19.0,67.0,84.0,17.0,21.0,26.0,5.0,47.0,60.0,13.0,52900.0,12300.0,53400.0,13200.0,62400.0,11600.0,55,34.0,46.0,57.0,8.0,16.0,6.0,11.0,86.0,30.0,304.0,0.0,18.0,81.0,,aqf_foe_state,1,True,False,False,False,False,False,False
Vic,Certificate IV,Society And Culture,"Certificate IV, Society And Culture",26.0,False,79.0,91.0,12.0,82.0,94.0,12.0,36.0,32.0,-4.0,47.0,62.0,15.0,52900.0,13800.0,54300.0,14900.0,71000.0,13100.0,54,11.0,25.0,66.0,7.0,3.0,2.0,14.0,57.0,33.0,310.0,0.0,24.0,76.0,31,aqf_foe_state,0,False,False,False,False,False,False,False
Qld,Certificate IV,"Agriculture, Environment And Related Studies","Certificate IV, Agriculture, Environment And Related Studies",0.0,True,100.0,100.0,0.0,100.0,100.0,0.0,7.0,0.0,-7.0,92.0,96.0,4.0,76400.0,1900.0,76400.0,2100.0,76800.0,1600.0,,0.0,47.0,18.0,0.0,26.0,0.0,7.0,61.0,37.0,410.0,18.0,27.0,55.0,,aqf_foe_state,2,True,False,False,False,False,False,False
Qld,Certificate IV,Architecture And Building,"Certificate IV, Architecture And Building",6.0,False,80.0,79.0,-1.0,91.0,91.0,0.0,3.0,5.0,2.0,87.0,87.0,0.0,75400.0,8000.0,77200.0,9700.0,79000.0,10500.0,84,7.0,28.0,9.0,2.0,0.0,2.0,12.0,17.0,33.0,297.0,1.0,24.0,74.0,7,aqf_foe_state,0,False,False,False,False,False,False,False
Qld,Certificate IV,Creative Arts,"Certificate IV, Creative Arts",1.0,False,65.0,84.0,19.0,68.0,91.0,23.0,33.0,44.0,11.0,40.0,45.0,5.0,33900.0,14800.0,32600.0,14100.0,52300.0,8000.0,,16.0,22.0,80.0,5.0,0.0,7.0,34.0,6.0,20.0,301.0,0.0,18.0,78.0,,aqf_foe_state,2,True,False,False,False,False,False,False
Qld,Certificate IV,Education,"Certificate IV, Education",24.0,False,90.0,94.0,4.0,93.0,97.0,4.0,30.0,29.0,-1.0,63.0,68.0,5.0,67200.0,5400.0,66400.0,5900.0,88000.0,6100.0,60,4.0,20.0,61.0,3.0,0.0,2.0,13.0,26.0,43.0,233.0,3.0,35.0,61.0,22,aqf_foe_state,0,False,False,False,False,False,False,False
Qld,Certificate IV,Engineering And Related Technologies,"Certificate IV, Engineering And Related Technologies",8.0,False,93.0,95.0,2.0,96.0,97.0,1.0,3.0,1.0,-2.0,93.0,96.0,3.0,119700.0,12000.0,118500.0,12900.0,120000.0,12400.0,83,6.0,27.0,6.0,1.0,9.0,4.0,18.0,46.0,37.0,211.0,3.0,45.0,52.0,7,aqf_foe_state,0,False,False,False,False,False,False,False
Qld,Certificate IV,"Food, Hospitality And Personal Services","Certificate IV, Food, Hospitality And Personal Services",6.0,False,90.0,94.0,4.0,93.0,97.0,4.0,44.0,35.0,-9.0,49.0,62.0,13.0,48500.0,8300.0,48800.0,9200.0,59000.0,8100.0,64,9.0,17.0,61.0,1.0,1.0,2.0,26.0,81.0,32.0,104.0,1.0,41.0,58.0,10,aqf_foe_state,0,False,False,False,False,False,False,False
Qld,Certificate IV,Health,"Certificate IV, Health",10.0,False,91.0,95.0,4.0,93.0,97.0,4.0,23.0,17.0,-6.0,70.0,80.0,10.0,73300.0,10400.0,72900.0,10700.0,80900.0,8500.0,66,10.0,22.0,59.0,4.0,1.0,5.0,14.0,19.0,36.0,281.0,3.0,32.0,65.0,10,aqf_foe_state,0,False,False,False,False,False,False,False
Qld,Certificate IV,Information Technology,"Certificate IV, Information Technology",1.0,False,76.0,78.0,2.0,76.0,84.0,8.0,20.0,11.0,-9.0,56.0,72.0,16.0,48200.0,13900.0,48500.0,12900.0,57600.0,10000.0,,14.0,24.0,11.0,7.0,8.0,0.0,10.0,71.0,27.0,340.0,0.0,13.0,86.0,,aqf_foe_state,2,True,False,False,False,False,False,False
Qld,Certificate IV,Management And Commerce,"Certificate IV, Management And Commerce",18.0,False,85.0,89.0,4.0,88.0,93.0,5.0,26.0,21.0,-5.0,62.0,72.0,10.0,62000.0,8900.0,61500.0,9000.0,72500.0,7900.0,60,12.0,22.0,62.0,4.0,4.0,2.0,15.0,32.0,37.0,254.0,2.0,25.0,72.0,21,aqf_foe_state,0,False,False,False,False,False,False,False
Qld,Certificate IV,Mixed Field Programmes,"Certificate IV, Mixed Field Programmes",2.0,False,68.0,81.0,13.0,71.0,83.0,12.0,34.0,46.0,12.0,37.0,36.0,-1.0,25000.0,-900.0,25300.0,-500.0,45800.0,-300.0,67,7.0,17.0,55.0,10.0,0.0,4.0,31.0,98.0,23.0,282.0,2.0,10.0,89.0,1,aqf_foe_state,0,False,False,False,False,False,False,False
Qld,Certificate IV,Natural And Physical Sciences,"Certificate IV, Natural And Physical Sciences",1.0,False,88.0,93.0,5.0,89.0,100.0,11.0,17.0,16.0,-1.0,70.0,80.0,10.0,66400.0,15300.0,66200.0,14300.0,77900.0,11300.0,,24.0,34.0,47.0,9.0,70.0,0.0,12.0,94.0,32.0,344.0,0.0,45.0,51.0,1,aqf_foe_state,1,True,False,False,False,False,False,False
Qld,Certificate IV,Society And Culture,"Certificate IV, Society And Culture",25.0,False,88.0,92.0,4.0,90.0,95.0,5.0,32.0,28.0,-4.0,58.0,67.0,9.0,56500.0,9300.0,57100.0,9900.0,73000.0,9700.0,56,10.0,26.0,63.0,5.0,0.0,5.0,16.0,42.0,36.0,237.0,2.0,35.0,63.0,21,aqf_foe_state,0,False,False,False,False,False,False,False
Sa,Certificate IV,Architecture And Building,"Certificate IV, Architecture And Building",4.0,False,79.0,81.0,2.0,86.0,94.0,8.0,8.0,6.0,-2.0,77.0,89.0,12.0,74800.0,10600.0,69700.0,10600.0,74500.0,10600.0,,5.0,13.0,16.0,0.0,0.0,0.0,9.0,67.0,33.0,395.0,0.0,13.0,84.0,1,aqf_foe_state,1,True,False,False,False,False,False,False
Sa,Certificate IV,Creative Arts,"Certificate IV, Creative Arts",3.0,False,60.0,80.0,20.0,70.0,85.0,15.0,37.0,50.0,13.0,28.0,35.0,7.0,26200.0,6800.0,26700.0,4600.0,44100.0,0.0,,52.0,61.0,54.0,19.0,0.0,0.0,12.0,77.0,21.0,155.0,0.0,11.0,89.0,,aqf_foe_state,2,True,False,False,False,False,False,False
Sa,Certificate IV,Education,"Certificate IV, Education",17.0,False,88.0,93.0,5.0,92.0,96.0,4.0,23.0,21.0,-2.0,70.0,76.0,6.0,76600.0,5600.0,75200.0,6000.0,87600.0,5700.0,66,6.0,20.0,54.0,4.0,1.0,3.0,7.0,39.0,44.0,299.0,2.0,19.0,79.0,4,aqf_foe_state,0,False,False,False,False,False,False,False
Sa,Certificate IV,Engineering And Related Technologies,"Certificate IV, Engineering And Related Technologies",6.0,False,91.0,93.0,2.0,95.0,94.0,-1.0,7.0,3.0,-4.0,88.0,91.0,3.0,111200.0,9200.0,109200.0,9000.0,112300.0,8100.0,,18.0,28.0,6.0,4.0,8.0,0.0,19.0,33.0,38.0,170.0,5.0,20.0,75.0,1,aqf_foe_state,1,True,False,False,False,False,False,False
Sa,Certificate IV,"Food, Hospitality And Personal Services","Certificate IV, Food, Hospitality And Personal Services",2.0,True,83.0,86.0,3.0,83.0,88.0,5.0,28.0,16.0,-12.0,53.0,67.0,14.0,59100.0,9700.0,58900.0,9800.0,62200.0,7200.0,,6.0,22.0,37.0,0.0,0.0,0.0,14.0,33.0,31.0,225.0,0.0,18.0,81.0,1,aqf_foe_state,1,True,False,False,False,False,False,False
Sa,Certificate IV,Health,"Certificate IV, Health",9.0,False,88.0,93.0,5.0,90.0,95.0,5.0,29.0,25.0,-4.0,61.0,70.0,9.0,62500.0,10300.0,64200.0,10600.0,76800.0,8400.0,55,16.0,25.0,62.0,4.0,1.0,6.0,15.0,22.0,35.0,321.0,6.0,30.0,64.0,2,aqf_foe_state,0,False,False,False,False,False,False,False
Sa,Certificate IV,Information Technology,"Certificate IV, Information Technology",1.0,True,71.0,88.0,17.0,68.0,88.0,20.0,24.0,21.0,-3.0,34.0,68.0,34.0,51100.0,14700.0,51100.0,15700.0,59100.0,0.0,,16.0,22.0,29.0,15.0,16.0,0.0,7.0,91.0,31.0,403.0,0.0,11.0,89.0,,aqf_foe_state,2,True,False,False,False,False,False,False
Sa,Certificate IV,Management And Commerce,"Certificate IV, Management And Commerce",23.0,False,87.0,93.0,6.0,90.0,95.0,5.0,21.0,14.0,-7.0,69.0,81.0,12.0,71600.0,10800.0,70900.0,10700.0,77500.0,8800.0,64,13.0,22.0,55.0,4.0,13.0,1.0,10.0,38.0,35.0,352.0,2.0,16.0,82.0,7,aqf_foe_state,0,False,False,False,False,False,False,False
Sa,Certificate IV,Mixed Field Programmes,"Certificate IV, Mixed Field Programmes",2.0,False,33.0,63.0,30.0,39.0,63.0,24.0,21.0,45.0,24.0,10.0,27.0,17.0,27900.0,0.0,26700.0,0.0,0.0,0.0,,47.0,63.0,74.0,0.0,0.0,0.0,0.0,100.0,37.0,303.0,0.0,0.0,96.0,,aqf_foe_state,2,True,False,False,False,False,False,False
Sa,Certificate IV,Society And Culture,"Certificate IV, Society And Culture",32.0,False,86.0,93.0,7.0,89.0,96.0,7.0,32.0,26.0,-6.0,56.0,70.0,14.0,63700.0,13300.0,63700.0,13600.0,76200.0,12100.0,56,6.0,23.0,66.0,5.0,0.0,2.0,13.0,45.0,34.0,298.0,2.0,14.0,84.0,9,aqf_foe_state,0,False,False,False,False,False,False,False
Wa,Certificate IV,"Agriculture, Environment And Related Studies","Certificate IV, Agriculture, Environment And Related Studies",1.0,True,91.0,90.0,-1.0,90.0,95.0,5.0,29.0,12.0,-17.0,57.0,80.0,23.0,60100.0,15000.0,61200.0,16300.0,65000.0,15400.0,,0.0,16.0,45.0,8.0,6.0,6.0,35.0,85.0,34.0,231.0,19.0,48.0,33.0,,aqf_foe_state,2,True,False,False,False,False,False,False
Wa,Certificate IV,Architecture And Building,"Certificate IV, Architecture And Building",1.0,True,68.0,85.0,17.0,77.0,92.0,15.0,23.0,19.0,-4.0,51.0,68.0,17.0,45900.0,11000.0,48500.0,11400.0,55700.0,5400.0,,21.0,39.0,44.0,0.0,0.0,0.0,41.0,80.0,27.0,339.0,0.0,14.0,86.0,,aqf_foe_state,2,True,False,False,False,False,False,False
Wa,Certificate IV,Creative Arts,"Certificate IV, Creative Arts",2.0,False,57.0,72.0,15.0,58.0,72.0,14.0,38.0,46.0,8.0,23.0,25.0,2.0,22000.0,7900.0,22500.0,6700.0,38700.0,0.0,45,62.0,72.0,55.0,17.0,0.0,11.0,51.0,84.0,21.0,298.0,3.0,7.0,86.0,,aqf_foe_state,1,True,False,False,False,False,False,False
Wa,Certificate IV,Education,"Certificate IV, Education",24.0,False,84.0,97.0,13.0,86.0,98.0,12.0,31.0,32.0,1.0,55.0,66.0,11.0,59700.0,12700.0,60500.0,12700.0,91200.0,9800.0,63,4.0,19.0,65.0,4.0,1.0,2.0,17.0,36.0,39.0,218.0,4.0,16.0,79.0,17,aqf_foe_state,0,False,False,False,False,False,False,False
Wa,Certificate IV,Engineering And Related Technologies,"Certificate IV, Engineering And Related Technologies",11.0,False,95.0,97.0,2.0,96.0,98.0,2.0,4.0,3.0,-1.0,92.0,95.0,3.0,131500.0,17500.0,131400.0,17500.0,133200.0,17200.0,88,9.0,23.0,8.0,2.0,5.0,3.0,24.0,55.0,36.0,62.0,6.0,16.0,78.0,5,aqf_foe_state,0,False,False,False,False,False,False,False
Wa,Certificate IV,"Food, Hospitality And Personal Services","Certificate IV, Food, Hospitality And Personal Services",3.0,False,81.0,93.0,12.0,82.0,95.0,13.0,35.0,38.0,3.0,48.0,57.0,9.0,44900.0,16100.0,46400.0,16400.0,62800.0,13000.0,,13.0,29.0,60.0,6.0,17.0,0.0,32.0,53.0,27.0,256.0,7.0,15.0,78.0,1,aqf_foe_state,1,True,False,False,False,False,False,False
Wa,Certificate IV,Health,"Certificate IV, Health",15.0,False,81.0,93.0,12.0,82.0,95.0,13.0,33.0,31.0,-2.0,48.0,64.0,16.0,54000.0,14400.0,54100.0,14200.0,75000.0,11200.0,55,18.0,34.0,70.0,5.0,2.0,4.0,28.0,57.0,30.0,256.0,4.0,14.0,82.0,9,aqf_foe_state,0,False,False,False,False,False,False,False
Wa,Certificate IV,Information Technology,"Certificate IV, Information Technology",3.0,False,64.0,84.0,20.0,65.0,85.0,20.0,26.0,24.0,-2.0,38.0,61.0,23.0,43800.0,16800.0,44700.0,16800.0,53600.0,14900.0,68,40.0,53.0,19.0,11.0,3.0,2.0,24.0,87.0,24.0,315.0,2.0,10.0,88.0,,aqf_foe_state,1,True,False,False,False,False,False,False
Wa,Certificate IV,Management And Commerce,"Certificate IV, Management And Commerce",18.0,False,83.0,92.0,9.0,85.0,94.0,9.0,24.0,21.0,-3.0,61.0,73.0,12.0,66700.0,13400.0,66300.0,13300.0,79900.0,11700.0,66,12.0,27.0,61.0,5.0,8.0,2.0,23.0,41.0,34.0,331.0,5.0,17.0,78.0,10,aqf_foe_state,0,False,False,False,False,False,False,False
Wa,Certificate IV,Mixed Field Programmes,"Certificate IV, Mixed Field Programmes",2.0,False,47.0,69.0,22.0,52.0,73.0,21.0,20.0,37.0,17.0,33.0,39.0,6.0,38400.0,7400.0,37900.0,9700.0,125700.0,7200.0,43,8.0,55.0,76.0,4.0,0.0,27.0,42.0,98.0,36.0,152.0,15.0,5.0,80.0,,aqf_foe_state,1,True,False,False,False,False,False,False
Wa,Certificate IV,Natural And Physical Sciences,"Certificate IV, Natural And Physical Sciences",2.0,False,70.0,91.0,21.0,71.0,93.0,22.0,32.0,28.0,-4.0,35.0,65.0,30.0,53200.0,17900.0,54300.0,20900.0,62300.0,16500.0,73,16.0,27.0,58.0,6.0,17.0,0.0,8.0,74.0,30.0,301.0,0.0,17.0,81.0,,aqf_foe_state,1,True,False,False,False,False,False,False
Wa,Certificate IV,Society And Culture,"Certificate IV, Society And Culture",20.0,False,78.0,90.0,12.0,80.0,93.0,13.0,32.0,33.0,1.0,49.0,60.0,11.0,47800.0,10000.0,48800.0,10700.0,67800.0,8100.0,54,12.0,33.0,66.0,8.0,2.0,4.0,27.0,45.0,32.0,230.0,4.0,14.0,81.0,10,aqf_foe_state,0,False,False,False,False,False,False,False
Tas,Certificate IV,Architecture And Building,"Certificate IV, Architecture And Building",10.0,False,84.0,81.0,-3.0,95.0,97.0,2.0,8.0,6.0,-2.0,86.0,88.0,2.0,68300.0,12800.0,64400.0,12300.0,67100.0,12200.0,,17.0,24.0,4.0,3.0,0.0,3.0,19.0,52.0,30.0,416.0,0.0,97.0,3.0,1,aqf_foe_state,1,True,False,False,False,False,False,False
Tas,Certificate IV,Education,"Certificate IV, Education",12.0,False,90.0,96.0,6.0,92.0,97.0,5.0,19.0,15.0,-4.0,76.0,82.0,6.0,77900.0,7300.0,77600.0,8400.0,84900.0,8200.0,,7.0,23.0,40.0,3.0,0.0,4.0,9.0,13.0,44.0,244.0,2.0,95.0,2.0,,aqf_foe_state,2,True,False,False,False,False,False,False
Tas,Certificate IV,Engineering And Related Technologies,"Certificate IV, Engineering And Related Technologies",5.0,False,84.0,92.0,8.0,84.0,92.0,8.0,10.0,12.0,2.0,79.0,83.0,4.0,96600.0,14900.0,95100.0,14800.0,99200.0,12500.0,,0.0,25.0,24.0,5.0,28.0,8.0,18.0,64.0,35.0,218.0,11.0,89.0,0.0,,aqf_foe_state,2,True,False,False,False,False,False,False
Tas,Certificate IV,"Food, Hospitality And Personal Services","Certificate IV, Food, Hospitality And Personal Services",4.0,True,82.0,87.0,5.0,84.0,92.0,8.0,60.0,29.0,-31.0,26.0,55.0,29.0,43800.0,16500.0,44900.0,17900.0,59700.0,0.0,,11.0,33.0,66.0,15.0,0.0,0.0,27.0,66.0,26.0,287.0,0.0,88.0,11.0,,aqf_foe_state,2,True,False,False,False,False,False,False
Tas,Certificate IV,Health,"Certificate IV, Health",5.0,True,98.0,98.0,0.0,98.0,100.0,2.0,21.0,16.0,-5.0,76.0,90.0,14.0,64900.0,9400.0,63700.0,9200.0,70400.0,9100.0,,5.0,16.0,62.0,13.0,24.0,0.0,25.0,53.0,38.0,469.0,0.0,94.0,5.0,,aqf_foe_state,2,True,False,False,False,False,False,False
Tas,Certificate IV,Management And Commerce,"Certificate IV, Management And Commerce",36.0,False,94.0,96.0,2.0,96.0,97.0,1.0,18.0,15.0,-3.0,78.0,82.0,4.0,71600.0,7400.0,71600.0,7400.0,78000.0,6900.0,61,13.0,23.0,58.0,4.0,56.0,4.0,12.0,80.0,36.0,311.0,3.0,94.0,2.0,2,aqf_foe_state,0,False,False,False,False,False,False,False
Tas,Certificate IV,Society And Culture,"Certificate IV, Society And Culture",22.0,False,89.0,91.0,2.0,92.0,95.0,3.0,36.0,25.0,-11.0,54.0,69.0,15.0,61600.0,11300.0,61500.0,10800.0,72700.0,7400.0,46,16.0,31.0,59.0,7.0,20.0,5.0,25.0,35.0,34.0,293.0,2.0,90.0,8.0,1,aqf_foe_state,0,False,False,False,False,False,False,False
Nt,Certificate IV,Education,"Certificate IV, Education",27.0,False,91.0,92.0,1.0,92.0,95.0,3.0,18.0,17.0,-1.0,74.0,78.0,4.0,84800.0,8800.0,86700.0,9300.0,96400.0,9200.0,,6.0,25.0,51.0,5.0,5.0,10.0,7.0,19.0,42.0,215.0,23.0,69.0,8.0,1,aqf_foe_state,1,True,False,False,False,False,False,False
Nt,Certificate IV,Engineering And Related Technologies,"Certificate IV, Engineering And Related Technologies",5.0,True,100.0,100.0,0.0,100.0,100.0,0.0,0.0,0.0,0.0,97.0,100.0,3.0,127400.0,8200.0,125800.0,10700.0,125800.0,9700.0,,24.0,46.0,15.0,0.0,0.0,9.0,0.0,42.0,34.0,171.0,25.0,63.0,9.0,,aqf_foe_state,2,True,False,False,False,False,False,False
Nt,Certificate IV,Health,"Certificate IV, Health",8.0,False,97.0,98.0,1.0,97.0,98.0,1.0,22.0,11.0,-11.0,84.0,88.0,4.0,89900.0,16200.0,90300.0,16400.0,95900.0,16900.0,,15.0,29.0,48.0,0.0,0.0,18.0,16.0,36.0,38.0,318.0,30.0,69.0,0.0,,aqf_foe_state,2,True,False,False,False,False,False,False
Nt,Certificate IV,Management And Commerce,"Certificate IV, Management And Commerce",22.0,False,87.0,94.0,7.0,89.0,95.0,6.0,20.0,15.0,-5.0,70.0,79.0,9.0,74800.0,12700.0,73500.0,12800.0,79600.0,12600.0,,10.0,23.0,75.0,5.0,13.0,10.0,8.0,51.0,34.0,399.0,22.0,73.0,5.0,,aqf_foe_state,2,True,False,False,False,False,False,False
Nt,Certificate IV,Society And Culture,"Certificate IV, Society And Culture",30.0,False,90.0,95.0,5.0,94.0,97.0,3.0,21.0,14.0,-7.0,73.0,84.0,11.0,91500.0,15900.0,91900.0,16200.0,96400.0,14000.0,,10.0,23.0,51.0,6.0,7.0,12.0,19.0,31.0,37.0,316.0,28.0,65.0,5.0,1,aqf_foe_state,1,True,False,False,False,False,False,False
Act,Certificate IV,Architecture And Building,"Certificate IV, Architecture And Building",4.0,True,89.0,83.0,-6.0,89.0,94.0,5.0,0.0,0.0,0.0,84.0,89.0,5.0,73900.0,1500.0,70800.0,300.0,74500.0,400.0,,11.0,27.0,8.0,0.0,0.0,0.0,10.0,25.0,35.0,344.0,0.0,7.0,93.0,,aqf_foe_state,2,True,False,False,False,False,False,False
Act,Certificate IV,Creative Arts,"Certificate IV, Creative Arts",3.0,True,80.0,86.0,6.0,80.0,97.0,17.0,43.0,42.0,-1.0,37.0,49.0,12.0,25000.0,6000.0,25500.0,5900.0,43800.0,0.0,,49.0,71.0,60.0,23.0,0.0,0.0,8.0,60.0,21.0,310.0,0.0,12.0,88.0,,aqf_foe_state,2,True,False,False,False,False,False,False
Act,Certificate IV,Education,"Certificate IV, Education",20.0,False,88.0,93.0,5.0,89.0,96.0,7.0,21.0,18.0,-3.0,69.0,78.0,9.0,89500.0,7800.0,88700.0,8500.0,100100.0,5500.0,,7.0,17.0,57.0,4.0,16.0,2.0,7.0,40.0,42.0,296.0,0.0,2.0,97.0,3,aqf_foe_state,1,True,False,False,False,False,False,False
Act,Certificate IV,"Food, Hospitality And Personal Services","Certificate IV, Food, Hospitality And Personal Services",2.0,True,90.0,100.0,10.0,90.0,100.0,10.0,35.0,23.0,-12.0,75.0,79.0,4.0,58100.0,13300.0,58300.0,13300.0,63300.0,12500.0,,29.0,42.0,39.0,0.0,31.0,0.0,19.0,50.0,29.0,256.0,0.0,0.0,100.0,,aqf_foe_state,2,True,False,False,False,False,False,False
Act,Certificate IV,Health,"Certificate IV, Health",7.0,False,91.0,99.0,8.0,95.0,100.0,5.0,27.0,15.0,-12.0,68.0,85.0,17.0,71200.0,17400.0,70900.0,17400.0,80000.0,11200.0,,9.0,19.0,58.0,5.0,8.0,0.0,11.0,55.0,33.0,403.0,0.0,7.0,94.0,,aqf_foe_state,2,True,False,False,False,False,False,False
Act,Certificate IV,Information Technology,"Certificate IV, Information Technology",8.0,False,84.0,93.0,9.0,82.0,97.0,15.0,23.0,5.0,-18.0,60.0,89.0,29.0,79500.0,23700.0,79500.0,24100.0,83400.0,18700.0,,16.0,23.0,26.0,8.0,17.0,0.0,3.0,95.0,33.0,554.0,0.0,0.0,98.0,,aqf_foe_state,2,True,False,False,False,False,False,False
Act,Certificate IV,Management And Commerce,"Certificate IV, Management And Commerce",27.0,False,93.0,96.0,3.0,94.0,99.0,5.0,21.0,12.0,-9.0,73.0,87.0,14.0,81200.0,11300.0,81400.0,11600.0,85400.0,9500.0,76,11.0,18.0,62.0,2.0,18.0,3.0,8.0,35.0,35.0,231.0,0.0,3.0,97.0,4,aqf_foe_state,0,False,False,False,False,False,False,False
Act,Certificate IV,Society And Culture,"Certificate IV, Society And Culture",26.0,False,88.0,96.0,8.0,90.0,98.0,8.0,21.0,14.0,-7.0,69.0,84.0,15.0,81500.0,12300.0,81700.0,11900.0,87600.0,10400.0,75,9.0,22.0,53.0,5.0,10.0,2.0,13.0,28.0,33.0,208.0,0.0,3.0,97.0,4,aqf_foe_state,0,False,False,False,False,False,False,False
Nsw,Diploma,"Agriculture, Environment And Related Studies","Diploma, Agriculture, Environment And Related Studies",1.0,False,91.0,93.0,2.0,94.0,100.0,6.0,21.0,9.0,-12.0,70.0,86.0,16.0,71000.0,14600.0,67700.0,16100.0,73300.0,13500.0,,3.0,27.0,39.0,5.0,0.0,5.0,7.0,83.0,32.0,575.0,0.0,35.0,65.0,,aqf_foe_state,2,True,False,False,False,False,False,False
Nsw,Diploma,Architecture And Building,"Diploma, Architecture And Building",4.0,False,73.0,82.0,9.0,79.0,88.0,9.0,18.0,20.0,2.0,60.0,68.0,8.0,50500.0,8200.0,50100.0,9100.0,59400.0,8400.0,66,3.0,24.0,35.0,4.0,2.0,2.0,6.0,54.0,33.0,509.0,0.0,8.0,92.0,5,aqf_foe_state,0,False,False,False,False,False,False,False
Nsw,Diploma,Creative Arts,"Diploma, Creative Arts",6.0,False,60.0,79.0,19.0,63.0,82.0,19.0,34.0,46.0,12.0,29.0,36.0,7.0,25900.0,9300.0,26300.0,10000.0,45300.0,8200.0,36,16.0,32.0,62.0,23.0,0.0,4.0,9.0,59.0,22.0,320.0,0.0,14.0,85.0,5,aqf_foe_state,0,False,False,False,False,False,False,False
Nsw,Diploma,Education,"Diploma, Education",15.0,False,80.0,94.0,14.0,81.0,96.0,15.0,53.0,40.0,-13.0,28.0,56.0,28.0,49400.0,17400.0,49400.0,17400.0,55700.0,10200.0,54,1.0,16.0,95.0,6.0,35.0,4.0,10.0,67.0,28.0,505.0,0.0,19.0,80.0,8,aqf_foe_state,0,False,False,False,False,False,False,False
Nsw,Diploma,Engineering And Related Technologies,"Diploma, Engineering And Related Technologies",3.0,False,88.0,94.0,6.0,89.0,96.0,7.0,14.0,7.0,-7.0,75.0,89.0,14.0,84300.0,18800.0,82900.0,19600.0,88900.0,17500.0,,5.0,26.0,8.0,2.0,6.0,1.0,7.0,56.0,29.0,347.0,0.0,21.0,80.0,2,aqf_foe_state,1,True,False,False,False,False,False,False
Nsw,Diploma,"Food, Hospitality And Personal Services","Diploma, Food, Hospitality And Personal Services",4.0,False,67.0,84.0,17.0,69.0,88.0,19.0,47.0,61.0,14.0,23.0,27.0,4.0,27300.0,8500.0,27300.0,8300.0,44000.0,5300.0,39,2.0,28.0,99.0,12.0,0.0,7.0,13.0,89.0,23.0,306.0,0.0,19.0,80.0,3,aqf_foe_state,0,False,False,False,False,False,False,False
Nsw,Diploma,Health,"Diploma, Health",12.0,False,80.0,87.0,7.0,84.0,94.0,10.0,41.0,32.0,-9.0,43.0,62.0,19.0,56400.0,16600.0,54000.0,15800.0,67700.0,12700.0,44,2.0,15.0,75.0,7.0,0.0,4.0,7.0,58.0,31.0,513.0,1.0,25.0,74.0,11,aqf_foe_state,0,False,False,False,False,False,False,False
Nsw,Diploma,Information Technology,"Diploma, Information Technology",2.0,False,61.0,78.0,17.0,64.0,83.0,19.0,22.0,23.0,1.0,43.0,60.0,17.0,44700.0,15600.0,44700.0,15400.0,59400.0,15400.0,63,7.0,35.0,21.0,14.0,0.0,1.0,6.0,92.0,28.0,188.0,0.0,12.0,88.0,1,aqf_foe_state,0,False,False,False,False,False,False,False
Nsw,Diploma,Management And Commerce,"Diploma, Management And Commerce",36.0,False,85.0,91.0,6.0,87.0,94.0,7.0,20.0,17.0,-3.0,67.0,77.0,10.0,77500.0,12900.0,76500.0,13000.0,86500.0,11600.0,56,6.0,26.0,53.0,3.0,2.0,3.0,13.0,40.0,34.0,324.0,0.0,15.0,84.0,43,aqf_foe_state,0,False,False,False,False,False,False,False
Nsw,Diploma,Natural And Physical Sciences,"Diploma, Natural And Physical Sciences",1.0,False,69.0,89.0,20.0,70.0,89.0,19.0,20.0,20.0,0.0,49.0,67.0,18.0,64700.0,11100.0,63300.0,11100.0,69700.0,9300.0,,0.0,10.0,61.0,7.0,5.0,0.0,0.0,85.0,31.0,313.0,0.0,8.0,92.0,,aqf_foe_state,2,True,False,False,False,False,False,False
Nsw,Diploma,Society And Culture,"Diploma, Society And Culture",17.0,False,79.0,88.0,9.0,81.0,90.0,9.0,32.0,27.0,-5.0,50.0,64.0,14.0,65500.0,13900.0,66000.0,14400.0,79900.0,12500.0,47,2.0,25.0,67.0,12.0,1.0,6.0,11.0,51.0,36.0,327.0,1.0,20.0,80.0,14,aqf_foe_state,0,False,False,False,False,False,False,False
Vic,Diploma,"Agriculture, Environment And Related Studies","Diploma, Agriculture, Environment And Related Studies",1.0,False,87.0,93.0,6.0,92.0,96.0,4.0,29.0,16.0,-13.0,63.0,81.0,18.0,57200.0,14600.0,57000.0,15200.0,60700.0,14000.0,,0.0,15.0,32.0,8.0,0.0,0.0,3.0,90.0,29.0,674.0,0.0,31.0,67.0,,aqf_foe_state,2,True,False,False,False,False,False,False
Vic,Diploma,Architecture And Building,"Diploma, Architecture And Building",8.0,False,71.0,76.0,5.0,82.0,86.0,4.0,11.0,10.0,-1.0,71.0,76.0,5.0,59600.0,8700.0,57600.0,7600.0,65300.0,7200.0,64,1.0,19.0,11.0,2.0,0.0,0.0,8.0,73.0,34.0,422.0,0.0,8.0,92.0,8,aqf_foe_state,0,False,False,False,False,False,False,False
Vic,Diploma,Creative Arts,"Diploma, Creative Arts",6.0,False,63.0,82.0,19.0,64.0,84.0,20.0,36.0,49.0,13.0,28.0,35.0,7.0,22700.0,9500.0,23600.0,11000.0,42400.0,5900.0,38,29.0,39.0,59.0,14.0,0.0,1.0,11.0,79.0,21.0,323.0,0.0,14.0,86.0,4,aqf_foe_state,0,False,False,False,False,False,False,False
Vic,Diploma,Education,"Diploma, Education",19.0,False,70.0,92.0,22.0,73.0,95.0,22.0,49.0,50.0,1.0,24.0,45.0,21.0,45100.0,16700.0,45300.0,16800.0,55200.0,11000.0,62,1.0,12.0,92.0,4.0,10.0,1.0,8.0,85.0,33.0,544.0,0.0,18.0,82.0,11,aqf_foe_state,0,False,False,False,False,False,False,False
Vic,Diploma,Engineering And Related Technologies,"Diploma, Engineering And Related Technologies",2.0,False,84.0,93.0,9.0,85.0,95.0,10.0,15.0,12.0,-3.0,69.0,84.0,15.0,70000.0,20600.0,69100.0,19900.0,78600.0,18600.0,,16.0,31.0,15.0,2.0,0.0,2.0,8.0,45.0,28.0,309.0,0.0,19.0,78.0,1,aqf_foe_state,1,True,False,False,False,False,False,False
Vic,Diploma,"Food, Hospitality And Personal Services","Diploma, Food, Hospitality And Personal Services",3.0,False,74.0,91.0,17.0,75.0,94.0,19.0,51.0,57.0,6.0,24.0,37.0,13.0,32000.0,13900.0,32000.0,13900.0,44400.0,4800.0,39,0.0,12.0,99.0,6.0,0.0,2.0,14.0,81.0,22.0,471.0,0.0,23.0,77.0,3,aqf_foe_state,0,False,False,False,False,False,False,False
Vic,Diploma,Health,"Diploma, Health",15.0,False,79.0,93.0,14.0,81.0,96.0,15.0,43.0,32.0,-11.0,38.0,63.0,25.0,54500.0,20900.0,53900.0,20600.0,64800.0,15500.0,56,2.0,11.0,82.0,7.0,1.0,1.0,10.0,82.0,27.0,682.0,0.0,33.0,67.0,13,aqf_foe_state,0,False,False,False,False,False,False,False
Vic,Diploma,Information Technology,"Diploma, Information Technology",2.0,False,55.0,77.0,22.0,57.0,78.0,21.0,22.0,32.0,10.0,35.0,47.0,12.0,30300.0,15300.0,29900.0,15200.0,45400.0,16100.0,,19.0,25.0,17.0,17.0,0.0,0.0,6.0,87.0,22.0,317.0,0.0,9.0,91.0,1,aqf_foe_state,1,True,False,False,False,False,False,False
Vic,Diploma,Management And Commerce,"Diploma, Management And Commerce",27.0,False,84.0,90.0,6.0,86.0,93.0,7.0,22.0,20.0,-2.0,64.0,73.0,9.0,65000.0,12200.0,65000.0,12600.0,76300.0,11300.0,65,4.0,19.0,53.0,4.0,1.0,1.0,15.0,39.0,33.0,292.0,0.0,15.0,85.0,30,aqf_foe_state,0,False,False,False,False,False,False,False
Vic,Diploma,Natural And Physical Sciences,"Diploma, Natural And Physical Sciences",1.0,False,80.0,88.0,8.0,80.0,88.0,8.0,28.0,19.0,-9.0,49.0,66.0,17.0,58000.0,12800.0,58000.0,14000.0,65600.0,10100.0,,0.0,0.0,56.0,4.0,9.0,0.0,10.0,89.0,26.0,353.0,0.0,16.0,82.0,,aqf_foe_state,2,True,False,False,False,False,False,False
Vic,Diploma,Society And Culture,"Diploma, Society And Culture",17.0,False,78.0,88.0,10.0,81.0,91.0,10.0,37.0,29.0,-8.0,44.0,62.0,18.0,58800.0,18400.0,58700.0,18800.0,73100.0,14900.0,48,5.0,21.0,72.0,8.0,0.0,3.0,13.0,73.0,35.0,489.0,0.0,27.0,73.0,17,aqf_foe_state,0,False,False,False,False,False,False,False
Qld,Diploma,"Agriculture, Environment And Related Studies","Diploma, Agriculture, Environment And Related Studies",1.0,True,82.0,89.0,7.0,85.0,94.0,9.0,6.0,6.0,0.0,79.0,86.0,7.0,75500.0,9900.0,74000.0,9700.0,79300.0,9200.0,,0.0,25.0,22.0,0.0,0.0,0.0,27.0,9.0,37.0,362.0,0.0,41.0,59.0,,aqf_foe_state,2,True,False,False,False,False,False,False
Qld,Diploma,Architecture And Building,"Diploma, Architecture And Building",4.0,False,81.0,84.0,3.0,86.0,90.0,4.0,15.0,12.0,-3.0,73.0,78.0,5.0,75100.0,11500.0,74800.0,10400.0,80000.0,8700.0,,5.0,28.0,28.0,2.0,0.0,1.0,9.0,19.0,35.0,313.0,0.0,15.0,85.0,4,aqf_foe_state,1,True,False,False,False,False,False,False
Qld,Diploma,Creative Arts,"Diploma, Creative Arts",5.0,False,67.0,84.0,17.0,69.0,87.0,18.0,37.0,51.0,14.0,31.0,35.0,4.0,25500.0,8400.0,25800.0,8300.0,43200.0,4800.0,42,7.0,21.0,63.0,12.0,0.0,2.0,20.0,65.0,21.0,339.0,0.0,13.0,86.0,2,aqf_foe_state,0,False,False,False,False,False,False,False
Qld,Diploma,Education,"Diploma, Education",19.0,False,79.0,96.0,17.0,81.0,97.0,16.0,56.0,43.0,-13.0,25.0,54.0,29.0,48000.0,15400.0,48300.0,15700.0,55000.0,11000.0,54,1.0,12.0,94.0,4.0,14.0,4.0,9.0,87.0,31.0,627.0,2.0,29.0,69.0,9,aqf_foe_state,0,False,False,False,False,False,False,False
Qld,Diploma,Engineering And Related Technologies,"Diploma, Engineering And Related Technologies",3.0,False,93.0,96.0,3.0,94.0,98.0,4.0,12.0,10.0,-2.0,80.0,88.0,8.0,96400.0,13300.0,96600.0,13400.0,107900.0,13500.0,,7.0,30.0,9.0,1.0,3.0,0.0,16.0,20.0,32.0,291.0,3.0,41.0,57.0,2,aqf_foe_state,1,True,False,False,False,False,False,False
Qld,Diploma,"Food, Hospitality And Personal Services","Diploma, Food, Hospitality And Personal Services",3.0,False,73.0,89.0,16.0,77.0,92.0,15.0,57.0,44.0,-13.0,17.0,49.0,32.0,37500.0,15500.0,36700.0,15100.0,47300.0,10900.0,43,2.0,21.0,98.0,7.0,0.0,2.0,18.0,64.0,22.0,345.0,0.0,39.0,60.0,1,aqf_foe_state,0,False,False,False,False,False,False,False
Qld,Diploma,Health,"Diploma, Health",16.0,False,78.0,89.0,11.0,82.0,96.0,14.0,42.0,36.0,-6.0,39.0,59.0,20.0,51800.0,16100.0,50700.0,15500.0,63900.0,10500.0,56,1.0,13.0,81.0,4.0,0.0,4.0,21.0,63.0,31.0,542.0,1.0,26.0,72.0,10,aqf_foe_state,0,False,False,False,False,False,False,False
Qld,Diploma,Information Technology,"Diploma, Information Technology",3.0,False,66.0,80.0,14.0,69.0,83.0,14.0,19.0,22.0,3.0,50.0,61.0,11.0,41800.0,12800.0,41800.0,13000.0,50800.0,13300.0,66,0.0,13.0,14.0,10.0,0.0,3.0,13.0,86.0,24.0,340.0,0.0,16.0,85.0,,aqf_foe_state,1,True,False,False,False,False,False,False
Qld,Diploma,Management And Commerce,"Diploma, Management And Commerce",30.0,False,84.0,92.0,8.0,86.0,95.0,9.0,20.0,18.0,-2.0,66.0,77.0,11.0,69800.0,11400.0,68900.0,11100.0,78900.0,9300.0,67,4.0,23.0,56.0,3.0,0.0,4.0,19.0,15.0,34.0,316.0,2.0,24.0,74.0,27,aqf_foe_state,0,False,False,False,False,False,False,False
Qld,Diploma,Natural And Physical Sciences,"Diploma, Natural And Physical Sciences",1.0,True,91.0,100.0,9.0,97.0,97.0,0.0,17.0,11.0,-6.0,81.0,86.0,5.0,70400.0,5200.0,71300.0,5300.0,75300.0,4000.0,,0.0,7.0,50.0,0.0,0.0,0.0,0.0,73.0,38.0,302.0,0.0,44.0,56.0,1,aqf_foe_state,1,True,False,False,False,False,False,False
Qld,Diploma,Society And Culture,"Diploma, Society And Culture",16.0,False,83.0,91.0,8.0,86.0,93.0,7.0,31.0,28.0,-3.0,55.0,65.0,10.0,59800.0,11600.0,60300.0,12000.0,76800.0,11200.0,51,2.0,22.0,66.0,8.0,0.0,6.0,16.0,28.0,36.0,329.0,1.0,27.0,71.0,13,aqf_foe_state,0,False,False,False,False,False,False,False
Sa,Diploma,Architecture And Building,"Diploma, Architecture And Building",2.0,True,74.0,93.0,19.0,87.0,100.0,13.0,38.0,26.0,-12.0,59.0,74.0,15.0,41100.0,6100.0,43300.0,4500.0,51100.0,0.0,,0.0,36.0,49.0,0.0,0.0,0.0,0.0,53.0,34.0,846.0,0.0,23.0,76.0,,aqf_foe_state,2,True,False,False,False,False,False,False
Sa,Diploma,Creative Arts,"Diploma, Creative Arts",7.0,False,68.0,77.0,9.0,66.0,83.0,17.0,36.0,38.0,2.0,33.0,47.0,14.0,28600.0,8200.0,28600.0,8200.0,41000.0,7700.0,,38.0,46.0,48.0,13.0,0.0,0.0,10.0,43.0,22.0,324.0,0.0,11.0,87.0,,aqf_foe_state,2,True,False,False,False,False,False,False
Sa,Diploma,Education,"Diploma, Education",16.0,False,73.0,96.0,23.0,75.0,96.0,21.0,52.0,47.0,-5.0,23.0,49.0,26.0,47800.0,18700.0,47900.0,18500.0,55700.0,8400.0,61,0.0,10.0,94.0,5.0,7.0,0.0,7.0,84.0,35.0,701.0,2.0,17.0,81.0,1,aqf_foe_state,0,False,False,False,False,False,False,False
Sa,Diploma,Engineering And Related Technologies,"Diploma, Engineering And Related Technologies",5.0,False,85.0,94.0,9.0,87.0,97.0,10.0,22.0,7.0,-15.0,62.0,91.0,29.0,62900.0,19600.0,63300.0,19500.0,64300.0,9700.0,,0.0,20.0,8.0,0.0,0.0,0.0,8.0,43.0,30.0,325.0,0.0,13.0,88.0,,aqf_foe_state,2,True,False,False,False,False,False,False
Sa,Diploma,"Food, Hospitality And Personal Services","Diploma, Food, Hospitality And Personal Services",2.0,True,65.0,85.0,20.0,61.0,93.0,32.0,42.0,31.0,-11.0,22.0,63.0,41.0,43400.0,28500.0,43600.0,27300.0,50700.0,0.0,,0.0,15.0,93.0,7.0,0.0,0.0,0.0,0.0,22.0,332.0,0.0,18.0,82.0,1,aqf_foe_state,1,True,False,False,False,False,False,False
Sa,Diploma,Health,"Diploma, Health",19.0,False,84.0,95.0,11.0,85.0,97.0,12.0,47.0,35.0,-12.0,40.0,61.0,21.0,52600.0,16200.0,53600.0,16900.0,65200.0,11500.0,65,0.0,13.0,81.0,6.0,0.0,2.0,9.0,68.0,31.0,564.0,4.0,24.0,72.0,3,aqf_foe_state,0,False,False,False,False,False,False,False
Sa,Diploma,Information Technology,"Diploma, Information Technology",2.0,True,48.0,78.0,30.0,58.0,92.0,34.0,17.0,15.0,-2.0,36.0,66.0,30.0,35000.0,11400.0,33000.0,0.0,49500.0,0.0,,31.0,37.0,20.0,14.0,0.0,0.0,0.0,59.0,26.0,699.0,0.0,0.0,93.0,,aqf_foe_state,2,True,False,False,False,False,False,False
Sa,Diploma,Management And Commerce,"Diploma, Management And Commerce",28.0,False,90.0,92.0,2.0,93.0,96.0,3.0,16.0,12.0,-4.0,76.0,84.0,8.0,79200.0,10400.0,79300.0,10500.0,84900.0,9500.0,72,2.0,15.0,53.0,2.0,7.0,4.0,12.0,26.0,36.0,342.0,4.0,14.0,82.0,3,aqf_foe_state,0,False,False,False,False,False,False,False
Sa,Diploma,Society And Culture,"Diploma, Society And Culture",18.0,False,85.0,90.0,5.0,86.0,92.0,6.0,24.0,23.0,-1.0,62.0,69.0,7.0,84100.0,8000.0,83400.0,8200.0,91600.0,6900.0,47,2.0,17.0,66.0,5.0,0.0,2.0,9.0,31.0,36.0,230.0,1.0,21.0,78.0,4,aqf_foe_state,0,False,False,False,False,False,False,False
Wa,Diploma,Architecture And Building,"Diploma, Architecture And Building",6.0,False,74.0,80.0,6.0,84.0,90.0,6.0,15.0,11.0,-4.0,70.0,80.0,10.0,70600.0,14900.0,69100.0,12200.0,80000.0,11000.0,,6.0,16.0,21.0,3.0,0.0,0.0,15.0,40.0,34.0,393.0,3.0,11.0,86.0,2,aqf_foe_state,1,True,False,False,False,False,False,False
Wa,Diploma,Creative Arts,"Diploma, Creative Arts",11.0,False,60.0,89.0,29.0,61.0,91.0,30.0,35.0,60.0,25.0,26.0,31.0,5.0,22500.0,11100.0,23500.0,11900.0,38100.0,11200.0,50,37.0,50.0,59.0,8.0,0.0,3.0,30.0,85.0,20.0,312.0,2.0,7.0,90.0,3,aqf_foe_state,0,False,False,False,False,False,False,False
Wa,Diploma,Education,"Diploma, Education",10.0,False,80.0,96.0,16.0,82.0,96.0,14.0,53.0,37.0,-16.0,30.0,59.0,29.0,51300.0,18000.0,51100.0,18100.0,56700.0,9000.0,56,1.0,15.0,93.0,3.0,24.0,1.0,20.0,53.0,30.0,470.0,4.0,12.0,84.0,1,aqf_foe_state,0,False,False,False,False,False,False,False
Wa,Diploma,Engineering And Related Technologies,"Diploma, Engineering And Related Technologies",7.0,False,82.0,96.0,14.0,85.0,97.0,12.0,13.0,11.0,-2.0,72.0,87.0,15.0,93000.0,23400.0,96700.0,23500.0,106800.0,22900.0,,12.0,32.0,10.0,3.0,5.0,3.0,23.0,68.0,32.0,349.0,3.0,15.0,83.0,,aqf_foe_state,2,True,False,False,False,False,False,False
Wa,Diploma,"Food, Hospitality And Personal Services","Diploma, Food, Hospitality And Personal Services",4.0,False,69.0,88.0,19.0,69.0,91.0,22.0,49.0,46.0,-3.0,23.0,45.0,22.0,34600.0,19000.0,35900.0,17700.0,49200.0,11800.0,41,3.0,24.0,100.0,5.0,0.0,4.0,36.0,51.0,23.0,357.0,0.0,9.0,89.0,1,aqf_foe_state,0,False,False,False,False,False,False,False
Wa,Diploma,Health,"Diploma, Health",15.0,False,79.0,93.0,14.0,81.0,96.0,15.0,40.0,30.0,-10.0,41.0,66.0,25.0,56000.0,20500.0,55300.0,20500.0,65400.0,17200.0,63,1.0,16.0,78.0,8.0,0.0,4.0,29.0,69.0,29.0,551.0,5.0,12.0,82.0,4,aqf_foe_state,0,False,False,False,False,False,False,False
Wa,Diploma,Information Technology,"Diploma, Information Technology",2.0,False,69.0,84.0,15.0,73.0,89.0,16.0,26.0,22.0,-4.0,38.0,68.0,30.0,51700.0,19900.0,51500.0,20000.0,56600.0,19800.0,,4.0,17.0,25.0,12.0,0.0,0.0,21.0,86.0,26.0,316.0,0.0,15.0,85.0,,aqf_foe_state,2,True,False,False,False,False,False,False
Wa,Diploma,Management And Commerce,"Diploma, Management And Commerce",33.0,False,88.0,94.0,6.0,90.0,96.0,6.0,18.0,13.0,-5.0,72.0,83.0,11.0,85900.0,11700.0,84700.0,12300.0,92800.0,11000.0,67,4.0,21.0,50.0,3.0,1.0,3.0,27.0,26.0,36.0,302.0,5.0,11.0,83.0,9,aqf_foe_state,0,False,False,False,False,False,False,False
Wa,Diploma,Society And Culture,"Diploma, Society And Culture",12.0,False,78.0,92.0,14.0,80.0,94.0,14.0,35.0,31.0,-4.0,45.0,63.0,18.0,52500.0,13100.0,52600.0,13000.0,70900.0,8200.0,57,3.0,26.0,72.0,8.0,0.0,5.0,26.0,51.0,36.0,328.0,4.0,11.0,85.0,3,aqf_foe_state,0,False,False,False,False,False,False,False
Tas,Diploma,Education,"Diploma, Education",11.0,True,75.0,96.0,21.0,76.0,96.0,20.0,41.0,31.0,-10.0,33.0,66.0,33.0,51400.0,14400.0,52000.0,19300.0,56700.0,0.0,,0.0,16.0,75.0,0.0,32.0,0.0,24.0,39.0,30.0,561.0,0.0,86.0,0.0,1,aqf_foe_state,1,True,False,False,False,False,False,False
Tas,Diploma,Health,"Diploma, Health",20.0,False,84.0,97.0,13.0,85.0,100.0,15.0,40.0,32.0,-8.0,45.0,66.0,21.0,63300.0,20900.0,63200.0,21800.0,70200.0,20300.0,,0.0,11.0,79.0,3.0,0.0,7.0,30.0,63.0,33.0,622.0,0.0,91.0,7.0,1,aqf_foe_state,1,True,False,False,False,False,False,False
Tas,Diploma,Management And Commerce,"Diploma, Management And Commerce",39.0,False,94.0,95.0,1.0,97.0,96.0,-1.0,15.0,11.0,-4.0,85.0,85.0,0.0,82700.0,11200.0,81800.0,11100.0,84600.0,11100.0,,8.0,24.0,56.0,4.0,34.0,6.0,14.0,48.0,34.0,359.0,0.0,94.0,6.0,,aqf_foe_state,2,True,False,False,False,False,False,False
Tas,Diploma,Society And Culture,"Diploma, Society And Culture",17.0,False,78.0,94.0,16.0,80.0,97.0,17.0,33.0,21.0,-12.0,50.0,73.0,23.0,70700.0,18700.0,70500.0,23300.0,81000.0,12900.0,,0.0,25.0,62.0,6.0,19.0,5.0,18.0,35.0,34.0,321.0,0.0,89.0,6.0,,aqf_foe_state,2,True,False,False,False,False,False,False
Nt,Diploma,Education,"Diploma, Education",18.0,False,93.0,94.0,1.0,95.0,93.0,-2.0,47.0,30.0,-17.0,48.0,65.0,17.0,56200.0,12100.0,56100.0,13100.0,63000.0,8200.0,,0.0,15.0,91.0,0.0,39.0,6.0,12.0,71.0,33.0,648.0,25.0,75.0,0.0,1,aqf_foe_state,1,True,False,False,False,False,False,False
Nt,Diploma,Health,"Diploma, Health",9.0,True,96.0,93.0,-3.0,96.0,100.0,4.0,27.0,16.0,-11.0,75.0,84.0,9.0,85200.0,8800.0,84900.0,7900.0,95500.0,7200.0,,0.0,31.0,62.0,0.0,0.0,27.0,9.0,62.0,40.0,507.0,35.0,64.0,0.0,,aqf_foe_state,2,True,False,False,False,False,False,False
Nt,Diploma,Management And Commerce,"Diploma, Management And Commerce",41.0,False,94.0,98.0,4.0,96.0,97.0,1.0,14.0,10.0,-4.0,84.0,89.0,5.0,92500.0,12700.0,92600.0,15600.0,98000.0,15100.0,,0.0,22.0,55.0,0.0,0.0,12.0,15.0,16.0,35.0,344.0,36.0,59.0,5.0,,aqf_foe_state,2,True,False,False,False,False,False,False
Nt,Diploma,Society And Culture,"Diploma, Society And Culture",24.0,False,92.0,93.0,1.0,92.0,94.0,2.0,15.0,8.0,-7.0,80.0,87.0,7.0,109700.0,21000.0,109100.0,21900.0,110900.0,21400.0,,0.0,25.0,50.0,0.0,20.0,12.0,11.0,29.0,34.0,298.0,36.0,60.0,4.0,,aqf_foe_state,2,True,False,False,False,False,False,False
Act,Diploma,Architecture And Building,"Diploma, Architecture And Building",3.0,True,83.0,89.0,6.0,83.0,98.0,15.0,0.0,9.0,9.0,81.0,79.0,-2.0,87300.0,10300.0,80300.0,9100.0,88000.0,9000.0,,0.0,19.0,25.0,0.0,0.0,0.0,0.0,64.0,35.0,547.0,0.0,0.0,100.0,,aqf_foe_state,2,True,False,False,False,False,False,False
Act,Diploma,Creative Arts,"Diploma, Creative Arts",6.0,True,67.0,85.0,18.0,66.0,83.0,17.0,31.0,52.0,21.0,39.0,32.0,-7.0,21000.0,9500.0,21400.0,10700.0,49100.0,0.0,,32.0,39.0,53.0,25.0,0.0,0.0,11.0,55.0,22.0,333.0,0.0,0.0,93.0,,aqf_foe_state,2,True,False,False,False,False,False,False
Act,Diploma,Education,"Diploma, Education",16.0,False,85.0,95.0,10.0,88.0,98.0,10.0,52.0,40.0,-12.0,33.0,57.0,24.0,51400.0,15500.0,51600.0,15800.0,62300.0,11000.0,,0.0,14.0,89.0,7.0,39.0,3.0,5.0,75.0,32.0,507.0,0.0,4.0,93.0,1,aqf_foe_state,1,True,False,False,False,False,False,False
Act,Diploma,Health,"Diploma, Health",8.0,False,81.0,86.0,5.0,81.0,94.0,13.0,35.0,20.0,-15.0,45.0,73.0,28.0,67000.0,25700.0,67000.0,24900.0,71600.0,16400.0,,0.0,6.0,80.0,9.0,0.0,0.0,4.0,64.0,30.0,565.0,0.0,4.0,88.0,,aqf_foe_state,2,True,False,False,False,False,False,False
Act,Diploma,Management And Commerce,"Diploma, Management And Commerce",50.0,False,95.0,97.0,2.0,96.0,98.0,2.0,19.0,6.0,-13.0,76.0,93.0,17.0,91200.0,17600.0,91400.0,17500.0,93400.0,14400.0,100,3.0,16.0,60.0,6.0,50.0,9.0,7.0,62.0,34.0,303.0,0.0,3.0,97.0,3,aqf_foe_state,0,False,False,False,False,False,False,False
Act,Diploma,Society And Culture,"Diploma, Society And Culture",11.0,False,87.0,94.0,7.0,87.0,95.0,8.0,21.0,17.0,-4.0,67.0,81.0,14.0,97400.0,21800.0,96900.0,21300.0,102900.0,19700.0,,3.0,21.0,51.0,3.0,5.0,0.0,10.0,39.0,36.0,353.0,0.0,5.0,95.0,,aqf_foe_state,2,True,False,False,False,False,False,False
Nsw,Advanced Diploma,Architecture And Building,"Advanced Diploma, Architecture And Building",4.0,True,85.0,87.0,2.0,87.0,94.0,7.0,19.0,19.0,0.0,68.0,77.0,9.0,66800.0,8900.0,60800.0,8700.0,92600.0,8300.0,,0.0,30.0,32.0,0.0,0.0,0.0,13.0,44.0,33.0,191.0,0.0,8.0,87.0,,aqf_foe_state,2,True,False,False,False,False,False,False
Nsw,Advanced Diploma,Creative Arts,"Advanced Diploma, Creative Arts",16.0,False,59.0,77.0,18.0,62.0,79.0,17.0,38.0,43.0,5.0,24.0,36.0,12.0,22500.0,14900.0,23800.0,13600.0,41500.0,14800.0,37,0.0,20.0,63.0,19.0,0.0,2.0,7.0,27.0,21.0,483.0,0.0,14.0,84.0,1,aqf_foe_state,0,False,False,False,False,False,False,False
Nsw,Advanced Diploma,Engineering And Related Technologies,"Advanced Diploma, Engineering And Related Technologies",7.0,False,93.0,98.0,5.0,93.0,98.0,5.0,6.0,5.0,-1.0,86.0,94.0,8.0,125100.0,19200.0,124900.0,17000.0,125700.0,16900.0,,0.0,23.0,4.0,0.0,0.0,0.0,4.0,46.0,34.0,515.0,0.0,32.0,69.0,,aqf_foe_state,2,True,False,False,False,False,False,False
Nsw,Advanced Diploma,Health,"Advanced Diploma, Health",4.0,True,76.0,77.0,1.0,90.0,89.0,-1.0,23.0,24.0,1.0,69.0,69.0,0.0,84500.0,17300.0,66100.0,4900.0,104800.0,13700.0,,0.0,31.0,55.0,0.0,0.0,0.0,8.0,0.0,42.0,360.0,0.0,13.0,84.0,,aqf_foe_state,2,True,False,False,False,False,False,False
Nsw,Advanced Diploma,Information Technology,"Advanced Diploma, Information Technology",13.0,False,77.0,90.0,13.0,79.0,92.0,13.0,17.0,17.0,0.0,60.0,75.0,15.0,74000.0,15300.0,73800.0,15400.0,90100.0,15200.0,,0.0,24.0,31.0,5.0,0.0,0.0,22.0,72.0,34.0,306.0,0.0,8.0,93.0,,aqf_foe_state,2,True,False,False,False,False,False,False
Nsw,Advanced Diploma,Management And Commerce,"Advanced Diploma, Management And Commerce",50.0,False,82.0,86.0,4.0,86.0,91.0,5.0,21.0,20.0,-1.0,66.0,70.0,4.0,69300.0,9900.0,68300.0,9800.0,84300.0,9400.0,74,4.0,37.0,41.0,2.0,0.0,1.0,21.0,21.0,35.0,300.0,0.0,15.0,84.0,2,aqf_foe_state,0,False,False,False,False,False,False,False
Nsw,Advanced Diploma,Society And Culture,"Advanced Diploma, Society And Culture",5.0,True,68.0,74.0,6.0,72.0,78.0,6.0,39.0,41.0,2.0,41.0,36.0,-5.0,29900.0,13500.0,28000.0,14000.0,72800.0,0.0,,9.0,32.0,73.0,0.0,0.0,0.0,38.0,6.0,31.0,307.0,0.0,13.0,84.0,,aqf_foe_state,2,True,False,False,False,False,False,False
Vic,Advanced Diploma,Architecture And Building,"Advanced Diploma, Architecture And Building",17.0,False,67.0,89.0,22.0,72.0,92.0,20.0,23.0,22.0,-1.0,49.0,69.0,20.0,48200.0,15500.0,48000.0,15200.0,55400.0,12300.0,,0.0,10.0,38.0,5.0,0.0,0.0,11.0,92.0,27.0,716.0,0.0,14.0,86.0,2,aqf_foe_state,1,True,False,False,False,False,False,False
Vic,Advanced Diploma,Creative Arts,"Advanced Diploma, Creative Arts",13.0,False,59.0,82.0,23.0,60.0,86.0,26.0,34.0,50.0,16.0,26.0,37.0,11.0,20900.0,11900.0,20700.0,10500.0,36000.0,6300.0,,6.0,14.0,51.0,16.0,0.0,0.0,12.0,81.0,21.0,325.0,0.0,11.0,89.0,2,aqf_foe_state,1,True,False,False,False,False,False,False
Vic,Advanced Diploma,Engineering And Related Technologies,"Advanced Diploma, Engineering And Related Technologies",11.0,False,69.0,88.0,19.0,71.0,90.0,19.0,19.0,20.0,1.0,53.0,71.0,18.0,46600.0,17500.0,46200.0,17500.0,58300.0,13900.0,,0.0,9.0,8.0,7.0,0.0,0.0,4.0,83.0,23.0,657.0,0.0,14.0,85.0,,aqf_foe_state,2,True,False,False,False,False,False,False
Vic,Advanced Diploma,Health,"Advanced Diploma, Health",5.0,False,75.0,67.0,-8.0,91.0,91.0,0.0,49.0,49.0,0.0,37.0,49.0,12.0,33400.0,12600.0,35500.0,12100.0,67500.0,17700.0,,0.0,14.0,65.0,0.0,0.0,0.0,0.0,75.0,33.0,436.0,0.0,24.0,76.0,1,aqf_foe_state,1,True,False,False,False,False,False,False
Vic,Advanced Diploma,Information Technology,"Advanced Diploma, Information Technology",6.0,False,54.0,83.0,29.0,54.0,80.0,26.0,18.0,28.0,10.0,35.0,53.0,18.0,34900.0,18600.0,35000.0,18100.0,46000.0,21700.0,,0.0,13.0,18.0,9.0,0.0,0.0,10.0,84.0,21.0,317.0,0.0,10.0,90.0,,aqf_foe_state,2,True,False,False,False,False,False,False
Vic,Advanced Diploma,Management And Commerce,"Advanced Diploma, Management And Commerce",37.0,False,86.0,90.0,4.0,89.0,94.0,5.0,26.0,21.0,-5.0,63.0,73.0,10.0,69400.0,15400.0,69600.0,15400.0,81800.0,15100.0,59,2.0,23.0,61.0,3.0,0.0,1.0,8.0,57.0,35.0,348.0,0.0,17.0,84.0,4,aqf_foe_state,0,False,False,False,False,False,False,False
Vic,Advanced Diploma,Society And Culture,"Advanced Diploma, Society And Culture",11.0,False,62.0,82.0,20.0,61.0,82.0,21.0,37.0,42.0,5.0,25.0,44.0,19.0,32200.0,13900.0,33400.0,13600.0,54100.0,8000.0,43,0.0,15.0,71.0,8.0,0.0,0.0,15.0,82.0,26.0,360.0,0.0,5.0,95.0,1,aqf_foe_state,0,False,False,False,False,False,False,False
Qld,Advanced Diploma,Architecture And Building,"Advanced Diploma, Architecture And Building",19.0,False,87.0,88.0,1.0,94.0,92.0,-2.0,6.0,0.0,-6.0,91.0,88.0,-3.0,119500.0,9900.0,118900.0,9400.0,119300.0,9000.0,,0.0,24.0,3.0,0.0,0.0,2.0,10.0,0.0,38.0,126.0,0.0,14.0,86.0,2,aqf_foe_state,1,True,False,False,False,False,False,False
Qld,Advanced Diploma,Creative Arts,"Advanced Diploma, Creative Arts",6.0,True,71.0,89.0,18.0,60.0,88.0,28.0,58.0,49.0,-9.0,14.0,41.0,27.0,30800.0,21600.0,32500.0,21900.0,43400.0,0.0,,0.0,12.0,73.0,16.0,0.0,8.0,29.0,0.0,20.0,302.0,0.0,17.0,83.0,,aqf_foe_state,2,True,False,False,False,False,False,False
Qld,Advanced Diploma,Engineering And Related Technologies,"Advanced Diploma, Engineering And Related Technologies",8.0,False,91.0,94.0,3.0,90.0,92.0,2.0,12.0,8.0,-4.0,84.0,83.0,-1.0,116500.0,9600.0,116500.0,12500.0,131900.0,14500.0,,0.0,46.0,0.0,0.0,0.0,0.0,9.0,29.0,36.0,218.0,0.0,43.0,53.0,,aqf_foe_state,2,True,False,False,False,False,False,False
Qld,Advanced Diploma,Health,"Advanced Diploma, Health",6.0,True,90.0,89.0,-1.0,90.0,92.0,2.0,15.0,7.0,-8.0,76.0,82.0,6.0,111900.0,3800.0,109100.0,3500.0,117000.0,2800.0,,0.0,44.0,33.0,0.0,0.0,0.0,7.0,0.0,43.0,56.0,0.0,33.0,54.0,,aqf_foe_state,2,True,False,False,False,False,False,False
Qld,Advanced Diploma,Management And Commerce,"Advanced Diploma, Management And Commerce",54.0,False,87.0,92.0,5.0,92.0,95.0,3.0,20.0,13.0,-7.0,70.0,83.0,13.0,81400.0,11700.0,81200.0,11500.0,86300.0,9800.0,47,3.0,29.0,57.0,4.0,0.0,1.0,12.0,21.0,37.0,246.0,0.0,21.0,78.0,2,aqf_foe_state,0,False,False,False,False,False,False,False
Sa,Advanced Diploma,Creative Arts,"Advanced Diploma, Creative Arts",27.0,True,65.0,75.0,10.0,65.0,84.0,19.0,44.0,38.0,-6.0,20.0,49.0,29.0,35900.0,18400.0,34700.0,21900.0,47400.0,0.0,,0.0,0.0,53.0,12.0,0.0,0.0,0.0,69.0,23.0,311.0,0.0,6.0,91.0,,aqf_foe_state,2,True,False,False,False,False,False,False
Sa,Advanced Diploma,Management And Commerce,"Advanced Diploma, Management And Commerce",39.0,False,89.0,93.0,4.0,89.0,93.0,4.0,14.0,11.0,-3.0,76.0,88.0,12.0,77000.0,15700.0,78400.0,15600.0,83600.0,11000.0,,0.0,22.0,55.0,4.0,0.0,0.0,11.0,31.0,40.0,419.0,0.0,11.0,85.0,,aqf_foe_state,2,True,False,False,False,False,False,False
Wa,Advanced Diploma,Creative Arts,"Advanced Diploma, Creative Arts",31.0,False,64.0,91.0,27.0,66.0,91.0,25.0,45.0,53.0,8.0,22.0,39.0,17.0,25100.0,17700.0,28100.0,20100.0,45300.0,0.0,,0.0,10.0,63.0,12.0,0.0,3.0,29.0,91.0,20.0,313.0,0.0,6.0,94.0,,aqf_foe_state,2,True,False,False,False,False,False,False
Wa,Advanced Diploma,Engineering And Related Technologies,"Advanced Diploma, Engineering And Related Technologies",16.0,False,87.0,100.0,13.0,87.0,100.0,13.0,10.0,10.0,0.0,74.0,92.0,18.0,107700.0,24800.0,109200.0,22100.0,115900.0,18900.0,,0.0,25.0,10.0,0.0,0.0,0.0,11.0,79.0,31.0,417.0,0.0,19.0,79.0,,aqf_foe_state,2,True,False,False,False,False,False,False
Wa,Advanced Diploma,Health,"Advanced Diploma, Health",13.0,True,83.0,82.0,-1.0,86.0,84.0,-2.0,24.0,33.0,9.0,61.0,55.0,-6.0,62600.0,9900.0,60200.0,9500.0,86300.0,11300.0,,0.0,23.0,61.0,0.0,0.0,0.0,7.0,0.0,38.0,454.0,0.0,8.0,87.0,,aqf_foe_state,2,True,False,False,False,False,False,False
Wa,Advanced Diploma,Management And Commerce,"Advanced Diploma, Management And Commerce",28.0,False,86.0,95.0,9.0,90.0,96.0,6.0,18.0,15.0,-3.0,69.0,81.0,12.0,84900.0,13900.0,84500.0,13800.0,97500.0,12400.0,,3.0,29.0,49.0,0.0,0.0,0.0,19.0,26.0,38.0,303.0,0.0,14.0,85.0,,aqf_foe_state,2,True,False,False,False,False,False,False
Act,Advanced Diploma,Management And Commerce,"Advanced Diploma, Management And Commerce",48.0,True,89.0,88.0,-1.0,88.0,88.0,0.0,12.0,18.0,6.0,74.0,76.0,2.0,93600.0,5800.0,93000.0,5400.0,97600.0,5300.0,,0.0,28.0,58.0,0.0,0.0,0.0,0.0,49.0,37.0,390.0,0.0,7.0,87.0,,aqf_foe_state,2,True,False,False,False,False,False,False
Nsw,Graduate Certificate/Diploma,Education,"Graduate Certificate/Diploma, Education",13.0,True,81.0,74.0,-7.0,88.0,84.0,-4.0,29.0,13.0,-16.0,62.0,71.0,9.0,63200.0,18300.0,63200.0,17200.0,73100.0,17700.0,,0.0,66.0,31.0,0.0,0.0,0.0,34.0,0.0,38.0,84.0,0.0,7.0,90.0,,aqf_foe_state,2,True,False,False,False,False,False,False
Nsw,Graduate Certificate/Diploma,Health,"Graduate Certificate/Diploma, Health",51.0,False,86.0,96.0,10.0,88.0,96.0,8.0,59.0,16.0,-43.0,30.0,82.0,52.0,78400.0,48100.0,78800.0,47900.0,81100.0,44300.0,,0.0,0.0,67.0,0.0,0.0,0.0,6.0,0.0,26.0,393.0,0.0,13.0,87.0,1,aqf_foe_state,1,True,False,True,False,True,False,True
Nsw,Graduate Certificate/Diploma,Management And Commerce,"Graduate Certificate/Diploma, Management And Commerce",17.0,True,82.0,87.0,5.0,88.0,85.0,-3.0,11.0,0.0,-11.0,76.0,81.0,5.0,126700.0,8100.0,126800.0,8100.0,127500.0,6800.0,,0.0,26.0,43.0,6.0,0.0,0.0,23.0,0.0,42.0,253.0,0.0,21.0,79.0,,aqf_foe_state,2,True,False,False,False,False,False,False
Nsw,Graduate Certificate/Diploma,Society And Culture,"Graduate Certificate/Diploma, Society And Culture",18.0,True,94.0,93.0,-1.0,99.0,93.0,-6.0,31.0,27.0,-4.0,67.0,70.0,3.0,75900.0,2500.0,76200.0,5800.0,89400.0,5400.0,,0.0,6.0,77.0,0.0,0.0,6.0,8.0,0.0,47.0,333.0,0.0,29.0,71.0,,aqf_foe_state,2,True,False,False,False,False,False,False
Vic,Graduate Certificate/Diploma,Education,"Graduate Certificate/Diploma, Education",8.0,True,92.0,100.0,8.0,92.0,90.0,-2.0,33.0,14.0,-19.0,60.0,75.0,15.0,67100.0,16400.0,71900.0,13100.0,78200.0,3500.0,,0.0,48.0,46.0,0.0,0.0,0.0,33.0,0.0,41.0,95.0,0.0,0.0,94.0,,aqf_foe_state,2,True,False,False,False,False,False,False
Vic,Graduate Certificate/Diploma,Health,"Graduate Certificate/Diploma, Health",37.0,False,84.0,97.0,13.0,84.0,99.0,15.0,62.0,9.0,-53.0,21.0,92.0,71.0,79400.0,54000.0,80300.0,54300.0,81700.0,35200.0,,0.0,3.0,68.0,0.0,0.0,0.0,0.0,0.0,25.0,390.0,0.0,19.0,81.0,1,aqf_foe_state,1,True,False,True,False,True,False,False
Vic,Graduate Certificate/Diploma,Management And Commerce,"Graduate Certificate/Diploma, Management And Commerce",31.0,False,98.0,98.0,0.0,98.0,98.0,0.0,11.0,8.0,-3.0,87.0,89.0,2.0,101300.0,6900.0,101300.0,6900.0,104600.0,5600.0,,0.0,12.0,65.0,0.0,0.0,0.0,16.0,0.0,45.0,362.0,0.0,32.0,67.0,1,aqf_foe_state,1,True,False,False,False,False,False,False
Vic,Graduate Certificate/Diploma,Society And Culture,"Graduate Certificate/Diploma, Society And Culture",17.0,False,93.0,94.0,1.0,94.0,100.0,6.0,31.0,27.0,-4.0,65.0,70.0,5.0,81500.0,8700.0,82100.0,9300.0,89000.0,8700.0,,0.0,8.0,79.0,0.0,0.0,0.0,32.0,29.0,47.0,324.0,0.0,21.0,79.0,,aqf_foe_state,2,True,False,False,False,False,False,False
Qld,Graduate Certificate/Diploma,Health,"Graduate Certificate/Diploma, Health",39.0,False,84.0,100.0,16.0,89.0,100.0,11.0,64.0,4.0,-60.0,25.0,94.0,69.0,81400.0,50800.0,81900.0,51200.0,85100.0,0.0,,0.0,0.0,77.0,0.0,0.0,0.0,0.0,0.0,25.0,377.0,0.0,28.0,72.0,1,aqf_foe_state,1,True,False,True,False,True,False,False
Qld,Graduate Certificate/Diploma,Management And Commerce,"Graduate Certificate/Diploma, Management And Commerce",39.0,False,87.0,93.0,6.0,95.0,93.0,-2.0,4.0,4.0,0.0,85.0,87.0,2.0,117000.0,4700.0,118500.0,4700.0,120400.0,6100.0,,0.0,30.0,40.0,0.0,0.0,0.0,12.0,0.0,44.0,142.0,0.0,20.0,73.0,,aqf_foe_state,2,True,False,False,False,False,False,False
Sa,Graduate Certificate/Diploma,Health,"Graduate Certificate/Diploma, Health",53.0,True,71.0,94.0,23.0,71.0,94.0,23.0,48.0,0.0,-48.0,27.0,100.0,73.0,81400.0,53500.0,81200.0,54300.0,82400.0,0.0,,0.0,0.0,64.0,0.0,0.0,0.0,10.0,0.0,27.0,400.0,0.0,10.0,87.0,1,aqf_foe_state,1,True,False,True,False,True,False,False
Wa,Graduate Certificate/Diploma,Health,"Graduate Certificate/Diploma, Health",68.0,False,89.0,99.0,10.0,88.0,96.0,8.0,66.0,16.0,-50.0,21.0,82.0,61.0,88800.0,69000.0,88600.0,69200.0,89100.0,0.0,,0.0,0.0,88.0,0.0,0.0,0.0,7.0,0.0,24.0,392.0,0.0,5.0,91.0,1,aqf_foe_state,1,True,False,True,False,True,False,False
