anzsco_code,raw_title,title_type_code,title_type,jurisdiction_scope,occupation_title,normalised_title,major_group_code,sub_major_group_code,minor_group_code,unit_group_code,major_group_label,preferred_occupation_title,preferred_title_type,preferred_jurisdiction_scope,is_preferred_title
111111,Chief Executive or Managing Director (P),P,principal,Generic,Chief Executive or Managing Director,chief executive or managing director,1,11,111,1111,Managers,Chief Executive or Managing Director,principal,Generic,True
111111,Chief Executive Officer (A),A,alternative,Generic,Chief Executive Officer,chief executive officer,1,11,111,1111,Managers,Chief Executive or Managing Director,principal,Generic,False
111111,Director-General (S),S,specialisation,Generic,Director-General,director general,1,11,111,1111,Managers,Chief Executive or Managing Director,principal,Generic,False
111111,Executive Director (S),S,specialisation,Generic,Executive Director,executive director,1,11,111,1111,Managers,Chief Executive or Managing Director,principal,Generic,False
111111,Secretary (Government Department) (Aus) (S),S,specialisation,Australia,Secretary (Government Department),secretary government department,1,11,111,1111,Managers,Chief Executive or Managing Director,principal,Generic,False
111211,Corporate General Manager (P),P,principal,Generic,Corporate General Manager,corporate general manager,1,11,111,1112,Managers,Corporate General Manager,principal,Generic,True
111211,Chief Operating Officer (A),A,alternative,Generic,Chief Operating Officer,chief operating officer,1,11,111,1112,Managers,Corporate General Manager,principal,Generic,False
111211,Assistant Commissioner (Police) (S),S,specialisation,Generic,Assistant Commissioner (Police),assistant commissioner police,1,11,111,1112,Managers,Corporate General Manager,principal,Generic,False
111211,Hospital Administrator (S),S,specialisation,Generic,Hospital Administrator,hospital administrator,1,11,111,1112,Managers,Corporate General Manager,principal,Generic,False
111211,Managing Editor (S),S,specialisation,Generic,Managing Editor,managing editor,1,11,111,1112,Managers,Corporate General Manager,principal,Generic,False
111211,Trade Union Secretary (S),S,specialisation,Generic,Trade Union Secretary,trade union secretary,1,11,111,1112,Managers,Corporate General Manager,principal,Generic,False
111212,Defence Force Senior Officer (P),P,principal,Generic,Defence Force Senior Officer,defence force senior officer,1,11,111,1112,Managers,Defence Force Senior Officer,principal,Generic,True
111212,Air Force Senior Officer (A),A,alternative,Generic,Air Force Senior Officer,air force senior officer,1,11,111,1112,Managers,Defence Force Senior Officer,principal,Generic,False
111212,Army Senior Officer (A),A,alternative,Generic,Army Senior Officer,army senior officer,1,11,111,1112,Managers,Defence Force Senior Officer,principal,Generic,False
111212,Navy Senior Officer (A),A,alternative,Generic,Navy Senior Officer,navy senior officer,1,11,111,1112,Managers,Defence Force Senior Officer,principal,Generic,False
111212,Admiral (Navy) (S),S,specialisation,Generic,Admiral (Navy),admiral navy,1,11,111,1112,Managers,Defence Force Senior Officer,principal,Generic,False
111212,Air Chief Marshal (Air Force) (S),S,specialisation,Generic,Air Chief Marshal (Air Force),air chief marshal air force,1,11,111,1112,Managers,Defence Force Senior Officer,principal,Generic,False
111212,Air Commodore (Air Force) (S),S,specialisation,Generic,Air Commodore (Air Force),air commodore air force,1,11,111,1112,Managers,Defence Force Senior Officer,principal,Generic,False
111212,Air Marshal (Air Force) (S),S,specialisation,Generic,Air Marshal (Air Force),air marshal air force,1,11,111,1112,Managers,Defence Force Senior Officer,principal,Generic,False
111212,Air Vice Marshal (Air Force) (S),S,specialisation,Generic,Air Vice Marshal (Air Force),air vice marshal air force,1,11,111,1112,Managers,Defence Force Senior Officer,principal,Generic,False
111212,Brigadier (Army) (S),S,specialisation,Generic,Brigadier (Army),brigadier army,1,11,111,1112,Managers,Defence Force Senior Officer,principal,Generic,False
111212,Captain (Navy) (S),S,specialisation,Generic,Captain (Navy),captain navy,1,11,111,1112,Managers,Defence Force Senior Officer,principal,Generic,False
111212,Colonel (Army) (S),S,specialisation,Generic,Colonel (Army),colonel army,1,11,111,1112,Managers,Defence Force Senior Officer,principal,Generic,False
111212,Commander (Navy) (S),S,specialisation,Generic,Commander (Navy),commander navy,1,11,111,1112,Managers,Defence Force Senior Officer,principal,Generic,False
111212,Commodore (Navy) (S),S,specialisation,Generic,Commodore (Navy),commodore navy,1,11,111,1112,Managers,Defence Force Senior Officer,principal,Generic,False
111212,General (Army) (S),S,specialisation,Generic,General (Army),general army,1,11,111,1112,Managers,Defence Force Senior Officer,principal,Generic,False
111212,Group Captain (Air Force) (S),S,specialisation,Generic,Group Captain (Air Force),group captain air force,1,11,111,1112,Managers,Defence Force Senior Officer,principal,Generic,False
111212,Lieutenant Colonel (Army) (S),S,specialisation,Generic,Lieutenant Colonel (Army),lieutenant colonel army,1,11,111,1112,Managers,Defence Force Senior Officer,principal,Generic,False
111212,Lieutenant General (Army) (S),S,specialisation,Generic,Lieutenant General (Army),lieutenant general army,1,11,111,1112,Managers,Defence Force Senior Officer,principal,Generic,False
111212,Major General (Army) (S),S,specialisation,Generic,Major General (Army),major general army,1,11,111,1112,Managers,Defence Force Senior Officer,principal,Generic,False
111212,Rear Admiral (Navy) (S),S,specialisation,Generic,Rear Admiral (Navy),rear admiral navy,1,11,111,1112,Managers,Defence Force Senior Officer,principal,Generic,False
111212,Vice Admiral (Navy) (S),S,specialisation,Generic,Vice Admiral (Navy),vice admiral navy,1,11,111,1112,Managers,Defence Force Senior Officer,principal,Generic,False
111212,Wing Commander (Air Force) (S),S,specialisation,Generic,Wing Commander (Air Force),wing commander air force,1,11,111,1112,Managers,Defence Force Senior Officer,principal,Generic,False
111311,Local Government Legislator (P),P,principal,Generic,Local Government Legislator,local government legislator,1,11,111,1113,Managers,Local Government Legislator,principal,Generic,True
111311,Alderman (Aus) (A),A,alternative,Australia,Alderman,alderman,1,11,111,1113,Managers,Local Government Legislator,principal,Generic,False
111311,Councillor (A),A,alternative,Generic,Councillor,councillor,1,11,111,1113,Managers,Local Government Legislator,principal,Generic,False
111311,Community Board Member (NZ) (S),S,specialisation,New Zealand,Community Board Member,community board member,1,11,111,1113,Managers,Local Government Legislator,principal,Generic,False
111311,Mayor (S),S,specialisation,Generic,Mayor,mayor,1,11,111,1113,Managers,Local Government Legislator,principal,Generic,False
111312,Member of Parliament (P),P,principal,Generic,Member of Parliament,member of parliament,1,11,111,1113,Managers,Member of Parliament,principal,Generic,True
111312,Parliamentarian (A),A,alternative,Generic,Parliamentarian,parliamentarian,1,11,111,1113,Managers,Member of Parliament,principal,Generic,False
111312,Chief Minister (Aus) (S),S,specialisation,Australia,Chief Minister,chief minister,1,11,111,1113,Managers,Member of Parliament,principal,Generic,False
111312,Government Minister (S),S,specialisation,Generic,Government Minister,government minister,1,11,111,1113,Managers,Member of Parliament,principal,Generic,False
111312,Member of the Legislative Assembly (Aus) (S),S,specialisation,Australia,Member of the Legislative Assembly,member of the legislative assembly,1,11,111,1113,Managers,Member of Parliament,principal,Generic,False
111312,Member of the Legislative Council (Aus) (S),S,specialisation,Australia,Member of the Legislative Council,member of the legislative council,1,11,111,1113,Managers,Member of Parliament,principal,Generic,False
111312,Premier (Aus) (S),S,specialisation,Australia,Premier,premier,1,11,111,1113,Managers,Member of Parliament,principal,Generic,False
111312,Prime Minister (S),S,specialisation,Generic,Prime Minister,prime minister,1,11,111,1113,Managers,Member of Parliament,principal,Generic,False
111312,Senator (Aus) (S),S,specialisation,Australia,Senator,senator,1,11,111,1113,Managers,Member of Parliament,principal,Generic,False
111399,Legislators nec (P),P,principal,Generic,Legislators nec,legislators nec,1,11,111,1113,Managers,Legislators nec,principal,Generic,True
111399,Aboriginal Community Council Member (Aus) (N),N,nec_category,Australia,Aboriginal Community Council Member,aboriginal community council member,1,11,111,1113,Managers,Legislators nec,principal,Generic,False
111399,"Councillor, Aboriginal Land Council (Aus) (N)",N,nec_category,Australia,"Councillor, Aboriginal Land Council",councillor aboriginal land council,1,11,111,1113,Managers,Legislators nec,principal,Generic,False
121111,Aquaculture Farmer (P),P,principal,Generic,Aquaculture Farmer,aquaculture farmer,1,12,121,1211,Managers,Aquaculture Farmer,principal,Generic,True
121111,Seafood Farmer (A),A,alternative,Generic,Seafood Farmer,seafood farmer,1,12,121,1211,Managers,Aquaculture Farmer,principal,Generic,False
121111,Fish Farmer (S),S,specialisation,Generic,Fish Farmer,fish farmer,1,12,121,1211,Managers,Aquaculture Farmer,principal,Generic,False
121111,Hatchery Manager (Fish) (S),S,specialisation,Generic,Hatchery Manager (Fish),hatchery manager fish,1,12,121,1211,Managers,Aquaculture Farmer,principal,Generic,False
121111,Mussel Farmer (S),S,specialisation,Generic,Mussel Farmer,mussel farmer,1,12,121,1211,Managers,Aquaculture Farmer,principal,Generic,False
121111,Oyster Farmer (S),S,specialisation,Generic,Oyster Farmer,oyster farmer,1,12,121,1211,Managers,Aquaculture Farmer,principal,Generic,False
121211,Cotton Grower (P),P,principal,Generic,Cotton Grower,cotton grower,1,12,121,1212,Managers,Cotton Grower,principal,Generic,True
121212,Flower Grower (P),P,principal,Generic,Flower Grower,flower grower,1,12,121,1212,Managers,Flower Grower,principal,Generic,True
121212,Floriculturist (A),A,alternative,Generic,Floriculturist,floriculturist,1,12,121,1212,Managers,Flower Grower,principal,Generic,False
121212,Market Gardener (Flowers) (Aus) (S),S,specialisation,Australia,Market Gardener (Flowers),market gardener flowers,1,12,121,1212,Managers,Flower Grower,principal,Generic,False
121213,Fruit or Nut Grower (P),P,principal,Generic,Fruit or Nut Grower,fruit or nut grower,1,12,121,1212,Managers,Fruit or Nut Grower,principal,Generic,True
121213,Fruit or Nut Farm Manager (A),A,alternative,Generic,Fruit or Nut Farm Manager,fruit or nut farm manager,1,12,121,1212,Managers,Fruit or Nut Grower,principal,Generic,False
121213,Market Gardener (Fruit) (Aus) (S),S,specialisation,Australia,Market Gardener (Fruit),market gardener fruit,1,12,121,1212,Managers,Fruit or Nut Grower,principal,Generic,False
121213,Olive Grower (S),S,specialisation,Generic,Olive Grower,olive grower,1,12,121,1212,Managers,Fruit or Nut Grower,principal,Generic,False
121213,Orchardist (S),S,specialisation,Generic,Orchardist,orchardist,1,12,121,1212,Managers,Fruit or Nut Grower,principal,Generic,False
121214,Field Crop Grower (NZ) (P),P,principal,New Zealand,Field Crop Grower,field crop grower,1,12,121,1212,Managers,"Grain, Oilseed or Pasture Grower",principal,Australia,False
121214,"Grain, Oilseed or Pasture Grower (Aus) (P)",P,principal,Australia,"Grain, Oilseed or Pasture Grower",grain oilseed or pasture grower,1,12,121,1212,Managers,"Grain, Oilseed or Pasture Grower",principal,Australia,True
121214,"Grain, Oilseed or Pasture Farm Manager (Aus) (A)",A,alternative,Australia,"Grain, Oilseed or Pasture Farm Manager",grain oilseed or pasture farm manager,1,12,121,1212,Managers,"Grain, Oilseed or Pasture Grower",principal,Australia,False
121214,Lucerne Farmer (S),S,specialisation,Generic,Lucerne Farmer,lucerne farmer,1,12,121,1212,Managers,"Grain, Oilseed or Pasture Grower",principal,Australia,False
121214,Soybean Grower (Aus) (S),S,specialisation,Australia,Soybean Grower,soybean grower,1,12,121,1212,Managers,"Grain, Oilseed or Pasture Grower",principal,Australia,False
121214,Wheat Farmer (S),S,specialisation,Generic,Wheat Farmer,wheat farmer,1,12,121,1212,Managers,"Grain, Oilseed or Pasture Grower",principal,Australia,False
121215,Grape Grower (P),P,principal,Generic,Grape Grower,grape grower,1,12,121,1212,Managers,Grape Grower,principal,Generic,True
121215,Viticulturist (S),S,specialisation,Generic,Viticulturist,viticulturist,1,12,121,1212,Managers,Grape Grower,principal,Generic,False
121216,Mixed Crop Farmer (P),P,principal,Generic,Mixed Crop Farmer,mixed crop farmer,1,12,121,1212,Managers,Mixed Crop Farmer,principal,Generic,True
121217,Sugar Cane Grower (P),P,principal,Generic,Sugar Cane Grower,sugar cane grower,1,12,121,1212,Managers,Sugar Cane Grower,principal,Generic,True
121217,Sugar Cane Farm Manager (A),A,alternative,Generic,Sugar Cane Farm Manager,sugar cane farm manager,1,12,121,1212,Managers,Sugar Cane Grower,principal,Generic,False
121218,Turf Grower (P),P,principal,Generic,Turf Grower,turf grower,1,12,121,1212,Managers,Turf Grower,principal,Generic,True
121218,Turf Farmer (A),A,alternative,Generic,Turf Farmer,turf farmer,1,12,121,1212,Managers,Turf Grower,principal,Generic,False
121221,Market Gardener (NZ) (P),P,principal,New Zealand,Market Gardener,market gardener,1,12,121,1212,Managers,Vegetable Grower,principal,Australia,False
121221,Vegetable Grower (Aus) (P),P,principal,Australia,Vegetable Grower,vegetable grower,1,12,121,1212,Managers,Vegetable Grower,principal,Australia,True
121221,Vegetable Farm Manager (A),A,alternative,Generic,Vegetable Farm Manager,vegetable farm manager,1,12,121,1212,Managers,Vegetable Grower,principal,Australia,False
121221,Market Gardener (Vegetables) (Aus) (S),S,specialisation,Australia,Market Gardener (Vegetables),market gardener vegetables,1,12,121,1212,Managers,Vegetable Grower,principal,Australia,False
121299,Crop Farmers nec (P),P,principal,Generic,Crop Farmers nec,crop farmers nec,1,12,121,1212,Managers,Crop Farmers nec,principal,Generic,True
121299,Coffee Grower (Aus) (N),N,nec_category,Australia,Coffee Grower,coffee grower,1,12,121,1212,Managers,Crop Farmers nec,principal,Generic,False
121299,Duboisia Farmer (Aus) (N),N,nec_category,Australia,Duboisia Farmer,duboisia farmer,1,12,121,1212,Managers,Crop Farmers nec,principal,Generic,False
121299,Ginger Farmer (N),N,nec_category,Generic,Ginger Farmer,ginger farmer,1,12,121,1212,Managers,Crop Farmers nec,principal,Generic,False
121299,Hop Farmer (N),N,nec_category,Generic,Hop Farmer,hop farmer,1,12,121,1212,Managers,Crop Farmers nec,principal,Generic,False
121299,Tea Tree Farmer (N),N,nec_category,Generic,Tea Tree Farmer,tea tree farmer,1,12,121,1212,Managers,Crop Farmers nec,principal,Generic,False
121299,Tobacco Grower (N),N,nec_category,Generic,Tobacco Grower,tobacco grower,1,12,121,1212,Managers,Crop Farmers nec,principal,Generic,False
121299,Tree Farmer (N),N,nec_category,Generic,Tree Farmer,tree farmer,1,12,121,1212,Managers,Crop Farmers nec,principal,Generic,False
121311,Apiarist (P),P,principal,Generic,Apiarist,apiarist,1,12,121,1213,Managers,Apiarist,principal,Generic,True
121311,Beekeeper (A),A,alternative,Generic,Beekeeper,beekeeper,1,12,121,1213,Managers,Apiarist,principal,Generic,False
121312,Beef Cattle Farmer (P),P,principal,Generic,Beef Cattle Farmer,beef cattle farmer,1,12,121,1213,Managers,Beef Cattle Farmer,principal,Generic,True
121312,Beef Cattle Farm Manager (A),A,alternative,Generic,Beef Cattle Farm Manager,beef cattle farm manager,1,12,121,1213,Managers,Beef Cattle Farmer,principal,Generic,False
121312,Beef Cattle Grazier (A),A,alternative,Generic,Beef Cattle Grazier,beef cattle grazier,1,12,121,1213,Managers,Beef Cattle Farmer,principal,Generic,False
121312,Stud Beef Cattle Farmer (S),S,specialisation,Generic,Stud Beef Cattle Farmer,stud beef cattle farmer,1,12,121,1213,Managers,Beef Cattle Farmer,principal,Generic,False
121313,Dairy Cattle Farmer (P),P,principal,Generic,Dairy Cattle Farmer,dairy cattle farmer,1,12,121,1213,Managers,Dairy Cattle Farmer,principal,Generic,True
121313,Dairy Cattle Farm Manager (A),A,alternative,Generic,Dairy Cattle Farm Manager,dairy cattle farm manager,1,12,121,1213,Managers,Dairy Cattle Farmer,principal,Generic,False
121313,Share Dairy Farmer (Aus) (S),S,specialisation,Australia,Share Dairy Farmer,share dairy farmer,1,12,121,1213,Managers,Dairy Cattle Farmer,principal,Generic,False
121313,Sharemilker (NZ) (S),S,specialisation,New Zealand,Sharemilker,sharemilker,1,12,121,1213,Managers,Dairy Cattle Farmer,principal,Generic,False
121313,Stud Dairy Cattle Farmer (S),S,specialisation,Generic,Stud Dairy Cattle Farmer,stud dairy cattle farmer,1,12,121,1213,Managers,Dairy Cattle Farmer,principal,Generic,False
121314,Deer Farmer (P),P,principal,Generic,Deer Farmer,deer farmer,1,12,121,1213,Managers,Deer Farmer,principal,Generic,True
121315,Goat Farmer (P),P,principal,Generic,Goat Farmer,goat farmer,1,12,121,1213,Managers,Goat Farmer,principal,Generic,True
121316,Horse Breeder (P),P,principal,Generic,Horse Breeder,horse breeder,1,12,121,1213,Managers,Horse Breeder,principal,Generic,True
121316,Horse Stud Manager (A),A,alternative,Generic,Horse Stud Manager,horse stud manager,1,12,121,1213,Managers,Horse Breeder,principal,Generic,False
121316,Stud Master/Mistress (S),S,specialisation,Generic,Stud Master/Mistress,stud master mistress,1,12,121,1213,Managers,Horse Breeder,principal,Generic,False
121317,Mixed Livestock Farmer (P),P,principal,Generic,Mixed Livestock Farmer,mixed livestock farmer,1,12,121,1213,Managers,Mixed Livestock Farmer,principal,Generic,True
121318,Pig Farmer (P),P,principal,Generic,Pig Farmer,pig farmer,1,12,121,1213,Managers,Pig Farmer,principal,Generic,True
121318,Pig Farm Manager (A),A,alternative,Generic,Pig Farm Manager,pig farm manager,1,12,121,1213,Managers,Pig Farmer,principal,Generic,False
121318,Pig Breeder (S),S,specialisation,Generic,Pig Breeder,pig breeder,1,12,121,1213,Managers,Pig Farmer,principal,Generic,False
121321,Poultry Farmer (P),P,principal,Generic,Poultry Farmer,poultry farmer,1,12,121,1213,Managers,Poultry Farmer,principal,Generic,True
121321,Poultry Farm Manager (A),A,alternative,Generic,Poultry Farm Manager,poultry farm manager,1,12,121,1213,Managers,Poultry Farmer,principal,Generic,False
121321,Chicken Meat Producer (S),S,specialisation,Generic,Chicken Meat Producer,chicken meat producer,1,12,121,1213,Managers,Poultry Farmer,principal,Generic,False
121321,Egg Producer (S),S,specialisation,Generic,Egg Producer,egg producer,1,12,121,1213,Managers,Poultry Farmer,principal,Generic,False
121321,Hatchery Manager (Poultry) (S),S,specialisation,Generic,Hatchery Manager (Poultry),hatchery manager poultry,1,12,121,1213,Managers,Poultry Farmer,principal,Generic,False
121322,Sheep Farmer (P),P,principal,Generic,Sheep Farmer,sheep farmer,1,12,121,1213,Managers,Sheep Farmer,principal,Generic,True
121322,Sheep Farm Manager (A),A,alternative,Generic,Sheep Farm Manager,sheep farm manager,1,12,121,1213,Managers,Sheep Farmer,principal,Generic,False
121322,Stud Sheep Farmer (S),S,specialisation,Generic,Stud Sheep Farmer,stud sheep farmer,1,12,121,1213,Managers,Sheep Farmer,principal,Generic,False
121322,Wool Grower (S),S,specialisation,Generic,Wool Grower,wool grower,1,12,121,1213,Managers,Sheep Farmer,principal,Generic,False
121399,Livestock Farmers nec (P),P,principal,Generic,Livestock Farmers nec,livestock farmers nec,1,12,121,1213,Managers,Livestock Farmers nec,principal,Generic,True
121399,Alpaca Farmer (N),N,nec_category,Generic,Alpaca Farmer,alpaca farmer,1,12,121,1213,Managers,Livestock Farmers nec,principal,Generic,False
121399,Crocodile Farmer (Aus) (N),N,nec_category,Australia,Crocodile Farmer,crocodile farmer,1,12,121,1213,Managers,Livestock Farmers nec,principal,Generic,False
121399,Emu Farmer (Aus) (N),N,nec_category,Australia,Emu Farmer,emu farmer,1,12,121,1213,Managers,Livestock Farmers nec,principal,Generic,False
121399,Llama Farmer (N),N,nec_category,Generic,Llama Farmer,llama farmer,1,12,121,1213,Managers,Livestock Farmers nec,principal,Generic,False
121399,Ostrich Farmer (N),N,nec_category,Generic,Ostrich Farmer,ostrich farmer,1,12,121,1213,Managers,Livestock Farmers nec,principal,Generic,False
121411,Mixed Crop and Livestock Farmer (P),P,principal,Generic,Mixed Crop and Livestock Farmer,mixed crop and livestock farmer,1,12,121,1214,Managers,Mixed Crop and Livestock Farmer,principal,Generic,True
121411,Farmer and Grazier (A),A,alternative,Generic,Farmer and Grazier,farmer and grazier,1,12,121,1214,Managers,Mixed Crop and Livestock Farmer,principal,Generic,False
121411,Cattle and Wheat Farmer (S),S,specialisation,Generic,Cattle and Wheat Farmer,cattle and wheat farmer,1,12,121,1214,Managers,Mixed Crop and Livestock Farmer,principal,Generic,False
121411,Sheep and Wheat Farmer (S),S,specialisation,Generic,Sheep and Wheat Farmer,sheep and wheat farmer,1,12,121,1214,Managers,Mixed Crop and Livestock Farmer,principal,Generic,False
131112,Sales and Marketing Manager (P),P,principal,Generic,Sales and Marketing Manager,sales and marketing manager,1,13,131,1311,Managers,Sales and Marketing Manager,principal,Generic,True
131112,Business Development Manager (S),S,specialisation,Generic,Business Development Manager,business development manager,1,13,131,1311,Managers,Sales and Marketing Manager,principal,Generic,False
131112,Market Research Manager (S),S,specialisation,Generic,Market Research Manager,market research manager,1,13,131,1311,Managers,Sales and Marketing Manager,principal,Generic,False
131113,Advertising Manager (P),P,principal,Generic,Advertising Manager,advertising manager,1,13,131,1311,Managers,Advertising Manager,principal,Generic,True
131114,Public Relations Manager (P),P,principal,Generic,Public Relations Manager,public relations manager,1,13,131,1311,Managers,Public Relations Manager,principal,Generic,True
131114,Communications Manager (A),A,alternative,Generic,Communications Manager,communications manager,1,13,131,1311,Managers,Public Relations Manager,principal,Generic,False
131114,Corporate Affairs Manager (A),A,alternative,Generic,Corporate Affairs Manager,corporate affairs manager,1,13,131,1311,Managers,Public Relations Manager,principal,Generic,False
131114,Corporate Relations Manager (A),A,alternative,Generic,Corporate Relations Manager,corporate relations manager,1,13,131,1311,Managers,Public Relations Manager,principal,Generic,False
131114,PR Manager (A),A,alternative,Generic,PR Manager,pr manager,1,13,131,1311,Managers,Public Relations Manager,principal,Generic,False
131114,Public Affairs Manager (A),A,alternative,Generic,Public Affairs Manager,public affairs manager,1,13,131,1311,Managers,Public Relations Manager,principal,Generic,False
131114,Community Relations Manager (S),S,specialisation,Generic,Community Relations Manager,community relations manager,1,13,131,1311,Managers,Public Relations Manager,principal,Generic,False
131114,External Relations Manager (S),S,specialisation,Generic,External Relations Manager,external relations manager,1,13,131,1311,Managers,Public Relations Manager,principal,Generic,False
131114,Media Relations Manager (S),S,specialisation,Generic,Media Relations Manager,media relations manager,1,13,131,1311,Managers,Public Relations Manager,principal,Generic,False
132111,Corporate Services Manager (P),P,principal,Generic,Corporate Services Manager,corporate services manager,1,13,132,1321,Managers,Corporate Services Manager,principal,Generic,True
132111,Administration Manager (A),A,alternative,Generic,Administration Manager,administration manager,1,13,132,1321,Managers,Corporate Services Manager,principal,Generic,False
132111,Business Services Manager (A),A,alternative,Generic,Business Services Manager,business services manager,1,13,132,1321,Managers,Corporate Services Manager,principal,Generic,False
132211,Finance Manager (P),P,principal,Generic,Finance Manager,finance manager,1,13,132,1322,Managers,Finance Manager,principal,Generic,True
132211,Chief Financial Officer (A),A,alternative,Generic,Chief Financial Officer,chief financial officer,1,13,132,1322,Managers,Finance Manager,principal,Generic,False
132211,Finance Director (A),A,alternative,Generic,Finance Director,finance director,1,13,132,1322,Managers,Finance Manager,principal,Generic,False
132211,Financial Controller (A),A,alternative,Generic,Financial Controller,financial controller,1,13,132,1322,Managers,Finance Manager,principal,Generic,False
132311,Human Resource Manager (P),P,principal,Generic,Human Resource Manager,human resource manager,1,13,132,1323,Managers,Human Resource Manager,principal,Generic,True
132311,Personnel and Employee Relations Manager (A),A,alternative,Generic,Personnel and Employee Relations Manager,personnel and employee relations manager,1,13,132,1323,Managers,Human Resource Manager,principal,Generic,False
132311,Occupational Health and Safety Manager (S),S,specialisation,Generic,Occupational Health and Safety Manager,occupational health and safety manager,1,13,132,1323,Managers,Human Resource Manager,principal,Generic,False
132311,Training and Development Manager (S),S,specialisation,Generic,Training and Development Manager,training and development manager,1,13,132,1323,Managers,Human Resource Manager,principal,Generic,False
132311,Workplace Relations Manager (S),S,specialisation,Generic,Workplace Relations Manager,workplace relations manager,1,13,132,1323,Managers,Human Resource Manager,principal,Generic,False
132411,Policy and Planning Manager (P),P,principal,Generic,Policy and Planning Manager,policy and planning manager,1,13,132,1324,Managers,Policy and Planning Manager,principal,Generic,True
132411,Public Policy Manager (A),A,alternative,Generic,Public Policy Manager,public policy manager,1,13,132,1324,Managers,Policy and Planning Manager,principal,Generic,False
132411,Corporate Planning Manager (S),S,specialisation,Generic,Corporate Planning Manager,corporate planning manager,1,13,132,1324,Managers,Policy and Planning Manager,principal,Generic,False
132411,Policy Development Manager (S),S,specialisation,Generic,Policy Development Manager,policy development manager,1,13,132,1324,Managers,Policy and Planning Manager,principal,Generic,False
132411,Strategic Planning Manager (S),S,specialisation,Generic,Strategic Planning Manager,strategic planning manager,1,13,132,1324,Managers,Policy and Planning Manager,principal,Generic,False
132511,Research and Development Manager (P),P,principal,Generic,Research and Development Manager,research and development manager,1,13,132,1325,Managers,Research and Development Manager,principal,Generic,True
133111,Construction Project Manager (P),P,principal,Generic,Construction Project Manager,construction project manager,1,13,133,1331,Managers,Construction Project Manager,principal,Generic,True
133111,Building and Construction Manager (A),A,alternative,Generic,Building and Construction Manager,building and construction manager,1,13,133,1331,Managers,Construction Project Manager,principal,Generic,False
133112,Project Builder (P),P,principal,Generic,Project Builder,project builder,1,13,133,1331,Managers,Project Builder,principal,Generic,True
133112,Professional Builder (A),A,alternative,Generic,Professional Builder,professional builder,1,13,133,1331,Managers,Project Builder,principal,Generic,False
133211,Engineering Manager (P),P,principal,Generic,Engineering Manager,engineering manager,1,13,133,1332,Managers,Engineering Manager,principal,Generic,True
133311,Importer or Exporter (P),P,principal,Generic,Importer or Exporter,importer or exporter,1,13,133,1333,Managers,Importer or Exporter,principal,Generic,True
133312,Wholesaler (P),P,principal,Generic,Wholesaler,wholesaler,1,13,133,1333,Managers,Wholesaler,principal,Generic,True
133411,Manufacturer (P),P,principal,Generic,Manufacturer,manufacturer,1,13,133,1334,Managers,Manufacturer,principal,Generic,True
133511,Production Manager (Forestry) (P),P,principal,Generic,Production Manager (Forestry),production manager forestry,1,13,133,1335,Managers,Production Manager (Forestry),principal,Generic,True
133511,Forest Manager (A),A,alternative,Generic,Forest Manager,forest manager,1,13,133,1335,Managers,Production Manager (Forestry),principal,Generic,False
133511,Forest Logistics Manager (NZ) (S),S,specialisation,New Zealand,Forest Logistics Manager,forest logistics manager,1,13,133,1335,Managers,Production Manager (Forestry),principal,Generic,False
133511,Forestry Contractor (NZ) (S),S,specialisation,New Zealand,Forestry Contractor,forestry contractor,1,13,133,1335,Managers,Production Manager (Forestry),principal,Generic,False
133511,Harvest Manager (Forestry) (S),S,specialisation,Generic,Harvest Manager (Forestry),harvest manager forestry,1,13,133,1335,Managers,Production Manager (Forestry),principal,Generic,False
133511,Operations Manager (Forestry) (S),S,specialisation,Generic,Operations Manager (Forestry),operations manager forestry,1,13,133,1335,Managers,Production Manager (Forestry),principal,Generic,False
133512,Production Manager (Manufacturing) (P),P,principal,Generic,Production Manager (Manufacturing),production manager manufacturing,1,13,133,1335,Managers,Production Manager (Manufacturing),principal,Generic,True
133512,Operations Manager (Production) (S),S,specialisation,Generic,Operations Manager (Production),operations manager production,1,13,133,1335,Managers,Production Manager (Manufacturing),principal,Generic,False
133512,Plant Manager (Manufacturing) (Aus) (S),S,specialisation,Australia,Plant Manager (Manufacturing),plant manager manufacturing,1,13,133,1335,Managers,Production Manager (Manufacturing),principal,Generic,False
133512,Works Manager (Manufacturing) (Aus) (S),S,specialisation,Australia,Works Manager (Manufacturing),works manager manufacturing,1,13,133,1335,Managers,Production Manager (Manufacturing),principal,Generic,False
133513,Production Manager (Mining) (P),P,principal,Generic,Production Manager (Mining),production manager mining,1,13,133,1335,Managers,Production Manager (Mining),principal,Generic,True
133513,Mine Manager (A),A,alternative,Generic,Mine Manager,mine manager,1,13,133,1335,Managers,Production Manager (Mining),principal,Generic,False
133513,Mine Superintendent (A),A,alternative,Generic,Mine Superintendent,mine superintendent,1,13,133,1335,Managers,Production Manager (Mining),principal,Generic,False
133513,Quarry Manager (S),S,specialisation,Generic,Quarry Manager,quarry manager,1,13,133,1335,Managers,Production Manager (Mining),principal,Generic,False
133611,Supply and Distribution Manager (P),P,principal,Generic,Supply and Distribution Manager,supply and distribution manager,1,13,133,1336,Managers,Supply and Distribution Manager,principal,Generic,True
133611,Logistics Manager (S),S,specialisation,Generic,Logistics Manager,logistics manager,1,13,133,1336,Managers,Supply and Distribution Manager,principal,Generic,False
133611,Logistics Officer (Air Force) (S),S,specialisation,Generic,Logistics Officer (Air Force),logistics officer air force,1,13,133,1336,Managers,Supply and Distribution Manager,principal,Generic,False
133611,Ordnance Corps Officer (Army) (S),S,specialisation,Generic,Ordnance Corps Officer (Army),ordnance corps officer army,1,13,133,1336,Managers,Supply and Distribution Manager,principal,Generic,False
133611,Supply Chain Manager (S),S,specialisation,Generic,Supply Chain Manager,supply chain manager,1,13,133,1336,Managers,Supply and Distribution Manager,principal,Generic,False
133611,Supply Officer (Navy) (S),S,specialisation,Generic,Supply Officer (Navy),supply officer navy,1,13,133,1336,Managers,Supply and Distribution Manager,principal,Generic,False
133611,Transport Corps Officer (Army) (S),S,specialisation,Generic,Transport Corps Officer (Army),transport corps officer army,1,13,133,1336,Managers,Supply and Distribution Manager,principal,Generic,False
134111,Child Care Centre Manager (P),P,principal,Generic,Child Care Centre Manager,child care centre manager,1,13,134,1341,Managers,Child Care Centre Manager,principal,Generic,True
134111,Child Care Centre Director (A),A,alternative,Generic,Child Care Centre Director,child care centre director,1,13,134,1341,Managers,Child Care Centre Manager,principal,Generic,False
134111,Child Care Coordinator (A),A,alternative,Generic,Child Care Coordinator,child care coordinator,1,13,134,1341,Managers,Child Care Centre Manager,principal,Generic,False
134211,Medical Administrator (Aus) (P),P,principal,Australia,Medical Administrator,medical administrator,1,13,134,1342,Managers,Medical Administrator,principal,Australia,True
134211,Medical Superintendent (NZ) (P),P,principal,New Zealand,Medical Superintendent,medical superintendent,1,13,134,1342,Managers,Medical Administrator,principal,Australia,False
134211,Medical Manager (A),A,alternative,Generic,Medical Manager,medical manager,1,13,134,1342,Managers,Medical Administrator,principal,Australia,False
134211,Director of Clinical Services (S),S,specialisation,Generic,Director of Clinical Services,director of clinical services,1,13,134,1342,Managers,Medical Administrator,principal,Australia,False
134211,Director of Medical Services (S),S,specialisation,Generic,Director of Medical Services,director of medical services,1,13,134,1342,Managers,Medical Administrator,principal,Australia,False
134212,Nursing Clinical Director (P),P,principal,Generic,Nursing Clinical Director,nursing clinical director,1,13,134,1342,Managers,Nursing Clinical Director,principal,Generic,True
134212,Director of Nursing (A),A,alternative,Generic,Director of Nursing,director of nursing,1,13,134,1342,Managers,Nursing Clinical Director,principal,Generic,False
134212,Senior Nurse Manager (A),A,alternative,Generic,Senior Nurse Manager,senior nurse manager,1,13,134,1342,Managers,Nursing Clinical Director,principal,Generic,False
134212,Assistant Director of Nursing (S),S,specialisation,Generic,Assistant Director of Nursing,assistant director of nursing,1,13,134,1342,Managers,Nursing Clinical Director,principal,Generic,False
134212,Deputy Director of Nursing (S),S,specialisation,Generic,Deputy Director of Nursing,deputy director of nursing,1,13,134,1342,Managers,Nursing Clinical Director,principal,Generic,False
134212,Executive Director of Nursing (S),S,specialisation,Generic,Executive Director of Nursing,executive director of nursing,1,13,134,1342,Managers,Nursing Clinical Director,principal,Generic,False
134213,Primary Health Organisation Manager (P),P,principal,Generic,Primary Health Organisation Manager,primary health organisation manager,1,13,134,1342,Managers,Primary Health Organisation Manager,principal,Generic,True
134214,Welfare Centre Manager (P),P,principal,Generic,Welfare Centre Manager,welfare centre manager,1,13,134,1342,Managers,Welfare Centre Manager,principal,Generic,True
134214,Welfare Project Manager (A),A,alternative,Generic,Welfare Project Manager,welfare project manager,1,13,134,1342,Managers,Welfare Centre Manager,principal,Generic,False
134299,Health and Welfare Services Managers nec (P),P,principal,Generic,Health and Welfare Services Managers nec,health and welfare services managers nec,1,13,134,1342,Managers,Health and Welfare Services Managers nec,principal,Generic,True
134299,Director of Pharmacy (N),N,nec_category,Generic,Director of Pharmacy,director of pharmacy,1,13,134,1342,Managers,Health and Welfare Services Managers nec,principal,Generic,False
134299,Director of Physiotherapy Services (N),N,nec_category,Generic,Director of Physiotherapy Services,director of physiotherapy services,1,13,134,1342,Managers,Health and Welfare Services Managers nec,principal,Generic,False
134299,Director of Speech Pathology (N),N,nec_category,Generic,Director of Speech Pathology,director of speech pathology,1,13,134,1342,Managers,Health and Welfare Services Managers nec,principal,Generic,False
134299,Manager of Allied Health Services (N),N,nec_category,Generic,Manager of Allied Health Services,manager of allied health services,1,13,134,1342,Managers,Health and Welfare Services Managers nec,principal,Generic,False
134299,Medical Corps Officer (Army) (N),N,nec_category,Generic,Medical Corps Officer (Army),medical corps officer army,1,13,134,1342,Managers,Health and Welfare Services Managers nec,principal,Generic,False
134311,School Principal (P),P,principal,Generic,School Principal,school principal,1,13,134,1343,Managers,School Principal,principal,Generic,True
134311,Headmaster/mistress (A),A,alternative,Generic,Headmaster/mistress,headmaster mistress,1,13,134,1343,Managers,School Principal,principal,Generic,False
134311,Middle or Intermediate School Principal (S),S,specialisation,Generic,Middle or Intermediate School Principal,middle or intermediate school principal,1,13,134,1343,Managers,School Principal,principal,Generic,False
134311,Primary School Principal (S),S,specialisation,Generic,Primary School Principal,primary school principal,1,13,134,1343,Managers,School Principal,principal,Generic,False
134311,Secondary School Principal (S),S,specialisation,Generic,Secondary School Principal,secondary school principal,1,13,134,1343,Managers,School Principal,principal,Generic,False
134411,Faculty Head (P),P,principal,Generic,Faculty Head,faculty head,1,13,134,1344,Managers,Faculty Head,principal,Generic,True
134411,Dean (University) (S),S,specialisation,Generic,Dean (University),dean university,1,13,134,1344,Managers,Faculty Head,principal,Generic,False
134411,Head Teacher (TAFE) (Aus) (S),S,specialisation,Australia,Head Teacher (TAFE),head teacher tafe,1,13,134,1344,Managers,Faculty Head,principal,Generic,False
134412,Regional Education Manager (P),P,principal,Generic,Regional Education Manager,regional education manager,1,13,134,1344,Managers,Regional Education Manager,principal,Generic,True
134412,Schools Director (S),S,specialisation,Generic,Schools Director,schools director,1,13,134,1344,Managers,Regional Education Manager,principal,Generic,False
134499,Education Managers nec (P),P,principal,Generic,Education Managers nec,education managers nec,1,13,134,1344,Managers,Education Managers nec,principal,Generic,True
134499,Polytechnic Registrar (NZ) (N),N,nec_category,New Zealand,Polytechnic Registrar,polytechnic registrar,1,13,134,1344,Managers,Education Managers nec,principal,Generic,False
134499,Project Coordinator (Education) (N),N,nec_category,Generic,Project Coordinator (Education),project coordinator education,1,13,134,1344,Managers,Education Managers nec,principal,Generic,False
134499,TAFE Registrar (Aus) (N),N,nec_category,Australia,TAFE Registrar,tafe registrar,1,13,134,1344,Managers,Education Managers nec,principal,Generic,False
134499,University Registrar (N),N,nec_category,Generic,University Registrar,university registrar,1,13,134,1344,Managers,Education Managers nec,principal,Generic,False
135111,Chief Information Officer (P),P,principal,Generic,Chief Information Officer,chief information officer,1,13,135,1351,Managers,Chief Information Officer,principal,Generic,True
135111,Chief Technology Officer (A),A,alternative,Generic,Chief Technology Officer,chief technology officer,1,13,135,1351,Managers,Chief Information Officer,principal,Generic,False
135112,ICT Project Manager (P),P,principal,Generic,ICT Project Manager,ict project manager,1,13,135,1351,Managers,ICT Project Manager,principal,Generic,True
135112,ICT Development Manager (S),S,specialisation,Generic,ICT Development Manager,ict development manager,1,13,135,1351,Managers,ICT Project Manager,principal,Generic,False
135199,ICT Managers nec (P),P,principal,Generic,ICT Managers nec,ict managers nec,1,13,135,1351,Managers,ICT Managers nec,principal,Generic,True
135199,Internet Service Provider (N),N,nec_category,Generic,Internet Service Provider,internet service provider,1,13,135,1351,Managers,ICT Managers nec,principal,Generic,False
135199,Network Manager (N),N,nec_category,Generic,Network Manager,network manager,1,13,135,1351,Managers,ICT Managers nec,principal,Generic,False
139111,Commissioned Defence Force Officer (P),P,principal,Generic,Commissioned Defence Force Officer,commissioned defence force officer,1,13,139,1391,Managers,Commissioned Defence Force Officer,principal,Generic,True
139111,Air Defence Officer (Air Force) (Aus) (S),S,specialisation,Australia,Air Defence Officer (Air Force),air defence officer air force,1,13,139,1391,Managers,Commissioned Defence Force Officer,principal,Generic,False
139111,Armoured Corps Officer (Army) (S),S,specialisation,Generic,Armoured Corps Officer (Army),armoured corps officer army,1,13,139,1391,Managers,Commissioned Defence Force Officer,principal,Generic,False
139111,Artillery Officer (Army) (S),S,specialisation,Generic,Artillery Officer (Army),artillery officer army,1,13,139,1391,Managers,Commissioned Defence Force Officer,principal,Generic,False
139111,General Service Officer (Army) (Aus) (S),S,specialisation,Australia,General Service Officer (Army),general service officer army,1,13,139,1391,Managers,Commissioned Defence Force Officer,principal,Generic,False
139111,Ground Defence Officer (Air Force) (Aus) (S),S,specialisation,Australia,Ground Defence Officer (Air Force),ground defence officer air force,1,13,139,1391,Managers,Commissioned Defence Force Officer,principal,Generic,False
139111,Infantry Officer (Army) (S),S,specialisation,Generic,Infantry Officer (Army),infantry officer army,1,13,139,1391,Managers,Commissioned Defence Force Officer,principal,Generic,False
139111,Military Police Officer (Air Force) (NZ) (S),S,specialisation,New Zealand,Military Police Officer (Air Force),military police officer air force,1,13,139,1391,Managers,Commissioned Defence Force Officer,principal,Generic,False
139111,Military Police Officer (Army) (S),S,specialisation,Generic,Military Police Officer (Army),military police officer army,1,13,139,1391,Managers,Commissioned Defence Force Officer,principal,Generic,False
139111,Military Police Officer (Navy) (NZ) (S),S,specialisation,New Zealand,Military Police Officer (Navy),military police officer navy,1,13,139,1391,Managers,Commissioned Defence Force Officer,principal,Generic,False
139111,Observer (Navy) (S),S,specialisation,Generic,Observer (Navy),observer navy,1,13,139,1391,Managers,Commissioned Defence Force Officer,principal,Generic,False
139111,Security Police Officer (Air Force) (Aus) (S),S,specialisation,Australia,Security Police Officer (Air Force),security police officer air force,1,13,139,1391,Managers,Commissioned Defence Force Officer,principal,Generic,False
139111,Special Service Officer (Army) (Aus) (S),S,specialisation,Australia,Special Service Officer (Army),special service officer army,1,13,139,1391,Managers,Commissioned Defence Force Officer,principal,Generic,False
139112,Commissioned Fire Officer (P),P,principal,Generic,Commissioned Fire Officer,commissioned fire officer,1,13,139,1391,Managers,Commissioned Fire Officer,principal,Generic,True
139112,Fire Investigator (S),S,specialisation,Generic,Fire Investigator,fire investigator,1,13,139,1391,Managers,Commissioned Fire Officer,principal,Generic,False
139112,Inspector (Fire Services) (S),S,specialisation,Generic,Inspector (Fire Services),inspector fire services,1,13,139,1391,Managers,Commissioned Fire Officer,principal,Generic,False
139113,Commissioned Police Officer (P),P,principal,Generic,Commissioned Police Officer,commissioned police officer,1,13,139,1391,Managers,Commissioned Police Officer,principal,Generic,True
139211,Senior Non-commissioned Defence Force Member (P),P,principal,Generic,Senior Non-commissioned Defence Force Member,senior non commissioned defence force member,1,13,139,1392,Managers,Senior Non-commissioned Defence Force Member,principal,Generic,True
139911,Arts Administrator or Manager (P),P,principal,Generic,Arts Administrator or Manager,arts administrator or manager,1,13,139,1399,Managers,Arts Administrator or Manager,principal,Generic,True
139911,Art Gallery Director (S),S,specialisation,Generic,Art Gallery Director,art gallery director,1,13,139,1399,Managers,Arts Administrator or Manager,principal,Generic,False
139911,Community Arts Centre Manager (S),S,specialisation,Generic,Community Arts Centre Manager,community arts centre manager,1,13,139,1399,Managers,Arts Administrator or Manager,principal,Generic,False
139911,Cultural Centre Manager (S),S,specialisation,Generic,Cultural Centre Manager,cultural centre manager,1,13,139,1399,Managers,Arts Administrator or Manager,principal,Generic,False
139912,Environmental Manager (P),P,principal,Generic,Environmental Manager,environmental manager,1,13,139,1399,Managers,Environmental Manager,principal,Generic,True
139913,Laboratory Manager (P),P,principal,Generic,Laboratory Manager,laboratory manager,1,13,139,1399,Managers,Laboratory Manager,principal,Generic,True
139914,Quality Assurance Manager (P),P,principal,Generic,Quality Assurance Manager,quality assurance manager,1,13,139,1399,Managers,Quality Assurance Manager,principal,Generic,True
139914,Quality Facilitator (A),A,alternative,Generic,Quality Facilitator,quality facilitator,1,13,139,1399,Managers,Quality Assurance Manager,principal,Generic,False
139914,Quality Certification Manager (NZ) (S),S,specialisation,New Zealand,Quality Certification Manager,quality certification manager,1,13,139,1399,Managers,Quality Assurance Manager,principal,Generic,False
139915,Sports Administrator (P),P,principal,Generic,Sports Administrator,sports administrator,1,13,139,1399,Managers,Sports Administrator,principal,Generic,True
139999,Specialist Managers nec (P),P,principal,Generic,Specialist Managers nec,specialist managers nec,1,13,139,1399,Managers,Specialist Managers nec,principal,Generic,True
139999,Airport Manager (N),N,nec_category,Generic,Airport Manager,airport manager,1,13,139,1399,Managers,Specialist Managers nec,principal,Generic,False
139999,Ambassador (N),N,nec_category,Generic,Ambassador,ambassador,1,13,139,1399,Managers,Specialist Managers nec,principal,Generic,False
139999,Archbishop (N),N,nec_category,Generic,Archbishop,archbishop,1,13,139,1399,Managers,Specialist Managers nec,principal,Generic,False
139999,Bishop (N),N,nec_category,Generic,Bishop,bishop,1,13,139,1399,Managers,Specialist Managers nec,principal,Generic,False
139999,Harbour Master (N),N,nec_category,Generic,Harbour Master,harbour master,1,13,139,1399,Managers,Specialist Managers nec,principal,Generic,False
141111,Cafe or Restaurant Manager (P),P,principal,Generic,Cafe or Restaurant Manager,cafe or restaurant manager,1,14,141,1411,Managers,Cafe or Restaurant Manager,principal,Generic,True
141111,Food and Beverage Manager (A),A,alternative,Generic,Food and Beverage Manager,food and beverage manager,1,14,141,1411,Managers,Cafe or Restaurant Manager,principal,Generic,False
141111,Restaurateur (A),A,alternative,Generic,Restaurateur,restaurateur,1,14,141,1411,Managers,Cafe or Restaurant Manager,principal,Generic,False
141111,Bistro Manager (S),S,specialisation,Generic,Bistro Manager,bistro manager,1,14,141,1411,Managers,Cafe or Restaurant Manager,principal,Generic,False
141111,Canteen Manager (S),S,specialisation,Generic,Canteen Manager,canteen manager,1,14,141,1411,Managers,Cafe or Restaurant Manager,principal,Generic,False
141111,Caterer (S),S,specialisation,Generic,Caterer,caterer,1,14,141,1411,Managers,Cafe or Restaurant Manager,principal,Generic,False
141111,Internet Cafe Manager (S),S,specialisation,Generic,Internet Cafe Manager,internet cafe manager,1,14,141,1411,Managers,Cafe or Restaurant Manager,principal,Generic,False
141111,Mess Supervisor (S),S,specialisation,Generic,Mess Supervisor,mess supervisor,1,14,141,1411,Managers,Cafe or Restaurant Manager,principal,Generic,False
141111,Steward (Navy) (S),S,specialisation,Generic,Steward (Navy),steward navy,1,14,141,1411,Managers,Cafe or Restaurant Manager,principal,Generic,False
141211,Caravan Park and Camping Ground Manager (P),P,principal,Generic,Caravan Park and Camping Ground Manager,caravan park and camping ground manager,1,14,141,1412,Managers,Caravan Park and Camping Ground Manager,principal,Generic,True
141311,Hotel or Motel Manager (P),P,principal,Generic,Hotel or Motel Manager,hotel or motel manager,1,14,141,1413,Managers,Hotel or Motel Manager,principal,Generic,True
141311,Hotelier (A),A,alternative,Generic,Hotelier,hotelier,1,14,141,1413,Managers,Hotel or Motel Manager,principal,Generic,False
141311,Publican (A),A,alternative,Generic,Publican,publican,1,14,141,1413,Managers,Hotel or Motel Manager,principal,Generic,False
141311,Duty Manager (Hotel) (S),S,specialisation,Generic,Duty Manager (Hotel),duty manager hotel,1,14,141,1413,Managers,Hotel or Motel Manager,principal,Generic,False
141311,Resort Manager (S),S,specialisation,Generic,Resort Manager,resort manager,1,14,141,1413,Managers,Hotel or Motel Manager,principal,Generic,False
141411,Licensed Club Manager (P),P,principal,Generic,Licensed Club Manager,licensed club manager,1,14,141,1414,Managers,Licensed Club Manager,principal,Generic,True
141411,Club Licensee (A),A,alternative,Generic,Club Licensee,club licensee,1,14,141,1414,Managers,Licensed Club Manager,principal,Generic,False
141411,Gaming Manager (S),S,specialisation,Generic,Gaming Manager,gaming manager,1,14,141,1414,Managers,Licensed Club Manager,principal,Generic,False
141411,Nightclub Manager (S),S,specialisation,Generic,Nightclub Manager,nightclub manager,1,14,141,1414,Managers,Licensed Club Manager,principal,Generic,False
141911,Bed and Breakfast Operator (P),P,principal,Generic,Bed and Breakfast Operator,bed and breakfast operator,1,14,141,1419,Managers,Bed and Breakfast Operator,principal,Generic,True
141912,Retirement Village Manager (P),P,principal,Generic,Retirement Village Manager,retirement village manager,1,14,141,1419,Managers,Retirement Village Manager,principal,Generic,True
141999,Accommodation and Hospitality Managers nec (P),P,principal,Generic,Accommodation and Hospitality Managers nec,accommodation and hospitality managers nec,1,14,141,1419,Managers,Accommodation and Hospitality Managers nec,principal,Generic,True
141999,Backpackers Manager (N),N,nec_category,Generic,Backpackers Manager,backpackers manager,1,14,141,1419,Managers,Accommodation and Hospitality Managers nec,principal,Generic,False
141999,Boarding House Manager (N),N,nec_category,Generic,Boarding House Manager,boarding house manager,1,14,141,1419,Managers,Accommodation and Hospitality Managers nec,principal,Generic,False
141999,Casino Duty Manager (N),N,nec_category,Generic,Casino Duty Manager,casino duty manager,1,14,141,1419,Managers,Accommodation and Hospitality Managers nec,principal,Generic,False
141999,Guest House Manager (N),N,nec_category,Generic,Guest House Manager,guest house manager,1,14,141,1419,Managers,Accommodation and Hospitality Managers nec,principal,Generic,False
141999,Hostel Manager (N),N,nec_category,Generic,Hostel Manager,hostel manager,1,14,141,1419,Managers,Accommodation and Hospitality Managers nec,principal,Generic,False
141999,Reception Centre Manager (N),N,nec_category,Generic,Reception Centre Manager,reception centre manager,1,14,141,1419,Managers,Accommodation and Hospitality Managers nec,principal,Generic,False
142111,Retail Manager (General) (P),P,principal,Generic,Retail Manager (General),retail manager general,1,14,142,1421,Managers,Retail Manager (General),principal,Generic,True
142111,Retail Store Manager (A),A,alternative,Generic,Retail Store Manager,retail store manager,1,14,142,1421,Managers,Retail Manager (General),principal,Generic,False
142111,Shop Manager (A),A,alternative,Generic,Shop Manager,shop manager,1,14,142,1421,Managers,Retail Manager (General),principal,Generic,False
142111,Newsagent (S),S,specialisation,Generic,Newsagent,newsagent,1,14,142,1421,Managers,Retail Manager (General),principal,Generic,False
142111,Snack Bar Manager (S),S,specialisation,Generic,Snack Bar Manager,snack bar manager,1,14,142,1421,Managers,Retail Manager (General),principal,Generic,False
142112,Antique Dealer (P),P,principal,Generic,Antique Dealer,antique dealer,1,14,142,1421,Managers,Antique Dealer,principal,Generic,True
142113,Betting Agency Manager (P),P,principal,Generic,Betting Agency Manager,betting agency manager,1,14,142,1421,Managers,Betting Agency Manager,principal,Generic,True
142114,Hair or Beauty Salon Manager (P),P,principal,Generic,Hair or Beauty Salon Manager,hair or beauty salon manager,1,14,142,1421,Managers,Hair or Beauty Salon Manager,principal,Generic,True
142115,Post Office Manager (P),P,principal,Generic,Post Office Manager,post office manager,1,14,142,1421,Managers,Post Office Manager,principal,Generic,True
142116,Travel Agency Manager (P),P,principal,Generic,Travel Agency Manager,travel agency manager,1,14,142,1421,Managers,Travel Agency Manager,principal,Generic,True
149111,Amusement Centre Manager (P),P,principal,Generic,Amusement Centre Manager,amusement centre manager,1,14,149,1491,Managers,Amusement Centre Manager,principal,Generic,True
149111,Entertainment Centre Manager (A),A,alternative,Generic,Entertainment Centre Manager,entertainment centre manager,1,14,149,1491,Managers,Amusement Centre Manager,principal,Generic,False
149111,Bridge Club Manager (S),S,specialisation,Generic,Bridge Club Manager,bridge club manager,1,14,149,1491,Managers,Amusement Centre Manager,principal,Generic,False
149111,Fairground Operator (S),S,specialisation,Generic,Fairground Operator,fairground operator,1,14,149,1491,Managers,Amusement Centre Manager,principal,Generic,False
149111,Video Arcade Manager (S),S,specialisation,Generic,Video Arcade Manager,video arcade manager,1,14,149,1491,Managers,Amusement Centre Manager,principal,Generic,False
149112,Fitness Centre Manager (P),P,principal,Generic,Fitness Centre Manager,fitness centre manager,1,14,149,1491,Managers,Fitness Centre Manager,principal,Generic,True
149113,Sports Centre Manager (P),P,principal,Generic,Sports Centre Manager,sports centre manager,1,14,149,1491,Managers,Sports Centre Manager,principal,Generic,True
149113,Aquatic Centre Manager (S),S,specialisation,Generic,Aquatic Centre Manager,aquatic centre manager,1,14,149,1491,Managers,Sports Centre Manager,principal,Generic,False
149113,Golf Course Manager (S),S,specialisation,Generic,Golf Course Manager,golf course manager,1,14,149,1491,Managers,Sports Centre Manager,principal,Generic,False
149113,Indoor Sports Centre Manager (S),S,specialisation,Generic,Indoor Sports Centre Manager,indoor sports centre manager,1,14,149,1491,Managers,Sports Centre Manager,principal,Generic,False
149113,Squash Centre Manager (S),S,specialisation,Generic,Squash Centre Manager,squash centre manager,1,14,149,1491,Managers,Sports Centre Manager,principal,Generic,False
149113,Stadium Manager (S),S,specialisation,Generic,Stadium Manager,stadium manager,1,14,149,1491,Managers,Sports Centre Manager,principal,Generic,False
149113,Ten Pin Bowling Centre Manager (S),S,specialisation,Generic,Ten Pin Bowling Centre Manager,ten pin bowling centre manager,1,14,149,1491,Managers,Sports Centre Manager,principal,Generic,False
149113,Tennis Centre Manager (S),S,specialisation,Generic,Tennis Centre Manager,tennis centre manager,1,14,149,1491,Managers,Sports Centre Manager,principal,Generic,False
149211,Call or Contact Centre Manager (P),P,principal,Generic,Call or Contact Centre Manager,call or contact centre manager,1,14,149,1492,Managers,Call or Contact Centre Manager,principal,Generic,True
149212,Customer Service Manager (P),P,principal,Generic,Customer Service Manager,customer service manager,1,14,149,1492,Managers,Customer Service Manager,principal,Generic,True
149212,Client Service Manager (A),A,alternative,Generic,Client Service Manager,client service manager,1,14,149,1492,Managers,Customer Service Manager,principal,Generic,False
149212,Service Manager (A),A,alternative,Generic,Service Manager,service manager,1,14,149,1492,Managers,Customer Service Manager,principal,Generic,False
149311,Conference and Event Organiser (P),P,principal,Generic,Conference and Event Organiser,conference and event organiser,1,14,149,1493,Managers,Conference and Event Organiser,principal,Generic,True
149311,Event Management Consultant (A),A,alternative,Generic,Event Management Consultant,event management consultant,1,14,149,1493,Managers,Conference and Event Organiser,principal,Generic,False
149311,Event Planner (S),S,specialisation,Generic,Event Planner,event planner,1,14,149,1493,Managers,Conference and Event Organiser,principal,Generic,False
149311,Exhibition Organiser (S),S,specialisation,Generic,Exhibition Organiser,exhibition organiser,1,14,149,1493,Managers,Conference and Event Organiser,principal,Generic,False
149311,Wedding Coordinator (S),S,specialisation,Generic,Wedding Coordinator,wedding coordinator,1,14,149,1493,Managers,Conference and Event Organiser,principal,Generic,False
149411,Fleet Manager (P),P,principal,Generic,Fleet Manager,fleet manager,1,14,149,1494,Managers,Fleet Manager,principal,Generic,True
149412,Railway Station Manager (P),P,principal,Generic,Railway Station Manager,railway station manager,1,14,149,1494,Managers,Railway Station Manager,principal,Generic,True
149413,Transport Company Manager (P),P,principal,Generic,Transport Company Manager,transport company manager,1,14,149,1494,Managers,Transport Company Manager,principal,Generic,True
149413,Bus Company Manager (S),S,specialisation,Generic,Bus Company Manager,bus company manager,1,14,149,1494,Managers,Transport Company Manager,principal,Generic,False
149413,Car Rental Agency Manager (S),S,specialisation,Generic,Car Rental Agency Manager,car rental agency manager,1,14,149,1494,Managers,Transport Company Manager,principal,Generic,False
149911,Boarding Kennel or Cattery Operator (P),P,principal,Generic,Boarding Kennel or Cattery Operator,boarding kennel or cattery operator,1,14,149,1499,Managers,Boarding Kennel or Cattery Operator,principal,Generic,True
149912,Cinema or Theatre Manager (P),P,principal,Generic,Cinema or Theatre Manager,cinema or theatre manager,1,14,149,1499,Managers,Cinema or Theatre Manager,principal,Generic,True
149913,Facilities Manager (P),P,principal,Generic,Facilities Manager,facilities manager,1,14,149,1499,Managers,Facilities Manager,principal,Generic,True
149913,Building Manager (A),A,alternative,Generic,Building Manager,building manager,1,14,149,1499,Managers,Facilities Manager,principal,Generic,False
149913,Shopping Centre Manager (S),S,specialisation,Generic,Shopping Centre Manager,shopping centre manager,1,14,149,1499,Managers,Facilities Manager,principal,Generic,False
149914,Financial Institution Branch Manager (P),P,principal,Generic,Financial Institution Branch Manager,financial institution branch manager,1,14,149,1499,Managers,Financial Institution Branch Manager,principal,Generic,True
149914,Bank Manager (S),S,specialisation,Generic,Bank Manager,bank manager,1,14,149,1499,Managers,Financial Institution Branch Manager,principal,Generic,False
149914,Building Society Manager (S),S,specialisation,Generic,Building Society Manager,building society manager,1,14,149,1499,Managers,Financial Institution Branch Manager,principal,Generic,False
149914,Credit Union Manager (S),S,specialisation,Generic,Credit Union Manager,credit union manager,1,14,149,1499,Managers,Financial Institution Branch Manager,principal,Generic,False
149915,Equipment Hire Manager (P),P,principal,Generic,Equipment Hire Manager,equipment hire manager,1,14,149,1499,Managers,Equipment Hire Manager,principal,Generic,True
149999,"Hospitality, Retail and Service Managers nec (P)",P,principal,Generic,"Hospitality, Retail and Service Managers nec",hospitality retail and service managers nec,1,14,149,1499,Managers,"Hospitality, Retail and Service Managers nec",principal,Generic,True
149999,Abattoir Manager (N),N,nec_category,Generic,Abattoir Manager,abattoir manager,1,14,149,1499,Managers,"Hospitality, Retail and Service Managers nec",principal,Generic,False
149999,Brothel Keeper (N),N,nec_category,Generic,Brothel Keeper,brothel keeper,1,14,149,1499,Managers,"Hospitality, Retail and Service Managers nec",principal,Generic,False
149999,Laundrette Owner (N),N,nec_category,Generic,Laundrette Owner,laundrette owner,1,14,149,1499,Managers,"Hospitality, Retail and Service Managers nec",principal,Generic,False
149999,Marina Manager (N),N,nec_category,Generic,Marina Manager,marina manager,1,14,149,1499,Managers,"Hospitality, Retail and Service Managers nec",principal,Generic,False
149999,Nursing Agency Manager (N),N,nec_category,Generic,Nursing Agency Manager,nursing agency manager,1,14,149,1499,Managers,"Hospitality, Retail and Service Managers nec",principal,Generic,False
149999,Taxi Proprietor (N),N,nec_category,Generic,Taxi Proprietor,taxi proprietor,1,14,149,1499,Managers,"Hospitality, Retail and Service Managers nec",principal,Generic,False
149999,Weight Loss Centre Manager (N),N,nec_category,Generic,Weight Loss Centre Manager,weight loss centre manager,1,14,149,1499,Managers,"Hospitality, Retail and Service Managers nec",principal,Generic,False
211111,Actor (P),P,principal,Generic,Actor,actor,2,21,211,2111,Professionals,Actor,principal,Generic,True
211111,Mime Artist (S),S,specialisation,Generic,Mime Artist,mime artist,2,21,211,2111,Professionals,Actor,principal,Generic,False
211111,Voice-over Artist (S),S,specialisation,Generic,Voice-over Artist,voice over artist,2,21,211,2111,Professionals,Actor,principal,Generic,False
211112,Dancer or Choreographer (P),P,principal,Generic,Dancer or Choreographer,dancer or choreographer,2,21,211,2111,Professionals,Dancer or Choreographer,principal,Generic,True
211112,Ballet Dancer (S),S,specialisation,Generic,Ballet Dancer,ballet dancer,2,21,211,2111,Professionals,Dancer or Choreographer,principal,Generic,False
211112,Contemporary or Modern Dancer (S),S,specialisation,Generic,Contemporary or Modern Dancer,contemporary or modern dancer,2,21,211,2111,Professionals,Dancer or Choreographer,principal,Generic,False
211112,Exotic Dancer (S),S,specialisation,Generic,Exotic Dancer,exotic dancer,2,21,211,2111,Professionals,Dancer or Choreographer,principal,Generic,False
211113,Entertainer or Variety Artist (P),P,principal,Generic,Entertainer or Variety Artist,entertainer or variety artist,2,21,211,2111,Professionals,Entertainer or Variety Artist,principal,Generic,True
211113,Busker (S),S,specialisation,Generic,Busker,busker,2,21,211,2111,Professionals,Entertainer or Variety Artist,principal,Generic,False
211113,Circus Artist (S),S,specialisation,Generic,Circus Artist,circus artist,2,21,211,2111,Professionals,Entertainer or Variety Artist,principal,Generic,False
211113,Clown (S),S,specialisation,Generic,Clown,clown,2,21,211,2111,Professionals,Entertainer or Variety Artist,principal,Generic,False
211113,Comedian (S),S,specialisation,Generic,Comedian,comedian,2,21,211,2111,Professionals,Entertainer or Variety Artist,principal,Generic,False
211113,Magician/Illusionist (S),S,specialisation,Generic,Magician/Illusionist,magician illusionist,2,21,211,2111,Professionals,Entertainer or Variety Artist,principal,Generic,False
211113,Puppeteer (S),S,specialisation,Generic,Puppeteer,puppeteer,2,21,211,2111,Professionals,Entertainer or Variety Artist,principal,Generic,False
211113,Ventriloquist (S),S,specialisation,Generic,Ventriloquist,ventriloquist,2,21,211,2111,Professionals,Entertainer or Variety Artist,principal,Generic,False
211199,"Actors, Dancers and Other Entertainers nec (P)",P,principal,Generic,"Actors, Dancers and Other Entertainers nec",actors dancers and other entertainers nec,2,21,211,2111,Professionals,"Actors, Dancers and Other Entertainers nec",principal,Generic,True
211199,Disc Jockey (Nightclub) (N),N,nec_category,Generic,Disc Jockey (Nightclub),disc jockey nightclub,2,21,211,2111,Professionals,"Actors, Dancers and Other Entertainers nec",principal,Generic,False
211199,Motivational Speaker (N),N,nec_category,Generic,Motivational Speaker,motivational speaker,2,21,211,2111,Professionals,"Actors, Dancers and Other Entertainers nec",principal,Generic,False
211199,Performance Artist (N),N,nec_category,Generic,Performance Artist,performance artist,2,21,211,2111,Professionals,"Actors, Dancers and Other Entertainers nec",principal,Generic,False
211199,Public Speaker (N),N,nec_category,Generic,Public Speaker,public speaker,2,21,211,2111,Professionals,"Actors, Dancers and Other Entertainers nec",principal,Generic,False
211199,Stunt Performer (N),N,nec_category,Generic,Stunt Performer,stunt performer,2,21,211,2111,Professionals,"Actors, Dancers and Other Entertainers nec",principal,Generic,False
211211,Composer (P),P,principal,Generic,Composer,composer,2,21,211,2112,Professionals,Composer,principal,Generic,True
211211,Music Arranger (S),S,specialisation,Generic,Music Arranger,music arranger,2,21,211,2112,Professionals,Composer,principal,Generic,False
211211,Orchestrator (S),S,specialisation,Generic,Orchestrator,orchestrator,2,21,211,2112,Professionals,Composer,principal,Generic,False
211211,Songwriter (S),S,specialisation,Generic,Songwriter,songwriter,2,21,211,2112,Professionals,Composer,principal,Generic,False
211212,Music Director (P),P,principal,Generic,Music Director,music director,2,21,211,2112,Professionals,Music Director,principal,Generic,True
211212,Band Leader (S),S,specialisation,Generic,Band Leader,band leader,2,21,211,2112,Professionals,Music Director,principal,Generic,False
211212,Choral Director (S),S,specialisation,Generic,Choral Director,choral director,2,21,211,2112,Professionals,Music Director,principal,Generic,False
211212,Orchestra Conductor (S),S,specialisation,Generic,Orchestra Conductor,orchestra conductor,2,21,211,2112,Professionals,Music Director,principal,Generic,False
211213,Musician (Instrumental) (P),P,principal,Generic,Musician (Instrumental),musician instrumental,2,21,211,2112,Professionals,Musician (Instrumental),principal,Generic,True
211213,Instrumentalist (A),A,alternative,Generic,Instrumentalist,instrumentalist,2,21,211,2112,Professionals,Musician (Instrumental),principal,Generic,False
211213,Drummer (S),S,specialisation,Generic,Drummer,drummer,2,21,211,2112,Professionals,Musician (Instrumental),principal,Generic,False
211213,Guitarist (S),S,specialisation,Generic,Guitarist,guitarist,2,21,211,2112,Professionals,Musician (Instrumental),principal,Generic,False
211213,Pianist (S),S,specialisation,Generic,Pianist,pianist,2,21,211,2112,Professionals,Musician (Instrumental),principal,Generic,False
211213,Violinist (S),S,specialisation,Generic,Violinist,violinist,2,21,211,2112,Professionals,Musician (Instrumental),principal,Generic,False
211214,Singer (P),P,principal,Generic,Singer,singer,2,21,211,2112,Professionals,Singer,principal,Generic,True
211214,Vocalist (A),A,alternative,Generic,Vocalist,vocalist,2,21,211,2112,Professionals,Singer,principal,Generic,False
211214,Band Singer (S),S,specialisation,Generic,Band Singer,band singer,2,21,211,2112,Professionals,Singer,principal,Generic,False
211214,Chorister (S),S,specialisation,Generic,Chorister,chorister,2,21,211,2112,Professionals,Singer,principal,Generic,False
211214,Commercial Singer (Advertising) (S),S,specialisation,Generic,Commercial Singer (Advertising),commercial singer advertising,2,21,211,2112,Professionals,Singer,principal,Generic,False
211214,Jazz Singer (S),S,specialisation,Generic,Jazz Singer,jazz singer,2,21,211,2112,Professionals,Singer,principal,Generic,False
211214,Opera Singer (S),S,specialisation,Generic,Opera Singer,opera singer,2,21,211,2112,Professionals,Singer,principal,Generic,False
211214,Pop Singer (S),S,specialisation,Generic,Pop Singer,pop singer,2,21,211,2112,Professionals,Singer,principal,Generic,False
211214,Rock Singer (S),S,specialisation,Generic,Rock Singer,rock singer,2,21,211,2112,Professionals,Singer,principal,Generic,False
211299,Music Professionals nec (P),P,principal,Generic,Music Professionals nec,music professionals nec,2,21,211,2112,Professionals,Music Professionals nec,principal,Generic,True
211299,Ethnomusicologist (N),N,nec_category,Generic,Ethnomusicologist,ethnomusicologist,2,21,211,2112,Professionals,Music Professionals nec,principal,Generic,False
211299,Music Copyist (N),N,nec_category,Generic,Music Copyist,music copyist,2,21,211,2112,Professionals,Music Professionals nec,principal,Generic,False
211299,Music Researcher (N),N,nec_category,Generic,Music Researcher,music researcher,2,21,211,2112,Professionals,Music Professionals nec,principal,Generic,False
211311,Photographer (P),P,principal,Generic,Photographer,photographer,2,21,211,2113,Professionals,Photographer,principal,Generic,True
211311,Fashion Photographer (S),S,specialisation,Generic,Fashion Photographer,fashion photographer,2,21,211,2113,Professionals,Photographer,principal,Generic,False
211311,Landscape Photographer (S),S,specialisation,Generic,Landscape Photographer,landscape photographer,2,21,211,2113,Professionals,Photographer,principal,Generic,False
211311,News Photographer (S),S,specialisation,Generic,News Photographer,news photographer,2,21,211,2113,Professionals,Photographer,principal,Generic,False
211311,Photographic Artist (S),S,specialisation,Generic,Photographic Artist,photographic artist,2,21,211,2113,Professionals,Photographer,principal,Generic,False
211311,Portrait Photographer (S),S,specialisation,Generic,Portrait Photographer,portrait photographer,2,21,211,2113,Professionals,Photographer,principal,Generic,False
211311,Sports Photographer (S),S,specialisation,Generic,Sports Photographer,sports photographer,2,21,211,2113,Professionals,Photographer,principal,Generic,False
211311,Technical Photographer (S),S,specialisation,Generic,Technical Photographer,technical photographer,2,21,211,2113,Professionals,Photographer,principal,Generic,False
211411,Painter (Visual Arts) (P),P,principal,Generic,Painter (Visual Arts),painter visual arts,2,21,211,2114,Professionals,Painter (Visual Arts),principal,Generic,True
211411,Painter (Artistic) (A),A,alternative,Generic,Painter (Artistic),painter artistic,2,21,211,2114,Professionals,Painter (Visual Arts),principal,Generic,False
211412,Potter or Ceramic Artist (P),P,principal,Generic,Potter or Ceramic Artist,potter or ceramic artist,2,21,211,2114,Professionals,Potter or Ceramic Artist,principal,Generic,True
211413,Sculptor (P),P,principal,Generic,Sculptor,sculptor,2,21,211,2114,Professionals,Sculptor,principal,Generic,True
211499,Visual Arts and Crafts Professionals nec (P),P,principal,Generic,Visual Arts and Crafts Professionals nec,visual arts and crafts professionals nec,2,21,211,2114,Professionals,Visual Arts and Crafts Professionals nec,principal,Generic,True
211499,Ephemeral Artist (N),N,nec_category,Generic,Ephemeral Artist,ephemeral artist,2,21,211,2114,Professionals,Visual Arts and Crafts Professionals nec,principal,Generic,False
211499,Leadlighter (N),N,nec_category,Generic,Leadlighter,leadlighter,2,21,211,2114,Professionals,Visual Arts and Crafts Professionals nec,principal,Generic,False
211499,Multimedia Artist (N),N,nec_category,Generic,Multimedia Artist,multimedia artist,2,21,211,2114,Professionals,Visual Arts and Crafts Professionals nec,principal,Generic,False
211499,New Media Artist (N),N,nec_category,Generic,New Media Artist,new media artist,2,21,211,2114,Professionals,Visual Arts and Crafts Professionals nec,principal,Generic,False
211499,Textile Artist (N),N,nec_category,Generic,Textile Artist,textile artist,2,21,211,2114,Professionals,Visual Arts and Crafts Professionals nec,principal,Generic,False
212111,Artistic Director (P),P,principal,Generic,Artistic Director,artistic director,2,21,212,2121,Professionals,Artistic Director,principal,Generic,True
212112,Media Producer (excluding Video) (P),P,principal,Generic,Media Producer (excluding Video),media producer excluding video,2,21,212,2121,Professionals,Media Producer (excluding Video),principal,Generic,True
212112,Executive Producer (S),S,specialisation,Generic,Executive Producer,executive producer,2,21,212,2121,Professionals,Media Producer (excluding Video),principal,Generic,False
212112,Film Producer (S),S,specialisation,Generic,Film Producer,film producer,2,21,212,2121,Professionals,Media Producer (excluding Video),principal,Generic,False
212112,Stage Producer (S),S,specialisation,Generic,Stage Producer,stage producer,2,21,212,2121,Professionals,Media Producer (excluding Video),principal,Generic,False
212112,Television Producer (S),S,specialisation,Generic,Television Producer,television producer,2,21,212,2121,Professionals,Media Producer (excluding Video),principal,Generic,False
212113,Radio Presenter (P),P,principal,Generic,Radio Presenter,radio presenter,2,21,212,2121,Professionals,Radio Presenter,principal,Generic,True
212113,Radio Announcer (A),A,alternative,Generic,Radio Announcer,radio announcer,2,21,212,2121,Professionals,Radio Presenter,principal,Generic,False
212113,Disc Jockey (Radio) (S),S,specialisation,Generic,Disc Jockey (Radio),disc jockey radio,2,21,212,2121,Professionals,Radio Presenter,principal,Generic,False
212113,Talkback Host (S),S,specialisation,Generic,Talkback Host,talkback host,2,21,212,2121,Professionals,Radio Presenter,principal,Generic,False
212113,Tourism Radio Presenter (S),S,specialisation,Generic,Tourism Radio Presenter,tourism radio presenter,2,21,212,2121,Professionals,Radio Presenter,principal,Generic,False
212114,Television Presenter (P),P,principal,Generic,Television Presenter,television presenter,2,21,212,2121,Professionals,Television Presenter,principal,Generic,True
212114,Commentator (Television) (A),A,alternative,Generic,Commentator (Television),commentator television,2,21,212,2121,Professionals,Television Presenter,principal,Generic,False
212114,Compere (Television) (A),A,alternative,Generic,Compere (Television),compere television,2,21,212,2121,Professionals,Television Presenter,principal,Generic,False
212211,Author (P),P,principal,Generic,Author,author,2,21,212,2122,Professionals,Author,principal,Generic,True
212211,Novelist (S),S,specialisation,Generic,Novelist,novelist,2,21,212,2122,Professionals,Author,principal,Generic,False
212211,Playwright (S),S,specialisation,Generic,Playwright,playwright,2,21,212,2122,Professionals,Author,principal,Generic,False
212211,Poet (S),S,specialisation,Generic,Poet,poet,2,21,212,2122,Professionals,Author,principal,Generic,False
212211,Screenwriter (S),S,specialisation,Generic,Screenwriter,screenwriter,2,21,212,2122,Professionals,Author,principal,Generic,False
212211,Script Writer (S),S,specialisation,Generic,Script Writer,script writer,2,21,212,2122,Professionals,Author,principal,Generic,False
212212,Book or Script Editor (P),P,principal,Generic,Book or Script Editor,book or script editor,2,21,212,2122,Professionals,Book or Script Editor,principal,Generic,True
212212,Dramaturge (S),S,specialisation,Generic,Dramaturge,dramaturge,2,21,212,2122,Professionals,Book or Script Editor,principal,Generic,False
212212,Script Coordinator (S),S,specialisation,Generic,Script Coordinator,script coordinator,2,21,212,2122,Professionals,Book or Script Editor,principal,Generic,False
212311,"Art Director (Film, Television or Stage) (P)",P,principal,Generic,"Art Director (Film, Television or Stage)",art director film television or stage,2,21,212,2123,Professionals,"Art Director (Film, Television or Stage)",principal,Generic,True
212311,Production Designer (A),A,alternative,Generic,Production Designer,production designer,2,21,212,2123,Professionals,"Art Director (Film, Television or Stage)",principal,Generic,False
212312,"Director (Film, Television, Radio or Stage) (P)",P,principal,Generic,"Director (Film, Television, Radio or Stage)",director film television radio or stage,2,21,212,2123,Professionals,"Director (Film, Television, Radio or Stage)",principal,Generic,True
212313,Director of Photography (P),P,principal,Generic,Director of Photography,director of photography,2,21,212,2123,Professionals,Director of Photography,principal,Generic,True
212313,Cinematographer (A),A,alternative,Generic,Cinematographer,cinematographer,2,21,212,2123,Professionals,Director of Photography,principal,Generic,False
212314,Film and Video Editor (P),P,principal,Generic,Film and Video Editor,film and video editor,2,21,212,2123,Professionals,Film and Video Editor,principal,Generic,True
212315,Program Director (Television or Radio) (P),P,principal,Generic,Program Director (Television or Radio),program director television or radio,2,21,212,2123,Professionals,Program Director (Television or Radio),principal,Generic,True
212316,Stage Manager (P),P,principal,Generic,Stage Manager,stage manager,2,21,212,2123,Professionals,Stage Manager,principal,Generic,True
212317,Technical Director (P),P,principal,Generic,Technical Director,technical director,2,21,212,2123,Professionals,Technical Director,principal,Generic,True
212317,Technical Producer (A),A,alternative,Generic,Technical Producer,technical producer,2,21,212,2123,Professionals,Technical Director,principal,Generic,False
212318,Video Producer (P),P,principal,Generic,Video Producer,video producer,2,21,212,2123,Professionals,Video Producer,principal,Generic,True
212399,"Film, Television, Radio and Stage Directors nec (P)",P,principal,Generic,"Film, Television, Radio and Stage Directors nec",film television radio and stage directors nec,2,21,212,2123,Professionals,"Film, Television, Radio and Stage Directors nec",principal,Generic,True
212399,Casting Director (N),N,nec_category,Generic,Casting Director,casting director,2,21,212,2123,Professionals,"Film, Television, Radio and Stage Directors nec",principal,Generic,False
212399,Lighting Director (N),N,nec_category,Generic,Lighting Director,lighting director,2,21,212,2123,Professionals,"Film, Television, Radio and Stage Directors nec",principal,Generic,False
212399,Location Manager (Film or Television) (N),N,nec_category,Generic,Location Manager (Film or Television),location manager film or television,2,21,212,2123,Professionals,"Film, Television, Radio and Stage Directors nec",principal,Generic,False
212411,Copywriter (P),P,principal,Generic,Copywriter,copywriter,2,21,212,2124,Professionals,Copywriter,principal,Generic,True
212412,Newspaper or Periodical Editor (P),P,principal,Generic,Newspaper or Periodical Editor,newspaper or periodical editor,2,21,212,2124,Professionals,Newspaper or Periodical Editor,principal,Generic,True
212412,Associate Editor (A),A,alternative,Generic,Associate Editor,associate editor,2,21,212,2124,Professionals,Newspaper or Periodical Editor,principal,Generic,False
212412,Features Editor (S),S,specialisation,Generic,Features Editor,features editor,2,21,212,2124,Professionals,Newspaper or Periodical Editor,principal,Generic,False
212412,News Editor (S),S,specialisation,Generic,News Editor,news editor,2,21,212,2124,Professionals,Newspaper or Periodical Editor,principal,Generic,False
212412,Pictures Editor (S),S,specialisation,Generic,Pictures Editor,pictures editor,2,21,212,2124,Professionals,Newspaper or Periodical Editor,principal,Generic,False
212412,Subeditor (S),S,specialisation,Generic,Subeditor,subeditor,2,21,212,2124,Professionals,Newspaper or Periodical Editor,principal,Generic,False
212412,Website/Blog Editor (S),S,specialisation,Generic,Website/Blog Editor,website blog editor,2,21,212,2124,Professionals,Newspaper or Periodical Editor,principal,Generic,False
212413,Print Journalist (P),P,principal,Generic,Print Journalist,print journalist,2,21,212,2124,Professionals,Print Journalist,principal,Generic,True
212413,Columnist (S),S,specialisation,Generic,Columnist,columnist,2,21,212,2124,Professionals,Print Journalist,principal,Generic,False
212413,Feature Writer (S),S,specialisation,Generic,Feature Writer,feature writer,2,21,212,2124,Professionals,Print Journalist,principal,Generic,False
212413,Leader Writer (S),S,specialisation,Generic,Leader Writer,leader writer,2,21,212,2124,Professionals,Print Journalist,principal,Generic,False
212413,Newspaper Reporter (S),S,specialisation,Generic,Newspaper Reporter,newspaper reporter,2,21,212,2124,Professionals,Print Journalist,principal,Generic,False
212414,Radio Journalist (P),P,principal,Generic,Radio Journalist,radio journalist,2,21,212,2124,Professionals,Radio Journalist,principal,Generic,True
212414,Radio Reporter (A),A,alternative,Generic,Radio Reporter,radio reporter,2,21,212,2124,Professionals,Radio Journalist,principal,Generic,False
212415,Technical Writer (P),P,principal,Generic,Technical Writer,technical writer,2,21,212,2124,Professionals,Technical Writer,principal,Generic,True
212416,Television Journalist (P),P,principal,Generic,Television Journalist,television journalist,2,21,212,2124,Professionals,Television Journalist,principal,Generic,True
212416,Television Reporter (A),A,alternative,Generic,Television Reporter,television reporter,2,21,212,2124,Professionals,Television Journalist,principal,Generic,False
212499,Journalists and Other Writers nec (P),P,principal,Generic,Journalists and Other Writers nec,journalists and other writers nec,2,21,212,2124,Professionals,Journalists and Other Writers nec,principal,Generic,True
212499,Blogger (N),N,nec_category,Generic,Blogger,blogger,2,21,212,2124,Professionals,Journalists and Other Writers nec,principal,Generic,False
212499,Critic (N),N,nec_category,Generic,Critic,critic,2,21,212,2124,Professionals,Journalists and Other Writers nec,principal,Generic,False
212499,Editorial Assistant (N),N,nec_category,Generic,Editorial Assistant,editorial assistant,2,21,212,2124,Professionals,Journalists and Other Writers nec,principal,Generic,False
212499,Essayist (N),N,nec_category,Generic,Essayist,essayist,2,21,212,2124,Professionals,Journalists and Other Writers nec,principal,Generic,False
221111,Accountant (General) (P),P,principal,Generic,Accountant (General),accountant general,2,22,221,2211,Professionals,Accountant (General),principal,Generic,True
221111,Financial Analyst (S),S,specialisation,Generic,Financial Analyst,financial analyst,2,22,221,2211,Professionals,Accountant (General),principal,Generic,False
221111,Insolvency Practitioner (S),S,specialisation,Generic,Insolvency Practitioner,insolvency practitioner,2,22,221,2211,Professionals,Accountant (General),principal,Generic,False
221112,Management Accountant (P),P,principal,Generic,Management Accountant,management accountant,2,22,221,2211,Professionals,Management Accountant,principal,Generic,True
221112,Cost Accountant (A),A,alternative,Generic,Cost Accountant,cost accountant,2,22,221,2211,Professionals,Management Accountant,principal,Generic,False
221112,Financial Accountant (A),A,alternative,Generic,Financial Accountant,financial accountant,2,22,221,2211,Professionals,Management Accountant,principal,Generic,False
221113,Taxation Accountant (P),P,principal,Generic,Taxation Accountant,taxation accountant,2,22,221,2211,Professionals,Taxation Accountant,principal,Generic,True
221113,Taxation Agent (A),A,alternative,Generic,Taxation Agent,taxation agent,2,22,221,2211,Professionals,Taxation Accountant,principal,Generic,False
221113,Taxation Consultant (A),A,alternative,Generic,Taxation Consultant,taxation consultant,2,22,221,2211,Professionals,Taxation Accountant,principal,Generic,False
221211,Company Secretary (P),P,principal,Generic,Company Secretary,company secretary,2,22,221,2212,Professionals,Company Secretary,principal,Generic,True
221212,Corporate Treasurer (P),P,principal,Generic,Corporate Treasurer,corporate treasurer,2,22,221,2212,Professionals,Corporate Treasurer,principal,Generic,True
221212,Financial Risk Manager (A),A,alternative,Generic,Financial Risk Manager,financial risk manager,2,22,221,2212,Professionals,Corporate Treasurer,principal,Generic,False
221213,External Auditor (P),P,principal,Generic,External Auditor,external auditor,2,22,221,2212,Professionals,External Auditor,principal,Generic,True
221214,Internal Auditor (P),P,principal,Generic,Internal Auditor,internal auditor,2,22,221,2212,Professionals,Internal Auditor,principal,Generic,True
221214,Audit Officer (A),A,alternative,Generic,Audit Officer,audit officer,2,22,221,2212,Professionals,Internal Auditor,principal,Generic,False
222111,Commodities Trader (P),P,principal,Generic,Commodities Trader,commodities trader,2,22,222,2221,Professionals,Commodities Trader,principal,Generic,True
222111,Commodities Broker (A),A,alternative,Generic,Commodities Broker,commodities broker,2,22,222,2221,Professionals,Commodities Trader,principal,Generic,False
222111,Energy Trader (S),S,specialisation,Generic,Energy Trader,energy trader,2,22,222,2221,Professionals,Commodities Trader,principal,Generic,False
222111,Grain Buyer (S),S,specialisation,Generic,Grain Buyer,grain buyer,2,22,222,2221,Professionals,Commodities Trader,principal,Generic,False
222111,Livestock Trader (S),S,specialisation,Generic,Livestock Trader,livestock trader,2,22,222,2221,Professionals,Commodities Trader,principal,Generic,False
222111,Media Buyer (S),S,specialisation,Generic,Media Buyer,media buyer,2,22,222,2221,Professionals,Commodities Trader,principal,Generic,False
222111,Wool Broker (S),S,specialisation,Generic,Wool Broker,wool broker,2,22,222,2221,Professionals,Commodities Trader,principal,Generic,False
222112,Finance Broker (P),P,principal,Generic,Finance Broker,finance broker,2,22,222,2221,Professionals,Finance Broker,principal,Generic,True
222112,Lease Broker (S),S,specialisation,Generic,Lease Broker,lease broker,2,22,222,2221,Professionals,Finance Broker,principal,Generic,False
222112,Mortgage Broker (S),S,specialisation,Generic,Mortgage Broker,mortgage broker,2,22,222,2221,Professionals,Finance Broker,principal,Generic,False
222113,Insurance Broker (P),P,principal,Generic,Insurance Broker,insurance broker,2,22,222,2221,Professionals,Insurance Broker,principal,Generic,True
222199,Financial Brokers nec (P),P,principal,Generic,Financial Brokers nec,financial brokers nec,2,22,222,2221,Professionals,Financial Brokers nec,principal,Generic,True
222199,Investment Broker (N),N,nec_category,Generic,Investment Broker,investment broker,2,22,222,2221,Professionals,Financial Brokers nec,principal,Generic,False
222211,Financial Market Dealer (P),P,principal,Generic,Financial Market Dealer,financial market dealer,2,22,222,2222,Professionals,Financial Market Dealer,principal,Generic,True
222211,Money Market Dealer (A),A,alternative,Generic,Money Market Dealer,money market dealer,2,22,222,2222,Professionals,Financial Market Dealer,principal,Generic,False
222211,Derivatives Dealer (S),S,specialisation,Generic,Derivatives Dealer,derivatives dealer,2,22,222,2222,Professionals,Financial Market Dealer,principal,Generic,False
222211,Fixed Interest Dealer (S),S,specialisation,Generic,Fixed Interest Dealer,fixed interest dealer,2,22,222,2222,Professionals,Financial Market Dealer,principal,Generic,False
222211,Foreign Exchange Dealer (S),S,specialisation,Generic,Foreign Exchange Dealer,foreign exchange dealer,2,22,222,2222,Professionals,Financial Market Dealer,principal,Generic,False
222211,Securities Dealer (S),S,specialisation,Generic,Securities Dealer,securities dealer,2,22,222,2222,Professionals,Financial Market Dealer,principal,Generic,False
222212,Futures Trader (P),P,principal,Generic,Futures Trader,futures trader,2,22,222,2222,Professionals,Futures Trader,principal,Generic,True
222213,Stockbroking Dealer (P),P,principal,Generic,Stockbroking Dealer,stockbroking dealer,2,22,222,2222,Professionals,Stockbroking Dealer,principal,Generic,True
222213,Sharebroker (A),A,alternative,Generic,Sharebroker,sharebroker,2,22,222,2222,Professionals,Stockbroking Dealer,principal,Generic,False
222213,Stockbroker (A),A,alternative,Generic,Stockbroker,stockbroker,2,22,222,2222,Professionals,Stockbroking Dealer,principal,Generic,False
222213,Trading Floor Operator (Stock Exchange) (S),S,specialisation,Generic,Trading Floor Operator (Stock Exchange),trading floor operator stock exchange,2,22,222,2222,Professionals,Stockbroking Dealer,principal,Generic,False
222299,Financial Dealers nec (P),P,principal,Generic,Financial Dealers nec,financial dealers nec,2,22,222,2222,Professionals,Financial Dealers nec,principal,Generic,True
222299,Equities Analyst (N),N,nec_category,Generic,Equities Analyst,equities analyst,2,22,222,2222,Professionals,Financial Dealers nec,principal,Generic,False
222299,Investment Dealer (N),N,nec_category,Generic,Investment Dealer,investment dealer,2,22,222,2222,Professionals,Financial Dealers nec,principal,Generic,False
222311,Financial Investment Adviser (P),P,principal,Generic,Financial Investment Adviser,financial investment adviser,2,22,222,2223,Professionals,Financial Investment Adviser,principal,Generic,True
222311,Financial Planning Adviser (A),A,alternative,Generic,Financial Planning Adviser,financial planning adviser,2,22,222,2223,Professionals,Financial Investment Adviser,principal,Generic,False
222312,Financial Investment Manager (P),P,principal,Generic,Financial Investment Manager,financial investment manager,2,22,222,2223,Professionals,Financial Investment Manager,principal,Generic,True
222312,Portfolio Manager (A),A,alternative,Generic,Portfolio Manager,portfolio manager,2,22,222,2223,Professionals,Financial Investment Manager,principal,Generic,False
222312,Superannuation Funds Manager (S),S,specialisation,Generic,Superannuation Funds Manager,superannuation funds manager,2,22,222,2223,Professionals,Financial Investment Manager,principal,Generic,False
222312,Unit Trust Manager (S),S,specialisation,Generic,Unit Trust Manager,unit trust manager,2,22,222,2223,Professionals,Financial Investment Manager,principal,Generic,False
223111,Human Resource Adviser (P),P,principal,Generic,Human Resource Adviser,human resource adviser,2,22,223,2231,Professionals,Human Resource Adviser,principal,Generic,True
223111,Human Resource Consultant (A),A,alternative,Generic,Human Resource Consultant,human resource consultant,2,22,223,2231,Professionals,Human Resource Adviser,principal,Generic,False
223111,Personnel Officer (A),A,alternative,Generic,Personnel Officer,personnel officer,2,22,223,2231,Professionals,Human Resource Adviser,principal,Generic,False
223111,Workforce Planning Analyst (S),S,specialisation,Generic,Workforce Planning Analyst,workforce planning analyst,2,22,223,2231,Professionals,Human Resource Adviser,principal,Generic,False
223112,Recruitment Consultant (P),P,principal,Generic,Recruitment Consultant,recruitment consultant,2,22,223,2231,Professionals,Recruitment Consultant,principal,Generic,True
223112,Employment Consultant (Aus) (A),A,alternative,Australia,Employment Consultant,employment consultant,2,22,223,2231,Professionals,Recruitment Consultant,principal,Generic,False
223112,Casting Agent (S),S,specialisation,Generic,Casting Agent,casting agent,2,22,223,2231,Professionals,Recruitment Consultant,principal,Generic,False
223112,Literary Agent (S),S,specialisation,Generic,Literary Agent,literary agent,2,22,223,2231,Professionals,Recruitment Consultant,principal,Generic,False
223113,Workplace Relations Adviser (P),P,principal,Generic,Workplace Relations Adviser,workplace relations adviser,2,22,223,2231,Professionals,Workplace Relations Adviser,principal,Generic,True
223113,Industrial Relations Officer (A),A,alternative,Generic,Industrial Relations Officer,industrial relations officer,2,22,223,2231,Professionals,Workplace Relations Adviser,principal,Generic,False
223113,Trade Union Official (S),S,specialisation,Generic,Trade Union Official,trade union official,2,22,223,2231,Professionals,Workplace Relations Adviser,principal,Generic,False
223113,Union Organiser (S),S,specialisation,Generic,Union Organiser,union organiser,2,22,223,2231,Professionals,Workplace Relations Adviser,principal,Generic,False
223211,ICT Trainer (P),P,principal,Generic,ICT Trainer,ict trainer,2,22,223,2232,Professionals,ICT Trainer,principal,Generic,True
223211,ICT Educator (A),A,alternative,Generic,ICT Educator,ict educator,2,22,223,2232,Professionals,ICT Trainer,principal,Generic,False
223211,Software Trainer (S),S,specialisation,Generic,Software Trainer,software trainer,2,22,223,2232,Professionals,ICT Trainer,principal,Generic,False
223311,Training and Development Professional (P),P,principal,Generic,Training and Development Professional,training and development professional,2,22,223,2233,Professionals,Training and Development Professional,principal,Generic,True
223311,Training Officer (A),A,alternative,Generic,Training Officer,training officer,2,22,223,2233,Professionals,Training and Development Professional,principal,Generic,False
223311,Education Officer (Air Force and Army) (S),S,specialisation,Generic,Education Officer (Air Force and Army),education officer air force and army,2,22,223,2233,Professionals,Training and Development Professional,principal,Generic,False
223311,Training Systems Officer (Navy) (S),S,specialisation,Generic,Training Systems Officer (Navy),training systems officer navy,2,22,223,2233,Professionals,Training and Development Professional,principal,Generic,False
224111,Actuary (P),P,principal,Generic,Actuary,actuary,2,22,224,2241,Professionals,Actuary,principal,Generic,True
224112,Mathematician (P),P,principal,Generic,Mathematician,mathematician,2,22,224,2241,Professionals,Mathematician,principal,Generic,True
224112,Operations Research Analyst (S),S,specialisation,Generic,Operations Research Analyst,operations research analyst,2,22,224,2241,Professionals,Mathematician,principal,Generic,False
224113,Statistician (P),P,principal,Generic,Statistician,statistician,2,22,224,2241,Professionals,Statistician,principal,Generic,True
224113,Biometrician (S),S,specialisation,Generic,Biometrician,biometrician,2,22,224,2241,Professionals,Statistician,principal,Generic,False
224113,Demographer (S),S,specialisation,Generic,Demographer,demographer,2,22,224,2241,Professionals,Statistician,principal,Generic,False
224113,Epidemiologist (S),S,specialisation,Generic,Epidemiologist,epidemiologist,2,22,224,2241,Professionals,Statistician,principal,Generic,False
224211,Archivist (P),P,principal,Generic,Archivist,archivist,2,22,224,2242,Professionals,Archivist,principal,Generic,True
224211,Film Archivist (S),S,specialisation,Generic,Film Archivist,film archivist,2,22,224,2242,Professionals,Archivist,principal,Generic,False
224211,Legal Archivist (S),S,specialisation,Generic,Legal Archivist,legal archivist,2,22,224,2242,Professionals,Archivist,principal,Generic,False
224211,Manuscripts Archivist (S),S,specialisation,Generic,Manuscripts Archivist,manuscripts archivist,2,22,224,2242,Professionals,Archivist,principal,Generic,False
224211,Parliamentary Archivist (S),S,specialisation,Generic,Parliamentary Archivist,parliamentary archivist,2,22,224,2242,Professionals,Archivist,principal,Generic,False
224212,Gallery or Museum Curator (P),P,principal,Generic,Gallery or Museum Curator,gallery or museum curator,2,22,224,2242,Professionals,Gallery or Museum Curator,principal,Generic,True
224213,Health Information Manager (P),P,principal,Generic,Health Information Manager,health information manager,2,22,224,2242,Professionals,Health Information Manager,principal,Generic,True
224213,Medical Records Administrator (A),A,alternative,Generic,Medical Records Administrator,medical records administrator,2,22,224,2242,Professionals,Health Information Manager,principal,Generic,False
224213,Casemix Coordinator (S),S,specialisation,Generic,Casemix Coordinator,casemix coordinator,2,22,224,2242,Professionals,Health Information Manager,principal,Generic,False
224213,Clinical Trial Data Manager (S),S,specialisation,Generic,Clinical Trial Data Manager,clinical trial data manager,2,22,224,2242,Professionals,Health Information Manager,principal,Generic,False
224213,Health Data Administrator (S),S,specialisation,Generic,Health Data Administrator,health data administrator,2,22,224,2242,Professionals,Health Information Manager,principal,Generic,False
224214,Records Manager (P),P,principal,Generic,Records Manager,records manager,2,22,224,2242,Professionals,Records Manager,principal,Generic,True
224214,Freedom of Information Officer (S),S,specialisation,Generic,Freedom of Information Officer,freedom of information officer,2,22,224,2242,Professionals,Records Manager,principal,Generic,False
224311,Economist (P),P,principal,Generic,Economist,economist,2,22,224,2243,Professionals,Economist,principal,Generic,True
224311,Economic Analyst (A),A,alternative,Generic,Economic Analyst,economic analyst,2,22,224,2243,Professionals,Economist,principal,Generic,False
224311,Agricultural Economist (S),S,specialisation,Generic,Agricultural Economist,agricultural economist,2,22,224,2243,Professionals,Economist,principal,Generic,False
224311,Econometrician (S),S,specialisation,Generic,Econometrician,econometrician,2,22,224,2243,Professionals,Economist,principal,Generic,False
224311,Economic Forecaster (S),S,specialisation,Generic,Economic Forecaster,economic forecaster,2,22,224,2243,Professionals,Economist,principal,Generic,False
224311,Environmental Economist (S),S,specialisation,Generic,Environmental Economist,environmental economist,2,22,224,2243,Professionals,Economist,principal,Generic,False
224311,Health Economist (S),S,specialisation,Generic,Health Economist,health economist,2,22,224,2243,Professionals,Economist,principal,Generic,False
224311,Labour Market Economist (S),S,specialisation,Generic,Labour Market Economist,labour market economist,2,22,224,2243,Professionals,Economist,principal,Generic,False
224311,Mineral Economist (S),S,specialisation,Generic,Mineral Economist,mineral economist,2,22,224,2243,Professionals,Economist,principal,Generic,False
224311,Taxation Economist (S),S,specialisation,Generic,Taxation Economist,taxation economist,2,22,224,2243,Professionals,Economist,principal,Generic,False
224411,Intelligence Officer (P),P,principal,Generic,Intelligence Officer,intelligence officer,2,22,224,2244,Professionals,Intelligence Officer,principal,Generic,True
224411,Criminal Intelligence Analyst (S),S,specialisation,Generic,Criminal Intelligence Analyst,criminal intelligence analyst,2,22,224,2244,Professionals,Intelligence Officer,principal,Generic,False
224411,Defence Intelligence Analyst (S),S,specialisation,Generic,Defence Intelligence Analyst,defence intelligence analyst,2,22,224,2244,Professionals,Intelligence Officer,principal,Generic,False
224412,Policy Analyst (P),P,principal,Generic,Policy Analyst,policy analyst,2,22,224,2244,Professionals,Policy Analyst,principal,Generic,True
224412,Policy Adviser (A),A,alternative,Generic,Policy Adviser,policy adviser,2,22,224,2244,Professionals,Policy Analyst,principal,Generic,False
224412,Research and Evaluation Analyst (NZ) (S),S,specialisation,New Zealand,Research and Evaluation Analyst,research and evaluation analyst,2,22,224,2244,Professionals,Policy Analyst,principal,Generic,False
224511,Land Economist (P),P,principal,Generic,Land Economist,land economist,2,22,224,2245,Professionals,Land Economist,principal,Generic,True
224511,Property Economist (A),A,alternative,Generic,Property Economist,property economist,2,22,224,2245,Professionals,Land Economist,principal,Generic,False
224511,Asset Manager (Land and Property) (S),S,specialisation,Generic,Asset Manager (Land and Property),asset manager land and property,2,22,224,2245,Professionals,Land Economist,principal,Generic,False
224512,Valuer (P),P,principal,Generic,Valuer,valuer,2,22,224,2245,Professionals,Valuer,principal,Generic,True
224512,Plant and Machinery Valuer (S),S,specialisation,Generic,Plant and Machinery Valuer,plant and machinery valuer,2,22,224,2245,Professionals,Valuer,principal,Generic,False
224512,Property Valuer (S),S,specialisation,Generic,Property Valuer,property valuer,2,22,224,2245,Professionals,Valuer,principal,Generic,False
224512,Real Estate Valuer (S),S,specialisation,Generic,Real Estate Valuer,real estate valuer,2,22,224,2245,Professionals,Valuer,principal,Generic,False
224611,Librarian (P),P,principal,Generic,Librarian,librarian,2,22,224,2246,Professionals,Librarian,principal,Generic,True
224611,Acquisitions Librarian (S),S,specialisation,Generic,Acquisitions Librarian,acquisitions librarian,2,22,224,2246,Professionals,Librarian,principal,Generic,False
224611,Audiovisual Librarian (S),S,specialisation,Generic,Audiovisual Librarian,audiovisual librarian,2,22,224,2246,Professionals,Librarian,principal,Generic,False
224611,Bibliographer (S),S,specialisation,Generic,Bibliographer,bibliographer,2,22,224,2246,Professionals,Librarian,principal,Generic,False
224611,Cataloguer (S),S,specialisation,Generic,Cataloguer,cataloguer,2,22,224,2246,Professionals,Librarian,principal,Generic,False
224611,Children's Librarian (S),S,specialisation,Generic,Children's Librarian,children s librarian,2,22,224,2246,Professionals,Librarian,principal,Generic,False
224611,Corporate Librarian (S),S,specialisation,Generic,Corporate Librarian,corporate librarian,2,22,224,2246,Professionals,Librarian,principal,Generic,False
224611,Legal Librarian (S),S,specialisation,Generic,Legal Librarian,legal librarian,2,22,224,2246,Professionals,Librarian,principal,Generic,False
224611,Multicultural Services Librarian (S),S,specialisation,Generic,Multicultural Services Librarian,multicultural services librarian,2,22,224,2246,Professionals,Librarian,principal,Generic,False
224611,Parliamentary Librarian (S),S,specialisation,Generic,Parliamentary Librarian,parliamentary librarian,2,22,224,2246,Professionals,Librarian,principal,Generic,False
224611,Reference Librarian (S),S,specialisation,Generic,Reference Librarian,reference librarian,2,22,224,2246,Professionals,Librarian,principal,Generic,False
224611,Special Librarian (S),S,specialisation,Generic,Special Librarian,special librarian,2,22,224,2246,Professionals,Librarian,principal,Generic,False
224611,Special Needs Librarian (S),S,specialisation,Generic,Special Needs Librarian,special needs librarian,2,22,224,2246,Professionals,Librarian,principal,Generic,False
224711,Management Consultant (P),P,principal,Generic,Management Consultant,management consultant,2,22,224,2247,Professionals,Management Consultant,principal,Generic,True
224711,Business Consultant (A),A,alternative,Generic,Business Consultant,business consultant,2,22,224,2247,Professionals,Management Consultant,principal,Generic,False
224711,Business Analyst (S),S,specialisation,Generic,Business Analyst,business analyst,2,22,224,2247,Professionals,Management Consultant,principal,Generic,False
224712,Organisation and Methods Analyst (P),P,principal,Generic,Organisation and Methods Analyst,organisation and methods analyst,2,22,224,2247,Professionals,Organisation and Methods Analyst,principal,Generic,True
224712,Procedures Analyst (A),A,alternative,Generic,Procedures Analyst,procedures analyst,2,22,224,2247,Professionals,Organisation and Methods Analyst,principal,Generic,False
224712,Change Management Facilitator (S),S,specialisation,Generic,Change Management Facilitator,change management facilitator,2,22,224,2247,Professionals,Organisation and Methods Analyst,principal,Generic,False
224712,Industry Analyst (S),S,specialisation,Generic,Industry Analyst,industry analyst,2,22,224,2247,Professionals,Organisation and Methods Analyst,principal,Generic,False
224712,Quality Auditor (S),S,specialisation,Generic,Quality Auditor,quality auditor,2,22,224,2247,Professionals,Organisation and Methods Analyst,principal,Generic,False
224712,Skills Auditor (S),S,specialisation,Generic,Skills Auditor,skills auditor,2,22,224,2247,Professionals,Organisation and Methods Analyst,principal,Generic,False
224911,Electorate Officer (P),P,principal,Generic,Electorate Officer,electorate officer,2,22,224,2249,Professionals,Electorate Officer,principal,Generic,True
224912,Liaison Officer (P),P,principal,Generic,Liaison Officer,liaison officer,2,22,224,2249,Professionals,Liaison Officer,principal,Generic,True
224912,Aboriginal Liaison Officer (S),S,specialisation,Generic,Aboriginal Liaison Officer,aboriginal liaison officer,2,22,224,2249,Professionals,Liaison Officer,principal,Generic,False
224912,Business Liaison Officer (S),S,specialisation,Generic,Business Liaison Officer,business liaison officer,2,22,224,2249,Professionals,Liaison Officer,principal,Generic,False
224912,Community Liaison Officer (S),S,specialisation,Generic,Community Liaison Officer,community liaison officer,2,22,224,2249,Professionals,Liaison Officer,principal,Generic,False
224912,Disability Liaison Officer (S),S,specialisation,Generic,Disability Liaison Officer,disability liaison officer,2,22,224,2249,Professionals,Liaison Officer,principal,Generic,False
224912,Police Liaison Officer (S),S,specialisation,Generic,Police Liaison Officer,police liaison officer,2,22,224,2249,Professionals,Liaison Officer,principal,Generic,False
224913,Immigration Consultant (NZ) (P),P,principal,New Zealand,Immigration Consultant,immigration consultant,2,22,224,2249,Professionals,Migration Agent,principal,Australia,False
224913,Migration Agent (Aus) (P),P,principal,Australia,Migration Agent,migration agent,2,22,224,2249,Professionals,Migration Agent,principal,Australia,True
224913,Migration Consultant (A),A,alternative,Generic,Migration Consultant,migration consultant,2,22,224,2249,Professionals,Migration Agent,principal,Australia,False
224914,Patents Examiner (P),P,principal,Generic,Patents Examiner,patents examiner,2,22,224,2249,Professionals,Patents Examiner,principal,Generic,True
224999,Information and Organisation Professionals nec (P),P,principal,Generic,Information and Organisation Professionals nec,information and organisation professionals nec,2,22,224,2249,Professionals,Information and Organisation Professionals nec,principal,Generic,True
224999,Electoral Officer (N),N,nec_category,Generic,Electoral Officer,electoral officer,2,22,224,2249,Professionals,Information and Organisation Professionals nec,principal,Generic,False
224999,Forms Designer (N),N,nec_category,Generic,Forms Designer,forms designer,2,22,224,2249,Professionals,Information and Organisation Professionals nec,principal,Generic,False
224999,Knowledge Manager (N),N,nec_category,Generic,Knowledge Manager,knowledge manager,2,22,224,2249,Professionals,Information and Organisation Professionals nec,principal,Generic,False
224999,Lobbyist (N),N,nec_category,Generic,Lobbyist,lobbyist,2,22,224,2249,Professionals,Information and Organisation Professionals nec,principal,Generic,False
224999,Museum Registrar (N),N,nec_category,Generic,Museum Registrar,museum registrar,2,22,224,2249,Professionals,Information and Organisation Professionals nec,principal,Generic,False
225111,Advertising Specialist (P),P,principal,Generic,Advertising Specialist,advertising specialist,2,22,225,2251,Professionals,Advertising Specialist,principal,Generic,True
225111,Advertising Account Executive (A),A,alternative,Generic,Advertising Account Executive,advertising account executive,2,22,225,2251,Professionals,Advertising Specialist,principal,Generic,False
225111,Advertising Account Manager (A),A,alternative,Generic,Advertising Account Manager,advertising account manager,2,22,225,2251,Professionals,Advertising Specialist,principal,Generic,False
225111,Creative Director (Advertising) (A),A,alternative,Generic,Creative Director (Advertising),creative director advertising,2,22,225,2251,Professionals,Advertising Specialist,principal,Generic,False
225112,Market Research Analyst (P),P,principal,Generic,Market Research Analyst,market research analyst,2,22,225,2251,Professionals,Market Research Analyst,principal,Generic,True
225113,Marketing Specialist (P),P,principal,Generic,Marketing Specialist,marketing specialist,2,22,225,2251,Professionals,Marketing Specialist,principal,Generic,True
225113,Marketing Consultant (A),A,alternative,Generic,Marketing Consultant,marketing consultant,2,22,225,2251,Professionals,Marketing Specialist,principal,Generic,False
225113,Marketing Coordinator (A),A,alternative,Generic,Marketing Coordinator,marketing coordinator,2,22,225,2251,Professionals,Marketing Specialist,principal,Generic,False
225113,Marketing Officer (A),A,alternative,Generic,Marketing Officer,marketing officer,2,22,225,2251,Professionals,Marketing Specialist,principal,Generic,False
225113,Brand Manager (S),S,specialisation,Generic,Brand Manager,brand manager,2,22,225,2251,Professionals,Marketing Specialist,principal,Generic,False
225113,Category Manager (S),S,specialisation,Generic,Category Manager,category manager,2,22,225,2251,Professionals,Marketing Specialist,principal,Generic,False
225113,Product Manager (S),S,specialisation,Generic,Product Manager,product manager,2,22,225,2251,Professionals,Marketing Specialist,principal,Generic,False
225113,Sales Promotion Officer (S),S,specialisation,Generic,Sales Promotion Officer,sales promotion officer,2,22,225,2251,Professionals,Marketing Specialist,principal,Generic,False
225211,ICT Account Manager (P),P,principal,Generic,ICT Account Manager,ict account manager,2,22,225,2252,Professionals,ICT Account Manager,principal,Generic,True
225212,ICT Business Development Manager (P),P,principal,Generic,ICT Business Development Manager,ict business development manager,2,22,225,2252,Professionals,ICT Business Development Manager,principal,Generic,True
225213,ICT Sales Representative (P),P,principal,Generic,ICT Sales Representative,ict sales representative,2,22,225,2252,Professionals,ICT Sales Representative,principal,Generic,True
225311,Public Relations Professional (P),P,principal,Generic,Public Relations Professional,public relations professional,2,22,225,2253,Professionals,Public Relations Professional,principal,Generic,True
225311,Corporate Affairs Officer (A),A,alternative,Generic,Corporate Affairs Officer,corporate affairs officer,2,22,225,2253,Professionals,Public Relations Professional,principal,Generic,False
225311,Maori Liaison Officer (NZ) (S),S,specialisation,New Zealand,Maori Liaison Officer,maori liaison officer,2,22,225,2253,Professionals,Public Relations Professional,principal,Generic,False
225311,Media Liaison Officer (S),S,specialisation,Generic,Media Liaison Officer,media liaison officer,2,22,225,2253,Professionals,Public Relations Professional,principal,Generic,False
225311,Press Officer (S),S,specialisation,Generic,Press Officer,press officer,2,22,225,2253,Professionals,Public Relations Professional,principal,Generic,False
225311,Promotions Officer (S),S,specialisation,Generic,Promotions Officer,promotions officer,2,22,225,2253,Professionals,Public Relations Professional,principal,Generic,False
225311,Public Affairs Officer (S),S,specialisation,Generic,Public Affairs Officer,public affairs officer,2,22,225,2253,Professionals,Public Relations Professional,principal,Generic,False
225311,Public Relations Consultant (S),S,specialisation,Generic,Public Relations Consultant,public relations consultant,2,22,225,2253,Professionals,Public Relations Professional,principal,Generic,False
225311,Public Relations Officer (S),S,specialisation,Generic,Public Relations Officer,public relations officer,2,22,225,2253,Professionals,Public Relations Professional,principal,Generic,False
225411,Sales Representative (Industrial Products) (P),P,principal,Generic,Sales Representative (Industrial Products),sales representative industrial products,2,22,225,2254,Professionals,Sales Representative (Industrial Products),principal,Generic,True
225412,Sales Representative (Medical and Pharmaceutical Products) (P),P,principal,Generic,Sales Representative (Medical and Pharmaceutical Products),sales representative medical and pharmaceutical products,2,22,225,2254,Professionals,Sales Representative (Medical and Pharmaceutical Products),principal,Generic,True
225412,Medical Representative (S),S,specialisation,Generic,Medical Representative,medical representative,2,22,225,2254,Professionals,Sales Representative (Medical and Pharmaceutical Products),principal,Generic,False
225499,Technical Sales Representatives nec (P),P,principal,Generic,Technical Sales Representatives nec,technical sales representatives nec,2,22,225,2254,Professionals,Technical Sales Representatives nec,principal,Generic,True
225499,Sales Representative (Educational Products and Services) (N),N,nec_category,Generic,Sales Representative (Educational Products and Services),sales representative educational products and services,2,22,225,2254,Professionals,Technical Sales Representatives nec,principal,Generic,False
231111,Aeroplane Pilot (P),P,principal,Generic,Aeroplane Pilot,aeroplane pilot,2,23,231,2311,Professionals,Aeroplane Pilot,principal,Generic,True
231112,Air Traffic Controller (P),P,principal,Generic,Air Traffic Controller,air traffic controller,2,23,231,2311,Professionals,Air Traffic Controller,principal,Generic,True
231113,Flying Instructor (P),P,principal,Generic,Flying Instructor,flying instructor,2,23,231,2311,Professionals,Flying Instructor,principal,Generic,True
231113,Gliding Pilot Instructor (S),S,specialisation,Generic,Gliding Pilot Instructor,gliding pilot instructor,2,23,231,2311,Professionals,Flying Instructor,principal,Generic,False
231113,Helicopter Pilot Instructor (S),S,specialisation,Generic,Helicopter Pilot Instructor,helicopter pilot instructor,2,23,231,2311,Professionals,Flying Instructor,principal,Generic,False
231114,Helicopter Pilot (P),P,principal,Generic,Helicopter Pilot,helicopter pilot,2,23,231,2311,Professionals,Helicopter Pilot,principal,Generic,True
231199,Air Transport Professionals nec (P),P,principal,Generic,Air Transport Professionals nec,air transport professionals nec,2,23,231,2311,Professionals,Air Transport Professionals nec,principal,Generic,True
231199,Air Observer (Rescue) (N),N,nec_category,Generic,Air Observer (Rescue),air observer rescue,2,23,231,2311,Professionals,Air Transport Professionals nec,principal,Generic,False
231199,Aircraft Navigator (N),N,nec_category,Generic,Aircraft Navigator,aircraft navigator,2,23,231,2311,Professionals,Air Transport Professionals nec,principal,Generic,False
231199,Airworthiness Surveyor (N),N,nec_category,Generic,Airworthiness Surveyor,airworthiness surveyor,2,23,231,2311,Professionals,Air Transport Professionals nec,principal,Generic,False
231199,Balloonist (N),N,nec_category,Generic,Balloonist,balloonist,2,23,231,2311,Professionals,Air Transport Professionals nec,principal,Generic,False
231199,Flight Engineer Inspector (N),N,nec_category,Generic,Flight Engineer Inspector,flight engineer inspector,2,23,231,2311,Professionals,Air Transport Professionals nec,principal,Generic,False
231199,Navigator (Air Force) (N),N,nec_category,Generic,Navigator (Air Force),navigator air force,2,23,231,2311,Professionals,Air Transport Professionals nec,principal,Generic,False
231211,Master Fisher (P),P,principal,Generic,Master Fisher,master fisher,2,23,231,2312,Professionals,Master Fisher,principal,Generic,True
231212,Ship's Engineer (P),P,principal,Generic,Ship's Engineer,ship s engineer,2,23,231,2312,Professionals,Ship's Engineer,principal,Generic,True
231212,Marine Engineer (A),A,alternative,Generic,Marine Engineer,marine engineer,2,23,231,2312,Professionals,Ship's Engineer,principal,Generic,False
231212,Mechanical Engineering Officer (Navy) (S),S,specialisation,Generic,Mechanical Engineering Officer (Navy),mechanical engineering officer navy,2,23,231,2312,Professionals,Ship's Engineer,principal,Generic,False
231212,Weapons Electrical Engineering Officer (Navy) (S),S,specialisation,Generic,Weapons Electrical Engineering Officer (Navy),weapons electrical engineering officer navy,2,23,231,2312,Professionals,Ship's Engineer,principal,Generic,False
231213,Ship's Master (P),P,principal,Generic,Ship's Master,ship s master,2,23,231,2312,Professionals,Ship's Master,principal,Generic,True
231213,Ship's Captain (A),A,alternative,Generic,Ship's Captain,ship s captain,2,23,231,2312,Professionals,Ship's Master,principal,Generic,False
231213,Dredge Master (S),S,specialisation,Generic,Dredge Master,dredge master,2,23,231,2312,Professionals,Ship's Master,principal,Generic,False
231213,Hydrofoil Captain (S),S,specialisation,Generic,Hydrofoil Captain,hydrofoil captain,2,23,231,2312,Professionals,Ship's Master,principal,Generic,False
231213,Ship's Pilot (S),S,specialisation,Generic,Ship's Pilot,ship s pilot,2,23,231,2312,Professionals,Ship's Master,principal,Generic,False
231213,Tug Master (S),S,specialisation,Generic,Tug Master,tug master,2,23,231,2312,Professionals,Ship's Master,principal,Generic,False
231214,Ship's Officer (P),P,principal,Generic,Ship's Officer,ship s officer,2,23,231,2312,Professionals,Ship's Officer,principal,Generic,True
231214,Deck Officer (A),A,alternative,Generic,Deck Officer,deck officer,2,23,231,2312,Professionals,Ship's Officer,principal,Generic,False
231214,Navigating Officer (Ship's) (S),S,specialisation,Generic,Navigating Officer (Ship's),navigating officer ship s,2,23,231,2312,Professionals,Ship's Officer,principal,Generic,False
231214,Seaman Officer (Navy) (S),S,specialisation,Generic,Seaman Officer (Navy),seaman officer navy,2,23,231,2312,Professionals,Ship's Officer,principal,Generic,False
231215,Ship's Surveyor (P),P,principal,Generic,Ship's Surveyor,ship s surveyor,2,23,231,2312,Professionals,Ship's Surveyor,principal,Generic,True
231215,Marine Engineer Surveyor (A),A,alternative,Generic,Marine Engineer Surveyor,marine engineer surveyor,2,23,231,2312,Professionals,Ship's Surveyor,principal,Generic,False
231299,Marine Transport Professionals nec (P),P,principal,Generic,Marine Transport Professionals nec,marine transport professionals nec,2,23,231,2312,Professionals,Marine Transport Professionals nec,principal,Generic,True
231299,Boating Safety Officer (Aus) (N),N,nec_category,Australia,Boating Safety Officer,boating safety officer,2,23,231,2312,Professionals,Marine Transport Professionals nec,principal,Generic,False
231299,Marine Safety Officer (N),N,nec_category,Generic,Marine Safety Officer,marine safety officer,2,23,231,2312,Professionals,Marine Transport Professionals nec,principal,Generic,False
231299,Vessel Traffic Officer (Aus) (N),N,nec_category,Australia,Vessel Traffic Officer,vessel traffic officer,2,23,231,2312,Professionals,Marine Transport Professionals nec,principal,Generic,False
232111,Architect (P),P,principal,Generic,Architect,architect,2,23,232,2321,Professionals,Architect,principal,Generic,True
232111,Conservation or Heritage Architect (S),S,specialisation,Generic,Conservation or Heritage Architect,conservation or heritage architect,2,23,232,2321,Professionals,Architect,principal,Generic,False
232112,Landscape Architect (P),P,principal,Generic,Landscape Architect,landscape architect,2,23,232,2321,Professionals,Landscape Architect,principal,Generic,True
232212,Surveyor (P),P,principal,Generic,Surveyor,surveyor,2,23,232,2322,Professionals,Surveyor,principal,Generic,True
232212,Geomatic Engineer (A),A,alternative,Generic,Geomatic Engineer,geomatic engineer,2,23,232,2322,Professionals,Surveyor,principal,Generic,False
232212,Geomatician (A),A,alternative,Generic,Geomatician,geomatician,2,23,232,2322,Professionals,Surveyor,principal,Generic,False
232212,Cadastral Surveyor (S),S,specialisation,Generic,Cadastral Surveyor,cadastral surveyor,2,23,232,2322,Professionals,Surveyor,principal,Generic,False
232212,Engineering Surveyor (S),S,specialisation,Generic,Engineering Surveyor,engineering surveyor,2,23,232,2322,Professionals,Surveyor,principal,Generic,False
232212,Geodetic Surveyor (S),S,specialisation,Generic,Geodetic Surveyor,geodetic surveyor,2,23,232,2322,Professionals,Surveyor,principal,Generic,False
232212,Hydrographic Surveyor (S),S,specialisation,Generic,Hydrographic Surveyor,hydrographic surveyor,2,23,232,2322,Professionals,Surveyor,principal,Generic,False
232212,Mine Surveyor (S),S,specialisation,Generic,Mine Surveyor,mine surveyor,2,23,232,2322,Professionals,Surveyor,principal,Generic,False
232212,Photogrammetric Surveyor (S),S,specialisation,Generic,Photogrammetric Surveyor,photogrammetric surveyor,2,23,232,2322,Professionals,Surveyor,principal,Generic,False
232213,Cartographer (P),P,principal,Generic,Cartographer,cartographer,2,23,232,2322,Professionals,Cartographer,principal,Generic,True
232214,Other Spatial Scientist (P),P,principal,Generic,Other Spatial Scientist,other spatial scientist,2,23,232,2322,Professionals,Other Spatial Scientist,principal,Generic,True
232214,Geographic Information Systems Manager (S),S,specialisation,Generic,Geographic Information Systems Manager,geographic information systems manager,2,23,232,2322,Professionals,Other Spatial Scientist,principal,Generic,False
232311,Fashion Designer (P),P,principal,Generic,Fashion Designer,fashion designer,2,23,232,2323,Professionals,Fashion Designer,principal,Generic,True
232311,Costume Designer (S),S,specialisation,Generic,Costume Designer,costume designer,2,23,232,2323,Professionals,Fashion Designer,principal,Generic,False
232311,Leisurewear Designer (S),S,specialisation,Generic,Leisurewear Designer,leisurewear designer,2,23,232,2323,Professionals,Fashion Designer,principal,Generic,False
232312,Industrial Designer (P),P,principal,Generic,Industrial Designer,industrial designer,2,23,232,2323,Professionals,Industrial Designer,principal,Generic,True
232312,Product Designer (A),A,alternative,Generic,Product Designer,product designer,2,23,232,2323,Professionals,Industrial Designer,principal,Generic,False
232312,Ceramic Designer (S),S,specialisation,Generic,Ceramic Designer,ceramic designer,2,23,232,2323,Professionals,Industrial Designer,principal,Generic,False
232312,Furniture Designer (S),S,specialisation,Generic,Furniture Designer,furniture designer,2,23,232,2323,Professionals,Industrial Designer,principal,Generic,False
232312,Glass Designer (S),S,specialisation,Generic,Glass Designer,glass designer,2,23,232,2323,Professionals,Industrial Designer,principal,Generic,False
232312,Textile Designer (S),S,specialisation,Generic,Textile Designer,textile designer,2,23,232,2323,Professionals,Industrial Designer,principal,Generic,False
232313,Jewellery Designer (P),P,principal,Generic,Jewellery Designer,jewellery designer,2,23,232,2323,Professionals,Jewellery Designer,principal,Generic,True
232411,Graphic Designer (P),P,principal,Generic,Graphic Designer,graphic designer,2,23,232,2324,Professionals,Graphic Designer,principal,Generic,True
232411,Graphic Artist (A),A,alternative,Generic,Graphic Artist,graphic artist,2,23,232,2324,Professionals,Graphic Designer,principal,Generic,False
232411,Exhibition Designer (S),S,specialisation,Generic,Exhibition Designer,exhibition designer,2,23,232,2324,Professionals,Graphic Designer,principal,Generic,False
232411,Film and Video Graphics Designer (S),S,specialisation,Generic,Film and Video Graphics Designer,film and video graphics designer,2,23,232,2324,Professionals,Graphic Designer,principal,Generic,False
232411,Publication Designer (S),S,specialisation,Generic,Publication Designer,publication designer,2,23,232,2324,Professionals,Graphic Designer,principal,Generic,False
232412,Illustrator (P),P,principal,Generic,Illustrator,illustrator,2,23,232,2324,Professionals,Illustrator,principal,Generic,True
232412,Animator (S),S,specialisation,Generic,Animator,animator,2,23,232,2324,Professionals,Illustrator,principal,Generic,False
232412,Cartoonist (S),S,specialisation,Generic,Cartoonist,cartoonist,2,23,232,2324,Professionals,Illustrator,principal,Generic,False
232412,Technical Illustrator (S),S,specialisation,Generic,Technical Illustrator,technical illustrator,2,23,232,2324,Professionals,Illustrator,principal,Generic,False
232413,Multimedia Designer (P),P,principal,Generic,Multimedia Designer,multimedia designer,2,23,232,2324,Professionals,Multimedia Designer,principal,Generic,True
232413,Digital Media Designer (A),A,alternative,Generic,Digital Media Designer,digital media designer,2,23,232,2324,Professionals,Multimedia Designer,principal,Generic,False
232413,Interactive Media Designer (A),A,alternative,Generic,Interactive Media Designer,interactive media designer,2,23,232,2324,Professionals,Multimedia Designer,principal,Generic,False
232413,Instructional Designer (S),S,specialisation,Generic,Instructional Designer,instructional designer,2,23,232,2324,Professionals,Multimedia Designer,principal,Generic,False
232414,Web Designer (P),P,principal,Generic,Web Designer,web designer,2,23,232,2324,Professionals,Web Designer,principal,Generic,True
232511,Interior Designer (P),P,principal,Generic,Interior Designer,interior designer,2,23,232,2325,Professionals,Interior Designer,principal,Generic,True
232511,Commercial Interior Designer (S),S,specialisation,Generic,Commercial Interior Designer,commercial interior designer,2,23,232,2325,Professionals,Interior Designer,principal,Generic,False
232511,Environmental Designer (S),S,specialisation,Generic,Environmental Designer,environmental designer,2,23,232,2325,Professionals,Interior Designer,principal,Generic,False
232511,Residential Interior Designer (S),S,specialisation,Generic,Residential Interior Designer,residential interior designer,2,23,232,2325,Professionals,Interior Designer,principal,Generic,False
232511,Retail Interior Designer (S),S,specialisation,Generic,Retail Interior Designer,retail interior designer,2,23,232,2325,Professionals,Interior Designer,principal,Generic,False
232611,Urban and Regional Planner (P),P,principal,Generic,Urban and Regional Planner,urban and regional planner,2,23,232,2326,Professionals,Urban and Regional Planner,principal,Generic,True
232611,Land Planner (S),S,specialisation,Generic,Land Planner,land planner,2,23,232,2326,Professionals,Urban and Regional Planner,principal,Generic,False
232611,Resource Management Planner (NZ) (S),S,specialisation,New Zealand,Resource Management Planner,resource management planner,2,23,232,2326,Professionals,Urban and Regional Planner,principal,Generic,False
232611,Town Planner (S),S,specialisation,Generic,Town Planner,town planner,2,23,232,2326,Professionals,Urban and Regional Planner,principal,Generic,False
232611,Traffic and Transport Planner (S),S,specialisation,Generic,Traffic and Transport Planner,traffic and transport planner,2,23,232,2326,Professionals,Urban and Regional Planner,principal,Generic,False
233111,Chemical Engineer (P),P,principal,Generic,Chemical Engineer,chemical engineer,2,23,233,2331,Professionals,Chemical Engineer,principal,Generic,True
233112,Materials Engineer (P),P,principal,Generic,Materials Engineer,materials engineer,2,23,233,2331,Professionals,Materials Engineer,principal,Generic,True
233211,Civil Engineer (P),P,principal,Generic,Civil Engineer,civil engineer,2,23,233,2332,Professionals,Civil Engineer,principal,Generic,True
233211,Airfield Engineer Officer (Air Force) (S),S,specialisation,Generic,Airfield Engineer Officer (Air Force),airfield engineer officer air force,2,23,233,2332,Professionals,Civil Engineer,principal,Generic,False
233211,Hydraulics Engineer (S),S,specialisation,Generic,Hydraulics Engineer,hydraulics engineer,2,23,233,2332,Professionals,Civil Engineer,principal,Generic,False
233212,Geotechnical Engineer (P),P,principal,Generic,Geotechnical Engineer,geotechnical engineer,2,23,233,2332,Professionals,Geotechnical Engineer,principal,Generic,True
233213,Quantity Surveyor (P),P,principal,Generic,Quantity Surveyor,quantity surveyor,2,23,233,2332,Professionals,Quantity Surveyor,principal,Generic,True
233213,Building Economist (A),A,alternative,Generic,Building Economist,building economist,2,23,233,2332,Professionals,Quantity Surveyor,principal,Generic,False
233213,Construction Economist (A),A,alternative,Generic,Construction Economist,construction economist,2,23,233,2332,Professionals,Quantity Surveyor,principal,Generic,False
233214,Structural Engineer (P),P,principal,Generic,Structural Engineer,structural engineer,2,23,233,2332,Professionals,Structural Engineer,principal,Generic,True
233215,Transport Engineer (P),P,principal,Generic,Transport Engineer,transport engineer,2,23,233,2332,Professionals,Transport Engineer,principal,Generic,True
233215,Roading Engineer (NZ) (S),S,specialisation,New Zealand,Roading Engineer,roading engineer,2,23,233,2332,Professionals,Transport Engineer,principal,Generic,False
233311,Electrical Engineer (P),P,principal,Generic,Electrical Engineer,electrical engineer,2,23,233,2333,Professionals,Electrical Engineer,principal,Generic,True
233311,Electrical Design Engineer (S),S,specialisation,Generic,Electrical Design Engineer,electrical design engineer,2,23,233,2333,Professionals,Electrical Engineer,principal,Generic,False
233311,Railway Signalling Engineer (S),S,specialisation,Generic,Railway Signalling Engineer,railway signalling engineer,2,23,233,2333,Professionals,Electrical Engineer,principal,Generic,False
233311,Signalling and Communications Engineer (S),S,specialisation,Generic,Signalling and Communications Engineer,signalling and communications engineer,2,23,233,2333,Professionals,Electrical Engineer,principal,Generic,False
233411,Electronics Engineer (P),P,principal,Generic,Electronics Engineer,electronics engineer,2,23,233,2334,Professionals,Electronics Engineer,principal,Generic,True
233411,Communications Engineer (Army) (S),S,specialisation,Generic,Communications Engineer (Army),communications engineer army,2,23,233,2334,Professionals,Electronics Engineer,principal,Generic,False
233511,Industrial Engineer (P),P,principal,Generic,Industrial Engineer,industrial engineer,2,23,233,2335,Professionals,Industrial Engineer,principal,Generic,True
233511,Process Engineer (Industrial) (S),S,specialisation,Generic,Process Engineer (Industrial),process engineer industrial,2,23,233,2335,Professionals,Industrial Engineer,principal,Generic,False
233512,Mechanical Engineer (P),P,principal,Generic,Mechanical Engineer,mechanical engineer,2,23,233,2335,Professionals,Mechanical Engineer,principal,Generic,True
233512,Airconditioning Engineer (S),S,specialisation,Generic,Airconditioning Engineer,airconditioning engineer,2,23,233,2335,Professionals,Mechanical Engineer,principal,Generic,False
233512,Heating and Ventilation Engineer (S),S,specialisation,Generic,Heating and Ventilation Engineer,heating and ventilation engineer,2,23,233,2335,Professionals,Mechanical Engineer,principal,Generic,False
233513,Production or Plant Engineer (P),P,principal,Generic,Production or Plant Engineer,production or plant engineer,2,23,233,2335,Professionals,Production or Plant Engineer,principal,Generic,True
233513,Automation and Control Engineer (S),S,specialisation,Generic,Automation and Control Engineer,automation and control engineer,2,23,233,2335,Professionals,Production or Plant Engineer,principal,Generic,False
233611,Mining Engineer (excluding Petroleum) (P),P,principal,Generic,Mining Engineer (excluding Petroleum),mining engineer excluding petroleum,2,23,233,2336,Professionals,Mining Engineer (excluding Petroleum),principal,Generic,True
233611,Process Engineer (Mining) (S),S,specialisation,Generic,Process Engineer (Mining),process engineer mining,2,23,233,2336,Professionals,Mining Engineer (excluding Petroleum),principal,Generic,False
233612,Petroleum Engineer (P),P,principal,Generic,Petroleum Engineer,petroleum engineer,2,23,233,2336,Professionals,Petroleum Engineer,principal,Generic,True
233612,Mud Engineer (S),S,specialisation,Generic,Mud Engineer,mud engineer,2,23,233,2336,Professionals,Petroleum Engineer,principal,Generic,False
233612,Petrophysical Engineer (S),S,specialisation,Generic,Petrophysical Engineer,petrophysical engineer,2,23,233,2336,Professionals,Petroleum Engineer,principal,Generic,False
233911,Aeronautical Engineer (P),P,principal,Generic,Aeronautical Engineer,aeronautical engineer,2,23,233,2339,Professionals,Aeronautical Engineer,principal,Generic,True
233911,Aeronautical Engineering Officer (Navy) (S),S,specialisation,Generic,Aeronautical Engineering Officer (Navy),aeronautical engineering officer navy,2,23,233,2339,Professionals,Aeronautical Engineer,principal,Generic,False
233911,Aerospace Engineer (S),S,specialisation,Generic,Aerospace Engineer,aerospace engineer,2,23,233,2339,Professionals,Aeronautical Engineer,principal,Generic,False
233911,Aerospace Engineer Officer - Aeronautical (Air Force) (S),S,specialisation,Generic,Aerospace Engineer Officer - Aeronautical (Air Force),aerospace engineer officer aeronautical air force,2,23,233,2339,Professionals,Aeronautical Engineer,principal,Generic,False
233911,Aerospace Engineer Officer - Armament (Air Force) (S),S,specialisation,Generic,Aerospace Engineer Officer - Armament (Air Force),aerospace engineer officer armament air force,2,23,233,2339,Professionals,Aeronautical Engineer,principal,Generic,False
233911,Aerospace Engineer Officer - Electronics (Air Force) (S),S,specialisation,Generic,Aerospace Engineer Officer - Electronics (Air Force),aerospace engineer officer electronics air force,2,23,233,2339,Professionals,Aeronautical Engineer,principal,Generic,False
233911,Avionics Systems Engineer (S),S,specialisation,Generic,Avionics Systems Engineer,avionics systems engineer,2,23,233,2339,Professionals,Aeronautical Engineer,principal,Generic,False
233911,Weapons Aeronautical Engineering Officer (Navy) (S),S,specialisation,Generic,Weapons Aeronautical Engineering Officer (Navy),weapons aeronautical engineering officer navy,2,23,233,2339,Professionals,Aeronautical Engineer,principal,Generic,False
233912,Agricultural Engineer (P),P,principal,Generic,Agricultural Engineer,agricultural engineer,2,23,233,2339,Professionals,Agricultural Engineer,principal,Generic,True
233912,Natural Resources Engineer (A),A,alternative,Generic,Natural Resources Engineer,natural resources engineer,2,23,233,2339,Professionals,Agricultural Engineer,principal,Generic,False
233913,Biomedical Engineer (P),P,principal,Generic,Biomedical Engineer,biomedical engineer,2,23,233,2339,Professionals,Biomedical Engineer,principal,Generic,True
233913,Bioengineer (S),S,specialisation,Generic,Bioengineer,bioengineer,2,23,233,2339,Professionals,Biomedical Engineer,principal,Generic,False
233913,Clinical Engineer (S),S,specialisation,Generic,Clinical Engineer,clinical engineer,2,23,233,2339,Professionals,Biomedical Engineer,principal,Generic,False
233913,Medical Engineer (S),S,specialisation,Generic,Medical Engineer,medical engineer,2,23,233,2339,Professionals,Biomedical Engineer,principal,Generic,False
233914,Engineering Technologist (P),P,principal,Generic,Engineering Technologist,engineering technologist,2,23,233,2339,Professionals,Engineering Technologist,principal,Generic,True
233914,Aeronautical Engineering Technologist (S),S,specialisation,Generic,Aeronautical Engineering Technologist,aeronautical engineering technologist,2,23,233,2339,Professionals,Engineering Technologist,principal,Generic,False
233914,Agricultural Engineering Technologist (S),S,specialisation,Generic,Agricultural Engineering Technologist,agricultural engineering technologist,2,23,233,2339,Professionals,Engineering Technologist,principal,Generic,False
233914,Biomedical Engineering Technologist (S),S,specialisation,Generic,Biomedical Engineering Technologist,biomedical engineering technologist,2,23,233,2339,Professionals,Engineering Technologist,principal,Generic,False
233914,Chemical Engineering Technologist (S),S,specialisation,Generic,Chemical Engineering Technologist,chemical engineering technologist,2,23,233,2339,Professionals,Engineering Technologist,principal,Generic,False
233914,Industrial Engineering Technologist (S),S,specialisation,Generic,Industrial Engineering Technologist,industrial engineering technologist,2,23,233,2339,Professionals,Engineering Technologist,principal,Generic,False
233914,Mining Engineering Technologist (S),S,specialisation,Generic,Mining Engineering Technologist,mining engineering technologist,2,23,233,2339,Professionals,Engineering Technologist,principal,Generic,False
233915,Environmental Engineer (P),P,principal,Generic,Environmental Engineer,environmental engineer,2,23,233,2339,Professionals,Environmental Engineer,principal,Generic,True
233916,Marine Designer (NZ) (P),P,principal,New Zealand,Marine Designer,marine designer,2,23,233,2339,Professionals,Naval Architect,principal,Australia,False
233916,Naval Architect (Aus) (P),P,principal,Australia,Naval Architect,naval architect,2,23,233,2339,Professionals,Naval Architect,principal,Australia,True
233999,Engineering Professionals nec (P),P,principal,Generic,Engineering Professionals nec,engineering professionals nec,2,23,233,2339,Professionals,Engineering Professionals nec,principal,Generic,True
233999,Mechatronics Engineer (N),N,nec_category,Generic,Mechatronics Engineer,mechatronics engineer,2,23,233,2339,Professionals,Engineering Professionals nec,principal,Generic,False
233999,Product Design Engineer (N),N,nec_category,Generic,Product Design Engineer,product design engineer,2,23,233,2339,Professionals,Engineering Professionals nec,principal,Generic,False
234111,Agricultural Consultant (P),P,principal,Generic,Agricultural Consultant,agricultural consultant,2,23,234,2341,Professionals,Agricultural Consultant,principal,Generic,True
234111,Agricultural Adviser (A),A,alternative,Generic,Agricultural Adviser,agricultural adviser,2,23,234,2341,Professionals,Agricultural Consultant,principal,Generic,False
234111,Agricultural Extension Officer (S),S,specialisation,Generic,Agricultural Extension Officer,agricultural extension officer,2,23,234,2341,Professionals,Agricultural Consultant,principal,Generic,False
234111,Landcare Officer (S),S,specialisation,Generic,Landcare Officer,landcare officer,2,23,234,2341,Professionals,Agricultural Consultant,principal,Generic,False
234112,Agricultural Scientist (P),P,principal,Generic,Agricultural Scientist,agricultural scientist,2,23,234,2341,Professionals,Agricultural Scientist,principal,Generic,True
234112,Agronomist (S),S,specialisation,Generic,Agronomist,agronomist,2,23,234,2341,Professionals,Agricultural Scientist,principal,Generic,False
234113,Forest Scientist (NZ) (P),P,principal,New Zealand,Forest Scientist,forest scientist,2,23,234,2341,Professionals,Forester,principal,Australia,False
234113,Forester (Aus) (P),P,principal,Australia,Forester,forester,2,23,234,2341,Professionals,Forester,principal,Australia,True
234113,Forestry Adviser (S),S,specialisation,Generic,Forestry Adviser,forestry adviser,2,23,234,2341,Professionals,Forester,principal,Australia,False
234113,Forestry Consultant (S),S,specialisation,Generic,Forestry Consultant,forestry consultant,2,23,234,2341,Professionals,Forester,principal,Australia,False
234211,Chemist (P),P,principal,Generic,Chemist,chemist,2,23,234,2342,Professionals,Chemist,principal,Generic,True
234211,Analytical Chemist (S),S,specialisation,Generic,Analytical Chemist,analytical chemist,2,23,234,2342,Professionals,Chemist,principal,Generic,False
234211,Industrial Chemist (S),S,specialisation,Generic,Industrial Chemist,industrial chemist,2,23,234,2342,Professionals,Chemist,principal,Generic,False
234212,Food Technologist (P),P,principal,Generic,Food Technologist,food technologist,2,23,234,2342,Professionals,Food Technologist,principal,Generic,True
234212,Food Scientist (A),A,alternative,Generic,Food Scientist,food scientist,2,23,234,2342,Professionals,Food Technologist,principal,Generic,False
234213,Wine Maker (P),P,principal,Generic,Wine Maker,wine maker,2,23,234,2342,Professionals,Wine Maker,principal,Generic,True
234213,Oenologist (A),A,alternative,Generic,Oenologist,oenologist,2,23,234,2342,Professionals,Wine Maker,principal,Generic,False
234311,Conservation Officer (P),P,principal,Generic,Conservation Officer,conservation officer,2,23,234,2343,Professionals,Conservation Officer,principal,Generic,True
234311,Landcare Facilitator (S),S,specialisation,Generic,Landcare Facilitator,landcare facilitator,2,23,234,2343,Professionals,Conservation Officer,principal,Generic,False
234312,Environmental Consultant (P),P,principal,Generic,Environmental Consultant,environmental consultant,2,23,234,2343,Professionals,Environmental Consultant,principal,Generic,True
234312,Environmental Adviser (A),A,alternative,Generic,Environmental Adviser,environmental adviser,2,23,234,2343,Professionals,Environmental Consultant,principal,Generic,False
234312,Environmental Auditor (A),A,alternative,Generic,Environmental Auditor,environmental auditor,2,23,234,2343,Professionals,Environmental Consultant,principal,Generic,False
234312,Environmental Officer (A),A,alternative,Generic,Environmental Officer,environmental officer,2,23,234,2343,Professionals,Environmental Consultant,principal,Generic,False
234313,Environmental Research Scientist (P),P,principal,Generic,Environmental Research Scientist,environmental research scientist,2,23,234,2343,Professionals,Environmental Research Scientist,principal,Generic,True
234313,Environmental Scientist (A),A,alternative,Generic,Environmental Scientist,environmental scientist,2,23,234,2343,Professionals,Environmental Research Scientist,principal,Generic,False
234313,Air Pollution Analyst (S),S,specialisation,Generic,Air Pollution Analyst,air pollution analyst,2,23,234,2343,Professionals,Environmental Research Scientist,principal,Generic,False
234313,Ecologist (S),S,specialisation,Generic,Ecologist,ecologist,2,23,234,2343,Professionals,Environmental Research Scientist,principal,Generic,False
234313,Land Degradation Analyst (S),S,specialisation,Generic,Land Degradation Analyst,land degradation analyst,2,23,234,2343,Professionals,Environmental Research Scientist,principal,Generic,False
234313,Water Quality Analyst (S),S,specialisation,Generic,Water Quality Analyst,water quality analyst,2,23,234,2343,Professionals,Environmental Research Scientist,principal,Generic,False
234314,Park Ranger (P),P,principal,Generic,Park Ranger,park ranger,2,23,234,2343,Professionals,Park Ranger,principal,Generic,True
234314,Aboriginal and Torres Strait Islander Land and Sea Ranger (Aus) (S),S,specialisation,Australia,Aboriginal and Torres Strait Islander Land and Sea Ranger,aboriginal and torres strait islander land and sea ranger,2,23,234,2343,Professionals,Park Ranger,principal,Generic,False
234399,Environmental Scientists nec (P),P,principal,Generic,Environmental Scientists nec,environmental scientists nec,2,23,234,2343,Professionals,Environmental Scientists nec,principal,Generic,True
234399,Aquaculture Consultant (N),N,nec_category,Generic,Aquaculture Consultant,aquaculture consultant,2,23,234,2343,Professionals,Environmental Scientists nec,principal,Generic,False
234399,Soil Scientist (N),N,nec_category,Generic,Soil Scientist,soil scientist,2,23,234,2343,Professionals,Environmental Scientists nec,principal,Generic,False
234411,Geologist (P),P,principal,Generic,Geologist,geologist,2,23,234,2344,Professionals,Geologist,principal,Generic,True
234411,Hydrogeologist (S),S,specialisation,Generic,Hydrogeologist,hydrogeologist,2,23,234,2344,Professionals,Geologist,principal,Generic,False
234411,Marine Geologist (S),S,specialisation,Generic,Marine Geologist,marine geologist,2,23,234,2344,Professionals,Geologist,principal,Generic,False
234411,Palaeontologist (S),S,specialisation,Generic,Palaeontologist,palaeontologist,2,23,234,2344,Professionals,Geologist,principal,Generic,False
234412,Geophysicist (P),P,principal,Generic,Geophysicist,geophysicist,2,23,234,2344,Professionals,Geophysicist,principal,Generic,True
234412,Physical Oceanographer (S),S,specialisation,Generic,Physical Oceanographer,physical oceanographer,2,23,234,2344,Professionals,Geophysicist,principal,Generic,False
234412,Seismologist (S),S,specialisation,Generic,Seismologist,seismologist,2,23,234,2344,Professionals,Geophysicist,principal,Generic,False
234511,Life Scientist (General) (P),P,principal,Generic,Life Scientist (General),life scientist general,2,23,234,2345,Professionals,Life Scientist (General),principal,Generic,True
234511,Biologist (General) (A),A,alternative,Generic,Biologist (General),biologist general,2,23,234,2345,Professionals,Life Scientist (General),principal,Generic,False
234512,Anatomist or Physiologist (P),P,principal,Generic,Anatomist or Physiologist,anatomist or physiologist,2,23,234,2345,Professionals,Anatomist or Physiologist,principal,Generic,True
234512,Embryologist (S),S,specialisation,Generic,Embryologist,embryologist,2,23,234,2345,Professionals,Anatomist or Physiologist,principal,Generic,False
234512,Neuroanatomist (S),S,specialisation,Generic,Neuroanatomist,neuroanatomist,2,23,234,2345,Professionals,Anatomist or Physiologist,principal,Generic,False
234513,Biochemist (P),P,principal,Generic,Biochemist,biochemist,2,23,234,2345,Professionals,Biochemist,principal,Generic,True
234513,Enzyme Chemist (S),S,specialisation,Generic,Enzyme Chemist,enzyme chemist,2,23,234,2345,Professionals,Biochemist,principal,Generic,False
234513,Protein Chemist (S),S,specialisation,Generic,Protein Chemist,protein chemist,2,23,234,2345,Professionals,Biochemist,principal,Generic,False
234514,Biotechnologist (P),P,principal,Generic,Biotechnologist,biotechnologist,2,23,234,2345,Professionals,Biotechnologist,principal,Generic,True
234514,Cell Geneticist (S),S,specialisation,Generic,Cell Geneticist,cell geneticist,2,23,234,2345,Professionals,Biotechnologist,principal,Generic,False
234514,Molecular Biologist (S),S,specialisation,Generic,Molecular Biologist,molecular biologist,2,23,234,2345,Professionals,Biotechnologist,principal,Generic,False
234514,Molecular Geneticist (S),S,specialisation,Generic,Molecular Geneticist,molecular geneticist,2,23,234,2345,Professionals,Biotechnologist,principal,Generic,False
234515,Botanist (P),P,principal,Generic,Botanist,botanist,2,23,234,2345,Professionals,Botanist,principal,Generic,True
234515,Plant Morphologist (S),S,specialisation,Generic,Plant Morphologist,plant morphologist,2,23,234,2345,Professionals,Botanist,principal,Generic,False
234515,Plant Pathologist (S),S,specialisation,Generic,Plant Pathologist,plant pathologist,2,23,234,2345,Professionals,Botanist,principal,Generic,False
234515,Plant Physiologist (S),S,specialisation,Generic,Plant Physiologist,plant physiologist,2,23,234,2345,Professionals,Botanist,principal,Generic,False
234515,Plant Taxonomist (S),S,specialisation,Generic,Plant Taxonomist,plant taxonomist,2,23,234,2345,Professionals,Botanist,principal,Generic,False
234516,Marine Biologist (P),P,principal,Generic,Marine Biologist,marine biologist,2,23,234,2345,Professionals,Marine Biologist,principal,Generic,True
234517,Microbiologist (P),P,principal,Generic,Microbiologist,microbiologist,2,23,234,2345,Professionals,Microbiologist,principal,Generic,True
234517,Bacteriologist (Non-medical) (S),S,specialisation,Generic,Bacteriologist (Non-medical),bacteriologist non medical,2,23,234,2345,Professionals,Microbiologist,principal,Generic,False
234518,Zoologist (P),P,principal,Generic,Zoologist,zoologist,2,23,234,2345,Professionals,Zoologist,principal,Generic,True
234518,Entomologist (S),S,specialisation,Generic,Entomologist,entomologist,2,23,234,2345,Professionals,Zoologist,principal,Generic,False
234518,Mammologist (S),S,specialisation,Generic,Mammologist,mammologist,2,23,234,2345,Professionals,Zoologist,principal,Generic,False
234518,Ornithologist (S),S,specialisation,Generic,Ornithologist,ornithologist,2,23,234,2345,Professionals,Zoologist,principal,Generic,False
234599,Life Scientists nec (P),P,principal,Generic,Life Scientists nec,life scientists nec,2,23,234,2345,Professionals,Life Scientists nec,principal,Generic,True
234599,Animal Behaviourist (N),N,nec_category,Generic,Animal Behaviourist,animal behaviourist,2,23,234,2345,Professionals,Life Scientists nec,principal,Generic,False
234599,Parasitologist (N),N,nec_category,Generic,Parasitologist,parasitologist,2,23,234,2345,Professionals,Life Scientists nec,principal,Generic,False
234599,Pharmacologist (Non-clinical) (N),N,nec_category,Generic,Pharmacologist (Non-clinical),pharmacologist non clinical,2,23,234,2345,Professionals,Life Scientists nec,principal,Generic,False
234599,Toxicologist (N),N,nec_category,Generic,Toxicologist,toxicologist,2,23,234,2345,Professionals,Life Scientists nec,principal,Generic,False
234611,Medical Laboratory Scientist (P),P,principal,Generic,Medical Laboratory Scientist,medical laboratory scientist,2,23,234,2346,Professionals,Medical Laboratory Scientist,principal,Generic,True
234611,Hospital Scientist (A),A,alternative,Generic,Hospital Scientist,hospital scientist,2,23,234,2346,Professionals,Medical Laboratory Scientist,principal,Generic,False
234611,Medical Scientific Officer (A),A,alternative,Generic,Medical Scientific Officer,medical scientific officer,2,23,234,2346,Professionals,Medical Laboratory Scientist,principal,Generic,False
234711,Veterinarian (P),P,principal,Generic,Veterinarian,veterinarian,2,23,234,2347,Professionals,Veterinarian,principal,Generic,True
234711,Veterinary Surgeon (A),A,alternative,Generic,Veterinary Surgeon,veterinary surgeon,2,23,234,2347,Professionals,Veterinarian,principal,Generic,False
234711,Veterinary Parasitologist (S),S,specialisation,Generic,Veterinary Parasitologist,veterinary parasitologist,2,23,234,2347,Professionals,Veterinarian,principal,Generic,False
234711,Veterinary Pathologist (S),S,specialisation,Generic,Veterinary Pathologist,veterinary pathologist,2,23,234,2347,Professionals,Veterinarian,principal,Generic,False
234911,Conservator (P),P,principal,Generic,Conservator,conservator,2,23,234,2349,Professionals,Conservator,principal,Generic,True
234911,Art Conservator (S),S,specialisation,Generic,Art Conservator,art conservator,2,23,234,2349,Professionals,Conservator,principal,Generic,False
234912,Metallurgist (P),P,principal,Generic,Metallurgist,metallurgist,2,23,234,2349,Professionals,Metallurgist,principal,Generic,True
234912,Hydrometallurgical Engineer (S),S,specialisation,Generic,Hydrometallurgical Engineer,hydrometallurgical engineer,2,23,234,2349,Professionals,Metallurgist,principal,Generic,False
234912,Metallographer (S),S,specialisation,Generic,Metallographer,metallographer,2,23,234,2349,Professionals,Metallurgist,principal,Generic,False
234912,Pyrometallurgical Engineer (S),S,specialisation,Generic,Pyrometallurgical Engineer,pyrometallurgical engineer,2,23,234,2349,Professionals,Metallurgist,principal,Generic,False
234912,Radiological Metallurgist (S),S,specialisation,Generic,Radiological Metallurgist,radiological metallurgist,2,23,234,2349,Professionals,Metallurgist,principal,Generic,False
234913,Meteorologist (P),P,principal,Generic,Meteorologist,meteorologist,2,23,234,2349,Professionals,Meteorologist,principal,Generic,True
234913,Climatologist (S),S,specialisation,Generic,Climatologist,climatologist,2,23,234,2349,Professionals,Meteorologist,principal,Generic,False
234913,Weather Forecaster (S),S,specialisation,Generic,Weather Forecaster,weather forecaster,2,23,234,2349,Professionals,Meteorologist,principal,Generic,False
234914,Physicist (P),P,principal,Generic,Physicist,physicist,2,23,234,2349,Professionals,Physicist,principal,Generic,True
234914,Astronomer (S),S,specialisation,Generic,Astronomer,astronomer,2,23,234,2349,Professionals,Physicist,principal,Generic,False
234914,Medical Physicist (S),S,specialisation,Generic,Medical Physicist,medical physicist,2,23,234,2349,Professionals,Physicist,principal,Generic,False
234999,Natural and Physical Science Professionals nec (P),P,principal,Generic,Natural and Physical Science Professionals nec,natural and physical science professionals nec,2,23,234,2349,Professionals,Natural and Physical Science Professionals nec,principal,Generic,True
234999,Ceramics Scientist (N),N,nec_category,Generic,Ceramics Scientist,ceramics scientist,2,23,234,2349,Professionals,Natural and Physical Science Professionals nec,principal,Generic,False
234999,Exercise Physiologist (N),N,nec_category,Generic,Exercise Physiologist,exercise physiologist,2,23,234,2349,Professionals,Natural and Physical Science Professionals nec,principal,Generic,False
234999,Mineral Processing Engineer (N),N,nec_category,Generic,Mineral Processing Engineer,mineral processing engineer,2,23,234,2349,Professionals,Natural and Physical Science Professionals nec,principal,Generic,False
234999,Polymer Scientist (N),N,nec_category,Generic,Polymer Scientist,polymer scientist,2,23,234,2349,Professionals,Natural and Physical Science Professionals nec,principal,Generic,False
234999,Sports Scientist (N),N,nec_category,Generic,Sports Scientist,sports scientist,2,23,234,2349,Professionals,Natural and Physical Science Professionals nec,principal,Generic,False
241111,Early Childhood (Pre-primary School) Teacher (P),P,principal,Generic,Early Childhood (Pre-primary School) Teacher,early childhood pre primary school teacher,2,24,241,2411,Professionals,Early Childhood (Pre-primary School) Teacher,principal,Generic,True
241111,Kindergarten Teacher (A),A,alternative,Generic,Kindergarten Teacher,kindergarten teacher,2,24,241,2411,Professionals,Early Childhood (Pre-primary School) Teacher,principal,Generic,False
241111,Preschool Director (S),S,specialisation,Generic,Preschool Director,preschool director,2,24,241,2411,Professionals,Early Childhood (Pre-primary School) Teacher,principal,Generic,False
241112,Kaiako Kohanga Reo (Maori Language Nest Teacher) (P),P,principal,Generic,Kaiako Kohanga Reo (Maori Language Nest Teacher),kaiako kohanga reo maori language nest teacher,2,24,241,2411,Professionals,Kaiako Kohanga Reo (Maori Language Nest Teacher),principal,Generic,True
241211,Kaiako Kura Kaupapa Maori (Maori-medium Primary School Teacher) (P),P,principal,Generic,Kaiako Kura Kaupapa Maori (Maori-medium Primary School Teacher),kaiako kura kaupapa maori maori medium primary school teacher,2,24,241,2412,Professionals,Kaiako Kura Kaupapa Maori (Maori-medium Primary School Teacher),principal,Generic,True
241212,Pouako Kura Kaupapa Maori (Maori-medium Primary School Senior Teacher) (P),P,principal,Generic,Pouako Kura Kaupapa Maori (Maori-medium Primary School Senior Teacher),pouako kura kaupapa maori maori medium primary school senior teacher,2,24,241,2412,Professionals,Pouako Kura Kaupapa Maori (Maori-medium Primary School Senior Teacher),principal,Generic,True
241213,Primary School Teacher (P),P,principal,Generic,Primary School Teacher,primary school teacher,2,24,241,2412,Professionals,Primary School Teacher,principal,Generic,True
241213,Primary School Teacher-Librarian (S),S,specialisation,Generic,Primary School Teacher-Librarian,primary school teacher librarian,2,24,241,2412,Professionals,Primary School Teacher,principal,Generic,False
241311,Intermediate School Teacher (NZ) (P),P,principal,New Zealand,Intermediate School Teacher,intermediate school teacher,2,24,241,2413,Professionals,Middle School Teacher,principal,Australia,False
241311,Middle School Teacher (Aus) (P),P,principal,Australia,Middle School Teacher,middle school teacher,2,24,241,2413,Professionals,Middle School Teacher,principal,Australia,True
241411,Secondary School Teacher (P),P,principal,Generic,Secondary School Teacher,secondary school teacher,2,24,241,2414,Professionals,Secondary School Teacher,principal,Generic,True
241411,Secondary School Teacher-Librarian (S),S,specialisation,Generic,Secondary School Teacher-Librarian,secondary school teacher librarian,2,24,241,2414,Professionals,Secondary School Teacher,principal,Generic,False
241511,Special Needs Teacher (P),P,principal,Generic,Special Needs Teacher,special needs teacher,2,24,241,2415,Professionals,Special Needs Teacher,principal,Generic,True
241511,Behaviour Support Teacher (S),S,specialisation,Generic,Behaviour Support Teacher,behaviour support teacher,2,24,241,2415,Professionals,Special Needs Teacher,principal,Generic,False
241511,Remedial Teacher (S),S,specialisation,Generic,Remedial Teacher,remedial teacher,2,24,241,2415,Professionals,Special Needs Teacher,principal,Generic,False
241511,Teacher of Gifted Students (S),S,specialisation,Generic,Teacher of Gifted Students,teacher of gifted students,2,24,241,2415,Professionals,Special Needs Teacher,principal,Generic,False
241512,Teacher of the Hearing Impaired (P),P,principal,Generic,Teacher of the Hearing Impaired,teacher of the hearing impaired,2,24,241,2415,Professionals,Teacher of the Hearing Impaired,principal,Generic,True
241513,Teacher of the Sight Impaired (P),P,principal,Generic,Teacher of the Sight Impaired,teacher of the sight impaired,2,24,241,2415,Professionals,Teacher of the Sight Impaired,principal,Generic,True
241599,Special Education Teachers nec (P),P,principal,Generic,Special Education Teachers nec,special education teachers nec,2,24,241,2415,Professionals,Special Education Teachers nec,principal,Generic,True
241599,Aboriginal Education Teacher (Aus) (N),N,nec_category,Australia,Aboriginal Education Teacher,aboriginal education teacher,2,24,241,2415,Professionals,Special Education Teachers nec,principal,Generic,False
241599,Correspondence School Teacher (NZ) (N),N,nec_category,New Zealand,Correspondence School Teacher,correspondence school teacher,2,24,241,2415,Professionals,Special Education Teachers nec,principal,Generic,False
241599,Distance Education Teacher (Aus) (N),N,nec_category,Australia,Distance Education Teacher,distance education teacher,2,24,241,2415,Professionals,Special Education Teachers nec,principal,Generic,False
241599,Migrant Teacher (N),N,nec_category,Generic,Migrant Teacher,migrant teacher,2,24,241,2415,Professionals,Special Education Teachers nec,principal,Generic,False
242111,University Lecturer (P),P,principal,Generic,University Lecturer,university lecturer,2,24,242,2421,Professionals,University Lecturer,principal,Generic,True
242112,University Tutor (P),P,principal,Generic,University Tutor,university tutor,2,24,242,2421,Professionals,University Tutor,principal,Generic,True
242112,University Demonstrator (S),S,specialisation,Generic,University Demonstrator,university demonstrator,2,24,242,2421,Professionals,University Tutor,principal,Generic,False
242211,Polytechnic Teacher (NZ) (P),P,principal,New Zealand,Polytechnic Teacher,polytechnic teacher,2,24,242,2422,Professionals,Vocational Education Teacher,principal,Australia,False
242211,Vocational Education Teacher (Aus) (P),P,principal,Australia,Vocational Education Teacher,vocational education teacher,2,24,242,2422,Professionals,Vocational Education Teacher,principal,Australia,True
242211,Adult Education Teacher (S),S,specialisation,Generic,Adult Education Teacher,adult education teacher,2,24,242,2422,Professionals,Vocational Education Teacher,principal,Australia,False
242211,TAFE Lecturer (S),S,specialisation,Generic,TAFE Lecturer,tafe lecturer,2,24,242,2422,Professionals,Vocational Education Teacher,principal,Australia,False
242211,TAFE Teacher (S),S,specialisation,Generic,TAFE Teacher,tafe teacher,2,24,242,2422,Professionals,Vocational Education Teacher,principal,Australia,False
242211,Workplace Trainer and Assessor (S),S,specialisation,Generic,Workplace Trainer and Assessor,workplace trainer and assessor,2,24,242,2422,Professionals,Vocational Education Teacher,principal,Australia,False
249111,Education Adviser (P),P,principal,Generic,Education Adviser,education adviser,2,24,249,2491,Professionals,Education Adviser,principal,Generic,True
249111,Curriculum Advisory Teacher (S),S,specialisation,Generic,Curriculum Advisory Teacher,curriculum advisory teacher,2,24,249,2491,Professionals,Education Adviser,principal,Generic,False
249111,Education Officer (S),S,specialisation,Generic,Education Officer,education officer,2,24,249,2491,Professionals,Education Adviser,principal,Generic,False
249111,Home-School Liaison Officer (S),S,specialisation,Generic,Home-School Liaison Officer,home school liaison officer,2,24,249,2491,Professionals,Education Adviser,principal,Generic,False
249111,Preschool Adviser (S),S,specialisation,Generic,Preschool Adviser,preschool adviser,2,24,249,2491,Professionals,Education Adviser,principal,Generic,False
249112,Education Reviewer (P),P,principal,Generic,Education Reviewer,education reviewer,2,24,249,2491,Professionals,Education Reviewer,principal,Generic,True
249112,School Inspector (S),S,specialisation,Generic,School Inspector,school inspector,2,24,249,2491,Professionals,Education Reviewer,principal,Generic,False
249211,Art Teacher (Private Tuition) (P),P,principal,Generic,Art Teacher (Private Tuition),art teacher private tuition,2,24,249,2492,Professionals,Art Teacher (Private Tuition),principal,Generic,True
249212,Dance Teacher (Private Tuition) (P),P,principal,Generic,Dance Teacher (Private Tuition),dance teacher private tuition,2,24,249,2492,Professionals,Dance Teacher (Private Tuition),principal,Generic,True
249212,Ballet Teacher (Private Tuition) (S),S,specialisation,Generic,Ballet Teacher (Private Tuition),ballet teacher private tuition,2,24,249,2492,Professionals,Dance Teacher (Private Tuition),principal,Generic,False
249213,Drama Teacher (Private Tuition) (P),P,principal,Generic,Drama Teacher (Private Tuition),drama teacher private tuition,2,24,249,2492,Professionals,Drama Teacher (Private Tuition),principal,Generic,True
249213,Elocution Teacher (S),S,specialisation,Generic,Elocution Teacher,elocution teacher,2,24,249,2492,Professionals,Drama Teacher (Private Tuition),principal,Generic,False
249214,Music Teacher (Private Tuition) (P),P,principal,Generic,Music Teacher (Private Tuition),music teacher private tuition,2,24,249,2492,Professionals,Music Teacher (Private Tuition),principal,Generic,True
249214,Singing Teacher (Private Tuition) (S),S,specialisation,Generic,Singing Teacher (Private Tuition),singing teacher private tuition,2,24,249,2492,Professionals,Music Teacher (Private Tuition),principal,Generic,False
249299,Private Tutors and Teachers nec (P),P,principal,Generic,Private Tutors and Teachers nec,private tutors and teachers nec,2,24,249,2492,Professionals,Private Tutors and Teachers nec,principal,Generic,True
249299,Dressmaking Teacher (Private Tuition) (N),N,nec_category,Generic,Dressmaking Teacher (Private Tuition),dressmaking teacher private tuition,2,24,249,2492,Professionals,Private Tutors and Teachers nec,principal,Generic,False
249299,Handicrafts Teacher (Private Tuition) (N),N,nec_category,Generic,Handicrafts Teacher (Private Tuition),handicrafts teacher private tuition,2,24,249,2492,Professionals,Private Tutors and Teachers nec,principal,Generic,False
249311,Teacher of English to Speakers of Other Languages (P),P,principal,Generic,Teacher of English to Speakers of Other Languages,teacher of english to speakers of other languages,2,24,249,2493,Professionals,Teacher of English to Speakers of Other Languages,principal,Generic,True
249311,English as a Second Language Teacher (A),A,alternative,Generic,English as a Second Language Teacher,english as a second language teacher,2,24,249,2493,Professionals,Teacher of English to Speakers of Other Languages,principal,Generic,False
251111,Dietitian (P),P,principal,Generic,Dietitian,dietitian,2,25,251,2511,Professionals,Dietitian,principal,Generic,True
251111,Nutritionist (A),A,alternative,Generic,Nutritionist,nutritionist,2,25,251,2511,Professionals,Dietitian,principal,Generic,False
251211,Medical Diagnostic Radiographer (P),P,principal,Generic,Medical Diagnostic Radiographer,medical diagnostic radiographer,2,25,251,2512,Professionals,Medical Diagnostic Radiographer,principal,Generic,True
251211,Medical Imaging Technologist (A),A,alternative,Generic,Medical Imaging Technologist,medical imaging technologist,2,25,251,2512,Professionals,Medical Diagnostic Radiographer,principal,Generic,False
251211,Magnetic Resonance Technologist (S),S,specialisation,Generic,Magnetic Resonance Technologist,magnetic resonance technologist,2,25,251,2512,Professionals,Medical Diagnostic Radiographer,principal,Generic,False
251212,Medical Radiation Therapist (P),P,principal,Generic,Medical Radiation Therapist,medical radiation therapist,2,25,251,2512,Professionals,Medical Radiation Therapist,principal,Generic,True
251213,Nuclear Medicine Technologist (P),P,principal,Generic,Nuclear Medicine Technologist,nuclear medicine technologist,2,25,251,2512,Professionals,Nuclear Medicine Technologist,principal,Generic,True
251214,Sonographer (P),P,principal,Generic,Sonographer,sonographer,2,25,251,2512,Professionals,Sonographer,principal,Generic,True
251214,Ultrasonographer (A),A,alternative,Generic,Ultrasonographer,ultrasonographer,2,25,251,2512,Professionals,Sonographer,principal,Generic,False
251311,Environmental Health Officer (P),P,principal,Generic,Environmental Health Officer,environmental health officer,2,25,251,2513,Professionals,Environmental Health Officer,principal,Generic,True
251311,Food Safety Auditor (S),S,specialisation,Generic,Food Safety Auditor,food safety auditor,2,25,251,2513,Professionals,Environmental Health Officer,principal,Generic,False
251311,Food Safety Officer (S),S,specialisation,Generic,Food Safety Officer,food safety officer,2,25,251,2513,Professionals,Environmental Health Officer,principal,Generic,False
251312,Occupational Health and Safety Adviser (P),P,principal,Generic,Occupational Health and Safety Adviser,occupational health and safety adviser,2,25,251,2513,Professionals,Occupational Health and Safety Adviser,principal,Generic,True
251312,Occupational Health and Safety Coordinator (A),A,alternative,Generic,Occupational Health and Safety Coordinator,occupational health and safety coordinator,2,25,251,2513,Professionals,Occupational Health and Safety Adviser,principal,Generic,False
251312,Occupational Health and Safety Officer (A),A,alternative,Generic,Occupational Health and Safety Officer,occupational health and safety officer,2,25,251,2513,Professionals,Occupational Health and Safety Adviser,principal,Generic,False
251312,Occupational Hygienist (S),S,specialisation,Generic,Occupational Hygienist,occupational hygienist,2,25,251,2513,Professionals,Occupational Health and Safety Adviser,principal,Generic,False
251312,Workplace Rehabilitation Officer (S),S,specialisation,Generic,Workplace Rehabilitation Officer,workplace rehabilitation officer,2,25,251,2513,Professionals,Occupational Health and Safety Adviser,principal,Generic,False
251411,Optometrist (P),P,principal,Generic,Optometrist,optometrist,2,25,251,2514,Professionals,Optometrist,principal,Generic,True
251412,Orthoptist (P),P,principal,Generic,Orthoptist,orthoptist,2,25,251,2514,Professionals,Orthoptist,principal,Generic,True
251511,Hospital Pharmacist (P),P,principal,Generic,Hospital Pharmacist,hospital pharmacist,2,25,251,2515,Professionals,Hospital Pharmacist,principal,Generic,True
251511,Pharmaceutical Officer (Army) (S),S,specialisation,Generic,Pharmaceutical Officer (Army),pharmaceutical officer army,2,25,251,2515,Professionals,Hospital Pharmacist,principal,Generic,False
251512,Industrial Pharmacist (P),P,principal,Generic,Industrial Pharmacist,industrial pharmacist,2,25,251,2515,Professionals,Industrial Pharmacist,principal,Generic,True
251513,Retail Pharmacist (P),P,principal,Generic,Retail Pharmacist,retail pharmacist,2,25,251,2515,Professionals,Retail Pharmacist,principal,Generic,True
251513,Community Pharmacist (A),A,alternative,Generic,Community Pharmacist,community pharmacist,2,25,251,2515,Professionals,Retail Pharmacist,principal,Generic,False
251911,Health Promotion Officer (P),P,principal,Generic,Health Promotion Officer,health promotion officer,2,25,251,2519,Professionals,Health Promotion Officer,principal,Generic,True
251911,Community Health Worker (A),A,alternative,Generic,Community Health Worker,community health worker,2,25,251,2519,Professionals,Health Promotion Officer,principal,Generic,False
251911,Health Educator (A),A,alternative,Generic,Health Educator,health educator,2,25,251,2519,Professionals,Health Promotion Officer,principal,Generic,False
251911,Asthma Educator (S),S,specialisation,Generic,Asthma Educator,asthma educator,2,25,251,2519,Professionals,Health Promotion Officer,principal,Generic,False
251911,Childbirth Educator (S),S,specialisation,Generic,Childbirth Educator,childbirth educator,2,25,251,2519,Professionals,Health Promotion Officer,principal,Generic,False
251911,Diabetes Educator (S),S,specialisation,Generic,Diabetes Educator,diabetes educator,2,25,251,2519,Professionals,Health Promotion Officer,principal,Generic,False
251912,Orthotist or Prosthetist (P),P,principal,Generic,Orthotist or Prosthetist,orthotist or prosthetist,2,25,251,2519,Professionals,Orthotist or Prosthetist,principal,Generic,True
251999,Health Diagnostic and Promotion Professionals nec (P),P,principal,Generic,Health Diagnostic and Promotion Professionals nec,health diagnostic and promotion professionals nec,2,25,251,2519,Professionals,Health Diagnostic and Promotion Professionals nec,principal,Generic,True
251999,Genetic Counsellor (N),N,nec_category,Generic,Genetic Counsellor,genetic counsellor,2,25,251,2519,Professionals,Health Diagnostic and Promotion Professionals nec,principal,Generic,False
252111,Chiropractor (P),P,principal,Generic,Chiropractor,chiropractor,2,25,252,2521,Professionals,Chiropractor,principal,Generic,True
252112,Osteopath (P),P,principal,Generic,Osteopath,osteopath,2,25,252,2521,Professionals,Osteopath,principal,Generic,True
252211,Acupuncturist (P),P,principal,Generic,Acupuncturist,acupuncturist,2,25,252,2522,Professionals,Acupuncturist,principal,Generic,True
252212,Homoeopath (P),P,principal,Generic,Homoeopath,homoeopath,2,25,252,2522,Professionals,Homoeopath,principal,Generic,True
252213,Naturopath (P),P,principal,Generic,Naturopath,naturopath,2,25,252,2522,Professionals,Naturopath,principal,Generic,True
252214,Traditional Chinese Medicine Practitioner (P),P,principal,Generic,Traditional Chinese Medicine Practitioner,traditional chinese medicine practitioner,2,25,252,2522,Professionals,Traditional Chinese Medicine Practitioner,principal,Generic,True
252214,Chinese Medicine Practitioner (A),A,alternative,Generic,Chinese Medicine Practitioner,chinese medicine practitioner,2,25,252,2522,Professionals,Traditional Chinese Medicine Practitioner,principal,Generic,False
252214,Oriental Medicine Practitioner (A),A,alternative,Generic,Oriental Medicine Practitioner,oriental medicine practitioner,2,25,252,2522,Professionals,Traditional Chinese Medicine Practitioner,principal,Generic,False
252214,Chinese Herbalist (S),S,specialisation,Generic,Chinese Herbalist,chinese herbalist,2,25,252,2522,Professionals,Traditional Chinese Medicine Practitioner,principal,Generic,False
252215,Traditional Maori Health Practitioner (P),P,principal,Generic,Traditional Maori Health Practitioner,traditional maori health practitioner,2,25,252,2522,Professionals,Traditional Maori Health Practitioner,principal,Generic,True
252299,Complementary Health Therapists nec (P),P,principal,Generic,Complementary Health Therapists nec,complementary health therapists nec,2,25,252,2522,Professionals,Complementary Health Therapists nec,principal,Generic,True
252299,Dance Therapist (N),N,nec_category,Generic,Dance Therapist,dance therapist,2,25,252,2522,Professionals,Complementary Health Therapists nec,principal,Generic,False
252299,Drama Therapist (N),N,nec_category,Generic,Drama Therapist,drama therapist,2,25,252,2522,Professionals,Complementary Health Therapists nec,principal,Generic,False
252299,Hypnotherapist (N),N,nec_category,Generic,Hypnotherapist,hypnotherapist,2,25,252,2522,Professionals,Complementary Health Therapists nec,principal,Generic,False
252299,Music Therapist (N),N,nec_category,Generic,Music Therapist,music therapist,2,25,252,2522,Professionals,Complementary Health Therapists nec,principal,Generic,False
252311,Dental Specialist (P),P,principal,Generic,Dental Specialist,dental specialist,2,25,252,2523,Professionals,Dental Specialist,principal,Generic,True
252311,Endodontist (S),S,specialisation,Generic,Endodontist,endodontist,2,25,252,2523,Professionals,Dental Specialist,principal,Generic,False
252311,Oral and Maxillofacial Surgeon (S),S,specialisation,Generic,Oral and Maxillofacial Surgeon,oral and maxillofacial surgeon,2,25,252,2523,Professionals,Dental Specialist,principal,Generic,False
252311,Oral Pathologist (S),S,specialisation,Generic,Oral Pathologist,oral pathologist,2,25,252,2523,Professionals,Dental Specialist,principal,Generic,False
252311,Orthodontist (S),S,specialisation,Generic,Orthodontist,orthodontist,2,25,252,2523,Professionals,Dental Specialist,principal,Generic,False
252311,Paedodontist (S),S,specialisation,Generic,Paedodontist,paedodontist,2,25,252,2523,Professionals,Dental Specialist,principal,Generic,False
252311,Periodontist (S),S,specialisation,Generic,Periodontist,periodontist,2,25,252,2523,Professionals,Dental Specialist,principal,Generic,False
252311,Prosthodontist (S),S,specialisation,Generic,Prosthodontist,prosthodontist,2,25,252,2523,Professionals,Dental Specialist,principal,Generic,False
252312,Dentist (P),P,principal,Generic,Dentist,dentist,2,25,252,2523,Professionals,Dentist,principal,Generic,True
252312,Dental Practitioner (A),A,alternative,Generic,Dental Practitioner,dental practitioner,2,25,252,2523,Professionals,Dentist,principal,Generic,False
252312,Dental Surgeon (A),A,alternative,Generic,Dental Surgeon,dental surgeon,2,25,252,2523,Professionals,Dentist,principal,Generic,False
252411,Occupational Therapist (P),P,principal,Generic,Occupational Therapist,occupational therapist,2,25,252,2524,Professionals,Occupational Therapist,principal,Generic,True
252511,Physiotherapist (P),P,principal,Generic,Physiotherapist,physiotherapist,2,25,252,2525,Professionals,Physiotherapist,principal,Generic,True
252511,Physical Therapist (A),A,alternative,Generic,Physical Therapist,physical therapist,2,25,252,2525,Professionals,Physiotherapist,principal,Generic,False
252511,Aquatic Physiotherapist (S),S,specialisation,Generic,Aquatic Physiotherapist,aquatic physiotherapist,2,25,252,2525,Professionals,Physiotherapist,principal,Generic,False
252511,Cardiothoracic Physiotherapist (S),S,specialisation,Generic,Cardiothoracic Physiotherapist,cardiothoracic physiotherapist,2,25,252,2525,Professionals,Physiotherapist,principal,Generic,False
252511,Continence and Women's Health Physiotherapist (S),S,specialisation,Generic,Continence and Women's Health Physiotherapist,continence and women s health physiotherapist,2,25,252,2525,Professionals,Physiotherapist,principal,Generic,False
252511,Gerentological Physiotherapist (S),S,specialisation,Generic,Gerentological Physiotherapist,gerentological physiotherapist,2,25,252,2525,Professionals,Physiotherapist,principal,Generic,False
252511,Maori Physiotherapist (NZ) (S),S,specialisation,New Zealand,Maori Physiotherapist,maori physiotherapist,2,25,252,2525,Professionals,Physiotherapist,principal,Generic,False
252511,Musculoskeletal Physiotherapist (S),S,specialisation,Generic,Musculoskeletal Physiotherapist,musculoskeletal physiotherapist,2,25,252,2525,Professionals,Physiotherapist,principal,Generic,False
252511,Neurological Physiotherapist (S),S,specialisation,Generic,Neurological Physiotherapist,neurological physiotherapist,2,25,252,2525,Professionals,Physiotherapist,principal,Generic,False
252511,Occupational Health Physiotherapist (S),S,specialisation,Generic,Occupational Health Physiotherapist,occupational health physiotherapist,2,25,252,2525,Professionals,Physiotherapist,principal,Generic,False
252511,Paediatric Physiotherapist (S),S,specialisation,Generic,Paediatric Physiotherapist,paediatric physiotherapist,2,25,252,2525,Professionals,Physiotherapist,principal,Generic,False
252511,Sports Physiotherapist (S),S,specialisation,Generic,Sports Physiotherapist,sports physiotherapist,2,25,252,2525,Professionals,Physiotherapist,principal,Generic,False
252611,Podiatrist (P),P,principal,Generic,Podiatrist,podiatrist,2,25,252,2526,Professionals,Podiatrist,principal,Generic,True
252611,Podiatric Surgeon (S),S,specialisation,Generic,Podiatric Surgeon,podiatric surgeon,2,25,252,2526,Professionals,Podiatrist,principal,Generic,False
252711,Audiologist (P),P,principal,Generic,Audiologist,audiologist,2,25,252,2527,Professionals,Audiologist,principal,Generic,True
252712,Speech Language Therapist (NZ) (P),P,principal,New Zealand,Speech Language Therapist,speech language therapist,2,25,252,2527,Professionals,Speech Pathologist,principal,Australia,False
252712,Speech Pathologist (Aus) (P),P,principal,Australia,Speech Pathologist,speech pathologist,2,25,252,2527,Professionals,Speech Pathologist,principal,Australia,True
252712,Speech Therapist (A),A,alternative,Generic,Speech Therapist,speech therapist,2,25,252,2527,Professionals,Speech Pathologist,principal,Australia,False
253111,General Medical Practitioner (P),P,principal,Generic,General Medical Practitioner,general medical practitioner,2,25,253,2531,Professionals,General Medical Practitioner,principal,Generic,True
253111,General Practitioner (A),A,alternative,Generic,General Practitioner,general practitioner,2,25,253,2531,Professionals,General Medical Practitioner,principal,Generic,False
253111,Medical Officer (Navy) (S),S,specialisation,Generic,Medical Officer (Navy),medical officer navy,2,25,253,2531,Professionals,General Medical Practitioner,principal,Generic,False
253112,Resident Medical Officer (P),P,principal,Generic,Resident Medical Officer,resident medical officer,2,25,253,2531,Professionals,Resident Medical Officer,principal,Generic,True
253112,Medical Intern (S),S,specialisation,Generic,Medical Intern,medical intern,2,25,253,2531,Professionals,Resident Medical Officer,principal,Generic,False
253211,Anaesthetist (P),P,principal,Generic,Anaesthetist,anaesthetist,2,25,253,2532,Professionals,Anaesthetist,principal,Generic,True
253211,Intensive Care Anaesthetist (S),S,specialisation,Generic,Intensive Care Anaesthetist,intensive care anaesthetist,2,25,253,2532,Professionals,Anaesthetist,principal,Generic,False
253211,Obstetric Anaesthetist (S),S,specialisation,Generic,Obstetric Anaesthetist,obstetric anaesthetist,2,25,253,2532,Professionals,Anaesthetist,principal,Generic,False
253211,Pain Management Specialist (S),S,specialisation,Generic,Pain Management Specialist,pain management specialist,2,25,253,2532,Professionals,Anaesthetist,principal,Generic,False
253311,Specialist Physician (General Medicine) (P),P,principal,Generic,Specialist Physician (General Medicine),specialist physician general medicine,2,25,253,2533,Professionals,Specialist Physician (General Medicine),principal,Generic,True
253312,Cardiologist (P),P,principal,Generic,Cardiologist,cardiologist,2,25,253,2533,Professionals,Cardiologist,principal,Generic,True
253313,Clinical Haematologist (P),P,principal,Generic,Clinical Haematologist,clinical haematologist,2,25,253,2533,Professionals,Clinical Haematologist,principal,Generic,True
253314,Medical Oncologist (P),P,principal,Generic,Medical Oncologist,medical oncologist,2,25,253,2533,Professionals,Medical Oncologist,principal,Generic,True
253314,Medical Oncology Physician (A),A,alternative,Generic,Medical Oncology Physician,medical oncology physician,2,25,253,2533,Professionals,Medical Oncologist,principal,Generic,False
253315,Endocrinologist (P),P,principal,Generic,Endocrinologist,endocrinologist,2,25,253,2533,Professionals,Endocrinologist,principal,Generic,True
253315,Diabetologist (S),S,specialisation,Generic,Diabetologist,diabetologist,2,25,253,2533,Professionals,Endocrinologist,principal,Generic,False
253316,Gastroenterologist (P),P,principal,Generic,Gastroenterologist,gastroenterologist,2,25,253,2533,Professionals,Gastroenterologist,principal,Generic,True
253317,Intensive Care Specialist (P),P,principal,Generic,Intensive Care Specialist,intensive care specialist,2,25,253,2533,Professionals,Intensive Care Specialist,principal,Generic,True
253317,Intensive Care Medicine Specialist (A),A,alternative,Generic,Intensive Care Medicine Specialist,intensive care medicine specialist,2,25,253,2533,Professionals,Intensive Care Specialist,principal,Generic,False
253317,Intensivist (A),A,alternative,Generic,Intensivist,intensivist,2,25,253,2533,Professionals,Intensive Care Specialist,principal,Generic,False
253318,Neurologist (P),P,principal,Generic,Neurologist,neurologist,2,25,253,2533,Professionals,Neurologist,principal,Generic,True
253321,Paediatrician (P),P,principal,Generic,Paediatrician,paediatrician,2,25,253,2533,Professionals,Paediatrician,principal,Generic,True
253321,Neonatologist (S),S,specialisation,Generic,Neonatologist,neonatologist,2,25,253,2533,Professionals,Paediatrician,principal,Generic,False
253321,Paediatric Thoracic Physician (S),S,specialisation,Generic,Paediatric Thoracic Physician,paediatric thoracic physician,2,25,253,2533,Professionals,Paediatrician,principal,Generic,False
253322,Renal Medicine Specialist (P),P,principal,Generic,Renal Medicine Specialist,renal medicine specialist,2,25,253,2533,Professionals,Renal Medicine Specialist,principal,Generic,True
253322,Nephrologist (A),A,alternative,Generic,Nephrologist,nephrologist,2,25,253,2533,Professionals,Renal Medicine Specialist,principal,Generic,False
253322,Renal Medicine Physician (A),A,alternative,Generic,Renal Medicine Physician,renal medicine physician,2,25,253,2533,Professionals,Renal Medicine Specialist,principal,Generic,False
253323,Rheumatologist (P),P,principal,Generic,Rheumatologist,rheumatologist,2,25,253,2533,Professionals,Rheumatologist,principal,Generic,True
253324,Thoracic Medicine Specialist (P),P,principal,Generic,Thoracic Medicine Specialist,thoracic medicine specialist,2,25,253,2533,Professionals,Thoracic Medicine Specialist,principal,Generic,True
253324,Respiratory Medicine Physician (A),A,alternative,Generic,Respiratory Medicine Physician,respiratory medicine physician,2,25,253,2533,Professionals,Thoracic Medicine Specialist,principal,Generic,False
253324,Thoracic Medicine Physician (A),A,alternative,Generic,Thoracic Medicine Physician,thoracic medicine physician,2,25,253,2533,Professionals,Thoracic Medicine Specialist,principal,Generic,False
253324,Pulmonary Specialist (S),S,specialisation,Generic,Pulmonary Specialist,pulmonary specialist,2,25,253,2533,Professionals,Thoracic Medicine Specialist,principal,Generic,False
253324,Respiratory Physician (S),S,specialisation,Generic,Respiratory Physician,respiratory physician,2,25,253,2533,Professionals,Thoracic Medicine Specialist,principal,Generic,False
253399,Specialist Physicians nec (P),P,principal,Generic,Specialist Physicians nec,specialist physicians nec,2,25,253,2533,Professionals,Specialist Physicians nec,principal,Generic,True
253399,Clinical Allergist (N),N,nec_category,Generic,Clinical Allergist,clinical allergist,2,25,253,2533,Professionals,Specialist Physicians nec,principal,Generic,False
253399,Clinical Geneticist (N),N,nec_category,Generic,Clinical Geneticist,clinical geneticist,2,25,253,2533,Professionals,Specialist Physicians nec,principal,Generic,False
253399,Clinical Immunologist (N),N,nec_category,Generic,Clinical Immunologist,clinical immunologist,2,25,253,2533,Professionals,Specialist Physicians nec,principal,Generic,False
253399,Clinical Pharmacologist (N),N,nec_category,Generic,Clinical Pharmacologist,clinical pharmacologist,2,25,253,2533,Professionals,Specialist Physicians nec,principal,Generic,False
253399,Geriatrician (N),N,nec_category,Generic,Geriatrician,geriatrician,2,25,253,2533,Professionals,Specialist Physicians nec,principal,Generic,False
253399,Industrial Medicine Specialist (N),N,nec_category,Generic,Industrial Medicine Specialist,industrial medicine specialist,2,25,253,2533,Professionals,Specialist Physicians nec,principal,Generic,False
253399,Infectious Diseases Specialist (N),N,nec_category,Generic,Infectious Diseases Specialist,infectious diseases specialist,2,25,253,2533,Professionals,Specialist Physicians nec,principal,Generic,False
253399,Musculoskeletal Specialist (NZ) (N),N,nec_category,New Zealand,Musculoskeletal Specialist,musculoskeletal specialist,2,25,253,2533,Professionals,Specialist Physicians nec,principal,Generic,False
253399,Occupational Medicine Specialist (N),N,nec_category,Generic,Occupational Medicine Specialist,occupational medicine specialist,2,25,253,2533,Professionals,Specialist Physicians nec,principal,Generic,False
253399,Palliative Medicine Specialist (N),N,nec_category,Generic,Palliative Medicine Specialist,palliative medicine specialist,2,25,253,2533,Professionals,Specialist Physicians nec,principal,Generic,False
253399,Public Health Physician (N),N,nec_category,Generic,Public Health Physician,public health physician,2,25,253,2533,Professionals,Specialist Physicians nec,principal,Generic,False
253399,Rehabilitation Medicine Physician (Aus) (N),N,nec_category,Australia,Rehabilitation Medicine Physician,rehabilitation medicine physician,2,25,253,2533,Professionals,Specialist Physicians nec,principal,Generic,False
253399,Sexual Health Physician (N),N,nec_category,Generic,Sexual Health Physician,sexual health physician,2,25,253,2533,Professionals,Specialist Physicians nec,principal,Generic,False
253399,Sleep Medicine Specialist (N),N,nec_category,Generic,Sleep Medicine Specialist,sleep medicine specialist,2,25,253,2533,Professionals,Specialist Physicians nec,principal,Generic,False
253411,Psychiatrist (P),P,principal,Generic,Psychiatrist,psychiatrist,2,25,253,2534,Professionals,Psychiatrist,principal,Generic,True
253411,Adolescent Psychiatrist (S),S,specialisation,Generic,Adolescent Psychiatrist,adolescent psychiatrist,2,25,253,2534,Professionals,Psychiatrist,principal,Generic,False
253411,Child and Adolescent Psychiatrist (S),S,specialisation,Generic,Child and Adolescent Psychiatrist,child and adolescent psychiatrist,2,25,253,2534,Professionals,Psychiatrist,principal,Generic,False
253411,Child Psychiatrist (S),S,specialisation,Generic,Child Psychiatrist,child psychiatrist,2,25,253,2534,Professionals,Psychiatrist,principal,Generic,False
253411,Forensic Psychiatrist (S),S,specialisation,Generic,Forensic Psychiatrist,forensic psychiatrist,2,25,253,2534,Professionals,Psychiatrist,principal,Generic,False
253411,Geriatric Psychiatrist (S),S,specialisation,Generic,Geriatric Psychiatrist,geriatric psychiatrist,2,25,253,2534,Professionals,Psychiatrist,principal,Generic,False
253411,Medical Psychotherapist (S),S,specialisation,Generic,Medical Psychotherapist,medical psychotherapist,2,25,253,2534,Professionals,Psychiatrist,principal,Generic,False
253511,Surgeon (General) (P),P,principal,Generic,Surgeon (General),surgeon general,2,25,253,2535,Professionals,Surgeon (General),principal,Generic,True
253512,Cardiothoracic Surgeon (P),P,principal,Generic,Cardiothoracic Surgeon,cardiothoracic surgeon,2,25,253,2535,Professionals,Cardiothoracic Surgeon,principal,Generic,True
253513,Neurosurgeon (P),P,principal,Generic,Neurosurgeon,neurosurgeon,2,25,253,2535,Professionals,Neurosurgeon,principal,Generic,True
253514,Orthopaedic Surgeon (P),P,principal,Generic,Orthopaedic Surgeon,orthopaedic surgeon,2,25,253,2535,Professionals,Orthopaedic Surgeon,principal,Generic,True
253515,Otorhinolaryngologist (P),P,principal,Generic,Otorhinolaryngologist,otorhinolaryngologist,2,25,253,2535,Professionals,Otorhinolaryngologist,principal,Generic,True
253515,"Ear, Nose and Throat Specialist (A)",A,alternative,Generic,"Ear, Nose and Throat Specialist",ear nose and throat specialist,2,25,253,2535,Professionals,Otorhinolaryngologist,principal,Generic,False
253515,Head and Neck Surgeon (A),A,alternative,Generic,Head and Neck Surgeon,head and neck surgeon,2,25,253,2535,Professionals,Otorhinolaryngologist,principal,Generic,False
253515,Laryngologist (S),S,specialisation,Generic,Laryngologist,laryngologist,2,25,253,2535,Professionals,Otorhinolaryngologist,principal,Generic,False
253515,Otologist (S),S,specialisation,Generic,Otologist,otologist,2,25,253,2535,Professionals,Otorhinolaryngologist,principal,Generic,False
253515,Rhinologist (S),S,specialisation,Generic,Rhinologist,rhinologist,2,25,253,2535,Professionals,Otorhinolaryngologist,principal,Generic,False
253516,Paediatric Surgeon (P),P,principal,Generic,Paediatric Surgeon,paediatric surgeon,2,25,253,2535,Professionals,Paediatric Surgeon,principal,Generic,True
253517,Plastic and Reconstructive Surgeon (P),P,principal,Generic,Plastic and Reconstructive Surgeon,plastic and reconstructive surgeon,2,25,253,2535,Professionals,Plastic and Reconstructive Surgeon,principal,Generic,True
253518,Urologist (P),P,principal,Generic,Urologist,urologist,2,25,253,2535,Professionals,Urologist,principal,Generic,True
253521,Vascular Surgeon (P),P,principal,Generic,Vascular Surgeon,vascular surgeon,2,25,253,2535,Professionals,Vascular Surgeon,principal,Generic,True
253911,Dermatologist (P),P,principal,Generic,Dermatologist,dermatologist,2,25,253,2539,Professionals,Dermatologist,principal,Generic,True
253912,Emergency Medicine Specialist (P),P,principal,Generic,Emergency Medicine Specialist,emergency medicine specialist,2,25,253,2539,Professionals,Emergency Medicine Specialist,principal,Generic,True
253912,Emergency Physician (A),A,alternative,Generic,Emergency Physician,emergency physician,2,25,253,2539,Professionals,Emergency Medicine Specialist,principal,Generic,False
253913,Obstetrician and Gynaecologist (P),P,principal,Generic,Obstetrician and Gynaecologist,obstetrician and gynaecologist,2,25,253,2539,Professionals,Obstetrician and Gynaecologist,principal,Generic,True
253913,Gynaecological Oncologist (S),S,specialisation,Generic,Gynaecological Oncologist,gynaecological oncologist,2,25,253,2539,Professionals,Obstetrician and Gynaecologist,principal,Generic,False
253913,Reproductive Endocrinologist (S),S,specialisation,Generic,Reproductive Endocrinologist,reproductive endocrinologist,2,25,253,2539,Professionals,Obstetrician and Gynaecologist,principal,Generic,False
253913,Urogynaecologist (S),S,specialisation,Generic,Urogynaecologist,urogynaecologist,2,25,253,2539,Professionals,Obstetrician and Gynaecologist,principal,Generic,False
253914,Ophthalmologist (P),P,principal,Generic,Ophthalmologist,ophthalmologist,2,25,253,2539,Professionals,Ophthalmologist,principal,Generic,True
253914,Eye Specialist (A),A,alternative,Generic,Eye Specialist,eye specialist,2,25,253,2539,Professionals,Ophthalmologist,principal,Generic,False
253914,Eye Surgeon (A),A,alternative,Generic,Eye Surgeon,eye surgeon,2,25,253,2539,Professionals,Ophthalmologist,principal,Generic,False
253915,Pathologist (P),P,principal,Generic,Pathologist,pathologist,2,25,253,2539,Professionals,Pathologist,principal,Generic,True
253915,Clinical Cytopathologist (S),S,specialisation,Generic,Clinical Cytopathologist,clinical cytopathologist,2,25,253,2539,Professionals,Pathologist,principal,Generic,False
253915,Forensic Pathologist (S),S,specialisation,Generic,Forensic Pathologist,forensic pathologist,2,25,253,2539,Professionals,Pathologist,principal,Generic,False
253915,Immunologist (S),S,specialisation,Generic,Immunologist,immunologist,2,25,253,2539,Professionals,Pathologist,principal,Generic,False
253917,Diagnostic and Interventional Radiologist (P),P,principal,Generic,Diagnostic and Interventional Radiologist,diagnostic and interventional radiologist,2,25,253,2539,Professionals,Diagnostic and Interventional Radiologist,principal,Generic,True
253917,Medical Imaging Specialist (S),S,specialisation,Generic,Medical Imaging Specialist,medical imaging specialist,2,25,253,2539,Professionals,Diagnostic and Interventional Radiologist,principal,Generic,False
253918,Radiation Oncologist (P),P,principal,Generic,Radiation Oncologist,radiation oncologist,2,25,253,2539,Professionals,Radiation Oncologist,principal,Generic,True
253999,Medical Practitioners nec (P),P,principal,Generic,Medical Practitioners nec,medical practitioners nec,2,25,253,2539,Professionals,Medical Practitioners nec,principal,Generic,True
253999,Nuclear Medicine Specialist (N),N,nec_category,Generic,Nuclear Medicine Specialist,nuclear medicine specialist,2,25,253,2539,Professionals,Medical Practitioners nec,principal,Generic,False
253999,Sports Physician (N),N,nec_category,Generic,Sports Physician,sports physician,2,25,253,2539,Professionals,Medical Practitioners nec,principal,Generic,False
254111,Midwife (P),P,principal,Generic,Midwife,midwife,2,25,254,2541,Professionals,Midwife,principal,Generic,True
254111,Certified Midwife (A),A,alternative,Generic,Certified Midwife,certified midwife,2,25,254,2541,Professionals,Midwife,principal,Generic,False
254111,Registered Midwife (A),A,alternative,Generic,Registered Midwife,registered midwife,2,25,254,2541,Professionals,Midwife,principal,Generic,False
254111,Community Midwife (S),S,specialisation,Generic,Community Midwife,community midwife,2,25,254,2541,Professionals,Midwife,principal,Generic,False
254111,Midwife Practitioner (S),S,specialisation,Generic,Midwife Practitioner,midwife practitioner,2,25,254,2541,Professionals,Midwife,principal,Generic,False
254211,Nurse Educator (P),P,principal,Generic,Nurse Educator,nurse educator,2,25,254,2542,Professionals,Nurse Educator,principal,Generic,True
254211,Clinical Nurse Educator (A),A,alternative,Generic,Clinical Nurse Educator,clinical nurse educator,2,25,254,2542,Professionals,Nurse Educator,principal,Generic,False
254211,Staff Development Nurse (A),A,alternative,Generic,Staff Development Nurse,staff development nurse,2,25,254,2542,Professionals,Nurse Educator,principal,Generic,False
254212,Nurse Researcher (P),P,principal,Generic,Nurse Researcher,nurse researcher,2,25,254,2542,Professionals,Nurse Researcher,principal,Generic,True
254311,Nurse Manager (P),P,principal,Generic,Nurse Manager,nurse manager,2,25,254,2543,Professionals,Nurse Manager,principal,Generic,True
254311,Charge Nurse (A),A,alternative,Generic,Charge Nurse,charge nurse,2,25,254,2543,Professionals,Nurse Manager,principal,Generic,False
254311,Nurse Supervisor (A),A,alternative,Generic,Nurse Supervisor,nurse supervisor,2,25,254,2543,Professionals,Nurse Manager,principal,Generic,False
254311,Nurse Unit Manager (A),A,alternative,Generic,Nurse Unit Manager,nurse unit manager,2,25,254,2543,Professionals,Nurse Manager,principal,Generic,False
254411,Nurse Practitioner (P),P,principal,Generic,Nurse Practitioner,nurse practitioner,2,25,254,2544,Professionals,Nurse Practitioner,principal,Generic,True
254412,Registered Nurse (Aged Care) (P),P,principal,Generic,Registered Nurse (Aged Care),registered nurse aged care,2,25,254,2544,Professionals,Registered Nurse (Aged Care),principal,Generic,True
254412,Registered Nurse (Gerontology) (S),S,specialisation,Generic,Registered Nurse (Gerontology),registered nurse gerontology,2,25,254,2544,Professionals,Registered Nurse (Aged Care),principal,Generic,False
254413,Registered Nurse (Child and Family Health) (P),P,principal,Generic,Registered Nurse (Child and Family Health),registered nurse child and family health,2,25,254,2544,Professionals,Registered Nurse (Child and Family Health),principal,Generic,True
254413,Plunket Nurse (NZ) (S),S,specialisation,New Zealand,Plunket Nurse,plunket nurse,2,25,254,2544,Professionals,Registered Nurse (Child and Family Health),principal,Generic,False
254414,Registered Nurse (Community Health) (P),P,principal,Generic,Registered Nurse (Community Health),registered nurse community health,2,25,254,2544,Professionals,Registered Nurse (Community Health),principal,Generic,True
254414,Registered Nurse (Health Education and Promotion) (S),S,specialisation,Generic,Registered Nurse (Health Education and Promotion),registered nurse health education and promotion,2,25,254,2544,Professionals,Registered Nurse (Community Health),principal,Generic,False
254414,Registered Nurse (Public Health) (S),S,specialisation,Generic,Registered Nurse (Public Health),registered nurse public health,2,25,254,2544,Professionals,Registered Nurse (Community Health),principal,Generic,False
254414,Registered Nurse (School Nurse) (S),S,specialisation,Generic,Registered Nurse (School Nurse),registered nurse school nurse,2,25,254,2544,Professionals,Registered Nurse (Community Health),principal,Generic,False
254415,Registered Nurse (Critical Care and Emergency) (P),P,principal,Generic,Registered Nurse (Critical Care and Emergency),registered nurse critical care and emergency,2,25,254,2544,Professionals,Registered Nurse (Critical Care and Emergency),principal,Generic,True
254415,Registered Nurse (Acute Care) (S),S,specialisation,Generic,Registered Nurse (Acute Care),registered nurse acute care,2,25,254,2544,Professionals,Registered Nurse (Critical Care and Emergency),principal,Generic,False
254415,Registered Nurse (Emergency/Trauma) (S),S,specialisation,Generic,Registered Nurse (Emergency/Trauma),registered nurse emergency trauma,2,25,254,2544,Professionals,Registered Nurse (Critical Care and Emergency),principal,Generic,False
254415,Registered Nurse (High Dependency) (S),S,specialisation,Generic,Registered Nurse (High Dependency),registered nurse high dependency,2,25,254,2544,Professionals,Registered Nurse (Critical Care and Emergency),principal,Generic,False
254415,Registered Nurse (Neonatal Intensive Care) (S),S,specialisation,Generic,Registered Nurse (Neonatal Intensive Care),registered nurse neonatal intensive care,2,25,254,2544,Professionals,Registered Nurse (Critical Care and Emergency),principal,Generic,False
254415,Registered Nurse (Paediatric Intensive Care) (S),S,specialisation,Generic,Registered Nurse (Paediatric Intensive Care),registered nurse paediatric intensive care,2,25,254,2544,Professionals,Registered Nurse (Critical Care and Emergency),principal,Generic,False
254416,Registered Nurse (Developmental Disability) (P),P,principal,Generic,Registered Nurse (Developmental Disability),registered nurse developmental disability,2,25,254,2544,Professionals,Registered Nurse (Developmental Disability),principal,Generic,True
254416,Mental Retardation Nurse (A),A,alternative,Generic,Mental Retardation Nurse,mental retardation nurse,2,25,254,2544,Professionals,Registered Nurse (Developmental Disability),principal,Generic,False
254417,Registered Nurse (Disability and Rehabilitation) (P),P,principal,Generic,Registered Nurse (Disability and Rehabilitation),registered nurse disability and rehabilitation,2,25,254,2544,Professionals,Registered Nurse (Disability and Rehabilitation),principal,Generic,True
254417,Registered Nurse (Rehabilitation) (S),S,specialisation,Generic,Registered Nurse (Rehabilitation),registered nurse rehabilitation,2,25,254,2544,Professionals,Registered Nurse (Disability and Rehabilitation),principal,Generic,False
254418,Registered Nurse (Medical) (P),P,principal,Generic,Registered Nurse (Medical),registered nurse medical,2,25,254,2544,Professionals,Registered Nurse (Medical),principal,Generic,True
254421,Registered Nurse (Medical Practice) (P),P,principal,Generic,Registered Nurse (Medical Practice),registered nurse medical practice,2,25,254,2544,Professionals,Registered Nurse (Medical Practice),principal,Generic,True
254421,Practice Nurse (A),A,alternative,Generic,Practice Nurse,practice nurse,2,25,254,2544,Professionals,Registered Nurse (Medical Practice),principal,Generic,False
254421,Primary Health Care Nurse (NZ) (A),A,alternative,New Zealand,Primary Health Care Nurse,primary health care nurse,2,25,254,2544,Professionals,Registered Nurse (Medical Practice),principal,Generic,False
254422,Registered Nurse (Mental Health) (P),P,principal,Generic,Registered Nurse (Mental Health),registered nurse mental health,2,25,254,2544,Professionals,Registered Nurse (Mental Health),principal,Generic,True
254422,Psychiatric Nurse (A),A,alternative,Generic,Psychiatric Nurse,psychiatric nurse,2,25,254,2544,Professionals,Registered Nurse (Mental Health),principal,Generic,False
254422,Psychopaedic Nurse (NZ) (S),S,specialisation,New Zealand,Psychopaedic Nurse,psychopaedic nurse,2,25,254,2544,Professionals,Registered Nurse (Mental Health),principal,Generic,False
254422,Registered Nurse (Child and Adolescence Mental Health) (S),S,specialisation,Generic,Registered Nurse (Child and Adolescence Mental Health),registered nurse child and adolescence mental health,2,25,254,2544,Professionals,Registered Nurse (Mental Health),principal,Generic,False
254422,Registered Nurse (Drug and Alcohol) (S),S,specialisation,Generic,Registered Nurse (Drug and Alcohol),registered nurse drug and alcohol,2,25,254,2544,Professionals,Registered Nurse (Mental Health),principal,Generic,False
254422,Registered Nurse (Psychiatric Rehabilitation) (S),S,specialisation,Generic,Registered Nurse (Psychiatric Rehabilitation),registered nurse psychiatric rehabilitation,2,25,254,2544,Professionals,Registered Nurse (Mental Health),principal,Generic,False
254422,Registered Nurse (Psychogeriatric Care) (S),S,specialisation,Generic,Registered Nurse (Psychogeriatric Care),registered nurse psychogeriatric care,2,25,254,2544,Professionals,Registered Nurse (Mental Health),principal,Generic,False
254423,Registered Nurse (Perioperative) (P),P,principal,Generic,Registered Nurse (Perioperative),registered nurse perioperative,2,25,254,2544,Professionals,Registered Nurse (Perioperative),principal,Generic,True
254423,Operating Room Nurse (A),A,alternative,Generic,Operating Room Nurse,operating room nurse,2,25,254,2544,Professionals,Registered Nurse (Perioperative),principal,Generic,False
254423,Registered Nurse (Anaesthetic) (S),S,specialisation,Generic,Registered Nurse (Anaesthetic),registered nurse anaesthetic,2,25,254,2544,Professionals,Registered Nurse (Perioperative),principal,Generic,False
254423,Registered Nurse (Operating Room) (S),S,specialisation,Generic,Registered Nurse (Operating Room),registered nurse operating room,2,25,254,2544,Professionals,Registered Nurse (Perioperative),principal,Generic,False
254423,Registered Nurse (Recovery) (S),S,specialisation,Generic,Registered Nurse (Recovery),registered nurse recovery,2,25,254,2544,Professionals,Registered Nurse (Perioperative),principal,Generic,False
254424,Registered Nurse (Surgical) (P),P,principal,Generic,Registered Nurse (Surgical),registered nurse surgical,2,25,254,2544,Professionals,Registered Nurse (Surgical),principal,Generic,True
254499,Registered Nurses nec (P),P,principal,Generic,Registered Nurses nec,registered nurses nec,2,25,254,2544,Professionals,Registered Nurses nec,principal,Generic,True
254499,Nursing Officer (Defence Forces) (N),N,nec_category,Generic,Nursing Officer (Defence Forces),nursing officer defence forces,2,25,254,2544,Professionals,Registered Nurses nec,principal,Generic,False
254499,Registered Nurse (Infection Control) (N),N,nec_category,Generic,Registered Nurse (Infection Control),registered nurse infection control,2,25,254,2544,Professionals,Registered Nurses nec,principal,Generic,False
254499,Registered Nurse (Paediatrics) (N),N,nec_category,Generic,Registered Nurse (Paediatrics),registered nurse paediatrics,2,25,254,2544,Professionals,Registered Nurses nec,principal,Generic,False
254499,Registered Nurse (Remote or Rural Area) (N),N,nec_category,Generic,Registered Nurse (Remote or Rural Area),registered nurse remote or rural area,2,25,254,2544,Professionals,Registered Nurses nec,principal,Generic,False
261111,ICT Business Analyst (P),P,principal,Generic,ICT Business Analyst,ict business analyst,2,26,261,2611,Professionals,ICT Business Analyst,principal,Generic,True
261111,BA (ICT) (A),A,alternative,Generic,BA (ICT),ba ict,2,26,261,2611,Professionals,ICT Business Analyst,principal,Generic,False
261111,Business Consultant (ICT) (A),A,alternative,Generic,Business Consultant (ICT),business consultant ict,2,26,261,2611,Professionals,ICT Business Analyst,principal,Generic,False
261111,Business Systems Analyst (S),S,specialisation,Generic,Business Systems Analyst,business systems analyst,2,26,261,2611,Professionals,ICT Business Analyst,principal,Generic,False
261112,Systems Analyst (P),P,principal,Generic,Systems Analyst,systems analyst,2,26,261,2611,Professionals,Systems Analyst,principal,Generic,True
261211,Multimedia Specialist (P),P,principal,Generic,Multimedia Specialist,multimedia specialist,2,26,261,2612,Professionals,Multimedia Specialist,principal,Generic,True
261211,Multimedia Developer (A),A,alternative,Generic,Multimedia Developer,multimedia developer,2,26,261,2612,Professionals,Multimedia Specialist,principal,Generic,False
261211,Multimedia Programmer (A),A,alternative,Generic,Multimedia Programmer,multimedia programmer,2,26,261,2612,Professionals,Multimedia Specialist,principal,Generic,False
261212,Web Developer (P),P,principal,Generic,Web Developer,web developer,2,26,261,2612,Professionals,Web Developer,principal,Generic,True
261212,Web Programmer (A),A,alternative,Generic,Web Programmer,web programmer,2,26,261,2612,Professionals,Web Developer,principal,Generic,False
261311,Analyst Programmer (P),P,principal,Generic,Analyst Programmer,analyst programmer,2,26,261,2613,Professionals,Analyst Programmer,principal,Generic,True
261311,Programmer Analyst (A),A,alternative,Generic,Programmer Analyst,programmer analyst,2,26,261,2613,Professionals,Analyst Programmer,principal,Generic,False
261312,Developer Programmer (P),P,principal,Generic,Developer Programmer,developer programmer,2,26,261,2613,Professionals,Developer Programmer,principal,Generic,True
261312,Applications Developer (A),A,alternative,Generic,Applications Developer,applications developer,2,26,261,2613,Professionals,Developer Programmer,principal,Generic,False
261312,ICT Developer (A),A,alternative,Generic,ICT Developer,ict developer,2,26,261,2613,Professionals,Developer Programmer,principal,Generic,False
261312,ICT Programmer (A),A,alternative,Generic,ICT Programmer,ict programmer,2,26,261,2613,Professionals,Developer Programmer,principal,Generic,False
261312,Communications Programmer (Systems) (S),S,specialisation,Generic,Communications Programmer (Systems),communications programmer systems,2,26,261,2613,Professionals,Developer Programmer,principal,Generic,False
261312,Database Developer (S),S,specialisation,Generic,Database Developer,database developer,2,26,261,2613,Professionals,Developer Programmer,principal,Generic,False
261312,Database Programmer (Systems) (S),S,specialisation,Generic,Database Programmer (Systems),database programmer systems,2,26,261,2613,Professionals,Developer Programmer,principal,Generic,False
261312,Network Programmer (S),S,specialisation,Generic,Network Programmer,network programmer,2,26,261,2613,Professionals,Developer Programmer,principal,Generic,False
261312,Software Developer (S),S,specialisation,Generic,Software Developer,software developer,2,26,261,2613,Professionals,Developer Programmer,principal,Generic,False
261312,Software Programmer (S),S,specialisation,Generic,Software Programmer,software programmer,2,26,261,2613,Professionals,Developer Programmer,principal,Generic,False
261313,Software Engineer (P),P,principal,Generic,Software Engineer,software engineer,2,26,261,2613,Professionals,Software Engineer,principal,Generic,True
261313,Software Architect (A),A,alternative,Generic,Software Architect,software architect,2,26,261,2613,Professionals,Software Engineer,principal,Generic,False
261313,Software Designer (A),A,alternative,Generic,Software Designer,software designer,2,26,261,2613,Professionals,Software Engineer,principal,Generic,False
261313,Computer Applications Engineer (S),S,specialisation,Generic,Computer Applications Engineer,computer applications engineer,2,26,261,2613,Professionals,Software Engineer,principal,Generic,False
261313,Database Designer (S),S,specialisation,Generic,Database Designer,database designer,2,26,261,2613,Professionals,Software Engineer,principal,Generic,False
261313,Systems Architect (S),S,specialisation,Generic,Systems Architect,systems architect,2,26,261,2613,Professionals,Software Engineer,principal,Generic,False
261314,Software Tester (P),P,principal,Generic,Software Tester,software tester,2,26,261,2613,Professionals,Software Tester,principal,Generic,True
261399,Software and Applications Programmers nec (P),P,principal,Generic,Software and Applications Programmers nec,software and applications programmers nec,2,26,261,2613,Professionals,Software and Applications Programmers nec,principal,Generic,True
262111,Database Administrator (P),P,principal,Generic,Database Administrator,database administrator,2,26,262,2621,Professionals,Database Administrator,principal,Generic,True
262111,Database Operator (A),A,alternative,Generic,Database Operator,database operator,2,26,262,2621,Professionals,Database Administrator,principal,Generic,False
262111,Database Specialist (A),A,alternative,Generic,Database Specialist,database specialist,2,26,262,2621,Professionals,Database Administrator,principal,Generic,False
262111,Database Support (A),A,alternative,Generic,Database Support,database support,2,26,262,2621,Professionals,Database Administrator,principal,Generic,False
262111,DBA (A),A,alternative,Generic,DBA,dba,2,26,262,2621,Professionals,Database Administrator,principal,Generic,False
262111,Database Analyst (S),S,specialisation,Generic,Database Analyst,database analyst,2,26,262,2621,Professionals,Database Administrator,principal,Generic,False
262112,ICT Security Specialist (P),P,principal,Generic,ICT Security Specialist,ict security specialist,2,26,262,2621,Professionals,ICT Security Specialist,principal,Generic,True
262112,Security Administrator (A),A,alternative,Generic,Security Administrator,security administrator,2,26,262,2621,Professionals,ICT Security Specialist,principal,Generic,False
262112,Information Technology Security Manager (S),S,specialisation,Generic,Information Technology Security Manager,information technology security manager,2,26,262,2621,Professionals,ICT Security Specialist,principal,Generic,False
262113,Systems Administrator (P),P,principal,Generic,Systems Administrator,systems administrator,2,26,262,2621,Professionals,Systems Administrator,principal,Generic,True
262113,Systems Manager (A),A,alternative,Generic,Systems Manager,systems manager,2,26,262,2621,Professionals,Systems Administrator,principal,Generic,False
263111,Computer Network and Systems Engineer (P),P,principal,Generic,Computer Network and Systems Engineer,computer network and systems engineer,2,26,263,2631,Professionals,Computer Network and Systems Engineer,principal,Generic,True
263111,Computer Network Engineer (S),S,specialisation,Generic,Computer Network Engineer,computer network engineer,2,26,263,2631,Professionals,Computer Network and Systems Engineer,principal,Generic,False
263111,Computer Systems Integrator (S),S,specialisation,Generic,Computer Systems Integrator,computer systems integrator,2,26,263,2631,Professionals,Computer Network and Systems Engineer,principal,Generic,False
263112,Network Administrator (P),P,principal,Generic,Network Administrator,network administrator,2,26,263,2631,Professionals,Network Administrator,principal,Generic,True
263112,Network Specialist (A),A,alternative,Generic,Network Specialist,network specialist,2,26,263,2631,Professionals,Network Administrator,principal,Generic,False
263112,Network Support (A),A,alternative,Generic,Network Support,network support,2,26,263,2631,Professionals,Network Administrator,principal,Generic,False
263112,LAN Administrator (S),S,specialisation,Generic,LAN Administrator,lan administrator,2,26,263,2631,Professionals,Network Administrator,principal,Generic,False
263113,Network Analyst (P),P,principal,Generic,Network Analyst,network analyst,2,26,263,2631,Professionals,Network Analyst,principal,Generic,True
263113,Network Consultant (A),A,alternative,Generic,Network Consultant,network consultant,2,26,263,2631,Professionals,Network Analyst,principal,Generic,False
263113,Network Designer (A),A,alternative,Generic,Network Designer,network designer,2,26,263,2631,Professionals,Network Analyst,principal,Generic,False
263113,Network Strategist (A),A,alternative,Generic,Network Strategist,network strategist,2,26,263,2631,Professionals,Network Analyst,principal,Generic,False
263113,Network Architect (S),S,specialisation,Generic,Network Architect,network architect,2,26,263,2631,Professionals,Network Analyst,principal,Generic,False
263211,ICT Quality Assurance Engineer (P),P,principal,Generic,ICT Quality Assurance Engineer,ict quality assurance engineer,2,26,263,2632,Professionals,ICT Quality Assurance Engineer,principal,Generic,True
263211,Quality Analyst (ICT) (A),A,alternative,Generic,Quality Analyst (ICT),quality analyst ict,2,26,263,2632,Professionals,ICT Quality Assurance Engineer,principal,Generic,False
263211,Quality Manager (ICT) (A),A,alternative,Generic,Quality Manager (ICT),quality manager ict,2,26,263,2632,Professionals,ICT Quality Assurance Engineer,principal,Generic,False
263211,Quality Specialist (ICT) (A),A,alternative,Generic,Quality Specialist (ICT),quality specialist ict,2,26,263,2632,Professionals,ICT Quality Assurance Engineer,principal,Generic,False
263211,Computer Systems Auditor (S),S,specialisation,Generic,Computer Systems Auditor,computer systems auditor,2,26,263,2632,Professionals,ICT Quality Assurance Engineer,principal,Generic,False
263211,Systems Auditor (ICT) (S),S,specialisation,Generic,Systems Auditor (ICT),systems auditor ict,2,26,263,2632,Professionals,ICT Quality Assurance Engineer,principal,Generic,False
263212,ICT Support Engineer (P),P,principal,Generic,ICT Support Engineer,ict support engineer,2,26,263,2632,Professionals,ICT Support Engineer,principal,Generic,True
263212,Support Analyst (A),A,alternative,Generic,Support Analyst,support analyst,2,26,263,2632,Professionals,ICT Support Engineer,principal,Generic,False
263212,Support Architect (A),A,alternative,Generic,Support Architect,support architect,2,26,263,2632,Professionals,ICT Support Engineer,principal,Generic,False
263213,ICT Systems Test Engineer (P),P,principal,Generic,ICT Systems Test Engineer,ict systems test engineer,2,26,263,2632,Professionals,ICT Systems Test Engineer,principal,Generic,True
263213,Systems Tester (A),A,alternative,Generic,Systems Tester,systems tester,2,26,263,2632,Professionals,ICT Systems Test Engineer,principal,Generic,False
263213,Test Analyst (ICT) (A),A,alternative,Generic,Test Analyst (ICT),test analyst ict,2,26,263,2632,Professionals,ICT Systems Test Engineer,principal,Generic,False
263299,ICT Support and Test Engineers nec (P),P,principal,Generic,ICT Support and Test Engineers nec,ict support and test engineers nec,2,26,263,2632,Professionals,ICT Support and Test Engineers nec,principal,Generic,True
263299,Usability Specialist (N),N,nec_category,Generic,Usability Specialist,usability specialist,2,26,263,2632,Professionals,ICT Support and Test Engineers nec,principal,Generic,False
263311,Telecommunications Engineer (P),P,principal,Generic,Telecommunications Engineer,telecommunications engineer,2,26,263,2633,Professionals,Telecommunications Engineer,principal,Generic,True
263311,Signals Corps Officer (Army) (Aus) (S),S,specialisation,Australia,Signals Corps Officer (Army),signals corps officer army,2,26,263,2633,Professionals,Telecommunications Engineer,principal,Generic,False
263311,Signals Officer (Army) (NZ) (S),S,specialisation,New Zealand,Signals Officer (Army),signals officer army,2,26,263,2633,Professionals,Telecommunications Engineer,principal,Generic,False
263312,Telecommunications Network Engineer (P),P,principal,Generic,Telecommunications Network Engineer,telecommunications network engineer,2,26,263,2633,Professionals,Telecommunications Network Engineer,principal,Generic,True
263312,Communications Consultant (A),A,alternative,Generic,Communications Consultant,communications consultant,2,26,263,2633,Professionals,Telecommunications Network Engineer,principal,Generic,False
263312,Communications Specialist (ICT) (A),A,alternative,Generic,Communications Specialist (ICT),communications specialist ict,2,26,263,2633,Professionals,Telecommunications Network Engineer,principal,Generic,False
263312,Telecommunications Consultant (A),A,alternative,Generic,Telecommunications Consultant,telecommunications consultant,2,26,263,2633,Professionals,Telecommunications Network Engineer,principal,Generic,False
263312,Telecommunications Specialist (A),A,alternative,Generic,Telecommunications Specialist,telecommunications specialist,2,26,263,2633,Professionals,Telecommunications Network Engineer,principal,Generic,False
271111,Barrister (P),P,principal,Generic,Barrister,barrister,2,27,271,2711,Professionals,Barrister,principal,Generic,True
271111,Queen's Counsel (S),S,specialisation,Generic,Queen's Counsel,queen s counsel,2,27,271,2711,Professionals,Barrister,principal,Generic,False
271111,Senior Counsel (Aus) (S),S,specialisation,Australia,Senior Counsel,senior counsel,2,27,271,2711,Professionals,Barrister,principal,Generic,False
271211,Judge (P),P,principal,Generic,Judge,judge,2,27,271,2712,Professionals,Judge,principal,Generic,True
271211,District Court Judge (S),S,specialisation,Generic,District Court Judge,district court judge,2,27,271,2712,Professionals,Judge,principal,Generic,False
271211,Family Court Justice (S),S,specialisation,Generic,Family Court Justice,family court justice,2,27,271,2712,Professionals,Judge,principal,Generic,False
271211,High Court Justice (S),S,specialisation,Generic,High Court Justice,high court justice,2,27,271,2712,Professionals,Judge,principal,Generic,False
271211,Supreme Court Judge (S),S,specialisation,Generic,Supreme Court Judge,supreme court judge,2,27,271,2712,Professionals,Judge,principal,Generic,False
271211,Youth Court Judge (NZ) (S),S,specialisation,New Zealand,Youth Court Judge,youth court judge,2,27,271,2712,Professionals,Judge,principal,Generic,False
271212,Magistrate (P),P,principal,Generic,Magistrate,magistrate,2,27,271,2712,Professionals,Magistrate,principal,Generic,True
271212,Chamber Magistrate (A),A,alternative,Generic,Chamber Magistrate,chamber magistrate,2,27,271,2712,Professionals,Magistrate,principal,Generic,False
271212,Children's Court Magistrate (S),S,specialisation,Generic,Children's Court Magistrate,children s court magistrate,2,27,271,2712,Professionals,Magistrate,principal,Generic,False
271212,Industrial Court Magistrate (S),S,specialisation,Generic,Industrial Court Magistrate,industrial court magistrate,2,27,271,2712,Professionals,Magistrate,principal,Generic,False
271212,Licensing Court Magistrate (S),S,specialisation,Generic,Licensing Court Magistrate,licensing court magistrate,2,27,271,2712,Professionals,Magistrate,principal,Generic,False
271213,Tribunal Member (P),P,principal,Generic,Tribunal Member,tribunal member,2,27,271,2712,Professionals,Tribunal Member,principal,Generic,True
271213,Administrative Appeals Tribunal Member (S),S,specialisation,Generic,Administrative Appeals Tribunal Member,administrative appeals tribunal member,2,27,271,2712,Professionals,Tribunal Member,principal,Generic,False
271213,Industrial Relations Commissioner (S),S,specialisation,Generic,Industrial Relations Commissioner,industrial relations commissioner,2,27,271,2712,Professionals,Tribunal Member,principal,Generic,False
271213,Waitangi Tribunal Member (NZ) (S),S,specialisation,New Zealand,Waitangi Tribunal Member,waitangi tribunal member,2,27,271,2712,Professionals,Tribunal Member,principal,Generic,False
271299,Judicial and Other Legal Professionals nec (P),P,principal,Generic,Judicial and Other Legal Professionals nec,judicial and other legal professionals nec,2,27,271,2712,Professionals,Judicial and Other Legal Professionals nec,principal,Generic,True
271299,Administrative Lawyer (N),N,nec_category,Generic,Administrative Lawyer,administrative lawyer,2,27,271,2712,Professionals,Judicial and Other Legal Professionals nec,principal,Generic,False
271299,Family Court Registrar (Aus) (N),N,nec_category,Australia,Family Court Registrar,family court registrar,2,27,271,2712,Professionals,Judicial and Other Legal Professionals nec,principal,Generic,False
271299,Family Law Mediator (N),N,nec_category,Generic,Family Law Mediator,family law mediator,2,27,271,2712,Professionals,Judicial and Other Legal Professionals nec,principal,Generic,False
271299,Judicial Registrar (Aus) (N),N,nec_category,Australia,Judicial Registrar,judicial registrar,2,27,271,2712,Professionals,Judicial and Other Legal Professionals nec,principal,Generic,False
271299,Law Researcher (N),N,nec_category,Generic,Law Researcher,law researcher,2,27,271,2712,Professionals,Judicial and Other Legal Professionals nec,principal,Generic,False
271299,Legal Officer (N),N,nec_category,Generic,Legal Officer,legal officer,2,27,271,2712,Professionals,Judicial and Other Legal Professionals nec,principal,Generic,False
271299,Parliamentary Counsel (N),N,nec_category,Generic,Parliamentary Counsel,parliamentary counsel,2,27,271,2712,Professionals,Judicial and Other Legal Professionals nec,principal,Generic,False
271299,Patent Attorney (N),N,nec_category,Generic,Patent Attorney,patent attorney,2,27,271,2712,Professionals,Judicial and Other Legal Professionals nec,principal,Generic,False
271299,Trade Mark Attorney (N),N,nec_category,Generic,Trade Mark Attorney,trade mark attorney,2,27,271,2712,Professionals,Judicial and Other Legal Professionals nec,principal,Generic,False
271311,Solicitor (P),P,principal,Generic,Solicitor,solicitor,2,27,271,2713,Professionals,Solicitor,principal,Generic,True
272111,Careers Counsellor (P),P,principal,Generic,Careers Counsellor,careers counsellor,2,27,272,2721,Professionals,Careers Counsellor,principal,Generic,True
272111,Careers Adviser (A),A,alternative,Generic,Careers Adviser,careers adviser,2,27,272,2721,Professionals,Careers Counsellor,principal,Generic,False
272112,Drug and Alcohol Counsellor (P),P,principal,Generic,Drug and Alcohol Counsellor,drug and alcohol counsellor,2,27,272,2721,Professionals,Drug and Alcohol Counsellor,principal,Generic,True
272113,Family and Marriage Counsellor (P),P,principal,Generic,Family and Marriage Counsellor,family and marriage counsellor,2,27,272,2721,Professionals,Family and Marriage Counsellor,principal,Generic,True
272113,Family Court Counsellor (S),S,specialisation,Generic,Family Court Counsellor,family court counsellor,2,27,272,2721,Professionals,Family and Marriage Counsellor,principal,Generic,False
272114,Rehabilitation Counsellor (P),P,principal,Generic,Rehabilitation Counsellor,rehabilitation counsellor,2,27,272,2721,Professionals,Rehabilitation Counsellor,principal,Generic,True
272115,Student Counsellor (P),P,principal,Generic,Student Counsellor,student counsellor,2,27,272,2721,Professionals,Student Counsellor,principal,Generic,True
272115,School Counsellor (A),A,alternative,Generic,School Counsellor,school counsellor,2,27,272,2721,Professionals,Student Counsellor,principal,Generic,False
272199,Counsellors nec (P),P,principal,Generic,Counsellors nec,counsellors nec,2,27,272,2721,Professionals,Counsellors nec,principal,Generic,True
272199,Gambling Counsellor (N),N,nec_category,Generic,Gambling Counsellor,gambling counsellor,2,27,272,2721,Professionals,Counsellors nec,principal,Generic,False
272199,Grief Counsellor (N),N,nec_category,Generic,Grief Counsellor,grief counsellor,2,27,272,2721,Professionals,Counsellors nec,principal,Generic,False
272199,Life Coach (N),N,nec_category,Generic,Life Coach,life coach,2,27,272,2721,Professionals,Counsellors nec,principal,Generic,False
272199,Rape Crisis Counsellor (N),N,nec_category,Generic,Rape Crisis Counsellor,rape crisis counsellor,2,27,272,2721,Professionals,Counsellors nec,principal,Generic,False
272199,Trauma Counsellor (N),N,nec_category,Generic,Trauma Counsellor,trauma counsellor,2,27,272,2721,Professionals,Counsellors nec,principal,Generic,False
272211,Minister of Religion (P),P,principal,Generic,Minister of Religion,minister of religion,2,27,272,2722,Professionals,Minister of Religion,principal,Generic,True
272211,Aboriginal Ceremonial Celebrant (Aus) (S),S,specialisation,Australia,Aboriginal Ceremonial Celebrant,aboriginal ceremonial celebrant,2,27,272,2722,Professionals,Minister of Religion,principal,Generic,False
272211,Chaplain (S),S,specialisation,Generic,Chaplain,chaplain,2,27,272,2722,Professionals,Minister of Religion,principal,Generic,False
272211,Imam (S),S,specialisation,Generic,Imam,imam,2,27,272,2722,Professionals,Minister of Religion,principal,Generic,False
272211,Monk (S),S,specialisation,Generic,Monk,monk,2,27,272,2722,Professionals,Minister of Religion,principal,Generic,False
272211,Priest (S),S,specialisation,Generic,Priest,priest,2,27,272,2722,Professionals,Minister of Religion,principal,Generic,False
272211,Rabbi (S),S,specialisation,Generic,Rabbi,rabbi,2,27,272,2722,Professionals,Minister of Religion,principal,Generic,False
272211,Salvation Army Officer (S),S,specialisation,Generic,Salvation Army Officer,salvation army officer,2,27,272,2722,Professionals,Minister of Religion,principal,Generic,False
272311,Clinical Psychologist (P),P,principal,Generic,Clinical Psychologist,clinical psychologist,2,27,272,2723,Professionals,Clinical Psychologist,principal,Generic,True
272311,Forensic Psychologist (S),S,specialisation,Generic,Forensic Psychologist,forensic psychologist,2,27,272,2723,Professionals,Clinical Psychologist,principal,Generic,False
272311,Health Psychologist (S),S,specialisation,Generic,Health Psychologist,health psychologist,2,27,272,2723,Professionals,Clinical Psychologist,principal,Generic,False
272311,Neuropsychologist (S),S,specialisation,Generic,Neuropsychologist,neuropsychologist,2,27,272,2723,Professionals,Clinical Psychologist,principal,Generic,False
272312,Educational Psychologist (P),P,principal,Generic,Educational Psychologist,educational psychologist,2,27,272,2723,Professionals,Educational Psychologist,principal,Generic,True
272313,Organisational Psychologist (P),P,principal,Generic,Organisational Psychologist,organisational psychologist,2,27,272,2723,Professionals,Organisational Psychologist,principal,Generic,True
272313,Industrial Psychologist (A),A,alternative,Generic,Industrial Psychologist,industrial psychologist,2,27,272,2723,Professionals,Organisational Psychologist,principal,Generic,False
272313,Occupational Psychologist (A),A,alternative,Generic,Occupational Psychologist,occupational psychologist,2,27,272,2723,Professionals,Organisational Psychologist,principal,Generic,False
272314,Psychotherapist (P),P,principal,Generic,Psychotherapist,psychotherapist,2,27,272,2723,Professionals,Psychotherapist,principal,Generic,True
272314,Art Psychotherapist or Therapist (S),S,specialisation,Generic,Art Psychotherapist or Therapist,art psychotherapist or therapist,2,27,272,2723,Professionals,Psychotherapist,principal,Generic,False
272399,Psychologists nec (P),P,principal,Generic,Psychologists nec,psychologists nec,2,27,272,2723,Professionals,Psychologists nec,principal,Generic,True
272399,Community Psychologist (N),N,nec_category,Generic,Community Psychologist,community psychologist,2,27,272,2723,Professionals,Psychologists nec,principal,Generic,False
272399,Counselling Psychologist (N),N,nec_category,Generic,Counselling Psychologist,counselling psychologist,2,27,272,2723,Professionals,Psychologists nec,principal,Generic,False
272399,Sport Psychologist (N),N,nec_category,Generic,Sport Psychologist,sport psychologist,2,27,272,2723,Professionals,Psychologists nec,principal,Generic,False
272411,Historian (P),P,principal,Generic,Historian,historian,2,27,272,2724,Professionals,Historian,principal,Generic,True
272411,Art Historian (S),S,specialisation,Generic,Art Historian,art historian,2,27,272,2724,Professionals,Historian,principal,Generic,False
272411,Cultural Historian (S),S,specialisation,Generic,Cultural Historian,cultural historian,2,27,272,2724,Professionals,Historian,principal,Generic,False
272411,Economic Historian (S),S,specialisation,Generic,Economic Historian,economic historian,2,27,272,2724,Professionals,Historian,principal,Generic,False
272411,Geographical Historian (S),S,specialisation,Generic,Geographical Historian,geographical historian,2,27,272,2724,Professionals,Historian,principal,Generic,False
272412,Interpreter (P),P,principal,Generic,Interpreter,interpreter,2,27,272,2724,Professionals,Interpreter,principal,Generic,True
272413,Translator (P),P,principal,Generic,Translator,translator,2,27,272,2724,Professionals,Translator,principal,Generic,True
272499,Social Professionals nec (P),P,principal,Generic,Social Professionals nec,social professionals nec,2,27,272,2724,Professionals,Social Professionals nec,principal,Generic,True
272499,Anthropologist (N),N,nec_category,Generic,Anthropologist,anthropologist,2,27,272,2724,Professionals,Social Professionals nec,principal,Generic,False
272499,Archaeologist (N),N,nec_category,Generic,Archaeologist,archaeologist,2,27,272,2724,Professionals,Social Professionals nec,principal,Generic,False
272499,Criminologist (N),N,nec_category,Generic,Criminologist,criminologist,2,27,272,2724,Professionals,Social Professionals nec,principal,Generic,False
272499,Ethnographer (N),N,nec_category,Generic,Ethnographer,ethnographer,2,27,272,2724,Professionals,Social Professionals nec,principal,Generic,False
272499,Geographer (N),N,nec_category,Generic,Geographer,geographer,2,27,272,2724,Professionals,Social Professionals nec,principal,Generic,False
272499,Heritage Consultant (N),N,nec_category,Generic,Heritage Consultant,heritage consultant,2,27,272,2724,Professionals,Social Professionals nec,principal,Generic,False
272499,Linguist (N),N,nec_category,Generic,Linguist,linguist,2,27,272,2724,Professionals,Social Professionals nec,principal,Generic,False
272499,Parole Board Member (N),N,nec_category,Generic,Parole Board Member,parole board member,2,27,272,2724,Professionals,Social Professionals nec,principal,Generic,False
272499,Political Scientist (N),N,nec_category,Generic,Political Scientist,political scientist,2,27,272,2724,Professionals,Social Professionals nec,principal,Generic,False
272499,Prehistorian (N),N,nec_category,Generic,Prehistorian,prehistorian,2,27,272,2724,Professionals,Social Professionals nec,principal,Generic,False
272499,Sociologist (N),N,nec_category,Generic,Sociologist,sociologist,2,27,272,2724,Professionals,Social Professionals nec,principal,Generic,False
272499,Transport Analyst (N),N,nec_category,Generic,Transport Analyst,transport analyst,2,27,272,2724,Professionals,Social Professionals nec,principal,Generic,False
272511,Social Worker (P),P,principal,Generic,Social Worker,social worker,2,27,272,2725,Professionals,Social Worker,principal,Generic,True
272611,Community Arts Worker (P),P,principal,Generic,Community Arts Worker,community arts worker,2,27,272,2726,Professionals,Community Arts Worker,principal,Generic,True
272611,Community Artist (A),A,alternative,Generic,Community Artist,community artist,2,27,272,2726,Professionals,Community Arts Worker,principal,Generic,False
272611,Community Arts Officer (A),A,alternative,Generic,Community Arts Officer,community arts officer,2,27,272,2726,Professionals,Community Arts Worker,principal,Generic,False
272611,Community Cultural Development Officer (S),S,specialisation,Generic,Community Cultural Development Officer,community cultural development officer,2,27,272,2726,Professionals,Community Arts Worker,principal,Generic,False
272612,Recreation Coordinator (NZ) (P),P,principal,New Zealand,Recreation Coordinator,recreation coordinator,2,27,272,2726,Professionals,Recreation Officer,principal,Australia,False
272612,Recreation Officer (Aus) (P),P,principal,Australia,Recreation Officer,recreation officer,2,27,272,2726,Professionals,Recreation Officer,principal,Australia,True
272612,Recreation Adviser (A),A,alternative,Generic,Recreation Adviser,recreation adviser,2,27,272,2726,Professionals,Recreation Officer,principal,Australia,False
272613,Welfare Worker (P),P,principal,Generic,Welfare Worker,welfare worker,2,27,272,2726,Professionals,Welfare Worker,principal,Generic,True
272613,Welfare Case Worker (A),A,alternative,Generic,Welfare Case Worker,welfare case worker,2,27,272,2726,Professionals,Welfare Worker,principal,Generic,False
311111,Agricultural Technician (P),P,principal,Generic,Agricultural Technician,agricultural technician,3,31,311,3111,Technicians and Trades Workers,Agricultural Technician,principal,Generic,True
311111,Agricultural Technical Officer (A),A,alternative,Generic,Agricultural Technical Officer,agricultural technical officer,3,31,311,3111,Technicians and Trades Workers,Agricultural Technician,principal,Generic,False
311111,Agriculture Laboratory Technician (S),S,specialisation,Generic,Agriculture Laboratory Technician,agriculture laboratory technician,3,31,311,3111,Technicians and Trades Workers,Agricultural Technician,principal,Generic,False
311111,Artificial Insemination Technical Officer (S),S,specialisation,Generic,Artificial Insemination Technical Officer,artificial insemination technical officer,3,31,311,3111,Technicians and Trades Workers,Agricultural Technician,principal,Generic,False
311111,Dairy Technician (S),S,specialisation,Generic,Dairy Technician,dairy technician,3,31,311,3111,Technicians and Trades Workers,Agricultural Technician,principal,Generic,False
311111,Field Crop Technical Officer (S),S,specialisation,Generic,Field Crop Technical Officer,field crop technical officer,3,31,311,3111,Technicians and Trades Workers,Agricultural Technician,principal,Generic,False
311111,Herd Tester (S),S,specialisation,Generic,Herd Tester,herd tester,3,31,311,3111,Technicians and Trades Workers,Agricultural Technician,principal,Generic,False
311111,Horticultural Technical Officer (S),S,specialisation,Generic,Horticultural Technical Officer,horticultural technical officer,3,31,311,3111,Technicians and Trades Workers,Agricultural Technician,principal,Generic,False
311111,Poultry Technical Officer (S),S,specialisation,Generic,Poultry Technical Officer,poultry technical officer,3,31,311,3111,Technicians and Trades Workers,Agricultural Technician,principal,Generic,False
311211,Anaesthetic Technician (P),P,principal,Generic,Anaesthetic Technician,anaesthetic technician,3,31,311,3112,Technicians and Trades Workers,Anaesthetic Technician,principal,Generic,True
311212,Cardiac Technician (P),P,principal,Generic,Cardiac Technician,cardiac technician,3,31,311,3112,Technicians and Trades Workers,Cardiac Technician,principal,Generic,True
311212,Cardiac Technologist (S),S,specialisation,Generic,Cardiac Technologist,cardiac technologist,3,31,311,3112,Technicians and Trades Workers,Cardiac Technician,principal,Generic,False
311212,Electrocardiographic Technician (S),S,specialisation,Generic,Electrocardiographic Technician,electrocardiographic technician,3,31,311,3112,Technicians and Trades Workers,Cardiac Technician,principal,Generic,False
311213,Medical Laboratory Technician (P),P,principal,Generic,Medical Laboratory Technician,medical laboratory technician,3,31,311,3112,Technicians and Trades Workers,Medical Laboratory Technician,principal,Generic,True
311213,Medical Laboratory Technical Officer (A),A,alternative,Generic,Medical Laboratory Technical Officer,medical laboratory technical officer,3,31,311,3112,Technicians and Trades Workers,Medical Laboratory Technician,principal,Generic,False
311214,Operating Theatre Technician (P),P,principal,Generic,Operating Theatre Technician,operating theatre technician,3,31,311,3112,Technicians and Trades Workers,Operating Theatre Technician,principal,Generic,True
311215,Pharmacy Technician (P),P,principal,Generic,Pharmacy Technician,pharmacy technician,3,31,311,3112,Technicians and Trades Workers,Pharmacy Technician,principal,Generic,True
311215,Dispensary Technician (A),A,alternative,Generic,Dispensary Technician,dispensary technician,3,31,311,3112,Technicians and Trades Workers,Pharmacy Technician,principal,Generic,False
311216,Pathology Collector (Aus) (P),P,principal,Australia,Pathology Collector,pathology collector,3,31,311,3112,Technicians and Trades Workers,Pathology Collector,principal,Australia,True
311216,Phlebotomist (NZ) (P),P,principal,New Zealand,Phlebotomist,phlebotomist,3,31,311,3112,Technicians and Trades Workers,Pathology Collector,principal,Australia,False
311216,Specimen Collector (A),A,alternative,Generic,Specimen Collector,specimen collector,3,31,311,3112,Technicians and Trades Workers,Pathology Collector,principal,Australia,False
311216,Blood Collector (S),S,specialisation,Generic,Blood Collector,blood collector,3,31,311,3112,Technicians and Trades Workers,Pathology Collector,principal,Australia,False
311299,Medical Technicians nec (P),P,principal,Generic,Medical Technicians nec,medical technicians nec,3,31,311,3112,Technicians and Trades Workers,Medical Technicians nec,principal,Generic,True
311299,Audiometrist (N),N,nec_category,Generic,Audiometrist,audiometrist,3,31,311,3112,Technicians and Trades Workers,Medical Technicians nec,principal,Generic,False
311299,Dialysis Technician (N),N,nec_category,Generic,Dialysis Technician,dialysis technician,3,31,311,3112,Technicians and Trades Workers,Medical Technicians nec,principal,Generic,False
311299,Electroencephalographic Technician (N),N,nec_category,Generic,Electroencephalographic Technician,electroencephalographic technician,3,31,311,3112,Technicians and Trades Workers,Medical Technicians nec,principal,Generic,False
311299,Mortuary Technician (N),N,nec_category,Generic,Mortuary Technician,mortuary technician,3,31,311,3112,Technicians and Trades Workers,Medical Technicians nec,principal,Generic,False
311299,Neurophysiological Technician (N),N,nec_category,Generic,Neurophysiological Technician,neurophysiological technician,3,31,311,3112,Technicians and Trades Workers,Medical Technicians nec,principal,Generic,False
311299,Orthotic and Prosthetic Technician (N),N,nec_category,Generic,Orthotic and Prosthetic Technician,orthotic and prosthetic technician,3,31,311,3112,Technicians and Trades Workers,Medical Technicians nec,principal,Generic,False
311299,Perfusionist (N),N,nec_category,Generic,Perfusionist,perfusionist,3,31,311,3112,Technicians and Trades Workers,Medical Technicians nec,principal,Generic,False
311299,Renal Technician (N),N,nec_category,Generic,Renal Technician,renal technician,3,31,311,3112,Technicians and Trades Workers,Medical Technicians nec,principal,Generic,False
311299,Sleep Technician (N),N,nec_category,Generic,Sleep Technician,sleep technician,3,31,311,3112,Technicians and Trades Workers,Medical Technicians nec,principal,Generic,False
311311,Fisheries Officer (P),P,principal,Generic,Fisheries Officer,fisheries officer,3,31,311,3113,Technicians and Trades Workers,Fisheries Officer,principal,Generic,True
311311,Fisheries Inspector (A),A,alternative,Generic,Fisheries Inspector,fisheries inspector,3,31,311,3113,Technicians and Trades Workers,Fisheries Officer,principal,Generic,False
311312,Meat Inspector (P),P,principal,Generic,Meat Inspector,meat inspector,3,31,311,3113,Technicians and Trades Workers,Meat Inspector,principal,Generic,True
311313,Quarantine Officer (P),P,principal,Generic,Quarantine Officer,quarantine officer,3,31,311,3113,Technicians and Trades Workers,Quarantine Officer,principal,Generic,True
311313,Biosecurity Officer (Ministry of Agriculture and Forestry) (NZ) (A),A,alternative,New Zealand,Biosecurity Officer (Ministry of Agriculture and Forestry),biosecurity officer ministry of agriculture and forestry,3,31,311,3113,Technicians and Trades Workers,Quarantine Officer,principal,Generic,False
311313,Quarantine Inspector (A),A,alternative,Generic,Quarantine Inspector,quarantine inspector,3,31,311,3113,Technicians and Trades Workers,Quarantine Officer,principal,Generic,False
311399,Primary Products Inspectors nec (P),P,principal,Generic,Primary Products Inspectors nec,primary products inspectors nec,3,31,311,3113,Technicians and Trades Workers,Primary Products Inspectors nec,principal,Generic,True
311399,Dairy Quality Assurance Officer (N),N,nec_category,Generic,Dairy Quality Assurance Officer,dairy quality assurance officer,3,31,311,3113,Technicians and Trades Workers,Primary Products Inspectors nec,principal,Generic,False
311399,Fruit and Vegetable Inspector (N),N,nec_category,Generic,Fruit and Vegetable Inspector,fruit and vegetable inspector,3,31,311,3113,Technicians and Trades Workers,Primary Products Inspectors nec,principal,Generic,False
311411,Chemistry Technician (P),P,principal,Generic,Chemistry Technician,chemistry technician,3,31,311,3114,Technicians and Trades Workers,Chemistry Technician,principal,Generic,True
311411,Chemistry Technical Officer (A),A,alternative,Generic,Chemistry Technical Officer,chemistry technical officer,3,31,311,3114,Technicians and Trades Workers,Chemistry Technician,principal,Generic,False
311411,Chemical Instrumentation Officer (S),S,specialisation,Generic,Chemical Instrumentation Officer,chemical instrumentation officer,3,31,311,3114,Technicians and Trades Workers,Chemistry Technician,principal,Generic,False
311411,Chemical Process Analyst (S),S,specialisation,Generic,Chemical Process Analyst,chemical process analyst,3,31,311,3114,Technicians and Trades Workers,Chemistry Technician,principal,Generic,False
311411,Chemistry Laboratory Technician (S),S,specialisation,Generic,Chemistry Laboratory Technician,chemistry laboratory technician,3,31,311,3114,Technicians and Trades Workers,Chemistry Technician,principal,Generic,False
311411,Dairy Laboratory Technician (S),S,specialisation,Generic,Dairy Laboratory Technician,dairy laboratory technician,3,31,311,3114,Technicians and Trades Workers,Chemistry Technician,principal,Generic,False
311411,Petroleum Laboratory Technician (S),S,specialisation,Generic,Petroleum Laboratory Technician,petroleum laboratory technician,3,31,311,3114,Technicians and Trades Workers,Chemistry Technician,principal,Generic,False
311411,Sugar Laboratory Assistant (S),S,specialisation,Generic,Sugar Laboratory Assistant,sugar laboratory assistant,3,31,311,3114,Technicians and Trades Workers,Chemistry Technician,principal,Generic,False
311412,Earth Science Technician (P),P,principal,Generic,Earth Science Technician,earth science technician,3,31,311,3114,Technicians and Trades Workers,Earth Science Technician,principal,Generic,True
311412,Earth Science Technical Officer (A),A,alternative,Generic,Earth Science Technical Officer,earth science technical officer,3,31,311,3114,Technicians and Trades Workers,Earth Science Technician,principal,Generic,False
311412,Earth Science Laboratory Technician (S),S,specialisation,Generic,Earth Science Laboratory Technician,earth science laboratory technician,3,31,311,3114,Technicians and Trades Workers,Earth Science Technician,principal,Generic,False
311412,Geochemical Laboratory Technician (S),S,specialisation,Generic,Geochemical Laboratory Technician,geochemical laboratory technician,3,31,311,3114,Technicians and Trades Workers,Earth Science Technician,principal,Generic,False
311412,Geological Technical Officer (S),S,specialisation,Generic,Geological Technical Officer,geological technical officer,3,31,311,3114,Technicians and Trades Workers,Earth Science Technician,principal,Generic,False
311412,Geoscience Laboratory Technician (S),S,specialisation,Generic,Geoscience Laboratory Technician,geoscience laboratory technician,3,31,311,3114,Technicians and Trades Workers,Earth Science Technician,principal,Generic,False
311412,Hydrographer (S),S,specialisation,Generic,Hydrographer,hydrographer,3,31,311,3114,Technicians and Trades Workers,Earth Science Technician,principal,Generic,False
311412,Hydrographical Technical Officer (S),S,specialisation,Generic,Hydrographical Technical Officer,hydrographical technical officer,3,31,311,3114,Technicians and Trades Workers,Earth Science Technician,principal,Generic,False
311412,Hydrological Technical Officer (S),S,specialisation,Generic,Hydrological Technical Officer,hydrological technical officer,3,31,311,3114,Technicians and Trades Workers,Earth Science Technician,principal,Generic,False
311412,Meteorological Observer (S),S,specialisation,Generic,Meteorological Observer,meteorological observer,3,31,311,3114,Technicians and Trades Workers,Earth Science Technician,principal,Generic,False
311412,Seismology Technical Officer (S),S,specialisation,Generic,Seismology Technical Officer,seismology technical officer,3,31,311,3114,Technicians and Trades Workers,Earth Science Technician,principal,Generic,False
311412,Soil Science Technical Officer (S),S,specialisation,Generic,Soil Science Technical Officer,soil science technical officer,3,31,311,3114,Technicians and Trades Workers,Earth Science Technician,principal,Generic,False
311412,Water Resources Technical Officer (S),S,specialisation,Generic,Water Resources Technical Officer,water resources technical officer,3,31,311,3114,Technicians and Trades Workers,Earth Science Technician,principal,Generic,False
311413,Life Science Technician (P),P,principal,Generic,Life Science Technician,life science technician,3,31,311,3114,Technicians and Trades Workers,Life Science Technician,principal,Generic,True
311413,Life Science Technical Officer (A),A,alternative,Generic,Life Science Technical Officer,life science technical officer,3,31,311,3114,Technicians and Trades Workers,Life Science Technician,principal,Generic,False
311413,Biological Technical Officer (S),S,specialisation,Generic,Biological Technical Officer,biological technical officer,3,31,311,3114,Technicians and Trades Workers,Life Science Technician,principal,Generic,False
311413,Botanical Technical Officer (S),S,specialisation,Generic,Botanical Technical Officer,botanical technical officer,3,31,311,3114,Technicians and Trades Workers,Life Science Technician,principal,Generic,False
311413,Ecological Technical Officer (S),S,specialisation,Generic,Ecological Technical Officer,ecological technical officer,3,31,311,3114,Technicians and Trades Workers,Life Science Technician,principal,Generic,False
311413,Environmental Technical Officer (S),S,specialisation,Generic,Environmental Technical Officer,environmental technical officer,3,31,311,3114,Technicians and Trades Workers,Life Science Technician,principal,Generic,False
311413,Fisheries Technical Officer (S),S,specialisation,Generic,Fisheries Technical Officer,fisheries technical officer,3,31,311,3114,Technicians and Trades Workers,Life Science Technician,principal,Generic,False
311413,Forestry Technical Officer (S),S,specialisation,Generic,Forestry Technical Officer,forestry technical officer,3,31,311,3114,Technicians and Trades Workers,Life Science Technician,principal,Generic,False
311413,Wood Technologist (S),S,specialisation,Generic,Wood Technologist,wood technologist,3,31,311,3114,Technicians and Trades Workers,Life Science Technician,principal,Generic,False
311413,Zoology Technical Officer (S),S,specialisation,Generic,Zoology Technical Officer,zoology technical officer,3,31,311,3114,Technicians and Trades Workers,Life Science Technician,principal,Generic,False
311414,School Laboratory Technician (P),P,principal,Generic,School Laboratory Technician,school laboratory technician,3,31,311,3114,Technicians and Trades Workers,School Laboratory Technician,principal,Generic,True
311499,Science Technicians nec (P),P,principal,Generic,Science Technicians nec,science technicians nec,3,31,311,3114,Technicians and Trades Workers,Science Technicians nec,principal,Generic,True
311499,Fibre Technologist (N),N,nec_category,Generic,Fibre Technologist,fibre technologist,3,31,311,3114,Technicians and Trades Workers,Science Technicians nec,principal,Generic,False
311499,Optics Technical Officer (N),N,nec_category,Generic,Optics Technical Officer,optics technical officer,3,31,311,3114,Technicians and Trades Workers,Science Technicians nec,principal,Generic,False
311499,Physics Technical Officer (N),N,nec_category,Generic,Physics Technical Officer,physics technical officer,3,31,311,3114,Technicians and Trades Workers,Science Technicians nec,principal,Generic,False
311499,Textile Technical Officer (N),N,nec_category,Generic,Textile Technical Officer,textile technical officer,3,31,311,3114,Technicians and Trades Workers,Science Technicians nec,principal,Generic,False
312111,Architectural Draftsperson (P),P,principal,Generic,Architectural Draftsperson,architectural draftsperson,3,31,312,3121,Technicians and Trades Workers,Architectural Draftsperson,principal,Generic,True
312111,Architectural Associate (A),A,alternative,Generic,Architectural Associate,architectural associate,3,31,312,3121,Technicians and Trades Workers,Architectural Draftsperson,principal,Generic,False
312111,Building Drafting Officer (S),S,specialisation,Generic,Building Drafting Officer,building drafting officer,3,31,312,3121,Technicians and Trades Workers,Architectural Draftsperson,principal,Generic,False
312112,Building Associate (P),P,principal,Generic,Building Associate,building associate,3,31,312,3121,Technicians and Trades Workers,Building Associate,principal,Generic,True
312112,Building Construction Supervisor (S),S,specialisation,Generic,Building Construction Supervisor,building construction supervisor,3,31,312,3121,Technicians and Trades Workers,Building Associate,principal,Generic,False
312112,Clerk of Works (S),S,specialisation,Generic,Clerk of Works,clerk of works,3,31,312,3121,Technicians and Trades Workers,Building Associate,principal,Generic,False
312113,Building Inspector (P),P,principal,Generic,Building Inspector,building inspector,3,31,312,3121,Technicians and Trades Workers,Building Inspector,principal,Generic,True
312113,Building Certifier (A),A,alternative,Generic,Building Certifier,building certifier,3,31,312,3121,Technicians and Trades Workers,Building Inspector,principal,Generic,False
312113,Building Surveyor (A),A,alternative,Generic,Building Surveyor,building surveyor,3,31,312,3121,Technicians and Trades Workers,Building Inspector,principal,Generic,False
312113,Electrical Installation Inspector (S),S,specialisation,Generic,Electrical Installation Inspector,electrical installation inspector,3,31,312,3121,Technicians and Trades Workers,Building Inspector,principal,Generic,False
312114,Construction Estimator (P),P,principal,Generic,Construction Estimator,construction estimator,3,31,312,3121,Technicians and Trades Workers,Construction Estimator,principal,Generic,True
312114,Building Estimator (A),A,alternative,Generic,Building Estimator,building estimator,3,31,312,3121,Technicians and Trades Workers,Construction Estimator,principal,Generic,False
312115,Plumbing Inspector (P),P,principal,Generic,Plumbing Inspector,plumbing inspector,3,31,312,3121,Technicians and Trades Workers,Plumbing Inspector,principal,Generic,True
312115,Drainage Inspector (S),S,specialisation,Generic,Drainage Inspector,drainage inspector,3,31,312,3121,Technicians and Trades Workers,Plumbing Inspector,principal,Generic,False
312115,Gas Plumbing Inspector (S),S,specialisation,Generic,Gas Plumbing Inspector,gas plumbing inspector,3,31,312,3121,Technicians and Trades Workers,Plumbing Inspector,principal,Generic,False
312115,Sanitary Plumbing and Water Supply Inspector (S),S,specialisation,Generic,Sanitary Plumbing and Water Supply Inspector,sanitary plumbing and water supply inspector,3,31,312,3121,Technicians and Trades Workers,Plumbing Inspector,principal,Generic,False
312116,Surveying or Spatial Science Technician (P),P,principal,Generic,Surveying or Spatial Science Technician,surveying or spatial science technician,3,31,312,3121,Technicians and Trades Workers,Surveying or Spatial Science Technician,principal,Generic,True
312116,GIS Technician (A),A,alternative,Generic,GIS Technician,gis technician,3,31,312,3121,Technicians and Trades Workers,Surveying or Spatial Science Technician,principal,Generic,False
312116,Aerial Survey Technician (S),S,specialisation,Generic,Aerial Survey Technician,aerial survey technician,3,31,312,3121,Technicians and Trades Workers,Surveying or Spatial Science Technician,principal,Generic,False
312116,Photogrammetrist (S),S,specialisation,Generic,Photogrammetrist,photogrammetrist,3,31,312,3121,Technicians and Trades Workers,Surveying or Spatial Science Technician,principal,Generic,False
312199,"Architectural, Building and Surveying Technicians nec (P)",P,principal,Generic,"Architectural, Building and Surveying Technicians nec",architectural building and surveying technicians nec,3,31,312,3121,Technicians and Trades Workers,"Architectural, Building and Surveying Technicians nec",principal,Generic,True
312199,Roof Truss Detailer (N),N,nec_category,Generic,Roof Truss Detailer,roof truss detailer,3,31,312,3121,Technicians and Trades Workers,"Architectural, Building and Surveying Technicians nec",principal,Generic,False
312199,Structural Steel Detailer (N),N,nec_category,Generic,Structural Steel Detailer,structural steel detailer,3,31,312,3121,Technicians and Trades Workers,"Architectural, Building and Surveying Technicians nec",principal,Generic,False
312211,Civil Engineering Draftsperson (P),P,principal,Generic,Civil Engineering Draftsperson,civil engineering draftsperson,3,31,312,3122,Technicians and Trades Workers,Civil Engineering Draftsperson,principal,Generic,True
312211,Civil Engineering Design Draftsperson (S),S,specialisation,Generic,Civil Engineering Design Draftsperson,civil engineering design draftsperson,3,31,312,3122,Technicians and Trades Workers,Civil Engineering Draftsperson,principal,Generic,False
312211,Plumbing Engineering Draftsperson (S),S,specialisation,Generic,Plumbing Engineering Draftsperson,plumbing engineering draftsperson,3,31,312,3122,Technicians and Trades Workers,Civil Engineering Draftsperson,principal,Generic,False
312211,Road Design Draftsperson (S),S,specialisation,Generic,Road Design Draftsperson,road design draftsperson,3,31,312,3122,Technicians and Trades Workers,Civil Engineering Draftsperson,principal,Generic,False
312211,Sewage Reticulation Drafting Officer (S),S,specialisation,Generic,Sewage Reticulation Drafting Officer,sewage reticulation drafting officer,3,31,312,3122,Technicians and Trades Workers,Civil Engineering Draftsperson,principal,Generic,False
312211,Structural Engineering Drafting Officer (S),S,specialisation,Generic,Structural Engineering Drafting Officer,structural engineering drafting officer,3,31,312,3122,Technicians and Trades Workers,Civil Engineering Draftsperson,principal,Generic,False
312212,Civil Engineering Technician (P),P,principal,Generic,Civil Engineering Technician,civil engineering technician,3,31,312,3122,Technicians and Trades Workers,Civil Engineering Technician,principal,Generic,True
312212,Civil Engineering Assistant (S),S,specialisation,Generic,Civil Engineering Assistant,civil engineering assistant,3,31,312,3122,Technicians and Trades Workers,Civil Engineering Technician,principal,Generic,False
312212,Civil Laboratory Technician (S),S,specialisation,Generic,Civil Laboratory Technician,civil laboratory technician,3,31,312,3122,Technicians and Trades Workers,Civil Engineering Technician,principal,Generic,False
312212,Geotechnical Laboratory Technician (S),S,specialisation,Generic,Geotechnical Laboratory Technician,geotechnical laboratory technician,3,31,312,3122,Technicians and Trades Workers,Civil Engineering Technician,principal,Generic,False
312311,Electrical Engineering Draftsperson (P),P,principal,Generic,Electrical Engineering Draftsperson,electrical engineering draftsperson,3,31,312,3123,Technicians and Trades Workers,Electrical Engineering Draftsperson,principal,Generic,True
312311,Electrical Engineering Design Draftsperson (S),S,specialisation,Generic,Electrical Engineering Design Draftsperson,electrical engineering design draftsperson,3,31,312,3123,Technicians and Trades Workers,Electrical Engineering Draftsperson,principal,Generic,False
312311,Electrical Engineering Detail Draftsperson (S),S,specialisation,Generic,Electrical Engineering Detail Draftsperson,electrical engineering detail draftsperson,3,31,312,3123,Technicians and Trades Workers,Electrical Engineering Draftsperson,principal,Generic,False
312311,Electrical Engineering Drafting Officer (S),S,specialisation,Generic,Electrical Engineering Drafting Officer,electrical engineering drafting officer,3,31,312,3123,Technicians and Trades Workers,Electrical Engineering Draftsperson,principal,Generic,False
312311,Relays Draftsperson (S),S,specialisation,Generic,Relays Draftsperson,relays draftsperson,3,31,312,3123,Technicians and Trades Workers,Electrical Engineering Draftsperson,principal,Generic,False
312311,Substation Design Draftsperson (S),S,specialisation,Generic,Substation Design Draftsperson,substation design draftsperson,3,31,312,3123,Technicians and Trades Workers,Electrical Engineering Draftsperson,principal,Generic,False
312312,Electrical Engineering Technician (P),P,principal,Generic,Electrical Engineering Technician,electrical engineering technician,3,31,312,3123,Technicians and Trades Workers,Electrical Engineering Technician,principal,Generic,True
312312,Electrical Engineering Technical Officer (A),A,alternative,Generic,Electrical Engineering Technical Officer,electrical engineering technical officer,3,31,312,3123,Technicians and Trades Workers,Electrical Engineering Technician,principal,Generic,False
312312,Electrical Engineering Laboratory Technician (S),S,specialisation,Generic,Electrical Engineering Laboratory Technician,electrical engineering laboratory technician,3,31,312,3123,Technicians and Trades Workers,Electrical Engineering Technician,principal,Generic,False
312312,Electrical Instrument Technician (S),S,specialisation,Generic,Electrical Instrument Technician,electrical instrument technician,3,31,312,3123,Technicians and Trades Workers,Electrical Engineering Technician,principal,Generic,False
312411,Electronic Engineering Draftsperson (P),P,principal,Generic,Electronic Engineering Draftsperson,electronic engineering draftsperson,3,31,312,3124,Technicians and Trades Workers,Electronic Engineering Draftsperson,principal,Generic,True
312411,Communications and Data Systems Drafting Officer (S),S,specialisation,Generic,Communications and Data Systems Drafting Officer,communications and data systems drafting officer,3,31,312,3124,Technicians and Trades Workers,Electronic Engineering Draftsperson,principal,Generic,False
312411,Control Systems Drafting Officer (S),S,specialisation,Generic,Control Systems Drafting Officer,control systems drafting officer,3,31,312,3124,Technicians and Trades Workers,Electronic Engineering Draftsperson,principal,Generic,False
312411,Electronics Detail Draftsperson (S),S,specialisation,Generic,Electronics Detail Draftsperson,electronics detail draftsperson,3,31,312,3124,Technicians and Trades Workers,Electronic Engineering Draftsperson,principal,Generic,False
312412,Electronic Engineering Technician (P),P,principal,Generic,Electronic Engineering Technician,electronic engineering technician,3,31,312,3124,Technicians and Trades Workers,Electronic Engineering Technician,principal,Generic,True
312412,Aircraft Electronics Technical Officer (S),S,specialisation,Generic,Aircraft Electronics Technical Officer,aircraft electronics technical officer,3,31,312,3124,Technicians and Trades Workers,Electronic Engineering Technician,principal,Generic,False
312412,Communications Engineering Technical Officer (S),S,specialisation,Generic,Communications Engineering Technical Officer,communications engineering technical officer,3,31,312,3124,Technicians and Trades Workers,Electronic Engineering Technician,principal,Generic,False
312412,Communications Engineering Technician (S),S,specialisation,Generic,Communications Engineering Technician,communications engineering technician,3,31,312,3124,Technicians and Trades Workers,Electronic Engineering Technician,principal,Generic,False
312412,Computer Numeric Control Technical Officer (S),S,specialisation,Generic,Computer Numeric Control Technical Officer,computer numeric control technical officer,3,31,312,3124,Technicians and Trades Workers,Electronic Engineering Technician,principal,Generic,False
312412,Digital Controls Technical Officer (S),S,specialisation,Generic,Digital Controls Technical Officer,digital controls technical officer,3,31,312,3124,Technicians and Trades Workers,Electronic Engineering Technician,principal,Generic,False
312412,Flight Surveyor (S),S,specialisation,Generic,Flight Surveyor,flight surveyor,3,31,312,3124,Technicians and Trades Workers,Electronic Engineering Technician,principal,Generic,False
312412,Printed Circuit Board Designer (S),S,specialisation,Generic,Printed Circuit Board Designer,printed circuit board designer,3,31,312,3124,Technicians and Trades Workers,Electronic Engineering Technician,principal,Generic,False
312412,Process Control Technician (S),S,specialisation,Generic,Process Control Technician,process control technician,3,31,312,3124,Technicians and Trades Workers,Electronic Engineering Technician,principal,Generic,False
312412,Telemetry Technician (S),S,specialisation,Generic,Telemetry Technician,telemetry technician,3,31,312,3124,Technicians and Trades Workers,Electronic Engineering Technician,principal,Generic,False
312511,Mechanical Engineering Draftsperson (P),P,principal,Generic,Mechanical Engineering Draftsperson,mechanical engineering draftsperson,3,31,312,3125,Technicians and Trades Workers,Mechanical Engineering Draftsperson,principal,Generic,True
312511,Airconditioning Drafting Officer (S),S,specialisation,Generic,Airconditioning Drafting Officer,airconditioning drafting officer,3,31,312,3125,Technicians and Trades Workers,Mechanical Engineering Draftsperson,principal,Generic,False
312511,Heating and Ventilating Technical Officer (S),S,specialisation,Generic,Heating and Ventilating Technical Officer,heating and ventilating technical officer,3,31,312,3125,Technicians and Trades Workers,Mechanical Engineering Draftsperson,principal,Generic,False
312511,Tool Design Draftsperson (S),S,specialisation,Generic,Tool Design Draftsperson,tool design draftsperson,3,31,312,3125,Technicians and Trades Workers,Mechanical Engineering Draftsperson,principal,Generic,False
312511,Tool Designer (S),S,specialisation,Generic,Tool Designer,tool designer,3,31,312,3125,Technicians and Trades Workers,Mechanical Engineering Draftsperson,principal,Generic,False
312512,Mechanical Engineering Technician (P),P,principal,Generic,Mechanical Engineering Technician,mechanical engineering technician,3,31,312,3125,Technicians and Trades Workers,Mechanical Engineering Technician,principal,Generic,True
312512,Boiler Testing Technician (S),S,specialisation,Generic,Boiler Testing Technician,boiler testing technician,3,31,312,3125,Technicians and Trades Workers,Mechanical Engineering Technician,principal,Generic,False
312512,Hydraulic Controls Technician (S),S,specialisation,Generic,Hydraulic Controls Technician,hydraulic controls technician,3,31,312,3125,Technicians and Trades Workers,Mechanical Engineering Technician,principal,Generic,False
312512,Mechanical Laboratory Technician (S),S,specialisation,Generic,Mechanical Laboratory Technician,mechanical laboratory technician,3,31,312,3125,Technicians and Trades Workers,Mechanical Engineering Technician,principal,Generic,False
312512,Pipe Testing Technician (S),S,specialisation,Generic,Pipe Testing Technician,pipe testing technician,3,31,312,3125,Technicians and Trades Workers,Mechanical Engineering Technician,principal,Generic,False
312611,Safety Inspector (P),P,principal,Generic,Safety Inspector,safety inspector,3,31,312,3126,Technicians and Trades Workers,Safety Inspector,principal,Generic,True
312611,Boilers and Pressure Vessels Inspector (S),S,specialisation,Generic,Boilers and Pressure Vessels Inspector,boilers and pressure vessels inspector,3,31,312,3126,Technicians and Trades Workers,Safety Inspector,principal,Generic,False
312611,Gas Examiner (S),S,specialisation,Generic,Gas Examiner,gas examiner,3,31,312,3126,Technicians and Trades Workers,Safety Inspector,principal,Generic,False
312611,Lifts and Cranes Inspector (S),S,specialisation,Generic,Lifts and Cranes Inspector,lifts and cranes inspector,3,31,312,3126,Technicians and Trades Workers,Safety Inspector,principal,Generic,False
312611,Mines Inspector (S),S,specialisation,Generic,Mines Inspector,mines inspector,3,31,312,3126,Technicians and Trades Workers,Safety Inspector,principal,Generic,False
312611,Occupational Health and Safety Inspector (S),S,specialisation,Generic,Occupational Health and Safety Inspector,occupational health and safety inspector,3,31,312,3126,Technicians and Trades Workers,Safety Inspector,principal,Generic,False
312911,Maintenance Planner (P),P,principal,Generic,Maintenance Planner,maintenance planner,3,31,312,3129,Technicians and Trades Workers,Maintenance Planner,principal,Generic,True
312911,Maintenance Scheduler (A),A,alternative,Generic,Maintenance Scheduler,maintenance scheduler,3,31,312,3129,Technicians and Trades Workers,Maintenance Planner,principal,Generic,False
312911,Shutdown Coordinator (A),A,alternative,Generic,Shutdown Coordinator,shutdown coordinator,3,31,312,3129,Technicians and Trades Workers,Maintenance Planner,principal,Generic,False
312911,Shutdown Planner (A),A,alternative,Generic,Shutdown Planner,shutdown planner,3,31,312,3129,Technicians and Trades Workers,Maintenance Planner,principal,Generic,False
312912,Metallurgical or Materials Technician (P),P,principal,Generic,Metallurgical or Materials Technician,metallurgical or materials technician,3,31,312,3129,Technicians and Trades Workers,Metallurgical or Materials Technician,principal,Generic,True
312912,Dye Penetrant Testing Technician (S),S,specialisation,Generic,Dye Penetrant Testing Technician,dye penetrant testing technician,3,31,312,3129,Technicians and Trades Workers,Metallurgical or Materials Technician,principal,Generic,False
312912,Heat Treatment Technician (S),S,specialisation,Generic,Heat Treatment Technician,heat treatment technician,3,31,312,3129,Technicians and Trades Workers,Metallurgical or Materials Technician,principal,Generic,False
312912,Magnetic Testing Technician (S),S,specialisation,Generic,Magnetic Testing Technician,magnetic testing technician,3,31,312,3129,Technicians and Trades Workers,Metallurgical or Materials Technician,principal,Generic,False
312912,Metallurgy Laboratory Technician (S),S,specialisation,Generic,Metallurgy Laboratory Technician,metallurgy laboratory technician,3,31,312,3129,Technicians and Trades Workers,Metallurgical or Materials Technician,principal,Generic,False
312912,Non-destructive Testing Technician (S),S,specialisation,Generic,Non-destructive Testing Technician,non destructive testing technician,3,31,312,3129,Technicians and Trades Workers,Metallurgical or Materials Technician,principal,Generic,False
312912,Petroleum Products Laboratory Technician (S),S,specialisation,Generic,Petroleum Products Laboratory Technician,petroleum products laboratory technician,3,31,312,3129,Technicians and Trades Workers,Metallurgical or Materials Technician,principal,Generic,False
312912,Petroleum Refinery Laboratory Technician (S),S,specialisation,Generic,Petroleum Refinery Laboratory Technician,petroleum refinery laboratory technician,3,31,312,3129,Technicians and Trades Workers,Metallurgical or Materials Technician,principal,Generic,False
312912,Pressure Testing Technician (S),S,specialisation,Generic,Pressure Testing Technician,pressure testing technician,3,31,312,3129,Technicians and Trades Workers,Metallurgical or Materials Technician,principal,Generic,False
312912,Ultrasound Technician (S),S,specialisation,Generic,Ultrasound Technician,ultrasound technician,3,31,312,3129,Technicians and Trades Workers,Metallurgical or Materials Technician,principal,Generic,False
312913,Mine Deputy (P),P,principal,Generic,Mine Deputy,mine deputy,3,31,312,3129,Technicians and Trades Workers,Mine Deputy,principal,Generic,True
312913,Mining Technician (S),S,specialisation,Generic,Mining Technician,mining technician,3,31,312,3129,Technicians and Trades Workers,Mine Deputy,principal,Generic,False
312913,Open Cut Examiner (S),S,specialisation,Generic,Open Cut Examiner,open cut examiner,3,31,312,3129,Technicians and Trades Workers,Mine Deputy,principal,Generic,False
312999,Building and Engineering Technicians nec (P),P,principal,Generic,Building and Engineering Technicians nec,building and engineering technicians nec,3,31,312,3129,Technicians and Trades Workers,Building and Engineering Technicians nec,principal,Generic,True
312999,Aircraft Detail Draftsperson (N),N,nec_category,Generic,Aircraft Detail Draftsperson,aircraft detail draftsperson,3,31,312,3129,Technicians and Trades Workers,Building and Engineering Technicians nec,principal,Generic,False
312999,Aircraft Systems Technician (Air Force) (N),N,nec_category,Generic,Aircraft Systems Technician (Air Force),aircraft systems technician air force,3,31,312,3129,Technicians and Trades Workers,Building and Engineering Technicians nec,principal,Generic,False
312999,Airframe Technical Officer (N),N,nec_category,Generic,Airframe Technical Officer,airframe technical officer,3,31,312,3129,Technicians and Trades Workers,Building and Engineering Technicians nec,principal,Generic,False
312999,Avionics Systems Technician (Air Force) (N),N,nec_category,Generic,Avionics Systems Technician (Air Force),avionics systems technician air force,3,31,312,3129,Technicians and Trades Workers,Building and Engineering Technicians nec,principal,Generic,False
312999,Biomedical Engineering Associate (N),N,nec_category,Generic,Biomedical Engineering Associate,biomedical engineering associate,3,31,312,3129,Technicians and Trades Workers,Building and Engineering Technicians nec,principal,Generic,False
312999,Mining Detail Draftsperson (N),N,nec_category,Generic,Mining Detail Draftsperson,mining detail draftsperson,3,31,312,3129,Technicians and Trades Workers,Building and Engineering Technicians nec,principal,Generic,False
312999,Shipbuilding Draftsperson (N),N,nec_category,Generic,Shipbuilding Draftsperson,shipbuilding draftsperson,3,31,312,3129,Technicians and Trades Workers,Building and Engineering Technicians nec,principal,Generic,False
313111,Hardware Technician (P),P,principal,Generic,Hardware Technician,hardware technician,3,31,313,3131,Technicians and Trades Workers,Hardware Technician,principal,Generic,True
313112,ICT Customer Support Officer (P),P,principal,Generic,ICT Customer Support Officer,ict customer support officer,3,31,313,3131,Technicians and Trades Workers,ICT Customer Support Officer,principal,Generic,True
313112,ICT Help Desk Officer (A),A,alternative,Generic,ICT Help Desk Officer,ict help desk officer,3,31,313,3131,Technicians and Trades Workers,ICT Customer Support Officer,principal,Generic,False
313112,ICT Help Desk Technician (A),A,alternative,Generic,ICT Help Desk Technician,ict help desk technician,3,31,313,3131,Technicians and Trades Workers,ICT Customer Support Officer,principal,Generic,False
313112,Systems Support Officer (A),A,alternative,Generic,Systems Support Officer,systems support officer,3,31,313,3131,Technicians and Trades Workers,ICT Customer Support Officer,principal,Generic,False
313112,Network Support Technician (S),S,specialisation,Generic,Network Support Technician,network support technician,3,31,313,3131,Technicians and Trades Workers,ICT Customer Support Officer,principal,Generic,False
313112,Operator Command Support Systems (Army) (S),S,specialisation,Generic,Operator Command Support Systems (Army),operator command support systems army,3,31,313,3131,Technicians and Trades Workers,ICT Customer Support Officer,principal,Generic,False
313113,Web Administrator (P),P,principal,Generic,Web Administrator,web administrator,3,31,313,3131,Technicians and Trades Workers,Web Administrator,principal,Generic,True
313113,Web Master (A),A,alternative,Generic,Web Master,web master,3,31,313,3131,Technicians and Trades Workers,Web Administrator,principal,Generic,False
313199,ICT Support Technicians nec (P),P,principal,Generic,ICT Support Technicians nec,ict support technicians nec,3,31,313,3131,Technicians and Trades Workers,ICT Support Technicians nec,principal,Generic,True
313199,Applications Packager (N),N,nec_category,Generic,Applications Packager,applications packager,3,31,313,3131,Technicians and Trades Workers,ICT Support Technicians nec,principal,Generic,False
313199,Computer Systems Technician (N),N,nec_category,Generic,Computer Systems Technician,computer systems technician,3,31,313,3131,Technicians and Trades Workers,ICT Support Technicians nec,principal,Generic,False
313199,Telecommunications Computer Systems Technician (N),N,nec_category,Generic,Telecommunications Computer Systems Technician,telecommunications computer systems technician,3,31,313,3131,Technicians and Trades Workers,ICT Support Technicians nec,principal,Generic,False
313211,Radiocommunications Technician (P),P,principal,Generic,Radiocommunications Technician,radiocommunications technician,3,31,313,3132,Technicians and Trades Workers,Radiocommunications Technician,principal,Generic,True
313212,Telecommunications Field Engineer (P),P,principal,Generic,Telecommunications Field Engineer,telecommunications field engineer,3,31,313,3132,Technicians and Trades Workers,Telecommunications Field Engineer,principal,Generic,True
313213,Telecommunications Network Planner (P),P,principal,Generic,Telecommunications Network Planner,telecommunications network planner,3,31,313,3132,Technicians and Trades Workers,Telecommunications Network Planner,principal,Generic,True
313214,Telecommunications Technical Officer or Technologist (P),P,principal,Generic,Telecommunications Technical Officer or Technologist,telecommunications technical officer or technologist,3,31,313,3132,Technicians and Trades Workers,Telecommunications Technical Officer or Technologist,principal,Generic,True
321111,Automotive Electrician (P),P,principal,Generic,Automotive Electrician,automotive electrician,3,32,321,3211,Technicians and Trades Workers,Automotive Electrician,principal,Generic,True
321111,Automotive Electrical Fitter (A),A,alternative,Generic,Automotive Electrical Fitter,automotive electrical fitter,3,32,321,3211,Technicians and Trades Workers,Automotive Electrician,principal,Generic,False
321211,Motor Mechanic (General) (P),P,principal,Generic,Motor Mechanic (General),motor mechanic general,3,32,321,3212,Technicians and Trades Workers,Motor Mechanic (General),principal,Generic,True
321211,Automotive Light Mechanic (A),A,alternative,Generic,Automotive Light Mechanic,automotive light mechanic,3,32,321,3212,Technicians and Trades Workers,Motor Mechanic (General),principal,Generic,False
321211,Automatic Transmission Mechanic (S),S,specialisation,Generic,Automatic Transmission Mechanic,automatic transmission mechanic,3,32,321,3212,Technicians and Trades Workers,Motor Mechanic (General),principal,Generic,False
321211,Automotive Airconditioning Mechanic (S),S,specialisation,Generic,Automotive Airconditioning Mechanic,automotive airconditioning mechanic,3,32,321,3212,Technicians and Trades Workers,Motor Mechanic (General),principal,Generic,False
321211,Brake Mechanic (S),S,specialisation,Generic,Brake Mechanic,brake mechanic,3,32,321,3212,Technicians and Trades Workers,Motor Mechanic (General),principal,Generic,False
321211,Ground Support Equipment Fitter (Air Force) (S),S,specialisation,Generic,Ground Support Equipment Fitter (Air Force),ground support equipment fitter air force,3,32,321,3212,Technicians and Trades Workers,Motor Mechanic (General),principal,Generic,False
321211,Vehicle Mechanic (Army) (S),S,specialisation,Generic,Vehicle Mechanic (Army),vehicle mechanic army,3,32,321,3212,Technicians and Trades Workers,Motor Mechanic (General),principal,Generic,False
321212,Diesel Motor Mechanic (P),P,principal,Generic,Diesel Motor Mechanic,diesel motor mechanic,3,32,321,3212,Technicians and Trades Workers,Diesel Motor Mechanic,principal,Generic,True
321212,Automotive Heavy Mechanic (S),S,specialisation,Generic,Automotive Heavy Mechanic,automotive heavy mechanic,3,32,321,3212,Technicians and Trades Workers,Diesel Motor Mechanic,principal,Generic,False
321213,Motorcycle Mechanic (P),P,principal,Generic,Motorcycle Mechanic,motorcycle mechanic,3,32,321,3212,Technicians and Trades Workers,Motorcycle Mechanic,principal,Generic,True
321214,Small Engine Mechanic (P),P,principal,Generic,Small Engine Mechanic,small engine mechanic,3,32,321,3212,Technicians and Trades Workers,Small Engine Mechanic,principal,Generic,True
321214,Chainsaw Mechanic (S),S,specialisation,Generic,Chainsaw Mechanic,chainsaw mechanic,3,32,321,3212,Technicians and Trades Workers,Small Engine Mechanic,principal,Generic,False
321214,Lawnmower Mechanic (S),S,specialisation,Generic,Lawnmower Mechanic,lawnmower mechanic,3,32,321,3212,Technicians and Trades Workers,Small Engine Mechanic,principal,Generic,False
321214,Outboard Motor Mechanic (S),S,specialisation,Generic,Outboard Motor Mechanic,outboard motor mechanic,3,32,321,3212,Technicians and Trades Workers,Small Engine Mechanic,principal,Generic,False
322111,Blacksmith (P),P,principal,Generic,Blacksmith,blacksmith,3,32,322,3221,Technicians and Trades Workers,Blacksmith,principal,Generic,True
322111,Hammer Smith (S),S,specialisation,Generic,Hammer Smith,hammer smith,3,32,322,3221,Technicians and Trades Workers,Blacksmith,principal,Generic,False
322111,Spring Maker (S),S,specialisation,Generic,Spring Maker,spring maker,3,32,322,3221,Technicians and Trades Workers,Blacksmith,principal,Generic,False
322111,Tool Smith (S),S,specialisation,Generic,Tool Smith,tool smith,3,32,322,3221,Technicians and Trades Workers,Blacksmith,principal,Generic,False
322112,Electroplater (P),P,principal,Generic,Electroplater,electroplater,3,32,322,3221,Technicians and Trades Workers,Electroplater,principal,Generic,True
322112,Anodiser (S),S,specialisation,Generic,Anodiser,anodiser,3,32,322,3221,Technicians and Trades Workers,Electroplater,principal,Generic,False
322112,Electroformer (S),S,specialisation,Generic,Electroformer,electroformer,3,32,322,3221,Technicians and Trades Workers,Electroplater,principal,Generic,False
322113,Farrier (P),P,principal,Generic,Farrier,farrier,3,32,322,3221,Technicians and Trades Workers,Farrier,principal,Generic,True
322114,Metal Casting Trades Worker (P),P,principal,Generic,Metal Casting Trades Worker,metal casting trades worker,3,32,322,3221,Technicians and Trades Workers,Metal Casting Trades Worker,principal,Generic,True
322114,Coremaker (S),S,specialisation,Generic,Coremaker,coremaker,3,32,322,3221,Technicians and Trades Workers,Metal Casting Trades Worker,principal,Generic,False
322114,Metal Moulder (S),S,specialisation,Generic,Metal Moulder,metal moulder,3,32,322,3221,Technicians and Trades Workers,Metal Casting Trades Worker,principal,Generic,False
322115,Metal Polisher (P),P,principal,Generic,Metal Polisher,metal polisher,3,32,322,3221,Technicians and Trades Workers,Metal Polisher,principal,Generic,True
322211,Sheetmetal Trades Worker (P),P,principal,Generic,Sheetmetal Trades Worker,sheetmetal trades worker,3,32,322,3222,Technicians and Trades Workers,Sheetmetal Trades Worker,principal,Generic,True
322211,Metal Spinner (S),S,specialisation,Generic,Metal Spinner,metal spinner,3,32,322,3222,Technicians and Trades Workers,Sheetmetal Trades Worker,principal,Generic,False
322211,Sheetmetal Patternmaker (S),S,specialisation,Generic,Sheetmetal Patternmaker,sheetmetal patternmaker,3,32,322,3222,Technicians and Trades Workers,Sheetmetal Trades Worker,principal,Generic,False
322311,Metal Fabricator (P),P,principal,Generic,Metal Fabricator,metal fabricator,3,32,322,3223,Technicians and Trades Workers,Metal Fabricator,principal,Generic,True
322311,Boilermaker-Welder (S),S,specialisation,Generic,Boilermaker-Welder,boilermaker welder,3,32,322,3223,Technicians and Trades Workers,Metal Fabricator,principal,Generic,False
322311,Brass Finisher (S),S,specialisation,Generic,Brass Finisher,brass finisher,3,32,322,3223,Technicians and Trades Workers,Metal Fabricator,principal,Generic,False
322311,Metal Fabricator-Welder (S),S,specialisation,Generic,Metal Fabricator-Welder,metal fabricator welder,3,32,322,3223,Technicians and Trades Workers,Metal Fabricator,principal,Generic,False
322311,Metal Template Maker (S),S,specialisation,Generic,Metal Template Maker,metal template maker,3,32,322,3223,Technicians and Trades Workers,Metal Fabricator,principal,Generic,False
322311,Structural Steel Trades Worker (S),S,specialisation,Generic,Structural Steel Trades Worker,structural steel trades worker,3,32,322,3223,Technicians and Trades Workers,Metal Fabricator,principal,Generic,False
322312,Pressure Welder (P),P,principal,Generic,Pressure Welder,pressure welder,3,32,322,3223,Technicians and Trades Workers,Pressure Welder,principal,Generic,True
322313,Welder (First Class) (Aus) (P),P,principal,Australia,Welder (First Class),welder first class,3,32,322,3223,Technicians and Trades Workers,Welder (First Class),principal,Australia,True
322313,Welder (NZ) (P),P,principal,New Zealand,Welder,welder,3,32,322,3223,Technicians and Trades Workers,Welder (First Class),principal,Australia,False
322313,Special Class Welder (S),S,specialisation,Generic,Special Class Welder,special class welder,3,32,322,3223,Technicians and Trades Workers,Welder (First Class),principal,Australia,False
323111,Aircraft Maintenance Engineer (Avionics) (P),P,principal,Generic,Aircraft Maintenance Engineer (Avionics),aircraft maintenance engineer avionics,3,32,323,3231,Technicians and Trades Workers,Aircraft Maintenance Engineer (Avionics),principal,Generic,True
323111,Aircraft Maintenance Engineer (Electrical) (S),S,specialisation,Generic,Aircraft Maintenance Engineer (Electrical),aircraft maintenance engineer electrical,3,32,323,3231,Technicians and Trades Workers,Aircraft Maintenance Engineer (Avionics),principal,Generic,False
323111,Aircraft Maintenance Engineer (Instruments) (S),S,specialisation,Generic,Aircraft Maintenance Engineer (Instruments),aircraft maintenance engineer instruments,3,32,323,3231,Technicians and Trades Workers,Aircraft Maintenance Engineer (Avionics),principal,Generic,False
323111,Aircraft Maintenance Engineer (Radio) (S),S,specialisation,Generic,Aircraft Maintenance Engineer (Radio),aircraft maintenance engineer radio,3,32,323,3231,Technicians and Trades Workers,Aircraft Maintenance Engineer (Avionics),principal,Generic,False
323111,Avionics Technician (Defence) (S),S,specialisation,Generic,Avionics Technician (Defence),avionics technician defence,3,32,323,3231,Technicians and Trades Workers,Aircraft Maintenance Engineer (Avionics),principal,Generic,False
323111,Licensed Aircraft Maintenance Engineer (Electrical) (S),S,specialisation,Generic,Licensed Aircraft Maintenance Engineer (Electrical),licensed aircraft maintenance engineer electrical,3,32,323,3231,Technicians and Trades Workers,Aircraft Maintenance Engineer (Avionics),principal,Generic,False
323111,Licensed Aircraft Maintenance Engineer (Instruments) (S),S,specialisation,Generic,Licensed Aircraft Maintenance Engineer (Instruments),licensed aircraft maintenance engineer instruments,3,32,323,3231,Technicians and Trades Workers,Aircraft Maintenance Engineer (Avionics),principal,Generic,False
323111,Licensed Aircraft Maintenance Engineer (Radio) (S),S,specialisation,Generic,Licensed Aircraft Maintenance Engineer (Radio),licensed aircraft maintenance engineer radio,3,32,323,3231,Technicians and Trades Workers,Aircraft Maintenance Engineer (Avionics),principal,Generic,False
323112,Aircraft Maintenance Engineer (Mechanical) (P),P,principal,Generic,Aircraft Maintenance Engineer (Mechanical),aircraft maintenance engineer mechanical,3,32,323,3231,Technicians and Trades Workers,Aircraft Maintenance Engineer (Mechanical),principal,Generic,True
323112,Aircraft Maintenance Engineer (Airframes) (S),S,specialisation,Generic,Aircraft Maintenance Engineer (Airframes),aircraft maintenance engineer airframes,3,32,323,3231,Technicians and Trades Workers,Aircraft Maintenance Engineer (Mechanical),principal,Generic,False
323112,Aircraft Maintenance Engineer (Engines) (S),S,specialisation,Generic,Aircraft Maintenance Engineer (Engines),aircraft maintenance engineer engines,3,32,323,3231,Technicians and Trades Workers,Aircraft Maintenance Engineer (Mechanical),principal,Generic,False
323112,"Aircraft Technician (Air Force, Army) (S)",S,specialisation,Generic,"Aircraft Technician (Air Force, Army)",aircraft technician air force army,3,32,323,3231,Technicians and Trades Workers,Aircraft Maintenance Engineer (Mechanical),principal,Generic,False
323112,Aviation Technician Aircraft (Navy) (S),S,specialisation,Generic,Aviation Technician Aircraft (Navy),aviation technician aircraft navy,3,32,323,3231,Technicians and Trades Workers,Aircraft Maintenance Engineer (Mechanical),principal,Generic,False
323112,Licensed Aircraft Maintenance Engineer (Airframes) (S),S,specialisation,Generic,Licensed Aircraft Maintenance Engineer (Airframes),licensed aircraft maintenance engineer airframes,3,32,323,3231,Technicians and Trades Workers,Aircraft Maintenance Engineer (Mechanical),principal,Generic,False
323112,Licensed Aircraft Maintenance Engineer (Engines) (S),S,specialisation,Generic,Licensed Aircraft Maintenance Engineer (Engines),licensed aircraft maintenance engineer engines,3,32,323,3231,Technicians and Trades Workers,Aircraft Maintenance Engineer (Mechanical),principal,Generic,False
323113,Aircraft Maintenance Engineer (Structures) (P),P,principal,Generic,Aircraft Maintenance Engineer (Structures),aircraft maintenance engineer structures,3,32,323,3231,Technicians and Trades Workers,Aircraft Maintenance Engineer (Structures),principal,Generic,True
323113,"Aircraft Structural Fitter (Air Force, Army) (S)",S,specialisation,Generic,"Aircraft Structural Fitter (Air Force, Army)",aircraft structural fitter air force army,3,32,323,3231,Technicians and Trades Workers,Aircraft Maintenance Engineer (Structures),principal,Generic,False
323211,Fitter (General) (P),P,principal,Generic,Fitter (General),fitter general,3,32,323,3232,Technicians and Trades Workers,Fitter (General),principal,Generic,True
323211,Computer Numeric Control Setter (S),S,specialisation,Generic,Computer Numeric Control Setter,computer numeric control setter,3,32,323,3232,Technicians and Trades Workers,Fitter (General),principal,Generic,False
323211,Diesel Fitter-Mechanic (S),S,specialisation,Generic,Diesel Fitter-Mechanic,diesel fitter mechanic,3,32,323,3232,Technicians and Trades Workers,Fitter (General),principal,Generic,False
323211,Fitter-Machinist (S),S,specialisation,Generic,Fitter-Machinist,fitter machinist,3,32,323,3232,Technicians and Trades Workers,Fitter (General),principal,Generic,False
323211,Fitter-Mechanic (S),S,specialisation,Generic,Fitter-Mechanic,fitter mechanic,3,32,323,3232,Technicians and Trades Workers,Fitter (General),principal,Generic,False
323211,Maintenance Fitter (S),S,specialisation,Generic,Maintenance Fitter,maintenance fitter,3,32,323,3232,Technicians and Trades Workers,Fitter (General),principal,Generic,False
323211,Mechanic (Diesel and Heavy Earthmoving Equipment) (S),S,specialisation,Generic,Mechanic (Diesel and Heavy Earthmoving Equipment),mechanic diesel and heavy earthmoving equipment,3,32,323,3232,Technicians and Trades Workers,Fitter (General),principal,Generic,False
323211,Plant Mechanic (S),S,specialisation,Generic,Plant Mechanic,plant mechanic,3,32,323,3232,Technicians and Trades Workers,Fitter (General),principal,Generic,False
323212,Fitter and Turner (P),P,principal,Generic,Fitter and Turner,fitter and turner,3,32,323,3232,Technicians and Trades Workers,Fitter and Turner,principal,Generic,True
323212,Fitter Armament (Army) (S),S,specialisation,Generic,Fitter Armament (Army),fitter armament army,3,32,323,3232,Technicians and Trades Workers,Fitter and Turner,principal,Generic,False
323213,Fitter-Welder (P),P,principal,Generic,Fitter-Welder,fitter welder,3,32,323,3232,Technicians and Trades Workers,Fitter-Welder,principal,Generic,True
323214,Metal Machinist (First Class) (P),P,principal,Generic,Metal Machinist (First Class),metal machinist first class,3,32,323,3232,Technicians and Trades Workers,Metal Machinist (First Class),principal,Generic,True
323214,Aircraft Machinist (S),S,specialisation,Generic,Aircraft Machinist,aircraft machinist,3,32,323,3232,Technicians and Trades Workers,Metal Machinist (First Class),principal,Generic,False
323214,Automotive Machinist (S),S,specialisation,Generic,Automotive Machinist,automotive machinist,3,32,323,3232,Technicians and Trades Workers,Metal Machinist (First Class),principal,Generic,False
323214,Metal Machine Setter (S),S,specialisation,Generic,Metal Machine Setter,metal machine setter,3,32,323,3232,Technicians and Trades Workers,Metal Machinist (First Class),principal,Generic,False
323214,Metal Turner (S),S,specialisation,Generic,Metal Turner,metal turner,3,32,323,3232,Technicians and Trades Workers,Metal Machinist (First Class),principal,Generic,False
323214,Milling Machinist (S),S,specialisation,Generic,Milling Machinist,milling machinist,3,32,323,3232,Technicians and Trades Workers,Metal Machinist (First Class),principal,Generic,False
323214,Vertical Borer (S),S,specialisation,Generic,Vertical Borer,vertical borer,3,32,323,3232,Technicians and Trades Workers,Metal Machinist (First Class),principal,Generic,False
323215,"Textile, Clothing and Footwear Mechanic (P)",P,principal,Generic,"Textile, Clothing and Footwear Mechanic",textile clothing and footwear mechanic,3,32,323,3232,Technicians and Trades Workers,"Textile, Clothing and Footwear Mechanic",principal,Generic,True
323215,Loom Tuner (S),S,specialisation,Generic,Loom Tuner,loom tuner,3,32,323,3232,Technicians and Trades Workers,"Textile, Clothing and Footwear Mechanic",principal,Generic,False
323215,Sewing Machine Mechanic (S),S,specialisation,Generic,Sewing Machine Mechanic,sewing machine mechanic,3,32,323,3232,Technicians and Trades Workers,"Textile, Clothing and Footwear Mechanic",principal,Generic,False
323215,Textile Machine Mechanic (S),S,specialisation,Generic,Textile Machine Mechanic,textile machine mechanic,3,32,323,3232,Technicians and Trades Workers,"Textile, Clothing and Footwear Mechanic",principal,Generic,False
323299,Metal Fitters and Machinists nec (P),P,principal,Generic,Metal Fitters and Machinists nec,metal fitters and machinists nec,3,32,323,3232,Technicians and Trades Workers,Metal Fitters and Machinists nec,principal,Generic,True
323299,Printing Engineer (N),N,nec_category,Generic,Printing Engineer,printing engineer,3,32,323,3232,Technicians and Trades Workers,Metal Fitters and Machinists nec,principal,Generic,False
323311,Engraver (P),P,principal,Generic,Engraver,engraver,3,32,323,3233,Technicians and Trades Workers,Engraver,principal,Generic,True
323312,Gunsmith (P),P,principal,Generic,Gunsmith,gunsmith,3,32,323,3233,Technicians and Trades Workers,Gunsmith,principal,Generic,True
323313,Locksmith (P),P,principal,Generic,Locksmith,locksmith,3,32,323,3233,Technicians and Trades Workers,Locksmith,principal,Generic,True
323313,Safemaker (S),S,specialisation,Generic,Safemaker,safemaker,3,32,323,3233,Technicians and Trades Workers,Locksmith,principal,Generic,False
323314,Precision Instrument Maker and Repairer (P),P,principal,Generic,Precision Instrument Maker and Repairer,precision instrument maker and repairer,3,32,323,3233,Technicians and Trades Workers,Precision Instrument Maker and Repairer,principal,Generic,True
323314,Camera Repairer (S),S,specialisation,Generic,Camera Repairer,camera repairer,3,32,323,3233,Technicians and Trades Workers,Precision Instrument Maker and Repairer,principal,Generic,False
323314,Scalemaker (S),S,specialisation,Generic,Scalemaker,scalemaker,3,32,323,3233,Technicians and Trades Workers,Precision Instrument Maker and Repairer,principal,Generic,False
323314,Scientific Instrument Maker and Repairer (S),S,specialisation,Generic,Scientific Instrument Maker and Repairer,scientific instrument maker and repairer,3,32,323,3233,Technicians and Trades Workers,Precision Instrument Maker and Repairer,principal,Generic,False
323315,Saw Maker and Repairer (P),P,principal,Generic,Saw Maker and Repairer,saw maker and repairer,3,32,323,3233,Technicians and Trades Workers,Saw Maker and Repairer,principal,Generic,True
323315,Saw Doctor (A),A,alternative,Generic,Saw Doctor,saw doctor,3,32,323,3233,Technicians and Trades Workers,Saw Maker and Repairer,principal,Generic,False
323315,Saw Sharpener (S),S,specialisation,Generic,Saw Sharpener,saw sharpener,3,32,323,3233,Technicians and Trades Workers,Saw Maker and Repairer,principal,Generic,False
323316,Watch and Clock Maker and Repairer (P),P,principal,Generic,Watch and Clock Maker and Repairer,watch and clock maker and repairer,3,32,323,3233,Technicians and Trades Workers,Watch and Clock Maker and Repairer,principal,Generic,True
323411,Engineering Patternmaker (P),P,principal,Generic,Engineering Patternmaker,engineering patternmaker,3,32,323,3234,Technicians and Trades Workers,Engineering Patternmaker,principal,Generic,True
323412,Toolmaker (P),P,principal,Generic,Toolmaker,toolmaker,3,32,323,3234,Technicians and Trades Workers,Toolmaker,principal,Generic,True
323412,Die Caster (S),S,specialisation,Generic,Die Caster,die caster,3,32,323,3234,Technicians and Trades Workers,Toolmaker,principal,Generic,False
323412,Die Sinker (S),S,specialisation,Generic,Die Sinker,die sinker,3,32,323,3234,Technicians and Trades Workers,Toolmaker,principal,Generic,False
323412,Jigmaker (Metal) (S),S,specialisation,Generic,Jigmaker (Metal),jigmaker metal,3,32,323,3234,Technicians and Trades Workers,Toolmaker,principal,Generic,False
323412,Plastic Mould Maker (S),S,specialisation,Generic,Plastic Mould Maker,plastic mould maker,3,32,323,3234,Technicians and Trades Workers,Toolmaker,principal,Generic,False
323412,Press-tool Maker (S),S,specialisation,Generic,Press-tool Maker,press tool maker,3,32,323,3234,Technicians and Trades Workers,Toolmaker,principal,Generic,False
324111,Panelbeater (P),P,principal,Generic,Panelbeater,panelbeater,3,32,324,3241,Technicians and Trades Workers,Panelbeater,principal,Generic,True
324111,Collision Repairer (A),A,alternative,Generic,Collision Repairer,collision repairer,3,32,324,3241,Technicians and Trades Workers,Panelbeater,principal,Generic,False
324211,Vehicle Body Builder (P),P,principal,Generic,Vehicle Body Builder,vehicle body builder,3,32,324,3242,Technicians and Trades Workers,Vehicle Body Builder,principal,Generic,True
324211,Vehicle Body Maker (A),A,alternative,Generic,Vehicle Body Maker,vehicle body maker,3,32,324,3242,Technicians and Trades Workers,Vehicle Body Builder,principal,Generic,False
324211,Coach Builder (S),S,specialisation,Generic,Coach Builder,coach builder,3,32,324,3242,Technicians and Trades Workers,Vehicle Body Builder,principal,Generic,False
324212,Vehicle Trimmer (P),P,principal,Generic,Vehicle Trimmer,vehicle trimmer,3,32,324,3242,Technicians and Trades Workers,Vehicle Trimmer,principal,Generic,True
324212,Vehicle Upholsterer (S),S,specialisation,Generic,Vehicle Upholsterer,vehicle upholsterer,3,32,324,3242,Technicians and Trades Workers,Vehicle Trimmer,principal,Generic,False
324311,Vehicle Painter (P),P,principal,Generic,Vehicle Painter,vehicle painter,3,32,324,3243,Technicians and Trades Workers,Vehicle Painter,principal,Generic,True
324311,Vehicle Refinisher (A),A,alternative,Generic,Vehicle Refinisher,vehicle refinisher,3,32,324,3243,Technicians and Trades Workers,Vehicle Painter,principal,Generic,False
331111,Bricklayer (P),P,principal,Generic,Bricklayer,bricklayer,3,33,331,3311,Technicians and Trades Workers,Bricklayer,principal,Generic,True
331111,Blocklayer (A),A,alternative,Generic,Blocklayer,blocklayer,3,33,331,3311,Technicians and Trades Workers,Bricklayer,principal,Generic,False
331111,Arch Builder (S),S,specialisation,Generic,Arch Builder,arch builder,3,33,331,3311,Technicians and Trades Workers,Bricklayer,principal,Generic,False
331111,Chimney Builder (S),S,specialisation,Generic,Chimney Builder,chimney builder,3,33,331,3311,Technicians and Trades Workers,Bricklayer,principal,Generic,False
331111,Refractory Bricklayer (S),S,specialisation,Generic,Refractory Bricklayer,refractory bricklayer,3,33,331,3311,Technicians and Trades Workers,Bricklayer,principal,Generic,False
331111,Retort Setter (Bricklaying) (S),S,specialisation,Generic,Retort Setter (Bricklaying),retort setter bricklaying,3,33,331,3311,Technicians and Trades Workers,Bricklayer,principal,Generic,False
331111,Tuckpointer (S),S,specialisation,Generic,Tuckpointer,tuckpointer,3,33,331,3311,Technicians and Trades Workers,Bricklayer,principal,Generic,False
331112,Stonemason (P),P,principal,Generic,Stonemason,stonemason,3,33,331,3311,Technicians and Trades Workers,Stonemason,principal,Generic,True
331112,Construction Stonemason (S),S,specialisation,Generic,Construction Stonemason,construction stonemason,3,33,331,3311,Technicians and Trades Workers,Stonemason,principal,Generic,False
331112,Monumental Stonemason (S),S,specialisation,Generic,Monumental Stonemason,monumental stonemason,3,33,331,3311,Technicians and Trades Workers,Stonemason,principal,Generic,False
331211,Carpenter and Joiner (P),P,principal,Generic,Carpenter and Joiner,carpenter and joiner,3,33,331,3312,Technicians and Trades Workers,Carpenter and Joiner,principal,Generic,True
331211,Shopfitter (S),S,specialisation,Generic,Shopfitter,shopfitter,3,33,331,3312,Technicians and Trades Workers,Carpenter and Joiner,principal,Generic,False
331212,Carpenter (P),P,principal,Generic,Carpenter,carpenter,3,33,331,3312,Technicians and Trades Workers,Carpenter,principal,Generic,True
331212,Fixing Carpenter (S),S,specialisation,Generic,Fixing Carpenter,fixing carpenter,3,33,331,3312,Technicians and Trades Workers,Carpenter,principal,Generic,False
331212,Formwork Carpenter (S),S,specialisation,Generic,Formwork Carpenter,formwork carpenter,3,33,331,3312,Technicians and Trades Workers,Carpenter,principal,Generic,False
331212,Prop and Scenery Maker (S),S,specialisation,Generic,Prop and Scenery Maker,prop and scenery maker,3,33,331,3312,Technicians and Trades Workers,Carpenter,principal,Generic,False
331213,Joiner (P),P,principal,Generic,Joiner,joiner,3,33,331,3312,Technicians and Trades Workers,Joiner,principal,Generic,True
331213,Joinery Machinist (S),S,specialisation,Generic,Joinery Machinist,joinery machinist,3,33,331,3312,Technicians and Trades Workers,Joiner,principal,Generic,False
331213,Joinery Patternmaker (S),S,specialisation,Generic,Joinery Patternmaker,joinery patternmaker,3,33,331,3312,Technicians and Trades Workers,Joiner,principal,Generic,False
331213,Joinery Setter-out (S),S,specialisation,Generic,Joinery Setter-out,joinery setter out,3,33,331,3312,Technicians and Trades Workers,Joiner,principal,Generic,False
332111,Floor Finisher (P),P,principal,Generic,Floor Finisher,floor finisher,3,33,332,3321,Technicians and Trades Workers,Floor Finisher,principal,Generic,True
332111,Carpet Layer (S),S,specialisation,Generic,Carpet Layer,carpet layer,3,33,332,3321,Technicians and Trades Workers,Floor Finisher,principal,Generic,False
332111,Parquetry Layer (S),S,specialisation,Generic,Parquetry Layer,parquetry layer,3,33,332,3321,Technicians and Trades Workers,Floor Finisher,principal,Generic,False
332211,Painting Trades Worker (P),P,principal,Generic,Painting Trades Worker,painting trades worker,3,33,332,3322,Technicians and Trades Workers,Painting Trades Worker,principal,Generic,True
332211,Paperhanger (S),S,specialisation,Generic,Paperhanger,paperhanger,3,33,332,3322,Technicians and Trades Workers,Painting Trades Worker,principal,Generic,False
333111,Glazier (P),P,principal,Generic,Glazier,glazier,3,33,333,3331,Technicians and Trades Workers,Glazier,principal,Generic,True
333111,Glass Beveller (S),S,specialisation,Generic,Glass Beveller,glass beveller,3,33,333,3331,Technicians and Trades Workers,Glazier,principal,Generic,False
333111,Glass Embosser (S),S,specialisation,Generic,Glass Embosser,glass embosser,3,33,333,3331,Technicians and Trades Workers,Glazier,principal,Generic,False
333111,Glass Etcher (S),S,specialisation,Generic,Glass Etcher,glass etcher,3,33,333,3331,Technicians and Trades Workers,Glazier,principal,Generic,False
333111,Glass Silverer (S),S,specialisation,Generic,Glass Silverer,glass silverer,3,33,333,3331,Technicians and Trades Workers,Glazier,principal,Generic,False
333211,Fibrous Plasterer (P),P,principal,Generic,Fibrous Plasterer,fibrous plasterer,3,33,333,3332,Technicians and Trades Workers,Fibrous Plasterer,principal,Generic,True
333211,Dry Wall Plasterer (S),S,specialisation,Generic,Dry Wall Plasterer,dry wall plasterer,3,33,333,3332,Technicians and Trades Workers,Fibrous Plasterer,principal,Generic,False
333212,Solid Plasterer (P),P,principal,Generic,Solid Plasterer,solid plasterer,3,33,333,3332,Technicians and Trades Workers,Solid Plasterer,principal,Generic,True
333311,Roof Tiler (P),P,principal,Generic,Roof Tiler,roof tiler,3,33,333,3333,Technicians and Trades Workers,Roof Tiler,principal,Generic,True
333311,Roof Fixer (S),S,specialisation,Generic,Roof Fixer,roof fixer,3,33,333,3333,Technicians and Trades Workers,Roof Tiler,principal,Generic,False
333311,Roof Shingler (S),S,specialisation,Generic,Roof Shingler,roof shingler,3,33,333,3333,Technicians and Trades Workers,Roof Tiler,principal,Generic,False
333311,Roof Slater (S),S,specialisation,Generic,Roof Slater,roof slater,3,33,333,3333,Technicians and Trades Workers,Roof Tiler,principal,Generic,False
333411,Wall and Floor Tiler (P),P,principal,Generic,Wall and Floor Tiler,wall and floor tiler,3,33,333,3334,Technicians and Trades Workers,Wall and Floor Tiler,principal,Generic,True
333411,Ceramic Tiler (S),S,specialisation,Generic,Ceramic Tiler,ceramic tiler,3,33,333,3334,Technicians and Trades Workers,Wall and Floor Tiler,principal,Generic,False
333411,Mosaic Tiler (S),S,specialisation,Generic,Mosaic Tiler,mosaic tiler,3,33,333,3334,Technicians and Trades Workers,Wall and Floor Tiler,principal,Generic,False
334111,Plumber (General) (P),P,principal,Generic,Plumber (General),plumber general,3,33,334,3341,Technicians and Trades Workers,Plumber (General),principal,Generic,True
334111,Fire Services Plumber (S),S,specialisation,Generic,Fire Services Plumber,fire services plumber,3,33,334,3341,Technicians and Trades Workers,Plumber (General),principal,Generic,False
334111,Sanitary Plumber (S),S,specialisation,Generic,Sanitary Plumber,sanitary plumber,3,33,334,3341,Technicians and Trades Workers,Plumber (General),principal,Generic,False
334111,Water Plumber (S),S,specialisation,Generic,Water Plumber,water plumber,3,33,334,3341,Technicians and Trades Workers,Plumber (General),principal,Generic,False
334112,Airconditioning and Mechanical Services Plumber (P),P,principal,Generic,Airconditioning and Mechanical Services Plumber,airconditioning and mechanical services plumber,3,33,334,3341,Technicians and Trades Workers,Airconditioning and Mechanical Services Plumber,principal,Generic,True
334112,Ductfixing Plumber (S),S,specialisation,Generic,Ductfixing Plumber,ductfixing plumber,3,33,334,3341,Technicians and Trades Workers,Airconditioning and Mechanical Services Plumber,principal,Generic,False
334113,Drainer (Aus) (P),P,principal,Australia,Drainer,drainer,3,33,334,3341,Technicians and Trades Workers,Drainer,principal,Australia,True
334113,Drainlayer (NZ) (P),P,principal,New Zealand,Drainlayer,drainlayer,3,33,334,3341,Technicians and Trades Workers,Drainer,principal,Australia,False
334113,Septic Tank Installer (S),S,specialisation,Generic,Septic Tank Installer,septic tank installer,3,33,334,3341,Technicians and Trades Workers,Drainer,principal,Australia,False
334114,Gasfitter (P),P,principal,Generic,Gasfitter,gasfitter,3,33,334,3341,Technicians and Trades Workers,Gasfitter,principal,Generic,True
334114,Gas Main and Line Fitter (S),S,specialisation,Generic,Gas Main and Line Fitter,gas main and line fitter,3,33,334,3341,Technicians and Trades Workers,Gasfitter,principal,Generic,False
334114,Liquefied Petroleum Gasfitter (S),S,specialisation,Generic,Liquefied Petroleum Gasfitter,liquefied petroleum gasfitter,3,33,334,3341,Technicians and Trades Workers,Gasfitter,principal,Generic,False
334115,Roof Plumber (P),P,principal,Generic,Roof Plumber,roof plumber,3,33,334,3341,Technicians and Trades Workers,Roof Plumber,principal,Generic,True
334115,Industrial Roof Plumber (S),S,specialisation,Generic,Industrial Roof Plumber,industrial roof plumber,3,33,334,3341,Technicians and Trades Workers,Roof Plumber,principal,Generic,False
341111,Electrician (General) (P),P,principal,Generic,Electrician (General),electrician general,3,34,341,3411,Technicians and Trades Workers,Electrician (General),principal,Generic,True
341111,Electrical Fitter (A),A,alternative,Generic,Electrical Fitter,electrical fitter,3,34,341,3411,Technicians and Trades Workers,Electrician (General),principal,Generic,False
341111,Armature Winder (S),S,specialisation,Generic,Armature Winder,armature winder,3,34,341,3411,Technicians and Trades Workers,Electrician (General),principal,Generic,False
341111,Electrical Contractor (S),S,specialisation,Generic,Electrical Contractor,electrical contractor,3,34,341,3411,Technicians and Trades Workers,Electrician (General),principal,Generic,False
341111,Heavy Coil Winder (S),S,specialisation,Generic,Heavy Coil Winder,heavy coil winder,3,34,341,3411,Technicians and Trades Workers,Electrician (General),principal,Generic,False
341111,Railway Signal Electrician (S),S,specialisation,Generic,Railway Signal Electrician,railway signal electrician,3,34,341,3411,Technicians and Trades Workers,Electrician (General),principal,Generic,False
341112,Electrician (Special Class) (P),P,principal,Generic,Electrician (Special Class),electrician special class,3,34,341,3411,Technicians and Trades Workers,Electrician (Special Class),principal,Generic,True
341113,Lift Mechanic (P),P,principal,Generic,Lift Mechanic,lift mechanic,3,34,341,3411,Technicians and Trades Workers,Lift Mechanic,principal,Generic,True
341113,Lift Electrician (A),A,alternative,Generic,Lift Electrician,lift electrician,3,34,341,3411,Technicians and Trades Workers,Lift Mechanic,principal,Generic,False
342111,Airconditioning and Refrigeration Mechanic (P),P,principal,Generic,Airconditioning and Refrigeration Mechanic,airconditioning and refrigeration mechanic,3,34,342,3421,Technicians and Trades Workers,Airconditioning and Refrigeration Mechanic,principal,Generic,True
342211,Electrical Line Mechanic (NZ) (P),P,principal,New Zealand,Electrical Line Mechanic,electrical line mechanic,3,34,342,3422,Technicians and Trades Workers,Electrical Linesworker,principal,Australia,False
342211,Electrical Linesworker (Aus) (P),P,principal,Australia,Electrical Linesworker,electrical linesworker,3,34,342,3422,Technicians and Trades Workers,Electrical Linesworker,principal,Australia,True
342211,Electrical Line Mechanic (Distribution) (NZ) (S),S,specialisation,New Zealand,Electrical Line Mechanic (Distribution),electrical line mechanic distribution,3,34,342,3422,Technicians and Trades Workers,Electrical Linesworker,principal,Australia,False
342211,Electrical Line Mechanic (Transmission) (NZ) (S),S,specialisation,New Zealand,Electrical Line Mechanic (Transmission),electrical line mechanic transmission,3,34,342,3422,Technicians and Trades Workers,Electrical Linesworker,principal,Australia,False
342211,Electrical Linesworker (Distribution) (Aus) (S),S,specialisation,Australia,Electrical Linesworker (Distribution),electrical linesworker distribution,3,34,342,3422,Technicians and Trades Workers,Electrical Linesworker,principal,Australia,False
342211,Electrical Linesworker (Transmission) (Aus) (S),S,specialisation,Australia,Electrical Linesworker (Transmission),electrical linesworker transmission,3,34,342,3422,Technicians and Trades Workers,Electrical Linesworker,principal,Australia,False
342211,Railway Traction Line Worker (S),S,specialisation,Generic,Railway Traction Line Worker,railway traction line worker,3,34,342,3422,Technicians and Trades Workers,Electrical Linesworker,principal,Australia,False
342212,Technical Cable Jointer (P),P,principal,Generic,Technical Cable Jointer,technical cable jointer,3,34,342,3422,Technicians and Trades Workers,Technical Cable Jointer,principal,Generic,True
342311,Business Machine Mechanic (P),P,principal,Generic,Business Machine Mechanic,business machine mechanic,3,34,342,3423,Technicians and Trades Workers,Business Machine Mechanic,principal,Generic,True
342311,Office Equipment Technician (A),A,alternative,Generic,Office Equipment Technician,office equipment technician,3,34,342,3423,Technicians and Trades Workers,Business Machine Mechanic,principal,Generic,False
342311,Office Machine Technician (A),A,alternative,Generic,Office Machine Technician,office machine technician,3,34,342,3423,Technicians and Trades Workers,Business Machine Mechanic,principal,Generic,False
342311,Photocopier Technician (S),S,specialisation,Generic,Photocopier Technician,photocopier technician,3,34,342,3423,Technicians and Trades Workers,Business Machine Mechanic,principal,Generic,False
342312,Communications Operator (P),P,principal,Generic,Communications Operator,communications operator,3,34,342,3423,Technicians and Trades Workers,Communications Operator,principal,Generic,True
342312,Communication Information Systems Sailor (Navy) (S),S,specialisation,Generic,Communication Information Systems Sailor (Navy),communication information systems sailor navy,3,34,342,3423,Technicians and Trades Workers,Communications Operator,principal,Generic,False
342312,Communications and Information Systems Controller (Air Force) (S),S,specialisation,Generic,Communications and Information Systems Controller (Air Force),communications and information systems controller air force,3,34,342,3423,Technicians and Trades Workers,Communications Operator,principal,Generic,False
342312,Operator Specialist Communications (Army) (S),S,specialisation,Generic,Operator Specialist Communications (Army),operator specialist communications army,3,34,342,3423,Technicians and Trades Workers,Communications Operator,principal,Generic,False
342313,Electronic Equipment Trades Worker (P),P,principal,Generic,Electronic Equipment Trades Worker,electronic equipment trades worker,3,34,342,3423,Technicians and Trades Workers,Electronic Equipment Trades Worker,principal,Generic,True
342313,Audiovisual Technician (S),S,specialisation,Generic,Audiovisual Technician,audiovisual technician,3,34,342,3423,Technicians and Trades Workers,Electronic Equipment Trades Worker,principal,Generic,False
342313,Fire Alarm Technician (S),S,specialisation,Generic,Fire Alarm Technician,fire alarm technician,3,34,342,3423,Technicians and Trades Workers,Electronic Equipment Trades Worker,principal,Generic,False
342313,Home Theatre Technician (S),S,specialisation,Generic,Home Theatre Technician,home theatre technician,3,34,342,3423,Technicians and Trades Workers,Electronic Equipment Trades Worker,principal,Generic,False
342313,Security Technician (S),S,specialisation,Generic,Security Technician,security technician,3,34,342,3423,Technicians and Trades Workers,Electronic Equipment Trades Worker,principal,Generic,False
342313,Video Technician (S),S,specialisation,Generic,Video Technician,video technician,3,34,342,3423,Technicians and Trades Workers,Electronic Equipment Trades Worker,principal,Generic,False
342314,Electronic Instrument Trades Worker (General) (P),P,principal,Generic,Electronic Instrument Trades Worker (General),electronic instrument trades worker general,3,34,342,3423,Technicians and Trades Workers,Electronic Instrument Trades Worker (General),principal,Generic,True
342314,Instrument and Control Service Person (A),A,alternative,Generic,Instrument and Control Service Person,instrument and control service person,3,34,342,3423,Technicians and Trades Workers,Electronic Instrument Trades Worker (General),principal,Generic,False
342314,Communication Electronic Technician (Air Force) (S),S,specialisation,Generic,Communication Electronic Technician (Air Force),communication electronic technician air force,3,34,342,3423,Technicians and Trades Workers,Electronic Instrument Trades Worker (General),principal,Generic,False
342314,Electronic Technician (Navy) (S),S,specialisation,Generic,Electronic Technician (Navy),electronic technician navy,3,34,342,3423,Technicians and Trades Workers,Electronic Instrument Trades Worker (General),principal,Generic,False
342315,Electronic Instrument Trades Worker (Special Class) (P),P,principal,Generic,Electronic Instrument Trades Worker (Special Class),electronic instrument trades worker special class,3,34,342,3423,Technicians and Trades Workers,Electronic Instrument Trades Worker (Special Class),principal,Generic,True
342315,Industrial Measurement and Control Technician (A),A,alternative,Generic,Industrial Measurement and Control Technician,industrial measurement and control technician,3,34,342,3423,Technicians and Trades Workers,Electronic Instrument Trades Worker (Special Class),principal,Generic,False
342411,Cabler (Data and Telecommunications) (P),P,principal,Generic,Cabler (Data and Telecommunications),cabler data and telecommunications,3,34,342,3424,Technicians and Trades Workers,Cabler (Data and Telecommunications),principal,Generic,True
342412,Telecommunications Cable Jointer (P),P,principal,Generic,Telecommunications Cable Jointer,telecommunications cable jointer,3,34,342,3424,Technicians and Trades Workers,Telecommunications Cable Jointer,principal,Generic,True
342412,Fibre Optic Cable Splicer (S),S,specialisation,Generic,Fibre Optic Cable Splicer,fibre optic cable splicer,3,34,342,3424,Technicians and Trades Workers,Telecommunications Cable Jointer,principal,Generic,False
342412,Fibre Optics Jointer (S),S,specialisation,Generic,Fibre Optics Jointer,fibre optics jointer,3,34,342,3424,Technicians and Trades Workers,Telecommunications Cable Jointer,principal,Generic,False
342413,Telecommunications Line Mechanic (NZ) (P),P,principal,New Zealand,Telecommunications Line Mechanic,telecommunications line mechanic,3,34,342,3424,Technicians and Trades Workers,Telecommunications Linesworker,principal,Australia,False
342413,Telecommunications Linesworker (Aus) (P),P,principal,Australia,Telecommunications Linesworker,telecommunications linesworker,3,34,342,3424,Technicians and Trades Workers,Telecommunications Linesworker,principal,Australia,True
342413,Operator Bearer Systems (Army) (S),S,specialisation,Generic,Operator Bearer Systems (Army),operator bearer systems army,3,34,342,3424,Technicians and Trades Workers,Telecommunications Linesworker,principal,Australia,False
342414,Telecommunications Technician (P),P,principal,Generic,Telecommunications Technician,telecommunications technician,3,34,342,3424,Technicians and Trades Workers,Telecommunications Technician,principal,Generic,True
342414,Communications Technician (A),A,alternative,Generic,Communications Technician,communications technician,3,34,342,3424,Technicians and Trades Workers,Telecommunications Technician,principal,Generic,False
342414,Technician Telecommunication Systems (Army) (S),S,specialisation,Generic,Technician Telecommunication Systems (Army),technician telecommunication systems army,3,34,342,3424,Technicians and Trades Workers,Telecommunications Technician,principal,Generic,False
351111,Baker (P),P,principal,Generic,Baker,baker,3,35,351,3511,Technicians and Trades Workers,Baker,principal,Generic,True
351111,Doughmaker (S),S,specialisation,Generic,Doughmaker,doughmaker,3,35,351,3511,Technicians and Trades Workers,Baker,principal,Generic,False
351112,Pastrycook (P),P,principal,Generic,Pastrycook,pastrycook,3,35,351,3511,Technicians and Trades Workers,Pastrycook,principal,Generic,True
351112,Cake Decorator (S),S,specialisation,Generic,Cake Decorator,cake decorator,3,35,351,3511,Technicians and Trades Workers,Pastrycook,principal,Generic,False
351211,Butcher or Smallgoods Maker (P),P,principal,Generic,Butcher or Smallgoods Maker,butcher or smallgoods maker,3,35,351,3512,Technicians and Trades Workers,Butcher or Smallgoods Maker,principal,Generic,True
351311,Chef (P),P,principal,Generic,Chef,chef,3,35,351,3513,Technicians and Trades Workers,Chef,principal,Generic,True
351311,Chef de Partie (S),S,specialisation,Generic,Chef de Partie,chef de partie,3,35,351,3513,Technicians and Trades Workers,Chef,principal,Generic,False
351311,Commis Chef (S),S,specialisation,Generic,Commis Chef,commis chef,3,35,351,3513,Technicians and Trades Workers,Chef,principal,Generic,False
351311,Demi Chef (S),S,specialisation,Generic,Demi Chef,demi chef,3,35,351,3513,Technicians and Trades Workers,Chef,principal,Generic,False
351311,Second Chef (S),S,specialisation,Generic,Second Chef,second chef,3,35,351,3513,Technicians and Trades Workers,Chef,principal,Generic,False
351311,Sous Chef (S),S,specialisation,Generic,Sous Chef,sous chef,3,35,351,3513,Technicians and Trades Workers,Chef,principal,Generic,False
351411,Cook (P),P,principal,Generic,Cook,cook,3,35,351,3514,Technicians and Trades Workers,Cook,principal,Generic,True
361111,Dog Handler or Trainer (P),P,principal,Generic,Dog Handler or Trainer,dog handler or trainer,3,36,361,3611,Technicians and Trades Workers,Dog Handler or Trainer,principal,Generic,True
361112,Horse Trainer (P),P,principal,Generic,Horse Trainer,horse trainer,3,36,361,3611,Technicians and Trades Workers,Horse Trainer,principal,Generic,True
361112,Horse Breaker (S),S,specialisation,Generic,Horse Breaker,horse breaker,3,36,361,3611,Technicians and Trades Workers,Horse Trainer,principal,Generic,False
361113,Pet Groomer (P),P,principal,Generic,Pet Groomer,pet groomer,3,36,361,3611,Technicians and Trades Workers,Pet Groomer,principal,Generic,True
361114,Zookeeper (P),P,principal,Generic,Zookeeper,zookeeper,3,36,361,3611,Technicians and Trades Workers,Zookeeper,principal,Generic,True
361114,Aquarist (S),S,specialisation,Generic,Aquarist,aquarist,3,36,361,3611,Technicians and Trades Workers,Zookeeper,principal,Generic,False
361199,Animal Attendants and Trainers nec (P),P,principal,Generic,Animal Attendants and Trainers nec,animal attendants and trainers nec,3,36,361,3611,Technicians and Trades Workers,Animal Attendants and Trainers nec,principal,Generic,True
361199,Crutching Contractor (N),N,nec_category,Generic,Crutching Contractor,crutching contractor,3,36,361,3611,Technicians and Trades Workers,Animal Attendants and Trainers nec,principal,Generic,False
361199,Kennel Hand (N),N,nec_category,Generic,Kennel Hand,kennel hand,3,36,361,3611,Technicians and Trades Workers,Animal Attendants and Trainers nec,principal,Generic,False
361199,Muleser (N),N,nec_category,Generic,Muleser,muleser,3,36,361,3611,Technicians and Trades Workers,Animal Attendants and Trainers nec,principal,Generic,False
361211,Shearer (P),P,principal,Generic,Shearer,shearer,3,36,361,3612,Technicians and Trades Workers,Shearer,principal,Generic,True
361311,Veterinary Nurse (P),P,principal,Generic,Veterinary Nurse,veterinary nurse,3,36,361,3613,Technicians and Trades Workers,Veterinary Nurse,principal,Generic,True
361311,Animal Nurse (A),A,alternative,Generic,Animal Nurse,animal nurse,3,36,361,3613,Technicians and Trades Workers,Veterinary Nurse,principal,Generic,False
361311,Veterinary Assistant (A),A,alternative,Generic,Veterinary Assistant,veterinary assistant,3,36,361,3613,Technicians and Trades Workers,Veterinary Nurse,principal,Generic,False
362111,Florist (P),P,principal,Generic,Florist,florist,3,36,362,3621,Technicians and Trades Workers,Florist,principal,Generic,True
362211,Gardener (General) (P),P,principal,Generic,Gardener (General),gardener general,3,36,362,3622,Technicians and Trades Workers,Gardener (General),principal,Generic,True
362212,Arborist (P),P,principal,Generic,Arborist,arborist,3,36,362,3622,Technicians and Trades Workers,Arborist,principal,Generic,True
362212,Tree Surgeon (A),A,alternative,Generic,Tree Surgeon,tree surgeon,3,36,362,3622,Technicians and Trades Workers,Arborist,principal,Generic,False
362213,Landscape Gardener (P),P,principal,Generic,Landscape Gardener,landscape gardener,3,36,362,3622,Technicians and Trades Workers,Landscape Gardener,principal,Generic,True
362311,Greenkeeper (P),P,principal,Generic,Greenkeeper,greenkeeper,3,36,362,3623,Technicians and Trades Workers,Greenkeeper,principal,Generic,True
362311,Turf Keeper (A),A,alternative,Generic,Turf Keeper,turf keeper,3,36,362,3623,Technicians and Trades Workers,Greenkeeper,principal,Generic,False
362411,Nurseryperson (P),P,principal,Generic,Nurseryperson,nurseryperson,3,36,362,3624,Technicians and Trades Workers,Nurseryperson,principal,Generic,True
362411,Plant Propagator (S),S,specialisation,Generic,Plant Propagator,plant propagator,3,36,362,3624,Technicians and Trades Workers,Nurseryperson,principal,Generic,False
391111,Hairdresser (P),P,principal,Generic,Hairdresser,hairdresser,3,39,391,3911,Technicians and Trades Workers,Hairdresser,principal,Generic,True
391111,Barber (S),S,specialisation,Generic,Barber,barber,3,39,391,3911,Technicians and Trades Workers,Hairdresser,principal,Generic,False
392111,Print Finisher (P),P,principal,Generic,Print Finisher,print finisher,3,39,392,3921,Technicians and Trades Workers,Print Finisher,principal,Generic,True
392111,Mailhouse Operator (Aus) (S),S,specialisation,Australia,Mailhouse Operator,mailhouse operator,3,39,392,3921,Technicians and Trades Workers,Print Finisher,principal,Generic,False
392111,Paper Guillotine Operator (Bookbinding) (S),S,specialisation,Generic,Paper Guillotine Operator (Bookbinding),paper guillotine operator bookbinding,3,39,392,3921,Technicians and Trades Workers,Print Finisher,principal,Generic,False
392112,Screen Printer (P),P,principal,Generic,Screen Printer,screen printer,3,39,392,3921,Technicians and Trades Workers,Screen Printer,principal,Generic,True
392112,Screen Printing Stencil Preparer (S),S,specialisation,Generic,Screen Printing Stencil Preparer,screen printing stencil preparer,3,39,392,3921,Technicians and Trades Workers,Screen Printer,principal,Generic,False
392112,Textiles Printer (S),S,specialisation,Generic,Textiles Printer,textiles printer,3,39,392,3921,Technicians and Trades Workers,Screen Printer,principal,Generic,False
392211,Graphic Pre-press Trades Worker (P),P,principal,Generic,Graphic Pre-press Trades Worker,graphic pre press trades worker,3,39,392,3922,Technicians and Trades Workers,Graphic Pre-press Trades Worker,principal,Generic,True
392211,Desktop Publishing Operator (S),S,specialisation,Generic,Desktop Publishing Operator,desktop publishing operator,3,39,392,3922,Technicians and Trades Workers,Graphic Pre-press Trades Worker,principal,Generic,False
392311,Printing Machinist (P),P,principal,Generic,Printing Machinist,printing machinist,3,39,392,3923,Technicians and Trades Workers,Printing Machinist,principal,Generic,True
392311,Flexographic Printing Machinist (S),S,specialisation,Generic,Flexographic Printing Machinist,flexographic printing machinist,3,39,392,3923,Technicians and Trades Workers,Printing Machinist,principal,Generic,False
392311,Gravure Printing Machinist (S),S,specialisation,Generic,Gravure Printing Machinist,gravure printing machinist,3,39,392,3923,Technicians and Trades Workers,Printing Machinist,principal,Generic,False
392311,Label Printing Machinist (S),S,specialisation,Generic,Label Printing Machinist,label printing machinist,3,39,392,3923,Technicians and Trades Workers,Printing Machinist,principal,Generic,False
392311,Letterpress Printing Machinist (S),S,specialisation,Generic,Letterpress Printing Machinist,letterpress printing machinist,3,39,392,3923,Technicians and Trades Workers,Printing Machinist,principal,Generic,False
392311,Lithographic Printing Machinist (S),S,specialisation,Generic,Lithographic Printing Machinist,lithographic printing machinist,3,39,392,3923,Technicians and Trades Workers,Printing Machinist,principal,Generic,False
392311,Reel Fed Printer (S),S,specialisation,Generic,Reel Fed Printer,reel fed printer,3,39,392,3923,Technicians and Trades Workers,Printing Machinist,principal,Generic,False
392311,Sheet Fed Printer (S),S,specialisation,Generic,Sheet Fed Printer,sheet fed printer,3,39,392,3923,Technicians and Trades Workers,Printing Machinist,principal,Generic,False
392312,Small Offset Printer (P),P,principal,Generic,Small Offset Printer,small offset printer,3,39,392,3923,Technicians and Trades Workers,Small Offset Printer,principal,Generic,True
392312,Instant Printer Operator (A),A,alternative,Generic,Instant Printer Operator,instant printer operator,3,39,392,3923,Technicians and Trades Workers,Small Offset Printer,principal,Generic,False
392312,Digital Printer (S),S,specialisation,Generic,Digital Printer,digital printer,3,39,392,3923,Technicians and Trades Workers,Small Offset Printer,principal,Generic,False
393111,Canvas Goods Fabricator (P),P,principal,Generic,Canvas Goods Fabricator,canvas goods fabricator,3,39,393,3931,Technicians and Trades Workers,Canvas Goods Fabricator,principal,Generic,True
393111,Canvas Goods Maker (A),A,alternative,Generic,Canvas Goods Maker,canvas goods maker,3,39,393,3931,Technicians and Trades Workers,Canvas Goods Fabricator,principal,Generic,False
393112,Leather Goods Maker (P),P,principal,Generic,Leather Goods Maker,leather goods maker,3,39,393,3931,Technicians and Trades Workers,Leather Goods Maker,principal,Generic,True
393112,Saddler (S),S,specialisation,Generic,Saddler,saddler,3,39,393,3931,Technicians and Trades Workers,Leather Goods Maker,principal,Generic,False
393113,Sail Maker (P),P,principal,Generic,Sail Maker,sail maker,3,39,393,3931,Technicians and Trades Workers,Sail Maker,principal,Generic,True
393114,Shoemaker (P),P,principal,Generic,Shoemaker,shoemaker,3,39,393,3931,Technicians and Trades Workers,Shoemaker,principal,Generic,True
393114,Medical Grade Shoemaker (S),S,specialisation,Generic,Medical Grade Shoemaker,medical grade shoemaker,3,39,393,3931,Technicians and Trades Workers,Shoemaker,principal,Generic,False
393114,Shoe Repairer (S),S,specialisation,Generic,Shoe Repairer,shoe repairer,3,39,393,3931,Technicians and Trades Workers,Shoemaker,principal,Generic,False
393211,Apparel Cutter (P),P,principal,Generic,Apparel Cutter,apparel cutter,3,39,393,3932,Technicians and Trades Workers,Apparel Cutter,principal,Generic,True
393212,Clothing Patternmaker (P),P,principal,Generic,Clothing Patternmaker,clothing patternmaker,3,39,393,3932,Technicians and Trades Workers,Clothing Patternmaker,principal,Generic,True
393212,Pattern Grader (Clothing) (S),S,specialisation,Generic,Pattern Grader (Clothing),pattern grader clothing,3,39,393,3932,Technicians and Trades Workers,Clothing Patternmaker,principal,Generic,False
393212,Patternmaker-Grader (S),S,specialisation,Generic,Patternmaker-Grader,patternmaker grader,3,39,393,3932,Technicians and Trades Workers,Clothing Patternmaker,principal,Generic,False
393213,Dressmaker or Tailor (P),P,principal,Generic,Dressmaker or Tailor,dressmaker or tailor,3,39,393,3932,Technicians and Trades Workers,Dressmaker or Tailor,principal,Generic,True
393213,Costume Maker (S),S,specialisation,Generic,Costume Maker,costume maker,3,39,393,3932,Technicians and Trades Workers,Dressmaker or Tailor,principal,Generic,False
393213,Wardrobe Assistant (S),S,specialisation,Generic,Wardrobe Assistant,wardrobe assistant,3,39,393,3932,Technicians and Trades Workers,Dressmaker or Tailor,principal,Generic,False
393213,Wardrobe Coordinator (S),S,specialisation,Generic,Wardrobe Coordinator,wardrobe coordinator,3,39,393,3932,Technicians and Trades Workers,Dressmaker or Tailor,principal,Generic,False
393299,Clothing Trades Workers nec (P),P,principal,Generic,Clothing Trades Workers nec,clothing trades workers nec,3,39,393,3932,Technicians and Trades Workers,Clothing Trades Workers nec,principal,Generic,True
393299,Fur Cutter (N),N,nec_category,Generic,Fur Cutter,fur cutter,3,39,393,3932,Technicians and Trades Workers,Clothing Trades Workers nec,principal,Generic,False
393299,Fur Matcher (N),N,nec_category,Generic,Fur Matcher,fur matcher,3,39,393,3932,Technicians and Trades Workers,Clothing Trades Workers nec,principal,Generic,False
393299,Furrier (N),N,nec_category,Generic,Furrier,furrier,3,39,393,3932,Technicians and Trades Workers,Clothing Trades Workers nec,principal,Generic,False
393299,Milliner (N),N,nec_category,Generic,Milliner,milliner,3,39,393,3932,Technicians and Trades Workers,Clothing Trades Workers nec,principal,Generic,False
393311,Upholsterer (P),P,principal,Generic,Upholsterer,upholsterer,3,39,393,3933,Technicians and Trades Workers,Upholsterer,principal,Generic,True
393311,Furniture Upholsterer (S),S,specialisation,Generic,Furniture Upholsterer,furniture upholsterer,3,39,393,3933,Technicians and Trades Workers,Upholsterer,principal,Generic,False
393311,Mattress Maker (S),S,specialisation,Generic,Mattress Maker,mattress maker,3,39,393,3933,Technicians and Trades Workers,Upholsterer,principal,Generic,False
394111,Cabinetmaker (P),P,principal,Generic,Cabinetmaker,cabinetmaker,3,39,394,3941,Technicians and Trades Workers,Cabinetmaker,principal,Generic,True
394111,Antique Furniture Reproducer (S),S,specialisation,Generic,Antique Furniture Reproducer,antique furniture reproducer,3,39,394,3941,Technicians and Trades Workers,Cabinetmaker,principal,Generic,False
394111,Antique Furniture Restorer (S),S,specialisation,Generic,Antique Furniture Restorer,antique furniture restorer,3,39,394,3941,Technicians and Trades Workers,Cabinetmaker,principal,Generic,False
394111,Chair and Couch Maker (S),S,specialisation,Generic,Chair and Couch Maker,chair and couch maker,3,39,394,3941,Technicians and Trades Workers,Cabinetmaker,principal,Generic,False
394111,Coffin Maker (S),S,specialisation,Generic,Coffin Maker,coffin maker,3,39,394,3941,Technicians and Trades Workers,Cabinetmaker,principal,Generic,False
394211,Furniture Finisher (P),P,principal,Generic,Furniture Finisher,furniture finisher,3,39,394,3942,Technicians and Trades Workers,Furniture Finisher,principal,Generic,True
394211,French Polisher (S),S,specialisation,Generic,French Polisher,french polisher,3,39,394,3942,Technicians and Trades Workers,Furniture Finisher,principal,Generic,False
394212,Picture Framer (P),P,principal,Generic,Picture Framer,picture framer,3,39,394,3942,Technicians and Trades Workers,Picture Framer,principal,Generic,True
394213,Wood Machinist (P),P,principal,Generic,Wood Machinist,wood machinist,3,39,394,3942,Technicians and Trades Workers,Wood Machinist,principal,Generic,True
394213,Automatic Profile Sander Operator (S),S,specialisation,Generic,Automatic Profile Sander Operator,automatic profile sander operator,3,39,394,3942,Technicians and Trades Workers,Wood Machinist,principal,Generic,False
394213,Copy Lathe Operator (S),S,specialisation,Generic,Copy Lathe Operator,copy lathe operator,3,39,394,3942,Technicians and Trades Workers,Wood Machinist,principal,Generic,False
394213,Edge Bander Operator (S),S,specialisation,Generic,Edge Bander Operator,edge bander operator,3,39,394,3942,Technicians and Trades Workers,Wood Machinist,principal,Generic,False
394213,Jigmaker (Wood) (S),S,specialisation,Generic,Jigmaker (Wood),jigmaker wood,3,39,394,3942,Technicians and Trades Workers,Wood Machinist,principal,Generic,False
394213,Panel Saw Operator (S),S,specialisation,Generic,Panel Saw Operator,panel saw operator,3,39,394,3942,Technicians and Trades Workers,Wood Machinist,principal,Generic,False
394213,Woodworking Machine Setter (S),S,specialisation,Generic,Woodworking Machine Setter,woodworking machine setter,3,39,394,3942,Technicians and Trades Workers,Wood Machinist,principal,Generic,False
394214,Wood Turner (P),P,principal,Generic,Wood Turner,wood turner,3,39,394,3942,Technicians and Trades Workers,Wood Turner,principal,Generic,True
394299,Wood Machinists and Other Wood Trades Workers nec (P),P,principal,Generic,Wood Machinists and Other Wood Trades Workers nec,wood machinists and other wood trades workers nec,3,39,394,3942,Technicians and Trades Workers,Wood Machinists and Other Wood Trades Workers nec,principal,Generic,True
394299,Cane Furniture Maker (N),N,nec_category,Generic,Cane Furniture Maker,cane furniture maker,3,39,394,3942,Technicians and Trades Workers,Wood Machinists and Other Wood Trades Workers nec,principal,Generic,False
394299,Cooper (N),N,nec_category,Generic,Cooper,cooper,3,39,394,3942,Technicians and Trades Workers,Wood Machinists and Other Wood Trades Workers nec,principal,Generic,False
394299,Wood Model Maker (N),N,nec_category,Generic,Wood Model Maker,wood model maker,3,39,394,3942,Technicians and Trades Workers,Wood Machinists and Other Wood Trades Workers nec,principal,Generic,False
399111,Boat Builder and Repairer (P),P,principal,Generic,Boat Builder and Repairer,boat builder and repairer,3,39,399,3991,Technicians and Trades Workers,Boat Builder and Repairer,principal,Generic,True
399111,Composite Boat Builder (S),S,specialisation,Generic,Composite Boat Builder,composite boat builder,3,39,399,3991,Technicians and Trades Workers,Boat Builder and Repairer,principal,Generic,False
399111,Rigger (Boat) (S),S,specialisation,Generic,Rigger (Boat),rigger boat,3,39,399,3991,Technicians and Trades Workers,Boat Builder and Repairer,principal,Generic,False
399111,Sparmaker (S),S,specialisation,Generic,Sparmaker,sparmaker,3,39,399,3991,Technicians and Trades Workers,Boat Builder and Repairer,principal,Generic,False
399111,Wooden Boat Builder (S),S,specialisation,Generic,Wooden Boat Builder,wooden boat builder,3,39,399,3991,Technicians and Trades Workers,Boat Builder and Repairer,principal,Generic,False
399111,Yacht Builder (S),S,specialisation,Generic,Yacht Builder,yacht builder,3,39,399,3991,Technicians and Trades Workers,Boat Builder and Repairer,principal,Generic,False
399112,Shipwright (P),P,principal,Generic,Shipwright,shipwright,3,39,399,3991,Technicians and Trades Workers,Shipwright,principal,Generic,True
399112,Loftsman/woman (Marine) (S),S,specialisation,Generic,Loftsman/woman (Marine),loftsman woman marine,3,39,399,3991,Technicians and Trades Workers,Shipwright,principal,Generic,False
399112,Ship's Carpenter (S),S,specialisation,Generic,Ship's Carpenter,ship s carpenter,3,39,399,3991,Technicians and Trades Workers,Shipwright,principal,Generic,False
399211,Chemical Plant Operator (P),P,principal,Generic,Chemical Plant Operator,chemical plant operator,3,39,399,3992,Technicians and Trades Workers,Chemical Plant Operator,principal,Generic,True
399211,Chemicals Distiller (S),S,specialisation,Generic,Chemicals Distiller,chemicals distiller,3,39,399,3992,Technicians and Trades Workers,Chemical Plant Operator,principal,Generic,False
399211,Chemicals Fermentation Operator (S),S,specialisation,Generic,Chemicals Fermentation Operator,chemicals fermentation operator,3,39,399,3992,Technicians and Trades Workers,Chemical Plant Operator,principal,Generic,False
399211,Industrial Gas Production Operator (S),S,specialisation,Generic,Industrial Gas Production Operator,industrial gas production operator,3,39,399,3992,Technicians and Trades Workers,Chemical Plant Operator,principal,Generic,False
399211,Paint Maker (S),S,specialisation,Generic,Paint Maker,paint maker,3,39,399,3992,Technicians and Trades Workers,Chemical Plant Operator,principal,Generic,False
399211,Pharmaceutical Plant Operator (S),S,specialisation,Generic,Pharmaceutical Plant Operator,pharmaceutical plant operator,3,39,399,3992,Technicians and Trades Workers,Chemical Plant Operator,principal,Generic,False
399211,Pilot Plant Operator (S),S,specialisation,Generic,Pilot Plant Operator,pilot plant operator,3,39,399,3992,Technicians and Trades Workers,Chemical Plant Operator,principal,Generic,False
399212,Gas or Petroleum Operator (P),P,principal,Generic,Gas or Petroleum Operator,gas or petroleum operator,3,39,399,3992,Technicians and Trades Workers,Gas or Petroleum Operator,principal,Generic,True
399212,Oil and Gas Well Treatment Operator (A),A,alternative,Generic,Oil and Gas Well Treatment Operator,oil and gas well treatment operator,3,39,399,3992,Technicians and Trades Workers,Gas or Petroleum Operator,principal,Generic,False
399212,"Oil, Gas and Pipe Tester (A)",A,alternative,Generic,"Oil, Gas and Pipe Tester",oil gas and pipe tester,3,39,399,3992,Technicians and Trades Workers,Gas or Petroleum Operator,principal,Generic,False
399212,Petroleum and Gas Refining and Pumping Operator (A),A,alternative,Generic,Petroleum and Gas Refining and Pumping Operator,petroleum and gas refining and pumping operator,3,39,399,3992,Technicians and Trades Workers,Gas or Petroleum Operator,principal,Generic,False
399212,Gas Compressor Turbine Operator (S),S,specialisation,Generic,Gas Compressor Turbine Operator,gas compressor turbine operator,3,39,399,3992,Technicians and Trades Workers,Gas or Petroleum Operator,principal,Generic,False
399212,Petroleum Blending Plant Operator (S),S,specialisation,Generic,Petroleum Blending Plant Operator,petroleum blending plant operator,3,39,399,3992,Technicians and Trades Workers,Gas or Petroleum Operator,principal,Generic,False
399212,Petroleum Terminal Plant Operator (S),S,specialisation,Generic,Petroleum Terminal Plant Operator,petroleum terminal plant operator,3,39,399,3992,Technicians and Trades Workers,Gas or Petroleum Operator,principal,Generic,False
399212,Refinery Pipeline Operator (S),S,specialisation,Generic,Refinery Pipeline Operator,refinery pipeline operator,3,39,399,3992,Technicians and Trades Workers,Gas or Petroleum Operator,principal,Generic,False
399213,Power Generation Plant Operator (P),P,principal,Generic,Power Generation Plant Operator,power generation plant operator,3,39,399,3992,Technicians and Trades Workers,Power Generation Plant Operator,principal,Generic,True
399213,Hydro-electric Station Operator (S),S,specialisation,Generic,Hydro-electric Station Operator,hydro electric station operator,3,39,399,3992,Technicians and Trades Workers,Power Generation Plant Operator,principal,Generic,False
399213,Power Generation Turbine Room Operator (S),S,specialisation,Generic,Power Generation Turbine Room Operator,power generation turbine room operator,3,39,399,3992,Technicians and Trades Workers,Power Generation Plant Operator,principal,Generic,False
399311,Gallery or Museum Technician (P),P,principal,Generic,Gallery or Museum Technician,gallery or museum technician,3,39,399,3993,Technicians and Trades Workers,Gallery or Museum Technician,principal,Generic,True
399311,Taxidermist (S),S,specialisation,Generic,Taxidermist,taxidermist,3,39,399,3993,Technicians and Trades Workers,Gallery or Museum Technician,principal,Generic,False
399312,Library Technician (P),P,principal,Generic,Library Technician,library technician,3,39,399,3993,Technicians and Trades Workers,Library Technician,principal,Generic,True
399411,Jeweller (P),P,principal,Generic,Jeweller,jeweller,3,39,399,3994,Technicians and Trades Workers,Jeweller,principal,Generic,True
399411,Diamond Cutter (S),S,specialisation,Generic,Diamond Cutter,diamond cutter,3,39,399,3994,Technicians and Trades Workers,Jeweller,principal,Generic,False
399411,Faceter (S),S,specialisation,Generic,Faceter,faceter,3,39,399,3994,Technicians and Trades Workers,Jeweller,principal,Generic,False
399411,Gem Setter (S),S,specialisation,Generic,Gem Setter,gem setter,3,39,399,3994,Technicians and Trades Workers,Jeweller,principal,Generic,False
399411,Goldsmith (S),S,specialisation,Generic,Goldsmith,goldsmith,3,39,399,3994,Technicians and Trades Workers,Jeweller,principal,Generic,False
399411,Lapidary (S),S,specialisation,Generic,Lapidary,lapidary,3,39,399,3994,Technicians and Trades Workers,Jeweller,principal,Generic,False
399411,Opal Polisher (S),S,specialisation,Generic,Opal Polisher,opal polisher,3,39,399,3994,Technicians and Trades Workers,Jeweller,principal,Generic,False
399411,Ring Maker (S),S,specialisation,Generic,Ring Maker,ring maker,3,39,399,3994,Technicians and Trades Workers,Jeweller,principal,Generic,False
399411,Silversmith (S),S,specialisation,Generic,Silversmith,silversmith,3,39,399,3994,Technicians and Trades Workers,Jeweller,principal,Generic,False
399511,Broadcast Transmitter Operator (P),P,principal,Generic,Broadcast Transmitter Operator,broadcast transmitter operator,3,39,399,3995,Technicians and Trades Workers,Broadcast Transmitter Operator,principal,Generic,True
399512,"Camera Operator (Film, Television or Video) (P)",P,principal,Generic,"Camera Operator (Film, Television or Video)",camera operator film television or video,3,39,399,3995,Technicians and Trades Workers,"Camera Operator (Film, Television or Video)",principal,Generic,True
399512,Focus Puller (Film) (S),S,specialisation,Generic,Focus Puller (Film),focus puller film,3,39,399,3995,Technicians and Trades Workers,"Camera Operator (Film, Television or Video)",principal,Generic,False
399513,Light Technician (P),P,principal,Generic,Light Technician,light technician,3,39,399,3995,Technicians and Trades Workers,Light Technician,principal,Generic,True
399514,Make Up Artist (P),P,principal,Generic,Make Up Artist,make up artist,3,39,399,3995,Technicians and Trades Workers,Make Up Artist,principal,Generic,True
399515,Musical Instrument Maker or Repairer (P),P,principal,Generic,Musical Instrument Maker or Repairer,musical instrument maker or repairer,3,39,399,3995,Technicians and Trades Workers,Musical Instrument Maker or Repairer,principal,Generic,True
399515,Piano Tuner (S),S,specialisation,Generic,Piano Tuner,piano tuner,3,39,399,3995,Technicians and Trades Workers,Musical Instrument Maker or Repairer,principal,Generic,False
399516,Sound Technician (P),P,principal,Generic,Sound Technician,sound technician,3,39,399,3995,Technicians and Trades Workers,Sound Technician,principal,Generic,True
399516,Audio Operator (S),S,specialisation,Generic,Audio Operator,audio operator,3,39,399,3995,Technicians and Trades Workers,Sound Technician,principal,Generic,False
399516,Dubbing Machine Operator (S),S,specialisation,Generic,Dubbing Machine Operator,dubbing machine operator,3,39,399,3995,Technicians and Trades Workers,Sound Technician,principal,Generic,False
399516,Foley Artist (S),S,specialisation,Generic,Foley Artist,foley artist,3,39,399,3995,Technicians and Trades Workers,Sound Technician,principal,Generic,False
399516,Re-recording Mixer (S),S,specialisation,Generic,Re-recording Mixer,re recording mixer,3,39,399,3995,Technicians and Trades Workers,Sound Technician,principal,Generic,False
399516,Sound Editor (S),S,specialisation,Generic,Sound Editor,sound editor,3,39,399,3995,Technicians and Trades Workers,Sound Technician,principal,Generic,False
399516,Sound Effects Person (S),S,specialisation,Generic,Sound Effects Person,sound effects person,3,39,399,3995,Technicians and Trades Workers,Sound Technician,principal,Generic,False
399516,Sound Mixer (S),S,specialisation,Generic,Sound Mixer,sound mixer,3,39,399,3995,Technicians and Trades Workers,Sound Technician,principal,Generic,False
399516,Sound Recordist (S),S,specialisation,Generic,Sound Recordist,sound recordist,3,39,399,3995,Technicians and Trades Workers,Sound Technician,principal,Generic,False
399516,Video and Sound Recorder (S),S,specialisation,Generic,Video and Sound Recorder,video and sound recorder,3,39,399,3995,Technicians and Trades Workers,Sound Technician,principal,Generic,False
399517,Television Equipment Operator (P),P,principal,Generic,Television Equipment Operator,television equipment operator,3,39,399,3995,Technicians and Trades Workers,Television Equipment Operator,principal,Generic,True
399517,Vision Mixer (S),S,specialisation,Generic,Vision Mixer,vision mixer,3,39,399,3995,Technicians and Trades Workers,Television Equipment Operator,principal,Generic,False
399599,Performing Arts Technicians nec (P),P,principal,Generic,Performing Arts Technicians nec,performing arts technicians nec,3,39,399,3995,Technicians and Trades Workers,Performing Arts Technicians nec,principal,Generic,True
399599,Continuity Person (N),N,nec_category,Generic,Continuity Person,continuity person,3,39,399,3995,Technicians and Trades Workers,Performing Arts Technicians nec,principal,Generic,False
399599,Microphone Boom Operator (N),N,nec_category,Generic,Microphone Boom Operator,microphone boom operator,3,39,399,3995,Technicians and Trades Workers,Performing Arts Technicians nec,principal,Generic,False
399599,Performing Arts Road Manager (N),N,nec_category,Generic,Performing Arts Road Manager,performing arts road manager,3,39,399,3995,Technicians and Trades Workers,Performing Arts Technicians nec,principal,Generic,False
399599,Special Effects Person (N),N,nec_category,Generic,Special Effects Person,special effects person,3,39,399,3995,Technicians and Trades Workers,Performing Arts Technicians nec,principal,Generic,False
399599,Theatrical Dresser (N),N,nec_category,Generic,Theatrical Dresser,theatrical dresser,3,39,399,3995,Technicians and Trades Workers,Performing Arts Technicians nec,principal,Generic,False
399611,Signwriter (P),P,principal,Generic,Signwriter,signwriter,3,39,399,3996,Technicians and Trades Workers,Signwriter,principal,Generic,True
399611,Sign Manufacturer (S),S,specialisation,Generic,Sign Manufacturer,sign manufacturer,3,39,399,3996,Technicians and Trades Workers,Signwriter,principal,Generic,False
399911,Diver (P),P,principal,Generic,Diver,diver,3,39,399,3999,Technicians and Trades Workers,Diver,principal,Generic,True
399911,Abalone Diver (S),S,specialisation,Generic,Abalone Diver,abalone diver,3,39,399,3999,Technicians and Trades Workers,Diver,principal,Generic,False
399911,Clearance Diver (Navy) (S),S,specialisation,Generic,Clearance Diver (Navy),clearance diver navy,3,39,399,3999,Technicians and Trades Workers,Diver,principal,Generic,False
399911,Fisheries Diver (S),S,specialisation,Generic,Fisheries Diver,fisheries diver,3,39,399,3999,Technicians and Trades Workers,Diver,principal,Generic,False
399911,Hyperbaric Welder Diver (S),S,specialisation,Generic,Hyperbaric Welder Diver,hyperbaric welder diver,3,39,399,3999,Technicians and Trades Workers,Diver,principal,Generic,False
399911,Offshore Diver (S),S,specialisation,Generic,Offshore Diver,offshore diver,3,39,399,3999,Technicians and Trades Workers,Diver,principal,Generic,False
399911,Onshore Diver (S),S,specialisation,Generic,Onshore Diver,onshore diver,3,39,399,3999,Technicians and Trades Workers,Diver,principal,Generic,False
399911,Pearl Diver (S),S,specialisation,Generic,Pearl Diver,pearl diver,3,39,399,3999,Technicians and Trades Workers,Diver,principal,Generic,False
399911,Saturation Diver (S),S,specialisation,Generic,Saturation Diver,saturation diver,3,39,399,3999,Technicians and Trades Workers,Diver,principal,Generic,False
399911,Scientific Diver (S),S,specialisation,Generic,Scientific Diver,scientific diver,3,39,399,3999,Technicians and Trades Workers,Diver,principal,Generic,False
399912,Interior Decorator (P),P,principal,Generic,Interior Decorator,interior decorator,3,39,399,3999,Technicians and Trades Workers,Interior Decorator,principal,Generic,True
399913,Dispensing Optician (NZ) (P),P,principal,New Zealand,Dispensing Optician,dispensing optician,3,39,399,3999,Technicians and Trades Workers,Optical Dispenser,principal,Australia,False
399913,Optical Dispenser (Aus) (P),P,principal,Australia,Optical Dispenser,optical dispenser,3,39,399,3999,Technicians and Trades Workers,Optical Dispenser,principal,Australia,True
399914,Optical Mechanic (P),P,principal,Generic,Optical Mechanic,optical mechanic,3,39,399,3999,Technicians and Trades Workers,Optical Mechanic,principal,Generic,True
399915,Photographer's Assistant (P),P,principal,Generic,Photographer's Assistant,photographer s assistant,3,39,399,3999,Technicians and Trades Workers,Photographer's Assistant,principal,Generic,True
399916,Plastics Technician (P),P,principal,Generic,Plastics Technician,plastics technician,3,39,399,3999,Technicians and Trades Workers,Plastics Technician,principal,Generic,True
399916,Plastics Fitter (A),A,alternative,Generic,Plastics Fitter,plastics fitter,3,39,399,3999,Technicians and Trades Workers,Plastics Technician,principal,Generic,False
399917,Wool Classer (P),P,principal,Generic,Wool Classer,wool classer,3,39,399,3999,Technicians and Trades Workers,Wool Classer,principal,Generic,True
399918,Fire Protection Equipment Technician (P),P,principal,Generic,Fire Protection Equipment Technician,fire protection equipment technician,3,39,399,3999,Technicians and Trades Workers,Fire Protection Equipment Technician,principal,Generic,True
399918,Fire Extinguisher Technician (S),S,specialisation,Generic,Fire Extinguisher Technician,fire extinguisher technician,3,39,399,3999,Technicians and Trades Workers,Fire Protection Equipment Technician,principal,Generic,False
399999,Technicians and Trades Workers nec (P),P,principal,Generic,Technicians and Trades Workers nec,technicians and trades workers nec,3,39,399,3999,Technicians and Trades Workers,Technicians and Trades Workers nec,principal,Generic,True
399999,Airborne Electronics Analyst (Air Force) (N),N,nec_category,Generic,Airborne Electronics Analyst (Air Force),airborne electronics analyst air force,3,39,399,3999,Technicians and Trades Workers,Technicians and Trades Workers nec,principal,Generic,False
399999,Architectural Model Maker (N),N,nec_category,Generic,Architectural Model Maker,architectural model maker,3,39,399,3999,Technicians and Trades Workers,Technicians and Trades Workers nec,principal,Generic,False
399999,Canoe Maker (N),N,nec_category,Generic,Canoe Maker,canoe maker,3,39,399,3999,Technicians and Trades Workers,Technicians and Trades Workers nec,principal,Generic,False
399999,Glass Blower (N),N,nec_category,Generic,Glass Blower,glass blower,3,39,399,3999,Technicians and Trades Workers,Technicians and Trades Workers nec,principal,Generic,False
399999,Hide and Skin Classer (N),N,nec_category,Generic,Hide and Skin Classer,hide and skin classer,3,39,399,3999,Technicians and Trades Workers,Technicians and Trades Workers nec,principal,Generic,False
399999,Kayak Maker (N),N,nec_category,Generic,Kayak Maker,kayak maker,3,39,399,3999,Technicians and Trades Workers,Technicians and Trades Workers nec,principal,Generic,False
399999,Milking Machine Technician (N),N,nec_category,Generic,Milking Machine Technician,milking machine technician,3,39,399,3999,Technicians and Trades Workers,Technicians and Trades Workers nec,principal,Generic,False
399999,Parachute Rigger (N),N,nec_category,Generic,Parachute Rigger,parachute rigger,3,39,399,3999,Technicians and Trades Workers,Technicians and Trades Workers nec,principal,Generic,False
399999,Pearl Technician (N),N,nec_category,Generic,Pearl Technician,pearl technician,3,39,399,3999,Technicians and Trades Workers,Technicians and Trades Workers nec,principal,Generic,False
399999,Pyrotechnician (N),N,nec_category,Generic,Pyrotechnician,pyrotechnician,3,39,399,3999,Technicians and Trades Workers,Technicians and Trades Workers nec,principal,Generic,False
399999,Surfboard Maker (N),N,nec_category,Generic,Surfboard Maker,surfboard maker,3,39,399,3999,Technicians and Trades Workers,Technicians and Trades Workers nec,principal,Generic,False
411111,Ambulance Officer (P),P,principal,Generic,Ambulance Officer,ambulance officer,4,41,411,4111,Community and Personal Service Workers,Ambulance Officer,principal,Generic,True
411111,Paramedic (Aus) (A),A,alternative,Australia,Paramedic,paramedic,4,41,411,4111,Community and Personal Service Workers,Ambulance Officer,principal,Generic,False
411111,Patient Transport Officer (Aus) (S),S,specialisation,Australia,Patient Transport Officer,patient transport officer,4,41,411,4111,Community and Personal Service Workers,Ambulance Officer,principal,Generic,False
411112,Ambulance Paramedic (NZ) (P),P,principal,New Zealand,Ambulance Paramedic,ambulance paramedic,4,41,411,4111,Community and Personal Service Workers,Intensive Care Ambulance Paramedic,principal,Australia,False
411112,Intensive Care Ambulance Paramedic (Aus) (P),P,principal,Australia,Intensive Care Ambulance Paramedic,intensive care ambulance paramedic,4,41,411,4111,Community and Personal Service Workers,Intensive Care Ambulance Paramedic,principal,Australia,True
411211,Dental Hygienist (P),P,principal,Generic,Dental Hygienist,dental hygienist,4,41,411,4112,Community and Personal Service Workers,Dental Hygienist,principal,Generic,True
411212,Dental Prosthetist (P),P,principal,Generic,Dental Prosthetist,dental prosthetist,4,41,411,4112,Community and Personal Service Workers,Dental Prosthetist,principal,Generic,True
411212,Clinical Dental Technician (A),A,alternative,Generic,Clinical Dental Technician,clinical dental technician,4,41,411,4112,Community and Personal Service Workers,Dental Prosthetist,principal,Generic,False
411213,Dental Technician (P),P,principal,Generic,Dental Technician,dental technician,4,41,411,4112,Community and Personal Service Workers,Dental Technician,principal,Generic,True
411213,Dental Laboratory Assistant (S),S,specialisation,Generic,Dental Laboratory Assistant,dental laboratory assistant,4,41,411,4112,Community and Personal Service Workers,Dental Technician,principal,Generic,False
411214,Dental Therapist (P),P,principal,Generic,Dental Therapist,dental therapist,4,41,411,4112,Community and Personal Service Workers,Dental Therapist,principal,Generic,True
411214,Oral Health Therapist (S),S,specialisation,Generic,Oral Health Therapist,oral health therapist,4,41,411,4112,Community and Personal Service Workers,Dental Therapist,principal,Generic,False
411311,Diversional Therapist (P),P,principal,Generic,Diversional Therapist,diversional therapist,4,41,411,4113,Community and Personal Service Workers,Diversional Therapist,principal,Generic,True
411311,Recreational Therapist (A),A,alternative,Generic,Recreational Therapist,recreational therapist,4,41,411,4113,Community and Personal Service Workers,Diversional Therapist,principal,Generic,False
411311,Activities Coordinator (S),S,specialisation,Generic,Activities Coordinator,activities coordinator,4,41,411,4113,Community and Personal Service Workers,Diversional Therapist,principal,Generic,False
411311,Activities Officer (S),S,specialisation,Generic,Activities Officer,activities officer,4,41,411,4113,Community and Personal Service Workers,Diversional Therapist,principal,Generic,False
411411,Enrolled Nurse (P),P,principal,Generic,Enrolled Nurse,enrolled nurse,4,41,411,4114,Community and Personal Service Workers,Enrolled Nurse,principal,Generic,True
411411,Nursing Assistant (NZ) (A),A,alternative,New Zealand,Nursing Assistant,nursing assistant,4,41,411,4114,Community and Personal Service Workers,Enrolled Nurse,principal,Generic,False
411411,Medical Assistant (Defence) (S),S,specialisation,Generic,Medical Assistant (Defence),medical assistant defence,4,41,411,4114,Community and Personal Service Workers,Enrolled Nurse,principal,Generic,False
411412,Mothercraft Nurse (P),P,principal,Generic,Mothercraft Nurse,mothercraft nurse,4,41,411,4114,Community and Personal Service Workers,Mothercraft Nurse,principal,Generic,True
411511,Aboriginal and Torres Strait Islander Health Worker (P),P,principal,Generic,Aboriginal and Torres Strait Islander Health Worker,aboriginal and torres strait islander health worker,4,41,411,4115,Community and Personal Service Workers,Aboriginal and Torres Strait Islander Health Worker,principal,Generic,True
411512,Kaiawhina (Hauora) (Maori Health Assistant) (P),P,principal,Generic,Kaiawhina (Hauora) (Maori Health Assistant),kaiawhina hauora maori health assistant,4,41,411,4115,Community and Personal Service Workers,Kaiawhina (Hauora) (Maori Health Assistant),principal,Generic,True
411611,Massage Therapist (P),P,principal,Generic,Massage Therapist,massage therapist,4,41,411,4116,Community and Personal Service Workers,Massage Therapist,principal,Generic,True
411611,Chinese (Tui-Na) Masseur (S),S,specialisation,Generic,Chinese (Tui-Na) Masseur,chinese tui na masseur,4,41,411,4116,Community and Personal Service Workers,Massage Therapist,principal,Generic,False
411611,Remedial Masseur (S),S,specialisation,Generic,Remedial Masseur,remedial masseur,4,41,411,4116,Community and Personal Service Workers,Massage Therapist,principal,Generic,False
411611,Shiatsu Therapist (S),S,specialisation,Generic,Shiatsu Therapist,shiatsu therapist,4,41,411,4116,Community and Personal Service Workers,Massage Therapist,principal,Generic,False
411611,Sports Medicine Masseur (S),S,specialisation,Generic,Sports Medicine Masseur,sports medicine masseur,4,41,411,4116,Community and Personal Service Workers,Massage Therapist,principal,Generic,False
411711,Community Worker (P),P,principal,Generic,Community Worker,community worker,4,41,411,4117,Community and Personal Service Workers,Community Worker,principal,Generic,True
411711,Community Development Officer (S),S,specialisation,Generic,Community Development Officer,community development officer,4,41,411,4117,Community and Personal Service Workers,Community Worker,principal,Generic,False
411711,Community Support Worker (S),S,specialisation,Generic,Community Support Worker,community support worker,4,41,411,4117,Community and Personal Service Workers,Community Worker,principal,Generic,False
411711,Housing Officer (S),S,specialisation,Generic,Housing Officer,housing officer,4,41,411,4117,Community and Personal Service Workers,Community Worker,principal,Generic,False
411712,Disabilities Services Officer (P),P,principal,Generic,Disabilities Services Officer,disabilities services officer,4,41,411,4117,Community and Personal Service Workers,Disabilities Services Officer,principal,Generic,True
411713,Family Support Worker (P),P,principal,Generic,Family Support Worker,family support worker,4,41,411,4117,Community and Personal Service Workers,Family Support Worker,principal,Generic,True
411714,Parole or Probation Officer (P),P,principal,Generic,Parole or Probation Officer,parole or probation officer,4,41,411,4117,Community and Personal Service Workers,Parole or Probation Officer,principal,Generic,True
411715,Residential Care Officer (P),P,principal,Generic,Residential Care Officer,residential care officer,4,41,411,4117,Community and Personal Service Workers,Residential Care Officer,principal,Generic,True
411716,Youth Worker (P),P,principal,Generic,Youth Worker,youth worker,4,41,411,4117,Community and Personal Service Workers,Youth Worker,principal,Generic,True
411716,Youth Officer (A),A,alternative,Generic,Youth Officer,youth officer,4,41,411,4117,Community and Personal Service Workers,Youth Worker,principal,Generic,False
411716,Youth Support Worker (A),A,alternative,Generic,Youth Support Worker,youth support worker,4,41,411,4117,Community and Personal Service Workers,Youth Worker,principal,Generic,False
411716,Juvenile Justice Officer (S),S,specialisation,Generic,Juvenile Justice Officer,juvenile justice officer,4,41,411,4117,Community and Personal Service Workers,Youth Worker,principal,Generic,False
411716,Youth Accommodation Support Worker (S),S,specialisation,Generic,Youth Accommodation Support Worker,youth accommodation support worker,4,41,411,4117,Community and Personal Service Workers,Youth Worker,principal,Generic,False
411716,Youth Liaison Officer (S),S,specialisation,Generic,Youth Liaison Officer,youth liaison officer,4,41,411,4117,Community and Personal Service Workers,Youth Worker,principal,Generic,False
421111,Child Care Worker (P),P,principal,Generic,Child Care Worker,child care worker,4,42,421,4211,Community and Personal Service Workers,Child Care Worker,principal,Generic,True
421111,Child Care Aide (A),A,alternative,Generic,Child Care Aide,child care aide,4,42,421,4211,Community and Personal Service Workers,Child Care Worker,principal,Generic,False
421111,Child Care Group Leader (Aus) (S),S,specialisation,Australia,Child Care Group Leader,child care group leader,4,42,421,4211,Community and Personal Service Workers,Child Care Worker,principal,Generic,False
421111,Children's Nursery Assistant (S),S,specialisation,Generic,Children's Nursery Assistant,children s nursery assistant,4,42,421,4211,Community and Personal Service Workers,Child Care Worker,principal,Generic,False
421111,Creche Attendant (S),S,specialisation,Generic,Creche Attendant,creche attendant,4,42,421,4211,Community and Personal Service Workers,Child Care Worker,principal,Generic,False
421112,Family Day Care Worker (P),P,principal,Generic,Family Day Care Worker,family day care worker,4,42,421,4211,Community and Personal Service Workers,Family Day Care Worker,principal,Generic,True
421112,Family Day Carer (A),A,alternative,Generic,Family Day Carer,family day carer,4,42,421,4211,Community and Personal Service Workers,Family Day Care Worker,principal,Generic,False
421113,Nanny (P),P,principal,Generic,Nanny,nanny,4,42,421,4211,Community and Personal Service Workers,Nanny,principal,Generic,True
421113,Governess (S),S,specialisation,Generic,Governess,governess,4,42,421,4211,Community and Personal Service Workers,Nanny,principal,Generic,False
421114,Out of School Hours Care Worker (P),P,principal,Generic,Out of School Hours Care Worker,out of school hours care worker,4,42,421,4211,Community and Personal Service Workers,Out of School Hours Care Worker,principal,Generic,True
422111,Aboriginal and Torres Strait Islander Education Worker (P),P,principal,Generic,Aboriginal and Torres Strait Islander Education Worker,aboriginal and torres strait islander education worker,4,42,422,4221,Community and Personal Service Workers,Aboriginal and Torres Strait Islander Education Worker,principal,Generic,True
422111,Aboriginal Education Worker Coordinator (S),S,specialisation,Generic,Aboriginal Education Worker Coordinator,aboriginal education worker coordinator,4,42,422,4221,Community and Personal Service Workers,Aboriginal and Torres Strait Islander Education Worker,principal,Generic,False
422111,Aboriginal Home-School Liaison Officer (S),S,specialisation,Generic,Aboriginal Home-School Liaison Officer,aboriginal home school liaison officer,4,42,422,4221,Community and Personal Service Workers,Aboriginal and Torres Strait Islander Education Worker,principal,Generic,False
422112,Integration Aide (P),P,principal,Generic,Integration Aide,integration aide,4,42,422,4221,Community and Personal Service Workers,Integration Aide,principal,Generic,True
422113,Kaiawhina Kohanga Reo (Maori Language Nest Assistant) (P),P,principal,Generic,Kaiawhina Kohanga Reo (Maori Language Nest Assistant),kaiawhina kohanga reo maori language nest assistant,4,42,422,4221,Community and Personal Service Workers,Kaiawhina Kohanga Reo (Maori Language Nest Assistant),principal,Generic,True
422114,Kaiawhina Kura Kaupapa Maori (Maori-medium School Assistant) (P),P,principal,Generic,Kaiawhina Kura Kaupapa Maori (Maori-medium School Assistant),kaiawhina kura kaupapa maori maori medium school assistant,4,42,422,4221,Community and Personal Service Workers,Kaiawhina Kura Kaupapa Maori (Maori-medium School Assistant),principal,Generic,True
422115,Preschool Aide (P),P,principal,Generic,Preschool Aide,preschool aide,4,42,422,4221,Community and Personal Service Workers,Preschool Aide,principal,Generic,True
422115,Kindergarten Assistant (S),S,specialisation,Generic,Kindergarten Assistant,kindergarten assistant,4,42,422,4221,Community and Personal Service Workers,Preschool Aide,principal,Generic,False
422116,Teachers' Aide (P),P,principal,Generic,Teachers' Aide,teachers aide,4,42,422,4221,Community and Personal Service Workers,Teachers' Aide,principal,Generic,True
422116,School Services Officer (S),S,specialisation,Generic,School Services Officer,school services officer,4,42,422,4221,Community and Personal Service Workers,Teachers' Aide,principal,Generic,False
422116,Student Liaison Officer (S),S,specialisation,Generic,Student Liaison Officer,student liaison officer,4,42,422,4221,Community and Personal Service Workers,Teachers' Aide,principal,Generic,False
422116,Teachers' Assistant (S),S,specialisation,Generic,Teachers' Assistant,teachers assistant,4,42,422,4221,Community and Personal Service Workers,Teachers' Aide,principal,Generic,False
423111,Aged or Disabled Carer (P),P,principal,Generic,Aged or Disabled Carer,aged or disabled carer,4,42,423,4231,Community and Personal Service Workers,Aged or Disabled Carer,principal,Generic,True
423111,Aged or Disabled Care Worker (A),A,alternative,Generic,Aged or Disabled Care Worker,aged or disabled care worker,4,42,423,4231,Community and Personal Service Workers,Aged or Disabled Carer,principal,Generic,False
423111,Personal Care Worker (A),A,alternative,Generic,Personal Care Worker,personal care worker,4,42,423,4231,Community and Personal Service Workers,Aged or Disabled Carer,principal,Generic,False
423111,Personal Carer (A),A,alternative,Generic,Personal Carer,personal carer,4,42,423,4231,Community and Personal Service Workers,Aged or Disabled Carer,principal,Generic,False
423211,Dental Assistant (P),P,principal,Generic,Dental Assistant,dental assistant,4,42,423,4232,Community and Personal Service Workers,Dental Assistant,principal,Generic,True
423211,Dental Chairside Assistant (A),A,alternative,Generic,Dental Chairside Assistant,dental chairside assistant,4,42,423,4232,Community and Personal Service Workers,Dental Assistant,principal,Generic,False
423211,Dental Nurse (A),A,alternative,Generic,Dental Nurse,dental nurse,4,42,423,4232,Community and Personal Service Workers,Dental Assistant,principal,Generic,False
423311,Hospital Orderly (P),P,principal,Generic,Hospital Orderly,hospital orderly,4,42,423,4233,Community and Personal Service Workers,Hospital Orderly,principal,Generic,True
423311,Patient Services Assistant (A),A,alternative,Generic,Patient Services Assistant,patient services assistant,4,42,423,4233,Community and Personal Service Workers,Hospital Orderly,principal,Generic,False
423311,Wardsperson (A),A,alternative,Generic,Wardsperson,wardsperson,4,42,423,4233,Community and Personal Service Workers,Hospital Orderly,principal,Generic,False
423312,Nursing Support Worker (P),P,principal,Generic,Nursing Support Worker,nursing support worker,4,42,423,4233,Community and Personal Service Workers,Nursing Support Worker,principal,Generic,True
423312,Assistant in Nursing (A),A,alternative,Generic,Assistant in Nursing,assistant in nursing,4,42,423,4233,Community and Personal Service Workers,Nursing Support Worker,principal,Generic,False
423312,Nurses' Aide (NZ) (A),A,alternative,New Zealand,Nurses' Aide,nurses aide,4,42,423,4233,Community and Personal Service Workers,Nursing Support Worker,principal,Generic,False
423312,Paramedical Aide (S),S,specialisation,Generic,Paramedical Aide,paramedical aide,4,42,423,4233,Community and Personal Service Workers,Nursing Support Worker,principal,Generic,False
423313,Personal Care Assistant (P),P,principal,Generic,Personal Care Assistant,personal care assistant,4,42,423,4233,Community and Personal Service Workers,Personal Care Assistant,principal,Generic,True
423314,Therapy Aide (P),P,principal,Generic,Therapy Aide,therapy aide,4,42,423,4233,Community and Personal Service Workers,Therapy Aide,principal,Generic,True
423314,Therapist's Assistant (A),A,alternative,Generic,Therapist's Assistant,therapist s assistant,4,42,423,4233,Community and Personal Service Workers,Therapy Aide,principal,Generic,False
423314,Diversional Therapist's Assistant (S),S,specialisation,Generic,Diversional Therapist's Assistant,diversional therapist s assistant,4,42,423,4233,Community and Personal Service Workers,Therapy Aide,principal,Generic,False
423314,Occupational Therapist's Assistant (S),S,specialisation,Generic,Occupational Therapist's Assistant,occupational therapist s assistant,4,42,423,4233,Community and Personal Service Workers,Therapy Aide,principal,Generic,False
423314,Physiotherapist's Assistant (S),S,specialisation,Generic,Physiotherapist's Assistant,physiotherapist s assistant,4,42,423,4233,Community and Personal Service Workers,Therapy Aide,principal,Generic,False
423411,Child or Youth Residential Care Assistant (P),P,principal,Generic,Child or Youth Residential Care Assistant,child or youth residential care assistant,4,42,423,4234,Community and Personal Service Workers,Child or Youth Residential Care Assistant,principal,Generic,True
423412,Hostel Parent (P),P,principal,Generic,Hostel Parent,hostel parent,4,42,423,4234,Community and Personal Service Workers,Hostel Parent,principal,Generic,True
423412,House Parent (A),A,alternative,Generic,House Parent,house parent,4,42,423,4234,Community and Personal Service Workers,Hostel Parent,principal,Generic,False
423413,Refuge Worker (P),P,principal,Generic,Refuge Worker,refuge worker,4,42,423,4234,Community and Personal Service Workers,Refuge Worker,principal,Generic,True
431111,Bar Attendant (P),P,principal,Generic,Bar Attendant,bar attendant,4,43,431,4311,Community and Personal Service Workers,Bar Attendant,principal,Generic,True
431111,Bar Steward (A),A,alternative,Generic,Bar Steward,bar steward,4,43,431,4311,Community and Personal Service Workers,Bar Attendant,principal,Generic,False
431112,Barista (P),P,principal,Generic,Barista,barista,4,43,431,4311,Community and Personal Service Workers,Barista,principal,Generic,True
431211,Cafe Worker (P),P,principal,Generic,Cafe Worker,cafe worker,4,43,431,4312,Community and Personal Service Workers,Cafe Worker,principal,Generic,True
431211,Cafe Assistant (A),A,alternative,Generic,Cafe Assistant,cafe assistant,4,43,431,4312,Community and Personal Service Workers,Cafe Worker,principal,Generic,False
431211,Cafe Attendant (A),A,alternative,Generic,Cafe Attendant,cafe attendant,4,43,431,4312,Community and Personal Service Workers,Cafe Worker,principal,Generic,False
431211,Canteen Attendant (S),S,specialisation,Generic,Canteen Attendant,canteen attendant,4,43,431,4312,Community and Personal Service Workers,Cafe Worker,principal,Generic,False
431311,Gaming Worker (P),P,principal,Generic,Gaming Worker,gaming worker,4,43,431,4313,Community and Personal Service Workers,Gaming Worker,principal,Generic,True
431311,Croupier (A),A,alternative,Generic,Croupier,croupier,4,43,431,4313,Community and Personal Service Workers,Gaming Worker,principal,Generic,False
431311,Casino Gaming Inspector (S),S,specialisation,Generic,Casino Gaming Inspector,casino gaming inspector,4,43,431,4313,Community and Personal Service Workers,Gaming Worker,principal,Generic,False
431311,Gaming Pit Boss (S),S,specialisation,Generic,Gaming Pit Boss,gaming pit boss,4,43,431,4313,Community and Personal Service Workers,Gaming Worker,principal,Generic,False
431411,Hotel Service Manager (P),P,principal,Generic,Hotel Service Manager,hotel service manager,4,43,431,4314,Community and Personal Service Workers,Hotel Service Manager,principal,Generic,True
431411,Hotel Service Supervisor (A),A,alternative,Generic,Hotel Service Supervisor,hotel service supervisor,4,43,431,4314,Community and Personal Service Workers,Hotel Service Manager,principal,Generic,False
431411,Front Office Manager (Hotel) (S),S,specialisation,Generic,Front Office Manager (Hotel),front office manager hotel,4,43,431,4314,Community and Personal Service Workers,Hotel Service Manager,principal,Generic,False
431411,Head Housekeeper (S),S,specialisation,Generic,Head Housekeeper,head housekeeper,4,43,431,4314,Community and Personal Service Workers,Hotel Service Manager,principal,Generic,False
431411,Head Porter (Hotel) (S),S,specialisation,Generic,Head Porter (Hotel),head porter hotel,4,43,431,4314,Community and Personal Service Workers,Hotel Service Manager,principal,Generic,False
431411,Hotel Concierge (S),S,specialisation,Generic,Hotel Concierge,hotel concierge,4,43,431,4314,Community and Personal Service Workers,Hotel Service Manager,principal,Generic,False
431411,Hotel Office Manager (S),S,specialisation,Generic,Hotel Office Manager,hotel office manager,4,43,431,4314,Community and Personal Service Workers,Hotel Service Manager,principal,Generic,False
431511,Waiter (P),P,principal,Generic,Waiter,waiter,4,43,431,4315,Community and Personal Service Workers,Waiter,principal,Generic,True
431511,Food and Beverage Attendant (A),A,alternative,Generic,Food and Beverage Attendant,food and beverage attendant,4,43,431,4315,Community and Personal Service Workers,Waiter,principal,Generic,False
431511,Drink Waiter (S),S,specialisation,Generic,Drink Waiter,drink waiter,4,43,431,4315,Community and Personal Service Workers,Waiter,principal,Generic,False
431511,Formal Service Waiter (S),S,specialisation,Generic,Formal Service Waiter,formal service waiter,4,43,431,4315,Community and Personal Service Workers,Waiter,principal,Generic,False
431511,Silver Service Waiter (S),S,specialisation,Generic,Silver Service Waiter,silver service waiter,4,43,431,4315,Community and Personal Service Workers,Waiter,principal,Generic,False
431511,Sommelier (S),S,specialisation,Generic,Sommelier,sommelier,4,43,431,4315,Community and Personal Service Workers,Waiter,principal,Generic,False
431511,Wine Steward (S),S,specialisation,Generic,Wine Steward,wine steward,4,43,431,4315,Community and Personal Service Workers,Waiter,principal,Generic,False
431911,Bar Useful or Busser (P),P,principal,Generic,Bar Useful or Busser,bar useful or busser,4,43,431,4319,Community and Personal Service Workers,Bar Useful or Busser,principal,Generic,True
431911,Bar Back (A),A,alternative,Generic,Bar Back,bar back,4,43,431,4319,Community and Personal Service Workers,Bar Useful or Busser,principal,Generic,False
431911,Glassie (A),A,alternative,Generic,Glassie,glassie,4,43,431,4319,Community and Personal Service Workers,Bar Useful or Busser,principal,Generic,False
431912,Doorperson or Luggage Porter (P),P,principal,Generic,Doorperson or Luggage Porter,doorperson or luggage porter,4,43,431,4319,Community and Personal Service Workers,Doorperson or Luggage Porter,principal,Generic,True
431999,Hospitality Workers nec (P),P,principal,Generic,Hospitality Workers nec,hospitality workers nec,4,43,431,4319,Community and Personal Service Workers,Hospitality Workers nec,principal,Generic,True
431999,Cloakroom Attendant (N),N,nec_category,Generic,Cloakroom Attendant,cloakroom attendant,4,43,431,4319,Community and Personal Service Workers,Hospitality Workers nec,principal,Generic,False
431999,Hotel Cellar Hand (N),N,nec_category,Generic,Hotel Cellar Hand,hotel cellar hand,4,43,431,4319,Community and Personal Service Workers,Hospitality Workers nec,principal,Generic,False
431999,Property Steward (N),N,nec_category,Generic,Property Steward,property steward,4,43,431,4319,Community and Personal Service Workers,Hospitality Workers nec,principal,Generic,False
431999,Uniform Room Attendant (N),N,nec_category,Generic,Uniform Room Attendant,uniform room attendant,4,43,431,4319,Community and Personal Service Workers,Hospitality Workers nec,principal,Generic,False
441111,Defence Force Member - Other Ranks (P),P,principal,Generic,Defence Force Member - Other Ranks,defence force member other ranks,4,44,441,4411,Community and Personal Service Workers,Defence Force Member - Other Ranks,principal,Generic,True
441111,Acoustic Warfare Analyst (Navy) (S),S,specialisation,Generic,Acoustic Warfare Analyst (Navy),acoustic warfare analyst navy,4,44,441,4411,Community and Personal Service Workers,Defence Force Member - Other Ranks,principal,Generic,False
441111,Air Dispatcher (Army) (S),S,specialisation,Generic,Air Dispatcher (Army),air dispatcher army,4,44,441,4411,Community and Personal Service Workers,Defence Force Member - Other Ranks,principal,Generic,False
441111,Air Surveillance Operator (Air Force) (S),S,specialisation,Generic,Air Surveillance Operator (Air Force),air surveillance operator air force,4,44,441,4411,Community and Personal Service Workers,Defence Force Member - Other Ranks,principal,Generic,False
441111,Aircraft Life Support Fitter (Air Force) (S),S,specialisation,Generic,Aircraft Life Support Fitter (Air Force),aircraft life support fitter air force,4,44,441,4411,Community and Personal Service Workers,Defence Force Member - Other Ranks,principal,Generic,False
441111,Aircraft Life Support Fitter (Army) (S),S,specialisation,Generic,Aircraft Life Support Fitter (Army),aircraft life support fitter army,4,44,441,4411,Community and Personal Service Workers,Defence Force Member - Other Ranks,principal,Generic,False
441111,Aircrewman (Navy) (S),S,specialisation,Generic,Aircrewman (Navy),aircrewman navy,4,44,441,4411,Community and Personal Service Workers,Defence Force Member - Other Ranks,principal,Generic,False
441111,Airfield Defence Guard (Air Force) (S),S,specialisation,Generic,Airfield Defence Guard (Air Force),airfield defence guard air force,4,44,441,4411,Community and Personal Service Workers,Defence Force Member - Other Ranks,principal,Generic,False
441111,Boatswains Mate (Navy) (S),S,specialisation,Generic,Boatswains Mate (Navy),boatswains mate navy,4,44,441,4411,Community and Personal Service Workers,Defence Force Member - Other Ranks,principal,Generic,False
441111,Combat Engineer (Army) (S),S,specialisation,Generic,Combat Engineer (Army),combat engineer army,4,44,441,4411,Community and Personal Service Workers,Defence Force Member - Other Ranks,principal,Generic,False
441111,Combat Systems Operator (Navy) (S),S,specialisation,Generic,Combat Systems Operator (Navy),combat systems operator navy,4,44,441,4411,Community and Personal Service Workers,Defence Force Member - Other Ranks,principal,Generic,False
441111,Combat Systems Operator Mine Warfare (Navy) (S),S,specialisation,Generic,Combat Systems Operator Mine Warfare (Navy),combat systems operator mine warfare navy,4,44,441,4411,Community and Personal Service Workers,Defence Force Member - Other Ranks,principal,Generic,False
441111,Commando (Army) (S),S,specialisation,Generic,Commando (Army),commando army,4,44,441,4411,Community and Personal Service Workers,Defence Force Member - Other Ranks,principal,Generic,False
441111,Crewman Armoured Personnel Carrier M113 (Army) (S),S,specialisation,Generic,Crewman Armoured Personnel Carrier M113 (Army),crewman armoured personnel carrier m113 army,4,44,441,4411,Community and Personal Service Workers,Defence Force Member - Other Ranks,principal,Generic,False
441111,Crewman Australian Light Armoured Vehicle (ASLAV) (Army) (S),S,specialisation,Generic,Crewman Australian Light Armoured Vehicle (ASLAV) (Army),crewman australian light armoured vehicle aslav army,4,44,441,4411,Community and Personal Service Workers,Defence Force Member - Other Ranks,principal,Generic,False
441111,Crewman Main Battle Tank (Army) (S),S,specialisation,Generic,Crewman Main Battle Tank (Army),crewman main battle tank army,4,44,441,4411,Community and Personal Service Workers,Defence Force Member - Other Ranks,principal,Generic,False
441111,Electronic Warfare - Linguist (Navy) (S),S,specialisation,Generic,Electronic Warfare - Linguist (Navy),electronic warfare linguist navy,4,44,441,4411,Community and Personal Service Workers,Defence Force Member - Other Ranks,principal,Generic,False
441111,Electronic Warfare - Technical (Navy) (S),S,specialisation,Generic,Electronic Warfare - Technical (Navy),electronic warfare technical navy,4,44,441,4411,Community and Personal Service Workers,Defence Force Member - Other Ranks,principal,Generic,False
441111,Geospatial Imagery Intelligence Analyst (Air Force) (S),S,specialisation,Generic,Geospatial Imagery Intelligence Analyst (Air Force),geospatial imagery intelligence analyst air force,4,44,441,4411,Community and Personal Service Workers,Defence Force Member - Other Ranks,principal,Generic,False
441111,Ground Crewman Mission Support (Army) (S),S,specialisation,Generic,Ground Crewman Mission Support (Army),ground crewman mission support army,4,44,441,4411,Community and Personal Service Workers,Defence Force Member - Other Ranks,principal,Generic,False
441111,Gun Number (Army) (S),S,specialisation,Generic,Gun Number (Army),gun number army,4,44,441,4411,Community and Personal Service Workers,Defence Force Member - Other Ranks,principal,Generic,False
441111,Marine Specialist (Army) (S),S,specialisation,Generic,Marine Specialist (Army),marine specialist army,4,44,441,4411,Community and Personal Service Workers,Defence Force Member - Other Ranks,principal,Generic,False
441111,Naval Police Coxswain (Navy) (S),S,specialisation,Generic,Naval Police Coxswain (Navy),naval police coxswain navy,4,44,441,4411,Community and Personal Service Workers,Defence Force Member - Other Ranks,principal,Generic,False
441111,Operator Artillery Meteorology and Surveyor (Army) (S),S,specialisation,Generic,Operator Artillery Meteorology and Surveyor (Army),operator artillery meteorology and surveyor army,4,44,441,4411,Community and Personal Service Workers,Defence Force Member - Other Ranks,principal,Generic,False
441111,Operator Electronic Warfare (Army) (S),S,specialisation,Generic,Operator Electronic Warfare (Army),operator electronic warfare army,4,44,441,4411,Community and Personal Service Workers,Defence Force Member - Other Ranks,principal,Generic,False
441111,Operator Ground Based Air Defence (Army) (S),S,specialisation,Generic,Operator Ground Based Air Defence (Army),operator ground based air defence army,4,44,441,4411,Community and Personal Service Workers,Defence Force Member - Other Ranks,principal,Generic,False
441111,Operator Weapon Locating Radar (Army) (S),S,specialisation,Generic,Operator Weapon Locating Radar (Army),operator weapon locating radar army,4,44,441,4411,Community and Personal Service Workers,Defence Force Member - Other Ranks,principal,Generic,False
441111,Rifleman (Army) (S),S,specialisation,Generic,Rifleman (Army),rifleman army,4,44,441,4411,Community and Personal Service Workers,Defence Force Member - Other Ranks,principal,Generic,False
441111,Security Police (Air Force) (S),S,specialisation,Generic,Security Police (Air Force),security police air force,4,44,441,4411,Community and Personal Service Workers,Defence Force Member - Other Ranks,principal,Generic,False
441111,Signal Operator Linguist (Air Force) (S),S,specialisation,Generic,Signal Operator Linguist (Air Force),signal operator linguist air force,4,44,441,4411,Community and Personal Service Workers,Defence Force Member - Other Ranks,principal,Generic,False
441111,Signal Operator Technical (Air Force) (S),S,specialisation,Generic,Signal Operator Technical (Air Force),signal operator technical air force,4,44,441,4411,Community and Personal Service Workers,Defence Force Member - Other Ranks,principal,Generic,False
441211,Emergency Service Worker (P),P,principal,Generic,Emergency Service Worker,emergency service worker,4,44,441,4412,Community and Personal Service Workers,Emergency Service Worker,principal,Generic,True
441211,Emergency Response Officer (A),A,alternative,Generic,Emergency Response Officer,emergency response officer,4,44,441,4412,Community and Personal Service Workers,Emergency Service Worker,principal,Generic,False
441211,Industrial Paramedic (S),S,specialisation,Generic,Industrial Paramedic,industrial paramedic,4,44,441,4412,Community and Personal Service Workers,Emergency Service Worker,principal,Generic,False
441212,Fire Fighter (P),P,principal,Generic,Fire Fighter,fire fighter,4,44,441,4412,Community and Personal Service Workers,Fire Fighter,principal,Generic,True
441212,Fire Engineer (Army) (S),S,specialisation,Generic,Fire Engineer (Army),fire engineer army,4,44,441,4412,Community and Personal Service Workers,Fire Fighter,principal,Generic,False
441212,Fire Prevention Officer (S),S,specialisation,Generic,Fire Prevention Officer,fire prevention officer,4,44,441,4412,Community and Personal Service Workers,Fire Fighter,principal,Generic,False
441311,Detective (P),P,principal,Generic,Detective,detective,4,44,441,4413,Community and Personal Service Workers,Detective,principal,Generic,True
441311,Plain Clothes Police Officer (A),A,alternative,Generic,Plain Clothes Police Officer,plain clothes police officer,4,44,441,4413,Community and Personal Service Workers,Detective,principal,Generic,False
441311,Detective Sergeant (S),S,specialisation,Generic,Detective Sergeant,detective sergeant,4,44,441,4413,Community and Personal Service Workers,Detective,principal,Generic,False
441312,Police Officer (P),P,principal,Generic,Police Officer,police officer,4,44,441,4413,Community and Personal Service Workers,Police Officer,principal,Generic,True
441312,Bomb Squad Officer (S),S,specialisation,Generic,Bomb Squad Officer,bomb squad officer,4,44,441,4413,Community and Personal Service Workers,Police Officer,principal,Generic,False
441312,Mounted Police Officer (S),S,specialisation,Generic,Mounted Police Officer,mounted police officer,4,44,441,4413,Community and Personal Service Workers,Police Officer,principal,Generic,False
441312,Search and Rescue Officer (S),S,specialisation,Generic,Search and Rescue Officer,search and rescue officer,4,44,441,4413,Community and Personal Service Workers,Police Officer,principal,Generic,False
441312,Tactical Response Group Officer (S),S,specialisation,Generic,Tactical Response Group Officer,tactical response group officer,4,44,441,4413,Community and Personal Service Workers,Police Officer,principal,Generic,False
442111,Prison Officer (P),P,principal,Generic,Prison Officer,prison officer,4,44,442,4421,Community and Personal Service Workers,Prison Officer,principal,Generic,True
442111,Custodial Officer (A),A,alternative,Generic,Custodial Officer,custodial officer,4,44,442,4421,Community and Personal Service Workers,Prison Officer,principal,Generic,False
442211,"Alarm, Security or Surveillance Monitor (P)",P,principal,Generic,"Alarm, Security or Surveillance Monitor",alarm security or surveillance monitor,4,44,442,4422,Community and Personal Service Workers,"Alarm, Security or Surveillance Monitor",principal,Generic,True
442212,Armoured Car Escort (P),P,principal,Generic,Armoured Car Escort,armoured car escort,4,44,442,4422,Community and Personal Service Workers,Armoured Car Escort,principal,Generic,True
442213,Crowd Controller (P),P,principal,Generic,Crowd Controller,crowd controller,4,44,442,4422,Community and Personal Service Workers,Crowd Controller,principal,Generic,True
442213,Bouncer (A),A,alternative,Generic,Bouncer,bouncer,4,44,442,4422,Community and Personal Service Workers,Crowd Controller,principal,Generic,False
442214,Private Investigator (P),P,principal,Generic,Private Investigator,private investigator,4,44,442,4422,Community and Personal Service Workers,Private Investigator,principal,Generic,True
442214,Private Inquiry Agent (A),A,alternative,Generic,Private Inquiry Agent,private inquiry agent,4,44,442,4422,Community and Personal Service Workers,Private Investigator,principal,Generic,False
442215,Retail Loss Prevention Officer (P),P,principal,Generic,Retail Loss Prevention Officer,retail loss prevention officer,4,44,442,4422,Community and Personal Service Workers,Retail Loss Prevention Officer,principal,Generic,True
442216,Security Consultant (P),P,principal,Generic,Security Consultant,security consultant,4,44,442,4422,Community and Personal Service Workers,Security Consultant,principal,Generic,True
442217,Security Officer (P),P,principal,Generic,Security Officer,security officer,4,44,442,4422,Community and Personal Service Workers,Security Officer,principal,Generic,True
442217,Security Guard (A),A,alternative,Generic,Security Guard,security guard,4,44,442,4422,Community and Personal Service Workers,Security Officer,principal,Generic,False
442217,Mobile Patrol Officer (S),S,specialisation,Generic,Mobile Patrol Officer,mobile patrol officer,4,44,442,4422,Community and Personal Service Workers,Security Officer,principal,Generic,False
442217,Railway Patrol Officer (S),S,specialisation,Generic,Railway Patrol Officer,railway patrol officer,4,44,442,4422,Community and Personal Service Workers,Security Officer,principal,Generic,False
442299,Security Officers and Guards nec (P),P,principal,Generic,Security Officers and Guards nec,security officers and guards nec,4,44,442,4422,Community and Personal Service Workers,Security Officers and Guards nec,principal,Generic,True
442299,Bodyguard (N),N,nec_category,Generic,Bodyguard,bodyguard,4,44,442,4422,Community and Personal Service Workers,Security Officers and Guards nec,principal,Generic,False
451111,Beauty Therapist (P),P,principal,Generic,Beauty Therapist,beauty therapist,4,45,451,4511,Community and Personal Service Workers,Beauty Therapist,principal,Generic,True
451111,Electrologist (Hair Remover) (S),S,specialisation,Generic,Electrologist (Hair Remover),electrologist hair remover,4,45,451,4511,Community and Personal Service Workers,Beauty Therapist,principal,Generic,False
451111,Manicurist (S),S,specialisation,Generic,Manicurist,manicurist,4,45,451,4511,Community and Personal Service Workers,Beauty Therapist,principal,Generic,False
451111,Nail Technician (S),S,specialisation,Generic,Nail Technician,nail technician,4,45,451,4511,Community and Personal Service Workers,Beauty Therapist,principal,Generic,False
451211,Driving Instructor (P),P,principal,Generic,Driving Instructor,driving instructor,4,45,451,4512,Community and Personal Service Workers,Driving Instructor,principal,Generic,True
451211,Motorcycle Riding Instructor (S),S,specialisation,Generic,Motorcycle Riding Instructor,motorcycle riding instructor,4,45,451,4512,Community and Personal Service Workers,Driving Instructor,principal,Generic,False
451311,Funeral Director (P),P,principal,Generic,Funeral Director,funeral director,4,45,451,4513,Community and Personal Service Workers,Funeral Director,principal,Generic,True
451311,Mortician (A),A,alternative,Generic,Mortician,mortician,4,45,451,4513,Community and Personal Service Workers,Funeral Director,principal,Generic,False
451311,Undertaker (A),A,alternative,Generic,Undertaker,undertaker,4,45,451,4513,Community and Personal Service Workers,Funeral Director,principal,Generic,False
451399,Funeral Workers nec (P),P,principal,Generic,Funeral Workers nec,funeral workers nec,4,45,451,4513,Community and Personal Service Workers,Funeral Workers nec,principal,Generic,True
451399,Chapel or Memorial Attendant (N),N,nec_category,Generic,Chapel or Memorial Attendant,chapel or memorial attendant,4,45,451,4513,Community and Personal Service Workers,Funeral Workers nec,principal,Generic,False
451399,Embalmer (N),N,nec_category,Generic,Embalmer,embalmer,4,45,451,4513,Community and Personal Service Workers,Funeral Workers nec,principal,Generic,False
451399,Funeral Director's Assistant (N),N,nec_category,Generic,Funeral Director's Assistant,funeral director s assistant,4,45,451,4513,Community and Personal Service Workers,Funeral Workers nec,principal,Generic,False
451411,Gallery or Museum Guide (P),P,principal,Generic,Gallery or Museum Guide,gallery or museum guide,4,45,451,4514,Community and Personal Service Workers,Gallery or Museum Guide,principal,Generic,True
451411,Gallery or Museum Attendant (A),A,alternative,Generic,Gallery or Museum Attendant,gallery or museum attendant,4,45,451,4514,Community and Personal Service Workers,Gallery or Museum Guide,principal,Generic,False
451412,Tour Guide (P),P,principal,Generic,Tour Guide,tour guide,4,45,451,4514,Community and Personal Service Workers,Tour Guide,principal,Generic,True
451412,Tour Escort (A),A,alternative,Generic,Tour Escort,tour escort,4,45,451,4514,Community and Personal Service Workers,Tour Guide,principal,Generic,False
451412,Tour Leader (A),A,alternative,Generic,Tour Leader,tour leader,4,45,451,4514,Community and Personal Service Workers,Tour Guide,principal,Generic,False
451412,Regional Guide (S),S,specialisation,Generic,Regional Guide,regional guide,4,45,451,4514,Community and Personal Service Workers,Tour Guide,principal,Generic,False
451511,Natural Remedy Consultant (P),P,principal,Generic,Natural Remedy Consultant,natural remedy consultant,4,45,451,4515,Community and Personal Service Workers,Natural Remedy Consultant,principal,Generic,True
451511,Aromatherapist (S),S,specialisation,Generic,Aromatherapist,aromatherapist,4,45,451,4515,Community and Personal Service Workers,Natural Remedy Consultant,principal,Generic,False
451511,Herbalist (Western) (S),S,specialisation,Generic,Herbalist (Western),herbalist western,4,45,451,4515,Community and Personal Service Workers,Natural Remedy Consultant,principal,Generic,False
451511,Holistic Pulser (S),S,specialisation,Generic,Holistic Pulser,holistic pulser,4,45,451,4515,Community and Personal Service Workers,Natural Remedy Consultant,principal,Generic,False
451511,Iridologist (S),S,specialisation,Generic,Iridologist,iridologist,4,45,451,4515,Community and Personal Service Workers,Natural Remedy Consultant,principal,Generic,False
451511,Kinesiologist (S),S,specialisation,Generic,Kinesiologist,kinesiologist,4,45,451,4515,Community and Personal Service Workers,Natural Remedy Consultant,principal,Generic,False
451511,Reflexologist (S),S,specialisation,Generic,Reflexologist,reflexologist,4,45,451,4515,Community and Personal Service Workers,Natural Remedy Consultant,principal,Generic,False
451512,Weight Loss Consultant (P),P,principal,Generic,Weight Loss Consultant,weight loss consultant,4,45,451,4515,Community and Personal Service Workers,Weight Loss Consultant,principal,Generic,True
451611,Tourist Information Officer (P),P,principal,Generic,Tourist Information Officer,tourist information officer,4,45,451,4516,Community and Personal Service Workers,Tourist Information Officer,principal,Generic,True
451611,Tourist Adviser (A),A,alternative,Generic,Tourist Adviser,tourist adviser,4,45,451,4516,Community and Personal Service Workers,Tourist Information Officer,principal,Generic,False
451612,Travel Consultant (P),P,principal,Generic,Travel Consultant,travel consultant,4,45,451,4516,Community and Personal Service Workers,Travel Consultant,principal,Generic,True
451612,Travel Agent (A),A,alternative,Generic,Travel Agent,travel agent,4,45,451,4516,Community and Personal Service Workers,Travel Consultant,principal,Generic,False
451612,Business Travel Consultant (S),S,specialisation,Generic,Business Travel Consultant,business travel consultant,4,45,451,4516,Community and Personal Service Workers,Travel Consultant,principal,Generic,False
451612,Domestic Travel Consultant (S),S,specialisation,Generic,Domestic Travel Consultant,domestic travel consultant,4,45,451,4516,Community and Personal Service Workers,Travel Consultant,principal,Generic,False
451612,International Travel Consultant (S),S,specialisation,Generic,International Travel Consultant,international travel consultant,4,45,451,4516,Community and Personal Service Workers,Travel Consultant,principal,Generic,False
451711,Flight Attendant (P),P,principal,Generic,Flight Attendant,flight attendant,4,45,451,4517,Community and Personal Service Workers,Flight Attendant,principal,Generic,True
451711,Cabin Supervisor (Aircraft) (S),S,specialisation,Generic,Cabin Supervisor (Aircraft),cabin supervisor aircraft,4,45,451,4517,Community and Personal Service Workers,Flight Attendant,principal,Generic,False
451711,Crew Attendant (Air Force) (S),S,specialisation,Generic,Crew Attendant (Air Force),crew attendant air force,4,45,451,4517,Community and Personal Service Workers,Flight Attendant,principal,Generic,False
451799,Travel Attendants nec (P),P,principal,Generic,Travel Attendants nec,travel attendants nec,4,45,451,4517,Community and Personal Service Workers,Travel Attendants nec,principal,Generic,True
451799,Cabin Steward (N),N,nec_category,Generic,Cabin Steward,cabin steward,4,45,451,4517,Community and Personal Service Workers,Travel Attendants nec,principal,Generic,False
451799,Marine Steward (N),N,nec_category,Generic,Marine Steward,marine steward,4,45,451,4517,Community and Personal Service Workers,Travel Attendants nec,principal,Generic,False
451799,Railway Sleeping Car Conductor (N),N,nec_category,Generic,Railway Sleeping Car Conductor,railway sleeping car conductor,4,45,451,4517,Community and Personal Service Workers,Travel Attendants nec,principal,Generic,False
451799,Railway Steward (N),N,nec_category,Generic,Railway Steward,railway steward,4,45,451,4517,Community and Personal Service Workers,Travel Attendants nec,principal,Generic,False
451811,Civil Celebrant (P),P,principal,Generic,Civil Celebrant,civil celebrant,4,45,451,4518,Community and Personal Service Workers,Civil Celebrant,principal,Generic,True
451812,Hair or Beauty Salon Assistant (P),P,principal,Generic,Hair or Beauty Salon Assistant,hair or beauty salon assistant,4,45,451,4518,Community and Personal Service Workers,Hair or Beauty Salon Assistant,principal,Generic,True
451813,Sex Worker or Escort (P),P,principal,Generic,Sex Worker or Escort,sex worker or escort,4,45,451,4518,Community and Personal Service Workers,Sex Worker or Escort,principal,Generic,True
451813,Prostitute (A),A,alternative,Generic,Prostitute,prostitute,4,45,451,4518,Community and Personal Service Workers,Sex Worker or Escort,principal,Generic,False
451813,Dominatrix (S),S,specialisation,Generic,Dominatrix,dominatrix,4,45,451,4518,Community and Personal Service Workers,Sex Worker or Escort,principal,Generic,False
451813,Telephone Sex Worker (S),S,specialisation,Generic,Telephone Sex Worker,telephone sex worker,4,45,451,4518,Community and Personal Service Workers,Sex Worker or Escort,principal,Generic,False
451814,Body Artist (P),P,principal,Generic,Body Artist,body artist,4,45,451,4518,Community and Personal Service Workers,Body Artist,principal,Generic,True
451814,Body Piercer (S),S,specialisation,Generic,Body Piercer,body piercer,4,45,451,4518,Community and Personal Service Workers,Body Artist,principal,Generic,False
451814,Tattooist (S),S,specialisation,Generic,Tattooist,tattooist,4,45,451,4518,Community and Personal Service Workers,Body Artist,principal,Generic,False
451815,First Aid Trainer (P),P,principal,Generic,First Aid Trainer,first aid trainer,4,45,451,4518,Community and Personal Service Workers,First Aid Trainer,principal,Generic,True
451815,First Aid Instructor (A),A,alternative,Generic,First Aid Instructor,first aid instructor,4,45,451,4518,Community and Personal Service Workers,First Aid Trainer,principal,Generic,False
451816,Religious Assistant (P),P,principal,Generic,Religious Assistant,religious assistant,4,45,451,4518,Community and Personal Service Workers,Religious Assistant,principal,Generic,True
451816,Pastoral Worker (S),S,specialisation,Generic,Pastoral Worker,pastoral worker,4,45,451,4518,Community and Personal Service Workers,Religious Assistant,principal,Generic,False
451899,Personal Service Workers nec (P),P,principal,Generic,Personal Service Workers nec,personal service workers nec,4,45,451,4518,Community and Personal Service Workers,Personal Service Workers nec,principal,Generic,True
451899,Astrologer (N),N,nec_category,Generic,Astrologer,astrologer,4,45,451,4518,Community and Personal Service Workers,Personal Service Workers nec,principal,Generic,False
451899,Blood Bank Aide (N),N,nec_category,Generic,Blood Bank Aide,blood bank aide,4,45,451,4518,Community and Personal Service Workers,Personal Service Workers nec,principal,Generic,False
451899,Bus Escort (N),N,nec_category,Generic,Bus Escort,bus escort,4,45,451,4518,Community and Personal Service Workers,Personal Service Workers nec,principal,Generic,False
451899,Butler (N),N,nec_category,Generic,Butler,butler,4,45,451,4518,Community and Personal Service Workers,Personal Service Workers nec,principal,Generic,False
451899,Dog Walker (N),N,nec_category,Generic,Dog Walker,dog walker,4,45,451,4518,Community and Personal Service Workers,Personal Service Workers nec,principal,Generic,False
451899,First Aid Attendant (N),N,nec_category,Generic,First Aid Attendant,first aid attendant,4,45,451,4518,Community and Personal Service Workers,Personal Service Workers nec,principal,Generic,False
451899,Gymnasium Attendant (N),N,nec_category,Generic,Gymnasium Attendant,gymnasium attendant,4,45,451,4518,Community and Personal Service Workers,Personal Service Workers nec,principal,Generic,False
451899,Horse Racing Analyst (N),N,nec_category,Generic,Horse Racing Analyst,horse racing analyst,4,45,451,4518,Community and Personal Service Workers,Personal Service Workers nec,principal,Generic,False
451899,Red Cross Aide (N),N,nec_category,Generic,Red Cross Aide,red cross aide,4,45,451,4518,Community and Personal Service Workers,Personal Service Workers nec,principal,Generic,False
451899,School Bus Warden (N),N,nec_category,Generic,School Bus Warden,school bus warden,4,45,451,4518,Community and Personal Service Workers,Personal Service Workers nec,principal,Generic,False
452111,Fitness Instructor (P),P,principal,Generic,Fitness Instructor,fitness instructor,4,45,452,4521,Community and Personal Service Workers,Fitness Instructor,principal,Generic,True
452111,Aerobics Instructor (S),S,specialisation,Generic,Aerobics Instructor,aerobics instructor,4,45,452,4521,Community and Personal Service Workers,Fitness Instructor,principal,Generic,False
452111,Gym Instructor (S),S,specialisation,Generic,Gym Instructor,gym instructor,4,45,452,4521,Community and Personal Service Workers,Fitness Instructor,principal,Generic,False
452111,Physical Fitness Trainer (S),S,specialisation,Generic,Physical Fitness Trainer,physical fitness trainer,4,45,452,4521,Community and Personal Service Workers,Fitness Instructor,principal,Generic,False
452211,Bungy Jump Master (P),P,principal,Generic,Bungy Jump Master,bungy jump master,4,45,452,4522,Community and Personal Service Workers,Bungy Jump Master,principal,Generic,True
452212,Fishing Guide (P),P,principal,Generic,Fishing Guide,fishing guide,4,45,452,4522,Community and Personal Service Workers,Fishing Guide,principal,Generic,True
452212,Fly Fishing Guide (S),S,specialisation,Generic,Fly Fishing Guide,fly fishing guide,4,45,452,4522,Community and Personal Service Workers,Fishing Guide,principal,Generic,False
452212,Ocean Fishing Guide (S),S,specialisation,Generic,Ocean Fishing Guide,ocean fishing guide,4,45,452,4522,Community and Personal Service Workers,Fishing Guide,principal,Generic,False
452213,Hunting Guide (P),P,principal,Generic,Hunting Guide,hunting guide,4,45,452,4522,Community and Personal Service Workers,Hunting Guide,principal,Generic,True
452214,Mountain or Glacier Guide (P),P,principal,Generic,Mountain or Glacier Guide,mountain or glacier guide,4,45,452,4522,Community and Personal Service Workers,Mountain or Glacier Guide,principal,Generic,True
452214,Climbing Guide (S),S,specialisation,Generic,Climbing Guide,climbing guide,4,45,452,4522,Community and Personal Service Workers,Mountain or Glacier Guide,principal,Generic,False
452214,Ski Guide (S),S,specialisation,Generic,Ski Guide,ski guide,4,45,452,4522,Community and Personal Service Workers,Mountain or Glacier Guide,principal,Generic,False
452215,Outdoor Adventure Instructor (P),P,principal,Generic,Outdoor Adventure Instructor,outdoor adventure instructor,4,45,452,4522,Community and Personal Service Workers,Outdoor Adventure Instructor,principal,Generic,True
452215,Outdoor Adventure Leader (A),A,alternative,Generic,Outdoor Adventure Leader,outdoor adventure leader,4,45,452,4522,Community and Personal Service Workers,Outdoor Adventure Instructor,principal,Generic,False
452215,Abseiling Instructor (S),S,specialisation,Generic,Abseiling Instructor,abseiling instructor,4,45,452,4522,Community and Personal Service Workers,Outdoor Adventure Instructor,principal,Generic,False
452215,Adventure Challenge Instructor (S),S,specialisation,Generic,Adventure Challenge Instructor,adventure challenge instructor,4,45,452,4522,Community and Personal Service Workers,Outdoor Adventure Instructor,principal,Generic,False
452215,Hang-gliding Instructor (S),S,specialisation,Generic,Hang-gliding Instructor,hang gliding instructor,4,45,452,4522,Community and Personal Service Workers,Outdoor Adventure Instructor,principal,Generic,False
452215,Outdoor Education Teacher (S),S,specialisation,Generic,Outdoor Education Teacher,outdoor education teacher,4,45,452,4522,Community and Personal Service Workers,Outdoor Adventure Instructor,principal,Generic,False
452215,Outdoor Pursuits Instructor (S),S,specialisation,Generic,Outdoor Pursuits Instructor,outdoor pursuits instructor,4,45,452,4522,Community and Personal Service Workers,Outdoor Adventure Instructor,principal,Generic,False
452215,Paragliding Instructor (S),S,specialisation,Generic,Paragliding Instructor,paragliding instructor,4,45,452,4522,Community and Personal Service Workers,Outdoor Adventure Instructor,principal,Generic,False
452215,Rock Climbing Instructor (S),S,specialisation,Generic,Rock Climbing Instructor,rock climbing instructor,4,45,452,4522,Community and Personal Service Workers,Outdoor Adventure Instructor,principal,Generic,False
452216,Trekking Guide (P),P,principal,Generic,Trekking Guide,trekking guide,4,45,452,4522,Community and Personal Service Workers,Trekking Guide,principal,Generic,True
452216,Bushwalking Guide (A),A,alternative,Generic,Bushwalking Guide,bushwalking guide,4,45,452,4522,Community and Personal Service Workers,Trekking Guide,principal,Generic,False
452217,Whitewater Rafting Guide (P),P,principal,Generic,Whitewater Rafting Guide,whitewater rafting guide,4,45,452,4522,Community and Personal Service Workers,Whitewater Rafting Guide,principal,Generic,True
452299,Outdoor Adventure Guides nec (P),P,principal,Generic,Outdoor Adventure Guides nec,outdoor adventure guides nec,4,45,452,4522,Community and Personal Service Workers,Outdoor Adventure Guides nec,principal,Generic,True
452299,Caving Guide (N),N,nec_category,Generic,Caving Guide,caving guide,4,45,452,4522,Community and Personal Service Workers,Outdoor Adventure Guides nec,principal,Generic,False
452299,Cycle Touring Guide (N),N,nec_category,Generic,Cycle Touring Guide,cycle touring guide,4,45,452,4522,Community and Personal Service Workers,Outdoor Adventure Guides nec,principal,Generic,False
452299,Horse Trekking Guide (N),N,nec_category,Generic,Horse Trekking Guide,horse trekking guide,4,45,452,4522,Community and Personal Service Workers,Outdoor Adventure Guides nec,principal,Generic,False
452299,Sea Kayaking Guide (N),N,nec_category,Generic,Sea Kayaking Guide,sea kayaking guide,4,45,452,4522,Community and Personal Service Workers,Outdoor Adventure Guides nec,principal,Generic,False
452311,Diving Instructor (Open Water) (P),P,principal,Generic,Diving Instructor (Open Water),diving instructor open water,4,45,452,4523,Community and Personal Service Workers,Diving Instructor (Open Water),principal,Generic,True
452311,Dive Master (S),S,specialisation,Generic,Dive Master,dive master,4,45,452,4523,Community and Personal Service Workers,Diving Instructor (Open Water),principal,Generic,False
452311,Scuba Instructor (S),S,specialisation,Generic,Scuba Instructor,scuba instructor,4,45,452,4523,Community and Personal Service Workers,Diving Instructor (Open Water),principal,Generic,False
452311,Snorkelling Instructor (S),S,specialisation,Generic,Snorkelling Instructor,snorkelling instructor,4,45,452,4523,Community and Personal Service Workers,Diving Instructor (Open Water),principal,Generic,False
452311,Surface Supply Breathing Apparatus (SSBA) Instructor (S),S,specialisation,Generic,Surface Supply Breathing Apparatus (SSBA) Instructor,surface supply breathing apparatus ssba instructor,4,45,452,4523,Community and Personal Service Workers,Diving Instructor (Open Water),principal,Generic,False
452312,Gymnastics Coach or Instructor (P),P,principal,Generic,Gymnastics Coach or Instructor,gymnastics coach or instructor,4,45,452,4523,Community and Personal Service Workers,Gymnastics Coach or Instructor,principal,Generic,True
452312,Callisthenics Instructor (S),S,specialisation,Generic,Callisthenics Instructor,callisthenics instructor,4,45,452,4523,Community and Personal Service Workers,Gymnastics Coach or Instructor,principal,Generic,False
452312,Rhythmic Gymnastics Coach (S),S,specialisation,Generic,Rhythmic Gymnastics Coach,rhythmic gymnastics coach,4,45,452,4523,Community and Personal Service Workers,Gymnastics Coach or Instructor,principal,Generic,False
452313,Horse Riding Coach or Instructor (P),P,principal,Generic,Horse Riding Coach or Instructor,horse riding coach or instructor,4,45,452,4523,Community and Personal Service Workers,Horse Riding Coach or Instructor,principal,Generic,True
452313,Dressage Instructor (S),S,specialisation,Generic,Dressage Instructor,dressage instructor,4,45,452,4523,Community and Personal Service Workers,Horse Riding Coach or Instructor,principal,Generic,False
452313,Polo Coach (S),S,specialisation,Generic,Polo Coach,polo coach,4,45,452,4523,Community and Personal Service Workers,Horse Riding Coach or Instructor,principal,Generic,False
452313,Show Jumping Instructor (S),S,specialisation,Generic,Show Jumping Instructor,show jumping instructor,4,45,452,4523,Community and Personal Service Workers,Horse Riding Coach or Instructor,principal,Generic,False
452314,Snowsport Instructor (P),P,principal,Generic,Snowsport Instructor,snowsport instructor,4,45,452,4523,Community and Personal Service Workers,Snowsport Instructor,principal,Generic,True
452314,Skiing Instructor (S),S,specialisation,Generic,Skiing Instructor,skiing instructor,4,45,452,4523,Community and Personal Service Workers,Snowsport Instructor,principal,Generic,False
452314,Snowboarding Instructor (S),S,specialisation,Generic,Snowboarding Instructor,snowboarding instructor,4,45,452,4523,Community and Personal Service Workers,Snowsport Instructor,principal,Generic,False
452315,Swimming Coach or Instructor (P),P,principal,Generic,Swimming Coach or Instructor,swimming coach or instructor,4,45,452,4523,Community and Personal Service Workers,Swimming Coach or Instructor,principal,Generic,True
452315,Diving Coach (S),S,specialisation,Generic,Diving Coach,diving coach,4,45,452,4523,Community and Personal Service Workers,Swimming Coach or Instructor,principal,Generic,False
452315,Learn to Swim Instructor (S),S,specialisation,Generic,Learn to Swim Instructor,learn to swim instructor,4,45,452,4523,Community and Personal Service Workers,Swimming Coach or Instructor,principal,Generic,False
452316,Tennis Coach (P),P,principal,Generic,Tennis Coach,tennis coach,4,45,452,4523,Community and Personal Service Workers,Tennis Coach,principal,Generic,True
452317,Other Sports Coach or Instructor (P),P,principal,Generic,Other Sports Coach or Instructor,other sports coach or instructor,4,45,452,4523,Community and Personal Service Workers,Other Sports Coach or Instructor,principal,Generic,True
452317,Basketball Coach (S),S,specialisation,Generic,Basketball Coach,basketball coach,4,45,452,4523,Community and Personal Service Workers,Other Sports Coach or Instructor,principal,Generic,False
452317,Cricket Coach (S),S,specialisation,Generic,Cricket Coach,cricket coach,4,45,452,4523,Community and Personal Service Workers,Other Sports Coach or Instructor,principal,Generic,False
452317,Football Coach (S),S,specialisation,Generic,Football Coach,football coach,4,45,452,4523,Community and Personal Service Workers,Other Sports Coach or Instructor,principal,Generic,False
452317,Sports Trainer (S),S,specialisation,Generic,Sports Trainer,sports trainer,4,45,452,4523,Community and Personal Service Workers,Other Sports Coach or Instructor,principal,Generic,False
452317,Windsurfing Instructor (S),S,specialisation,Generic,Windsurfing Instructor,windsurfing instructor,4,45,452,4523,Community and Personal Service Workers,Other Sports Coach or Instructor,principal,Generic,False
452318,Dog or Horse Racing Official (P),P,principal,Generic,Dog or Horse Racing Official,dog or horse racing official,4,45,452,4523,Community and Personal Service Workers,Dog or Horse Racing Official,principal,Generic,True
452318,Race Steward (A),A,alternative,Generic,Race Steward,race steward,4,45,452,4523,Community and Personal Service Workers,Dog or Horse Racing Official,principal,Generic,False
452318,Handicapper (Racing) (S),S,specialisation,Generic,Handicapper (Racing),handicapper racing,4,45,452,4523,Community and Personal Service Workers,Dog or Horse Racing Official,principal,Generic,False
452321,Sports Development Officer (P),P,principal,Generic,Sports Development Officer,sports development officer,4,45,452,4523,Community and Personal Service Workers,Sports Development Officer,principal,Generic,True
452322,Sports Umpire (P),P,principal,Generic,Sports Umpire,sports umpire,4,45,452,4523,Community and Personal Service Workers,Sports Umpire,principal,Generic,True
452322,Referee (A),A,alternative,Generic,Referee,referee,4,45,452,4523,Community and Personal Service Workers,Sports Umpire,principal,Generic,False
452322,Linesperson (Sport) (S),S,specialisation,Generic,Linesperson (Sport),linesperson sport,4,45,452,4523,Community and Personal Service Workers,Sports Umpire,principal,Generic,False
452323,Other Sports Official (P),P,principal,Generic,Other Sports Official,other sports official,4,45,452,4523,Community and Personal Service Workers,Other Sports Official,principal,Generic,True
452323,Timekeeper (Sports) (S),S,specialisation,Generic,Timekeeper (Sports),timekeeper sports,4,45,452,4523,Community and Personal Service Workers,Other Sports Official,principal,Generic,False
452411,Footballer (P),P,principal,Generic,Footballer,footballer,4,45,452,4524,Community and Personal Service Workers,Footballer,principal,Generic,True
452411,Australian Rules Footballer (S),S,specialisation,Generic,Australian Rules Footballer,australian rules footballer,4,45,452,4524,Community and Personal Service Workers,Footballer,principal,Generic,False
452411,Rugby League Footballer (S),S,specialisation,Generic,Rugby League Footballer,rugby league footballer,4,45,452,4524,Community and Personal Service Workers,Footballer,principal,Generic,False
452411,Rugby Union Footballer (S),S,specialisation,Generic,Rugby Union Footballer,rugby union footballer,4,45,452,4524,Community and Personal Service Workers,Footballer,principal,Generic,False
452411,Soccer Player (S),S,specialisation,Generic,Soccer Player,soccer player,4,45,452,4524,Community and Personal Service Workers,Footballer,principal,Generic,False
452412,Golfer (P),P,principal,Generic,Golfer,golfer,4,45,452,4524,Community and Personal Service Workers,Golfer,principal,Generic,True
452413,Jockey (P),P,principal,Generic,Jockey,jockey,4,45,452,4524,Community and Personal Service Workers,Jockey,principal,Generic,True
452413,Apprentice Jockey (S),S,specialisation,Generic,Apprentice Jockey,apprentice jockey,4,45,452,4524,Community and Personal Service Workers,Jockey,principal,Generic,False
452413,Steeplechase Jockey (S),S,specialisation,Generic,Steeplechase Jockey,steeplechase jockey,4,45,452,4524,Community and Personal Service Workers,Jockey,principal,Generic,False
452414,Lifeguard (P),P,principal,Generic,Lifeguard,lifeguard,4,45,452,4524,Community and Personal Service Workers,Lifeguard,principal,Generic,True
452499,Sportspersons nec (P),P,principal,Generic,Sportspersons nec,sportspersons nec,4,45,452,4524,Community and Personal Service Workers,Sportspersons nec,principal,Generic,True
452499,Athlete (N),N,nec_category,Generic,Athlete,athlete,4,45,452,4524,Community and Personal Service Workers,Sportspersons nec,principal,Generic,False
452499,Cricketer (N),N,nec_category,Generic,Cricketer,cricketer,4,45,452,4524,Community and Personal Service Workers,Sportspersons nec,principal,Generic,False
452499,Cyclist (N),N,nec_category,Generic,Cyclist,cyclist,4,45,452,4524,Community and Personal Service Workers,Sportspersons nec,principal,Generic,False
452499,Racing Driver (N),N,nec_category,Generic,Racing Driver,racing driver,4,45,452,4524,Community and Personal Service Workers,Sportspersons nec,principal,Generic,False
452499,Surfer (N),N,nec_category,Generic,Surfer,surfer,4,45,452,4524,Community and Personal Service Workers,Sportspersons nec,principal,Generic,False
452499,Tennis Player (N),N,nec_category,Generic,Tennis Player,tennis player,4,45,452,4524,Community and Personal Service Workers,Sportspersons nec,principal,Generic,False
511111,Contract Administrator (P),P,principal,Generic,Contract Administrator,contract administrator,5,51,511,5111,Clerical and Administrative Workers,Contract Administrator,principal,Generic,True
511111,Contract Officer (A),A,alternative,Generic,Contract Officer,contract officer,5,51,511,5111,Clerical and Administrative Workers,Contract Administrator,principal,Generic,False
511112,Program or Project Administrator (P),P,principal,Generic,Program or Project Administrator,program or project administrator,5,51,511,5111,Clerical and Administrative Workers,Program or Project Administrator,principal,Generic,True
511112,Project Coordinator (A),A,alternative,Generic,Project Coordinator,project coordinator,5,51,511,5111,Clerical and Administrative Workers,Program or Project Administrator,principal,Generic,False
512111,Office Manager (P),P,principal,Generic,Office Manager,office manager,5,51,512,5121,Clerical and Administrative Workers,Office Manager,principal,Generic,True
512211,Health Practice Manager (P),P,principal,Generic,Health Practice Manager,health practice manager,5,51,512,5122,Clerical and Administrative Workers,Health Practice Manager,principal,Generic,True
512211,Chiropractic Practice Manager (S),S,specialisation,Generic,Chiropractic Practice Manager,chiropractic practice manager,5,51,512,5122,Clerical and Administrative Workers,Health Practice Manager,principal,Generic,False
512211,Dental Practice Manager (S),S,specialisation,Generic,Dental Practice Manager,dental practice manager,5,51,512,5122,Clerical and Administrative Workers,Health Practice Manager,principal,Generic,False
512211,Medical Practice Manager (S),S,specialisation,Generic,Medical Practice Manager,medical practice manager,5,51,512,5122,Clerical and Administrative Workers,Health Practice Manager,principal,Generic,False
512211,Physiotherapy Practice Manager (S),S,specialisation,Generic,Physiotherapy Practice Manager,physiotherapy practice manager,5,51,512,5122,Clerical and Administrative Workers,Health Practice Manager,principal,Generic,False
512299,Practice Managers nec (P),P,principal,Generic,Practice Managers nec,practice managers nec,5,51,512,5122,Clerical and Administrative Workers,Practice Managers nec,principal,Generic,True
512299,Accounting Practice Manager (N),N,nec_category,Generic,Accounting Practice Manager,accounting practice manager,5,51,512,5122,Clerical and Administrative Workers,Practice Managers nec,principal,Generic,False
512299,Architectural Practice Manager (N),N,nec_category,Generic,Architectural Practice Manager,architectural practice manager,5,51,512,5122,Clerical and Administrative Workers,Practice Managers nec,principal,Generic,False
512299,Legal Practice Manager (N),N,nec_category,Generic,Legal Practice Manager,legal practice manager,5,51,512,5122,Clerical and Administrative Workers,Practice Managers nec,principal,Generic,False
512299,Veterinary Practice Manager (N),N,nec_category,Generic,Veterinary Practice Manager,veterinary practice manager,5,51,512,5122,Clerical and Administrative Workers,Practice Managers nec,principal,Generic,False
521111,Personal Assistant (P),P,principal,Generic,Personal Assistant,personal assistant,5,52,521,5211,Clerical and Administrative Workers,Personal Assistant,principal,Generic,True
521211,Secretary (General) (P),P,principal,Generic,Secretary (General),secretary general,5,52,521,5212,Clerical and Administrative Workers,Secretary (General),principal,Generic,True
521212,Legal Secretary (P),P,principal,Generic,Legal Secretary,legal secretary,5,52,521,5212,Clerical and Administrative Workers,Legal Secretary,principal,Generic,True
531111,General Clerk (P),P,principal,Generic,General Clerk,general clerk,5,53,531,5311,Clerical and Administrative Workers,General Clerk,principal,Generic,True
532111,Data Entry Operator (P),P,principal,Generic,Data Entry Operator,data entry operator,5,53,532,5321,Clerical and Administrative Workers,Data Entry Operator,principal,Generic,True
532111,Data Processing Operator (A),A,alternative,Generic,Data Processing Operator,data processing operator,5,53,532,5321,Clerical and Administrative Workers,Data Entry Operator,principal,Generic,False
532112,Machine Shorthand Reporter (P),P,principal,Generic,Machine Shorthand Reporter,machine shorthand reporter,5,53,532,5321,Clerical and Administrative Workers,Machine Shorthand Reporter,principal,Generic,True
532112,Braille Transcriber (S),S,specialisation,Generic,Braille Transcriber,braille transcriber,5,53,532,5321,Clerical and Administrative Workers,Machine Shorthand Reporter,principal,Generic,False
532112,Court Reporter (S),S,specialisation,Generic,Court Reporter,court reporter,5,53,532,5321,Clerical and Administrative Workers,Machine Shorthand Reporter,principal,Generic,False
532112,Hansard Reporter (S),S,specialisation,Generic,Hansard Reporter,hansard reporter,5,53,532,5321,Clerical and Administrative Workers,Machine Shorthand Reporter,principal,Generic,False
532112,Realtime Reporter (S),S,specialisation,Generic,Realtime Reporter,realtime reporter,5,53,532,5321,Clerical and Administrative Workers,Machine Shorthand Reporter,principal,Generic,False
532112,Stenocaptioner (S),S,specialisation,Generic,Stenocaptioner,stenocaptioner,5,53,532,5321,Clerical and Administrative Workers,Machine Shorthand Reporter,principal,Generic,False
532113,Word Processing Operator (P),P,principal,Generic,Word Processing Operator,word processing operator,5,53,532,5321,Clerical and Administrative Workers,Word Processing Operator,principal,Generic,True
532113,Typist (A),A,alternative,Generic,Typist,typist,5,53,532,5321,Clerical and Administrative Workers,Word Processing Operator,principal,Generic,False
541111,Call or Contact Centre Team Leader (P),P,principal,Generic,Call or Contact Centre Team Leader,call or contact centre team leader,5,54,541,5411,Clerical and Administrative Workers,Call or Contact Centre Team Leader,principal,Generic,True
541111,Call Centre Supervisor (A),A,alternative,Generic,Call Centre Supervisor,call centre supervisor,5,54,541,5411,Clerical and Administrative Workers,Call or Contact Centre Team Leader,principal,Generic,False
541111,Contact Centre Supervisor (A),A,alternative,Generic,Contact Centre Supervisor,contact centre supervisor,5,54,541,5411,Clerical and Administrative Workers,Call or Contact Centre Team Leader,principal,Generic,False
541111,Call or Contact Centre Coach (S),S,specialisation,Generic,Call or Contact Centre Coach,call or contact centre coach,5,54,541,5411,Clerical and Administrative Workers,Call or Contact Centre Team Leader,principal,Generic,False
541111,Call or Contact Centre Workforce Planner (S),S,specialisation,Generic,Call or Contact Centre Workforce Planner,call or contact centre workforce planner,5,54,541,5411,Clerical and Administrative Workers,Call or Contact Centre Team Leader,principal,Generic,False
541112,Call or Contact Centre Operator (P),P,principal,Generic,Call or Contact Centre Operator,call or contact centre operator,5,54,541,5411,Clerical and Administrative Workers,Call or Contact Centre Operator,principal,Generic,True
541211,Inquiry Clerk (P),P,principal,Generic,Inquiry Clerk,inquiry clerk,5,54,541,5412,Clerical and Administrative Workers,Inquiry Clerk,principal,Generic,True
541211,Inquiry Officer (Aus) (A),A,alternative,Australia,Inquiry Officer,inquiry officer,5,54,541,5412,Clerical and Administrative Workers,Inquiry Clerk,principal,Generic,False
541211,Information Clerk (S),S,specialisation,Generic,Information Clerk,information clerk,5,54,541,5412,Clerical and Administrative Workers,Inquiry Clerk,principal,Generic,False
542111,Receptionist (General) (P),P,principal,Generic,Receptionist (General),receptionist general,5,54,542,5421,Clerical and Administrative Workers,Receptionist (General),principal,Generic,True
542112,Admissions Clerk (P),P,principal,Generic,Admissions Clerk,admissions clerk,5,54,542,5421,Clerical and Administrative Workers,Admissions Clerk,principal,Generic,True
542112,Hospital Ward Clerk (A),A,alternative,Generic,Hospital Ward Clerk,hospital ward clerk,5,54,542,5421,Clerical and Administrative Workers,Admissions Clerk,principal,Generic,False
542113,Hotel or Motel Receptionist (P),P,principal,Generic,Hotel or Motel Receptionist,hotel or motel receptionist,5,54,542,5421,Clerical and Administrative Workers,Hotel or Motel Receptionist,principal,Generic,True
542114,Medical Receptionist (P),P,principal,Generic,Medical Receptionist,medical receptionist,5,54,542,5421,Clerical and Administrative Workers,Medical Receptionist,principal,Generic,True
551111,Accounts Clerk (P),P,principal,Generic,Accounts Clerk,accounts clerk,5,55,551,5511,Clerical and Administrative Workers,Accounts Clerk,principal,Generic,True
551111,Accounts Payable or Receivable Clerk (A),A,alternative,Generic,Accounts Payable or Receivable Clerk,accounts payable or receivable clerk,5,55,551,5511,Clerical and Administrative Workers,Accounts Clerk,principal,Generic,False
551111,Audit Clerk (S),S,specialisation,Generic,Audit Clerk,audit clerk,5,55,551,5511,Clerical and Administrative Workers,Accounts Clerk,principal,Generic,False
551111,Investment Accounting Clerk (S),S,specialisation,Generic,Investment Accounting Clerk,investment accounting clerk,5,55,551,5511,Clerical and Administrative Workers,Accounts Clerk,principal,Generic,False
551112,Cost Clerk (P),P,principal,Generic,Cost Clerk,cost clerk,5,55,551,5511,Clerical and Administrative Workers,Cost Clerk,principal,Generic,True
551211,Bookkeeper (P),P,principal,Generic,Bookkeeper,bookkeeper,5,55,551,5512,Clerical and Administrative Workers,Bookkeeper,principal,Generic,True
551211,Financial Administration Officer (S),S,specialisation,Generic,Financial Administration Officer,financial administration officer,5,55,551,5512,Clerical and Administrative Workers,Bookkeeper,principal,Generic,False
551311,Payroll Clerk (P),P,principal,Generic,Payroll Clerk,payroll clerk,5,55,551,5513,Clerical and Administrative Workers,Payroll Clerk,principal,Generic,True
551311,Pay Clerk (A),A,alternative,Generic,Pay Clerk,pay clerk,5,55,551,5513,Clerical and Administrative Workers,Payroll Clerk,principal,Generic,False
551311,Payroll Officer (A),A,alternative,Generic,Payroll Officer,payroll officer,5,55,551,5513,Clerical and Administrative Workers,Payroll Clerk,principal,Generic,False
552111,Bank Worker (P),P,principal,Generic,Bank Worker,bank worker,5,55,552,5521,Clerical and Administrative Workers,Bank Worker,principal,Generic,True
552211,Credit or Loans Officer (Aus) (P),P,principal,Australia,Credit or Loans Officer,credit or loans officer,5,55,552,5522,Clerical and Administrative Workers,Credit or Loans Officer,principal,Australia,True
552211,Finance Clerk (NZ) (P),P,principal,New Zealand,Finance Clerk,finance clerk,5,55,552,5522,Clerical and Administrative Workers,Credit or Loans Officer,principal,Australia,False
552211,Lending Consultant (A),A,alternative,Generic,Lending Consultant,lending consultant,5,55,552,5522,Clerical and Administrative Workers,Credit or Loans Officer,principal,Australia,False
552211,Loans Consultant (A),A,alternative,Generic,Loans Consultant,loans consultant,5,55,552,5522,Clerical and Administrative Workers,Credit or Loans Officer,principal,Australia,False
552211,Loans Officer (A),A,alternative,Generic,Loans Officer,loans officer,5,55,552,5522,Clerical and Administrative Workers,Credit or Loans Officer,principal,Australia,False
552311,Bookmaker (P),P,principal,Generic,Bookmaker,bookmaker,5,55,552,5523,Clerical and Administrative Workers,Bookmaker,principal,Generic,True
552312,Insurance Consultant (P),P,principal,Generic,Insurance Consultant,insurance consultant,5,55,552,5523,Clerical and Administrative Workers,Insurance Consultant,principal,Generic,True
552312,Insurance Clerk (A),A,alternative,Generic,Insurance Clerk,insurance clerk,5,55,552,5523,Clerical and Administrative Workers,Insurance Consultant,principal,Generic,False
552312,Health Insurance Assessor (S),S,specialisation,Generic,Health Insurance Assessor,health insurance assessor,5,55,552,5523,Clerical and Administrative Workers,Insurance Consultant,principal,Generic,False
552312,Superannuation Clerk (S),S,specialisation,Generic,Superannuation Clerk,superannuation clerk,5,55,552,5523,Clerical and Administrative Workers,Insurance Consultant,principal,Generic,False
552313,Money Market Clerk (P),P,principal,Generic,Money Market Clerk,money market clerk,5,55,552,5523,Clerical and Administrative Workers,Money Market Clerk,principal,Generic,True
552313,Scrip Clerk (Stockbroking) (A),A,alternative,Generic,Scrip Clerk (Stockbroking),scrip clerk stockbroking,5,55,552,5523,Clerical and Administrative Workers,Money Market Clerk,principal,Generic,False
552313,Securities Clerk (A),A,alternative,Generic,Securities Clerk,securities clerk,5,55,552,5523,Clerical and Administrative Workers,Money Market Clerk,principal,Generic,False
552314,Statistical Clerk (P),P,principal,Generic,Statistical Clerk,statistical clerk,5,55,552,5523,Clerical and Administrative Workers,Statistical Clerk,principal,Generic,True
552314,Actuarial Clerk (S),S,specialisation,Generic,Actuarial Clerk,actuarial clerk,5,55,552,5523,Clerical and Administrative Workers,Statistical Clerk,principal,Generic,False
561111,Betting Agency Counter Clerk (P),P,principal,Generic,Betting Agency Counter Clerk,betting agency counter clerk,5,56,561,5611,Clerical and Administrative Workers,Betting Agency Counter Clerk,principal,Generic,True
561112,Bookmaker's Clerk (P),P,principal,Generic,Bookmaker's Clerk,bookmaker s clerk,5,56,561,5611,Clerical and Administrative Workers,Bookmaker's Clerk,principal,Generic,True
561112,Penciller (A),A,alternative,Generic,Penciller,penciller,5,56,561,5611,Clerical and Administrative Workers,Bookmaker's Clerk,principal,Generic,False
561112,Bagman/woman (Aus) (S),S,specialisation,Australia,Bagman/woman,bagman woman,5,56,561,5611,Clerical and Administrative Workers,Bookmaker's Clerk,principal,Generic,False
561113,Telephone Betting Clerk (P),P,principal,Generic,Telephone Betting Clerk,telephone betting clerk,5,56,561,5611,Clerical and Administrative Workers,Telephone Betting Clerk,principal,Generic,True
561199,Betting Clerks nec (P),P,principal,Generic,Betting Clerks nec,betting clerks nec,5,56,561,5611,Clerical and Administrative Workers,Betting Clerks nec,principal,Generic,True
561199,Bingo Caller (N),N,nec_category,Generic,Bingo Caller,bingo caller,5,56,561,5611,Clerical and Administrative Workers,Betting Clerks nec,principal,Generic,False
561199,Keno Terminal Operator (N),N,nec_category,Generic,Keno Terminal Operator,keno terminal operator,5,56,561,5611,Clerical and Administrative Workers,Betting Clerks nec,principal,Generic,False
561211,Courier (P),P,principal,Generic,Courier,courier,5,56,561,5612,Clerical and Administrative Workers,Courier,principal,Generic,True
561211,Bicycle Courier (S),S,specialisation,Generic,Bicycle Courier,bicycle courier,5,56,561,5612,Clerical and Administrative Workers,Courier,principal,Generic,False
561211,Motorbike Courier (S),S,specialisation,Generic,Motorbike Courier,motorbike courier,5,56,561,5612,Clerical and Administrative Workers,Courier,principal,Generic,False
561211,Parcel Contractor (S),S,specialisation,Generic,Parcel Contractor,parcel contractor,5,56,561,5612,Clerical and Administrative Workers,Courier,principal,Generic,False
561211,Rural Mail Contractor (S),S,specialisation,Generic,Rural Mail Contractor,rural mail contractor,5,56,561,5612,Clerical and Administrative Workers,Courier,principal,Generic,False
561212,Postal Delivery Officer (P),P,principal,Generic,Postal Delivery Officer,postal delivery officer,5,56,561,5612,Clerical and Administrative Workers,Postal Delivery Officer,principal,Generic,True
561212,Postie (A),A,alternative,Generic,Postie,postie,5,56,561,5612,Clerical and Administrative Workers,Postal Delivery Officer,principal,Generic,False
561311,Filing or Registry Clerk (P),P,principal,Generic,Filing or Registry Clerk,filing or registry clerk,5,56,561,5613,Clerical and Administrative Workers,Filing or Registry Clerk,principal,Generic,True
561311,Records Clerk (A),A,alternative,Generic,Records Clerk,records clerk,5,56,561,5613,Clerical and Administrative Workers,Filing or Registry Clerk,principal,Generic,False
561311,Medical Record Clerk (S),S,specialisation,Generic,Medical Record Clerk,medical record clerk,5,56,561,5613,Clerical and Administrative Workers,Filing or Registry Clerk,principal,Generic,False
561411,Mail Clerk (P),P,principal,Generic,Mail Clerk,mail clerk,5,56,561,5614,Clerical and Administrative Workers,Mail Clerk,principal,Generic,True
561411,Mail Officer (A),A,alternative,Generic,Mail Officer,mail officer,5,56,561,5614,Clerical and Administrative Workers,Mail Clerk,principal,Generic,False
561412,Postal Sorting Officer (P),P,principal,Generic,Postal Sorting Officer,postal sorting officer,5,56,561,5614,Clerical and Administrative Workers,Postal Sorting Officer,principal,Generic,True
561412,Parcel Post Officer (S),S,specialisation,Generic,Parcel Post Officer,parcel post officer,5,56,561,5614,Clerical and Administrative Workers,Postal Sorting Officer,principal,Generic,False
561511,Survey Interviewer (P),P,principal,Generic,Survey Interviewer,survey interviewer,5,56,561,5615,Clerical and Administrative Workers,Survey Interviewer,principal,Generic,True
561511,Interviewer (A),A,alternative,Generic,Interviewer,interviewer,5,56,561,5615,Clerical and Administrative Workers,Survey Interviewer,principal,Generic,False
561511,Market Research Interviewer (S),S,specialisation,Generic,Market Research Interviewer,market research interviewer,5,56,561,5615,Clerical and Administrative Workers,Survey Interviewer,principal,Generic,False
561611,Switchboard Operator (P),P,principal,Generic,Switchboard Operator,switchboard operator,5,56,561,5616,Clerical and Administrative Workers,Switchboard Operator,principal,Generic,True
561611,Telephone Operator (A),A,alternative,Generic,Telephone Operator,telephone operator,5,56,561,5616,Clerical and Administrative Workers,Switchboard Operator,principal,Generic,False
561911,Classified Advertising Clerk (P),P,principal,Generic,Classified Advertising Clerk,classified advertising clerk,5,56,561,5619,Clerical and Administrative Workers,Classified Advertising Clerk,principal,Generic,True
561912,Meter Reader (P),P,principal,Generic,Meter Reader,meter reader,5,56,561,5619,Clerical and Administrative Workers,Meter Reader,principal,Generic,True
561913,Parking Inspector (P),P,principal,Generic,Parking Inspector,parking inspector,5,56,561,5619,Clerical and Administrative Workers,Parking Inspector,principal,Generic,True
561999,Clerical and Office Support Workers nec (P),P,principal,Generic,Clerical and Office Support Workers nec,clerical and office support workers nec,5,56,561,5619,Clerical and Administrative Workers,Clerical and Office Support Workers nec,principal,Generic,True
561999,Media Monitor (Aus) (N),N,nec_category,Australia,Media Monitor,media monitor,5,56,561,5619,Clerical and Administrative Workers,Clerical and Office Support Workers nec,principal,Generic,False
591112,Production Clerk (P),P,principal,Generic,Production Clerk,production clerk,5,59,591,5911,Clerical and Administrative Workers,Production Clerk,principal,Generic,True
591112,Production Recorder (A),A,alternative,Generic,Production Recorder,production recorder,5,59,591,5911,Clerical and Administrative Workers,Production Clerk,principal,Generic,False
591112,Schedule Clerk (A),A,alternative,Generic,Schedule Clerk,schedule clerk,5,59,591,5911,Clerical and Administrative Workers,Production Clerk,principal,Generic,False
591112,Delivery Clerk (S),S,specialisation,Generic,Delivery Clerk,delivery clerk,5,59,591,5911,Clerical and Administrative Workers,Production Clerk,principal,Generic,False
591112,Logistics Clerk (S),S,specialisation,Generic,Logistics Clerk,logistics clerk,5,59,591,5911,Clerical and Administrative Workers,Production Clerk,principal,Generic,False
591113,Purchasing Officer (P),P,principal,Generic,Purchasing Officer,purchasing officer,5,59,591,5911,Clerical and Administrative Workers,Purchasing Officer,principal,Generic,True
591113,Procurement Clerk (A),A,alternative,Generic,Procurement Clerk,procurement clerk,5,59,591,5911,Clerical and Administrative Workers,Purchasing Officer,principal,Generic,False
591115,Stock Clerk (P),P,principal,Generic,Stock Clerk,stock clerk,5,59,591,5911,Clerical and Administrative Workers,Stock Clerk,principal,Generic,True
591115,Stock Control Clerk (A),A,alternative,Generic,Stock Control Clerk,stock control clerk,5,59,591,5911,Clerical and Administrative Workers,Stock Clerk,principal,Generic,False
591115,Stores Clerk (A),A,alternative,Generic,Stores Clerk,stores clerk,5,59,591,5911,Clerical and Administrative Workers,Stock Clerk,principal,Generic,False
591115,Inventory Clerk (S),S,specialisation,Generic,Inventory Clerk,inventory clerk,5,59,591,5911,Clerical and Administrative Workers,Stock Clerk,principal,Generic,False
591115,Supply Clerk (S),S,specialisation,Generic,Supply Clerk,supply clerk,5,59,591,5911,Clerical and Administrative Workers,Stock Clerk,principal,Generic,False
591116,Warehouse Administrator (P),P,principal,Generic,Warehouse Administrator,warehouse administrator,5,59,591,5911,Clerical and Administrative Workers,Warehouse Administrator,principal,Generic,True
591117,Order Clerk (P),P,principal,Generic,Order Clerk,order clerk,5,59,591,5911,Clerical and Administrative Workers,Order Clerk,principal,Generic,True
591117,Customer Orders Clerk (A),A,alternative,Generic,Customer Orders Clerk,customer orders clerk,5,59,591,5911,Clerical and Administrative Workers,Order Clerk,principal,Generic,False
591117,Sales Order Clerk (A),A,alternative,Generic,Sales Order Clerk,sales order clerk,5,59,591,5911,Clerical and Administrative Workers,Order Clerk,principal,Generic,False
591117,Internal Salesperson (Aus) (S),S,specialisation,Australia,Internal Salesperson,internal salesperson,5,59,591,5911,Clerical and Administrative Workers,Order Clerk,principal,Generic,False
591117,Mail Order Clerk (S),S,specialisation,Generic,Mail Order Clerk,mail order clerk,5,59,591,5911,Clerical and Administrative Workers,Order Clerk,principal,Generic,False
591211,Despatching and Receiving Clerk (P),P,principal,Generic,Despatching and Receiving Clerk,despatching and receiving clerk,5,59,591,5912,Clerical and Administrative Workers,Despatching and Receiving Clerk,principal,Generic,True
591211,Despatch Clerk (A),A,alternative,Generic,Despatch Clerk,despatch clerk,5,59,591,5912,Clerical and Administrative Workers,Despatching and Receiving Clerk,principal,Generic,False
591211,Freight Clerk (A),A,alternative,Generic,Freight Clerk,freight clerk,5,59,591,5912,Clerical and Administrative Workers,Despatching and Receiving Clerk,principal,Generic,False
591211,Aircraft Load Controller (S),S,specialisation,Generic,Aircraft Load Controller,aircraft load controller,5,59,591,5912,Clerical and Administrative Workers,Despatching and Receiving Clerk,principal,Generic,False
591211,Shipping and Receiving Clerk (S),S,specialisation,Generic,Shipping and Receiving Clerk,shipping and receiving clerk,5,59,591,5912,Clerical and Administrative Workers,Despatching and Receiving Clerk,principal,Generic,False
591211,Truck Despatcher (S),S,specialisation,Generic,Truck Despatcher,truck despatcher,5,59,591,5912,Clerical and Administrative Workers,Despatching and Receiving Clerk,principal,Generic,False
591212,Import-Export Clerk (P),P,principal,Generic,Import-Export Clerk,import export clerk,5,59,591,5912,Clerical and Administrative Workers,Import-Export Clerk,principal,Generic,True
591212,Customs Broker (A),A,alternative,Generic,Customs Broker,customs broker,5,59,591,5912,Clerical and Administrative Workers,Import-Export Clerk,principal,Generic,False
591212,Bond Clerk (S),S,specialisation,Generic,Bond Clerk,bond clerk,5,59,591,5912,Clerical and Administrative Workers,Import-Export Clerk,principal,Generic,False
591212,Customs Agent (S),S,specialisation,Generic,Customs Agent,customs agent,5,59,591,5912,Clerical and Administrative Workers,Import-Export Clerk,principal,Generic,False
591212,Wharf Tally Clerk (S),S,specialisation,Generic,Wharf Tally Clerk,wharf tally clerk,5,59,591,5912,Clerical and Administrative Workers,Import-Export Clerk,principal,Generic,False
599111,Conveyancer (P),P,principal,Generic,Conveyancer,conveyancer,5,59,599,5991,Clerical and Administrative Workers,Conveyancer,principal,Generic,True
599111,Settlement Agent (A),A,alternative,Generic,Settlement Agent,settlement agent,5,59,599,5991,Clerical and Administrative Workers,Conveyancer,principal,Generic,False
599112,Legal Executive (P),P,principal,Generic,Legal Executive,legal executive,5,59,599,5991,Clerical and Administrative Workers,Legal Executive,principal,Generic,True
599211,Clerk of Court (P),P,principal,Generic,Clerk of Court,clerk of court,5,59,599,5992,Clerical and Administrative Workers,Clerk of Court,principal,Generic,True
599212,Court Bailiff or Sheriff (Aus) (P),P,principal,Australia,Court Bailiff or Sheriff,court bailiff or sheriff,5,59,599,5992,Clerical and Administrative Workers,Court Bailiff or Sheriff,principal,Australia,True
599212,Court Collections Officer (NZ) (P),P,principal,New Zealand,Court Collections Officer,court collections officer,5,59,599,5992,Clerical and Administrative Workers,Court Bailiff or Sheriff,principal,Australia,False
599212,Sheriff's Officer (Aus) (S),S,specialisation,Australia,Sheriff's Officer,sheriff s officer,5,59,599,5992,Clerical and Administrative Workers,Court Bailiff or Sheriff,principal,Australia,False
599213,Court Orderly (Aus) (P),P,principal,Australia,Court Orderly,court orderly,5,59,599,5992,Clerical and Administrative Workers,Court Orderly,principal,Australia,True
599213,Court Registry Officer (NZ) (P),P,principal,New Zealand,Court Registry Officer,court registry officer,5,59,599,5992,Clerical and Administrative Workers,Court Orderly,principal,Australia,False
599213,Court Attendant (A),A,alternative,Generic,Court Attendant,court attendant,5,59,599,5992,Clerical and Administrative Workers,Court Orderly,principal,Australia,False
599213,Court Officer (A),A,alternative,Generic,Court Officer,court officer,5,59,599,5992,Clerical and Administrative Workers,Court Orderly,principal,Australia,False
599213,Court Usher (S),S,specialisation,Generic,Court Usher,court usher,5,59,599,5992,Clerical and Administrative Workers,Court Orderly,principal,Australia,False
599214,Law Clerk (P),P,principal,Generic,Law Clerk,law clerk,5,59,599,5992,Clerical and Administrative Workers,Law Clerk,principal,Generic,True
599214,Legal Clerk (A),A,alternative,Generic,Legal Clerk,legal clerk,5,59,599,5992,Clerical and Administrative Workers,Law Clerk,principal,Generic,False
599215,Trust Officer (P),P,principal,Generic,Trust Officer,trust officer,5,59,599,5992,Clerical and Administrative Workers,Trust Officer,principal,Generic,True
599215,Trust Clerk (A),A,alternative,Generic,Trust Clerk,trust clerk,5,59,599,5992,Clerical and Administrative Workers,Trust Officer,principal,Generic,False
599311,Debt Collector (P),P,principal,Generic,Debt Collector,debt collector,5,59,599,5993,Clerical and Administrative Workers,Debt Collector,principal,Generic,True
599311,Debt Recovery Officer (A),A,alternative,Generic,Debt Recovery Officer,debt recovery officer,5,59,599,5993,Clerical and Administrative Workers,Debt Collector,principal,Generic,False
599311,Mercantile Agent (Aus) (A),A,alternative,Australia,Mercantile Agent,mercantile agent,5,59,599,5993,Clerical and Administrative Workers,Debt Collector,principal,Generic,False
599311,Collection Agent (S),S,specialisation,Generic,Collection Agent,collection agent,5,59,599,5993,Clerical and Administrative Workers,Debt Collector,principal,Generic,False
599311,Collection Officer (S),S,specialisation,Generic,Collection Officer,collection officer,5,59,599,5993,Clerical and Administrative Workers,Debt Collector,principal,Generic,False
599311,Repossession Agent (S),S,specialisation,Generic,Repossession Agent,repossession agent,5,59,599,5993,Clerical and Administrative Workers,Debt Collector,principal,Generic,False
599411,Human Resource Clerk (P),P,principal,Generic,Human Resource Clerk,human resource clerk,5,59,599,5994,Clerical and Administrative Workers,Human Resource Clerk,principal,Generic,True
599411,Employment Office Clerk (A),A,alternative,Generic,Employment Office Clerk,employment office clerk,5,59,599,5994,Clerical and Administrative Workers,Human Resource Clerk,principal,Generic,False
599411,Human Resources Records Clerk (A),A,alternative,Generic,Human Resources Records Clerk,human resources records clerk,5,59,599,5994,Clerical and Administrative Workers,Human Resource Clerk,principal,Generic,False
599411,Personnel Records Clerk (A),A,alternative,Generic,Personnel Records Clerk,personnel records clerk,5,59,599,5994,Clerical and Administrative Workers,Human Resource Clerk,principal,Generic,False
599411,Psychological Examiner (Army) (S),S,specialisation,Generic,Psychological Examiner (Army),psychological examiner army,5,59,599,5994,Clerical and Administrative Workers,Human Resource Clerk,principal,Generic,False
599411,Roster Clerk (S),S,specialisation,Generic,Roster Clerk,roster clerk,5,59,599,5994,Clerical and Administrative Workers,Human Resource Clerk,principal,Generic,False
599511,Customs Officer (P),P,principal,Generic,Customs Officer,customs officer,5,59,599,5995,Clerical and Administrative Workers,Customs Officer,principal,Generic,True
599511,Customs Inspector (A),A,alternative,Generic,Customs Inspector,customs inspector,5,59,599,5995,Clerical and Administrative Workers,Customs Officer,principal,Generic,False
599511,Customs Investigator (S),S,specialisation,Generic,Customs Investigator,customs investigator,5,59,599,5995,Clerical and Administrative Workers,Customs Officer,principal,Generic,False
599512,Immigration Officer (P),P,principal,Generic,Immigration Officer,immigration officer,5,59,599,5995,Clerical and Administrative Workers,Immigration Officer,principal,Generic,True
599513,Motor Vehicle Licence Examiner (P),P,principal,Generic,Motor Vehicle Licence Examiner,motor vehicle licence examiner,5,59,599,5995,Clerical and Administrative Workers,Motor Vehicle Licence Examiner,principal,Generic,True
599514,Noxious Weeds and Pest Inspector (P),P,principal,Generic,Noxious Weeds and Pest Inspector,noxious weeds and pest inspector,5,59,599,5995,Clerical and Administrative Workers,Noxious Weeds and Pest Inspector,principal,Generic,True
599514,Biosecurity Officer (Weeds and Pests) (A),A,alternative,Generic,Biosecurity Officer (Weeds and Pests),biosecurity officer weeds and pests,5,59,599,5995,Clerical and Administrative Workers,Noxious Weeds and Pest Inspector,principal,Generic,False
599515,Social Security Assessor (P),P,principal,Generic,Social Security Assessor,social security assessor,5,59,599,5995,Clerical and Administrative Workers,Social Security Assessor,principal,Generic,True
599516,Taxation Inspector (P),P,principal,Generic,Taxation Inspector,taxation inspector,5,59,599,5995,Clerical and Administrative Workers,Taxation Inspector,principal,Generic,True
599517,Train Examiner (P),P,principal,Generic,Train Examiner,train examiner,5,59,599,5995,Clerical and Administrative Workers,Train Examiner,principal,Generic,True
599517,Locomotive Inspector (S),S,specialisation,Generic,Locomotive Inspector,locomotive inspector,5,59,599,5995,Clerical and Administrative Workers,Train Examiner,principal,Generic,False
599518,Transport Operations Inspector (P),P,principal,Generic,Transport Operations Inspector,transport operations inspector,5,59,599,5995,Clerical and Administrative Workers,Transport Operations Inspector,principal,Generic,True
599518,Bus Inspector (S),S,specialisation,Generic,Bus Inspector,bus inspector,5,59,599,5995,Clerical and Administrative Workers,Transport Operations Inspector,principal,Generic,False
599518,Tram Inspector (S),S,specialisation,Generic,Tram Inspector,tram inspector,5,59,599,5995,Clerical and Administrative Workers,Transport Operations Inspector,principal,Generic,False
599521,Water Inspector (P),P,principal,Generic,Water Inspector,water inspector,5,59,599,5995,Clerical and Administrative Workers,Water Inspector,principal,Generic,True
599521,Boring Inspector (S),S,specialisation,Generic,Boring Inspector,boring inspector,5,59,599,5995,Clerical and Administrative Workers,Water Inspector,principal,Generic,False
599521,Stream Control Officer (S),S,specialisation,Generic,Stream Control Officer,stream control officer,5,59,599,5995,Clerical and Administrative Workers,Water Inspector,principal,Generic,False
599599,Inspectors and Regulatory Officers nec (P),P,principal,Generic,Inspectors and Regulatory Officers nec,inspectors and regulatory officers nec,5,59,599,5995,Clerical and Administrative Workers,Inspectors and Regulatory Officers nec,principal,Generic,True
599599,Dog Catcher (N),N,nec_category,Generic,Dog Catcher,dog catcher,5,59,599,5995,Clerical and Administrative Workers,Inspectors and Regulatory Officers nec,principal,Generic,False
599599,Technician Preventative Medicine (Army) (N),N,nec_category,Generic,Technician Preventative Medicine (Army),technician preventative medicine army,5,59,599,5995,Clerical and Administrative Workers,Inspectors and Regulatory Officers nec,principal,Generic,False
599599,Trade Mark Examiner (Aus) (N),N,nec_category,Australia,Trade Mark Examiner,trade mark examiner,5,59,599,5995,Clerical and Administrative Workers,Inspectors and Regulatory Officers nec,principal,Generic,False
599599,Travel Accommodation Inspector (N),N,nec_category,Generic,Travel Accommodation Inspector,travel accommodation inspector,5,59,599,5995,Clerical and Administrative Workers,Inspectors and Regulatory Officers nec,principal,Generic,False
599599,Weights and Measures Inspector (N),N,nec_category,Generic,Weights and Measures Inspector,weights and measures inspector,5,59,599,5995,Clerical and Administrative Workers,Inspectors and Regulatory Officers nec,principal,Generic,False
599611,Insurance Investigator (P),P,principal,Generic,Insurance Investigator,insurance investigator,5,59,599,5996,Clerical and Administrative Workers,Insurance Investigator,principal,Generic,True
599612,Insurance Loss Adjuster (P),P,principal,Generic,Insurance Loss Adjuster,insurance loss adjuster,5,59,599,5996,Clerical and Administrative Workers,Insurance Loss Adjuster,principal,Generic,True
599612,Insurance Loss Assessor (A),A,alternative,Generic,Insurance Loss Assessor,insurance loss assessor,5,59,599,5996,Clerical and Administrative Workers,Insurance Loss Adjuster,principal,Generic,False
599613,Insurance Risk Surveyor (P),P,principal,Generic,Insurance Risk Surveyor,insurance risk surveyor,5,59,599,5996,Clerical and Administrative Workers,Insurance Risk Surveyor,principal,Generic,True
599711,Library Assistant (P),P,principal,Generic,Library Assistant,library assistant,5,59,599,5997,Clerical and Administrative Workers,Library Assistant,principal,Generic,True
599711,Library Attendant (A),A,alternative,Generic,Library Attendant,library attendant,5,59,599,5997,Clerical and Administrative Workers,Library Assistant,principal,Generic,False
599711,Library Clerk (A),A,alternative,Generic,Library Clerk,library clerk,5,59,599,5997,Clerical and Administrative Workers,Library Assistant,principal,Generic,False
599912,"Production Assistant (Film, Television, Radio or Stage) (P)",P,principal,Generic,"Production Assistant (Film, Television, Radio or Stage)",production assistant film television radio or stage,5,59,599,5999,Clerical and Administrative Workers,"Production Assistant (Film, Television, Radio or Stage)",principal,Generic,True
599913,Proof Reader (P),P,principal,Generic,Proof Reader,proof reader,5,59,599,5999,Clerical and Administrative Workers,Proof Reader,principal,Generic,True
599914,Radio Despatcher (P),P,principal,Generic,Radio Despatcher,radio despatcher,5,59,599,5999,Clerical and Administrative Workers,Radio Despatcher,principal,Generic,True
599914,Communications Controller (A),A,alternative,Generic,Communications Controller,communications controller,5,59,599,5999,Clerical and Administrative Workers,Radio Despatcher,principal,Generic,False
599914,Control Room Operator (A),A,alternative,Generic,Control Room Operator,control room operator,5,59,599,5999,Clerical and Administrative Workers,Radio Despatcher,principal,Generic,False
599915,Clinical Coder (P),P,principal,Generic,Clinical Coder,clinical coder,5,59,599,5999,Clerical and Administrative Workers,Clinical Coder,principal,Generic,True
599916,Facilities Administrator (P),P,principal,Generic,Facilities Administrator,facilities administrator,5,59,599,5999,Clerical and Administrative Workers,Facilities Administrator,principal,Generic,True
599916,Facilities Assistant (A),A,alternative,Generic,Facilities Assistant,facilities assistant,5,59,599,5999,Clerical and Administrative Workers,Facilities Administrator,principal,Generic,False
599916,Facilities Coordinator (A),A,alternative,Generic,Facilities Coordinator,facilities coordinator,5,59,599,5999,Clerical and Administrative Workers,Facilities Administrator,principal,Generic,False
599916,Facilities Officer (A),A,alternative,Generic,Facilities Officer,facilities officer,5,59,599,5999,Clerical and Administrative Workers,Facilities Administrator,principal,Generic,False
599999,Clerical and Administrative Workers nec (P),P,principal,Generic,Clerical and Administrative Workers nec,clerical and administrative workers nec,5,59,599,5999,Clerical and Administrative Workers,Clerical and Administrative Workers nec,principal,Generic,True
599999,Coding Clerk (N),N,nec_category,Generic,Coding Clerk,coding clerk,5,59,599,5999,Clerical and Administrative Workers,Clerical and Administrative Workers nec,principal,Generic,False
599999,Examination Supervisor (N),N,nec_category,Generic,Examination Supervisor,examination supervisor,5,59,599,5999,Clerical and Administrative Workers,Clerical and Administrative Workers nec,principal,Generic,False
599999,Train Planner (N),N,nec_category,Generic,Train Planner,train planner,5,59,599,5999,Clerical and Administrative Workers,Clerical and Administrative Workers nec,principal,Generic,False
599999,Travel Clerk (N),N,nec_category,Generic,Travel Clerk,travel clerk,5,59,599,5999,Clerical and Administrative Workers,Clerical and Administrative Workers nec,principal,Generic,False
611111,Auctioneer (P),P,principal,Generic,Auctioneer,auctioneer,6,61,611,6111,Sales Workers,Auctioneer,principal,Generic,True
611112,Stock and Station Agent (P),P,principal,Generic,Stock and Station Agent,stock and station agent,6,61,611,6111,Sales Workers,Stock and Station Agent,principal,Generic,True
611211,Insurance Agent (P),P,principal,Generic,Insurance Agent,insurance agent,6,61,611,6112,Sales Workers,Insurance Agent,principal,Generic,True
611211,Insurance Underwriter (S),S,specialisation,Generic,Insurance Underwriter,insurance underwriter,6,61,611,6112,Sales Workers,Insurance Agent,principal,Generic,False
611211,Life Assurance Representative (S),S,specialisation,Generic,Life Assurance Representative,life assurance representative,6,61,611,6112,Sales Workers,Insurance Agent,principal,Generic,False
611311,Sales Representative (Building and Plumbing Supplies) (P),P,principal,Generic,Sales Representative (Building and Plumbing Supplies),sales representative building and plumbing supplies,6,61,611,6113,Sales Workers,Sales Representative (Building and Plumbing Supplies),principal,Generic,True
611312,Sales Representative (Business Services) (P),P,principal,Generic,Sales Representative (Business Services),sales representative business services,6,61,611,6113,Sales Workers,Sales Representative (Business Services),principal,Generic,True
611312,Sales Representative (Advertising) (S),S,specialisation,Generic,Sales Representative (Advertising),sales representative advertising,6,61,611,6113,Sales Workers,Sales Representative (Business Services),principal,Generic,False
611312,Sales Representative (Printing) (S),S,specialisation,Generic,Sales Representative (Printing),sales representative printing,6,61,611,6113,Sales Workers,Sales Representative (Business Services),principal,Generic,False
611313,Sales Representative (Motor Vehicle Parts and Accessories) (P),P,principal,Generic,Sales Representative (Motor Vehicle Parts and Accessories),sales representative motor vehicle parts and accessories,6,61,611,6113,Sales Workers,Sales Representative (Motor Vehicle Parts and Accessories),principal,Generic,True
611314,Sales Representative (Personal and Household Goods) (P),P,principal,Generic,Sales Representative (Personal and Household Goods),sales representative personal and household goods,6,61,611,6113,Sales Workers,Sales Representative (Personal and Household Goods),principal,Generic,True
611399,Sales Representatives nec (P),P,principal,Generic,Sales Representatives nec,sales representatives nec,6,61,611,6113,Sales Workers,Sales Representatives nec,principal,Generic,True
611399,Sales Representative (Jewellery and Watches) (N),N,nec_category,Generic,Sales Representative (Jewellery and Watches),sales representative jewellery and watches,6,61,611,6113,Sales Workers,Sales Representatives nec,principal,Generic,False
611399,Sales Representative (Musical Goods) (N),N,nec_category,Generic,Sales Representative (Musical Goods),sales representative musical goods,6,61,611,6113,Sales Workers,Sales Representatives nec,principal,Generic,False
611399,Sales Representative (Photographic Equipment and Supplies) (N),N,nec_category,Generic,Sales Representative (Photographic Equipment and Supplies),sales representative photographic equipment and supplies,6,61,611,6113,Sales Workers,Sales Representatives nec,principal,Generic,False
612111,Business Broker (P),P,principal,Generic,Business Broker,business broker,6,61,612,6121,Sales Workers,Business Broker,principal,Generic,True
612111,Business Agent (A),A,alternative,Generic,Business Agent,business agent,6,61,612,6121,Sales Workers,Business Broker,principal,Generic,False
612111,Franchise Broker (S),S,specialisation,Generic,Franchise Broker,franchise broker,6,61,612,6121,Sales Workers,Business Broker,principal,Generic,False
612112,Property Manager (P),P,principal,Generic,Property Manager,property manager,6,61,612,6121,Sales Workers,Property Manager,principal,Generic,True
612112,Body Corporate Manager (S),S,specialisation,Generic,Body Corporate Manager,body corporate manager,6,61,612,6121,Sales Workers,Property Manager,principal,Generic,False
612113,Real Estate Agency Licensee (NZ) (P),P,principal,New Zealand,Real Estate Agency Licensee,real estate agency licensee,6,61,612,6121,Sales Workers,Real Estate Agency Principal,principal,Australia,False
612113,Real Estate Agency Principal (Aus) (P),P,principal,Australia,Real Estate Agency Principal,real estate agency principal,6,61,612,6121,Sales Workers,Real Estate Agency Principal,principal,Australia,True
612114,Real Estate Agent (P),P,principal,Generic,Real Estate Agent,real estate agent,6,61,612,6121,Sales Workers,Real Estate Agent,principal,Generic,True
612115,Real Estate Representative (P),P,principal,Generic,Real Estate Representative,real estate representative,6,61,612,6121,Sales Workers,Real Estate Representative,principal,Generic,True
612115,Real Estate Salesperson (A),A,alternative,Generic,Real Estate Salesperson,real estate salesperson,6,61,612,6121,Sales Workers,Real Estate Representative,principal,Generic,False
612115,Real Estate Subagent (A),A,alternative,Generic,Real Estate Subagent,real estate subagent,6,61,612,6121,Sales Workers,Real Estate Representative,principal,Generic,False
612115,Property Portfolio Officer (S),S,specialisation,Generic,Property Portfolio Officer,property portfolio officer,6,61,612,6121,Sales Workers,Real Estate Representative,principal,Generic,False
621111,Sales Assistant (General) (P),P,principal,Generic,Sales Assistant (General),sales assistant general,6,62,621,6211,Sales Workers,Sales Assistant (General),principal,Generic,True
621111,Retail Sales Assistant (A),A,alternative,Generic,Retail Sales Assistant,retail sales assistant,6,62,621,6211,Sales Workers,Sales Assistant (General),principal,Generic,False
621111,Clothing Sales Assistant (S),S,specialisation,Generic,Clothing Sales Assistant,clothing sales assistant,6,62,621,6211,Sales Workers,Sales Assistant (General),principal,Generic,False
621111,Cosmetic Sales Assistant (S),S,specialisation,Generic,Cosmetic Sales Assistant,cosmetic sales assistant,6,62,621,6211,Sales Workers,Sales Assistant (General),principal,Generic,False
621111,Fast Food Sales Assistant (S),S,specialisation,Generic,Fast Food Sales Assistant,fast food sales assistant,6,62,621,6211,Sales Workers,Sales Assistant (General),principal,Generic,False
621111,Hardware Sales Assistant (S),S,specialisation,Generic,Hardware Sales Assistant,hardware sales assistant,6,62,621,6211,Sales Workers,Sales Assistant (General),principal,Generic,False
621211,ICT Sales Assistant (P),P,principal,Generic,ICT Sales Assistant,ict sales assistant,6,62,621,6212,Sales Workers,ICT Sales Assistant,principal,Generic,True
621211,Mobile Phone Salesperson (S),S,specialisation,Generic,Mobile Phone Salesperson,mobile phone salesperson,6,62,621,6212,Sales Workers,ICT Sales Assistant,principal,Generic,False
621311,Motor Vehicle or Caravan Salesperson (P),P,principal,Generic,Motor Vehicle or Caravan Salesperson,motor vehicle or caravan salesperson,6,62,621,6213,Sales Workers,Motor Vehicle or Caravan Salesperson,principal,Generic,True
621311,Motor Vehicle Salesperson (A),A,alternative,Generic,Motor Vehicle Salesperson,motor vehicle salesperson,6,62,621,6213,Sales Workers,Motor Vehicle or Caravan Salesperson,principal,Generic,False
621311,Fleet Salesperson (S),S,specialisation,Generic,Fleet Salesperson,fleet salesperson,6,62,621,6213,Sales Workers,Motor Vehicle or Caravan Salesperson,principal,Generic,False
621312,Automotive Parts Salesperson (NZ) (P),P,principal,New Zealand,Automotive Parts Salesperson,automotive parts salesperson,6,62,621,6213,Sales Workers,Motor Vehicle Parts Interpreter,principal,Australia,False
621312,Motor Vehicle Parts Interpreter (Aus) (P),P,principal,Australia,Motor Vehicle Parts Interpreter,motor vehicle parts interpreter,6,62,621,6213,Sales Workers,Motor Vehicle Parts Interpreter,principal,Australia,True
621312,Automotive Parts Interpreter (A),A,alternative,Generic,Automotive Parts Interpreter,automotive parts interpreter,6,62,621,6213,Sales Workers,Motor Vehicle Parts Interpreter,principal,Australia,False
621411,Pharmacy Sales Assistant (P),P,principal,Generic,Pharmacy Sales Assistant,pharmacy sales assistant,6,62,621,6214,Sales Workers,Pharmacy Sales Assistant,principal,Generic,True
621511,Retail Supervisor (P),P,principal,Generic,Retail Supervisor,retail supervisor,6,62,621,6215,Sales Workers,Retail Supervisor,principal,Generic,True
621511,Checkout Supervisor (A),A,alternative,Generic,Checkout Supervisor,checkout supervisor,6,62,621,6215,Sales Workers,Retail Supervisor,principal,Generic,False
621511,Sales Department Supervisor (A),A,alternative,Generic,Sales Department Supervisor,sales department supervisor,6,62,621,6215,Sales Workers,Retail Supervisor,principal,Generic,False
621611,Service Station Attendant (P),P,principal,Generic,Service Station Attendant,service station attendant,6,62,621,6216,Sales Workers,Service Station Attendant,principal,Generic,True
621611,Driveway Attendant (A),A,alternative,Generic,Driveway Attendant,driveway attendant,6,62,621,6216,Sales Workers,Service Station Attendant,principal,Generic,False
621711,Cash Van Salesperson (P),P,principal,Generic,Cash Van Salesperson,cash van salesperson,6,62,621,6217,Sales Workers,Cash Van Salesperson,principal,Generic,True
621711,Ice-cream Van Vendor (S),S,specialisation,Generic,Ice-cream Van Vendor,ice cream van vendor,6,62,621,6217,Sales Workers,Cash Van Salesperson,principal,Generic,False
621711,Milk Vendor (S),S,specialisation,Generic,Milk Vendor,milk vendor,6,62,621,6217,Sales Workers,Cash Van Salesperson,principal,Generic,False
621712,Door-to-door Salesperson (P),P,principal,Generic,Door-to-door Salesperson,door to door salesperson,6,62,621,6217,Sales Workers,Door-to-door Salesperson,principal,Generic,True
621712,Door-to-door Fundraising Collector (S),S,specialisation,Generic,Door-to-door Fundraising Collector,door to door fundraising collector,6,62,621,6217,Sales Workers,Door-to-door Salesperson,principal,Generic,False
621712,Party Plan Salesperson (S),S,specialisation,Generic,Party Plan Salesperson,party plan salesperson,6,62,621,6217,Sales Workers,Door-to-door Salesperson,principal,Generic,False
621713,Street Vendor (P),P,principal,Generic,Street Vendor,street vendor,6,62,621,6217,Sales Workers,Street Vendor,principal,Generic,True
621713,Market Stall Vendor (S),S,specialisation,Generic,Market Stall Vendor,market stall vendor,6,62,621,6217,Sales Workers,Street Vendor,principal,Generic,False
621911,Materials Recycler (P),P,principal,Generic,Materials Recycler,materials recycler,6,62,621,6219,Sales Workers,Materials Recycler,principal,Generic,True
621911,Scrap Materials Buyer (A),A,alternative,Generic,Scrap Materials Buyer,scrap materials buyer,6,62,621,6219,Sales Workers,Materials Recycler,principal,Generic,False
621911,Automotive Dismantler (S),S,specialisation,Generic,Automotive Dismantler,automotive dismantler,6,62,621,6219,Sales Workers,Materials Recycler,principal,Generic,False
621911,Bottle Dealer (S),S,specialisation,Generic,Bottle Dealer,bottle dealer,6,62,621,6219,Sales Workers,Materials Recycler,principal,Generic,False
621911,Waste Recycler (S),S,specialisation,Generic,Waste Recycler,waste recycler,6,62,621,6219,Sales Workers,Materials Recycler,principal,Generic,False
621912,Rental Salesperson (P),P,principal,Generic,Rental Salesperson,rental salesperson,6,62,621,6219,Sales Workers,Rental Salesperson,principal,Generic,True
621912,Rental Clerk (A),A,alternative,Generic,Rental Clerk,rental clerk,6,62,621,6219,Sales Workers,Rental Salesperson,principal,Generic,False
621912,Car Rental Sales Assistant (S),S,specialisation,Generic,Car Rental Sales Assistant,car rental sales assistant,6,62,621,6219,Sales Workers,Rental Salesperson,principal,Generic,False
621912,Industrial Hire Sales Assistant (S),S,specialisation,Generic,Industrial Hire Sales Assistant,industrial hire sales assistant,6,62,621,6219,Sales Workers,Rental Salesperson,principal,Generic,False
621912,Video Library Assistant (S),S,specialisation,Generic,Video Library Assistant,video library assistant,6,62,621,6219,Sales Workers,Rental Salesperson,principal,Generic,False
621999,Sales Assistants and Salespersons nec (P),P,principal,Generic,Sales Assistants and Salespersons nec,sales assistants and salespersons nec,6,62,621,6219,Sales Workers,Sales Assistants and Salespersons nec,principal,Generic,True
621999,Carpet Measurer (N),N,nec_category,Generic,Carpet Measurer,carpet measurer,6,62,621,6219,Sales Workers,Sales Assistants and Salespersons nec,principal,Generic,False
621999,Lotteries Agent (N),N,nec_category,Generic,Lotteries Agent,lotteries agent,6,62,621,6219,Sales Workers,Sales Assistants and Salespersons nec,principal,Generic,False
621999,Stockyard Salesperson (N),N,nec_category,Generic,Stockyard Salesperson,stockyard salesperson,6,62,621,6219,Sales Workers,Sales Assistants and Salespersons nec,principal,Generic,False
621999,Swimming Pool Salesperson (N),N,nec_category,Generic,Swimming Pool Salesperson,swimming pool salesperson,6,62,621,6219,Sales Workers,Sales Assistants and Salespersons nec,principal,Generic,False
631111,Checkout Operator (P),P,principal,Generic,Checkout Operator,checkout operator,6,63,631,6311,Sales Workers,Checkout Operator,principal,Generic,True
631111,Service Station Console Operator (S),S,specialisation,Generic,Service Station Console Operator,service station console operator,6,63,631,6311,Sales Workers,Checkout Operator,principal,Generic,False
631112,Office Cashier (P),P,principal,Generic,Office Cashier,office cashier,6,63,631,6311,Sales Workers,Office Cashier,principal,Generic,True
631112,Cashier (A),A,alternative,Generic,Cashier,cashier,6,63,631,6311,Sales Workers,Office Cashier,principal,Generic,False
639111,Model (P),P,principal,Generic,Model,model,6,63,639,6391,Sales Workers,Model,principal,Generic,True
639112,Sales Demonstrator (P),P,principal,Generic,Sales Demonstrator,sales demonstrator,6,63,639,6391,Sales Workers,Sales Demonstrator,principal,Generic,True
639112,Merchandiser (A),A,alternative,Generic,Merchandiser,merchandiser,6,63,639,6391,Sales Workers,Sales Demonstrator,principal,Generic,False
639211,Retail Buyer (P),P,principal,Generic,Retail Buyer,retail buyer,6,63,639,6392,Sales Workers,Retail Buyer,principal,Generic,True
639211,Merchandise Planner (S),S,specialisation,Generic,Merchandise Planner,merchandise planner,6,63,639,6392,Sales Workers,Retail Buyer,principal,Generic,False
639212,Wool Buyer (P),P,principal,Generic,Wool Buyer,wool buyer,6,63,639,6392,Sales Workers,Wool Buyer,principal,Generic,True
639311,Telemarketer (P),P,principal,Generic,Telemarketer,telemarketer,6,63,639,6393,Sales Workers,Telemarketer,principal,Generic,True
639411,Ticket Seller (P),P,principal,Generic,Ticket Seller,ticket seller,6,63,639,6394,Sales Workers,Ticket Seller,principal,Generic,True
639411,Booking Clerk (S),S,specialisation,Generic,Booking Clerk,booking clerk,6,63,639,6394,Sales Workers,Ticket Seller,principal,Generic,False
639411,Reservations Clerk (S),S,specialisation,Generic,Reservations Clerk,reservations clerk,6,63,639,6394,Sales Workers,Ticket Seller,principal,Generic,False
639412,Transport Conductor (P),P,principal,Generic,Transport Conductor,transport conductor,6,63,639,6394,Sales Workers,Transport Conductor,principal,Generic,True
639511,Visual Merchandiser (P),P,principal,Generic,Visual Merchandiser,visual merchandiser,6,63,639,6395,Sales Workers,Visual Merchandiser,principal,Generic,True
639511,Window Dresser (A),A,alternative,Generic,Window Dresser,window dresser,6,63,639,6395,Sales Workers,Visual Merchandiser,principal,Generic,False
639911,Other Sales Support Worker (P),P,principal,Generic,Other Sales Support Worker,other sales support worker,6,63,639,6399,Sales Workers,Other Sales Support Worker,principal,Generic,True
639911,Mystery Shopper (S),S,specialisation,Generic,Mystery Shopper,mystery shopper,6,63,639,6399,Sales Workers,Other Sales Support Worker,principal,Generic,False
639911,Personal Shopper (S),S,specialisation,Generic,Personal Shopper,personal shopper,6,63,639,6399,Sales Workers,Other Sales Support Worker,principal,Generic,False
711111,Clay Products Machine Operator (P),P,principal,Generic,Clay Products Machine Operator,clay products machine operator,7,71,711,7111,Machinery Operators and Drivers,Clay Products Machine Operator,principal,Generic,True
711111,Brick Extruder Operator (S),S,specialisation,Generic,Brick Extruder Operator,brick extruder operator,7,71,711,7111,Machinery Operators and Drivers,Clay Products Machine Operator,principal,Generic,False
711111,Porcelain Turner (S),S,specialisation,Generic,Porcelain Turner,porcelain turner,7,71,711,7111,Machinery Operators and Drivers,Clay Products Machine Operator,principal,Generic,False
711111,Slip Caster (S),S,specialisation,Generic,Slip Caster,slip caster,7,71,711,7111,Machinery Operators and Drivers,Clay Products Machine Operator,principal,Generic,False
711112,Concrete Products Machine Operator (P),P,principal,Generic,Concrete Products Machine Operator,concrete products machine operator,7,71,711,7111,Machinery Operators and Drivers,Concrete Products Machine Operator,principal,Generic,True
711112,Concrete Pipe Machine Operator (S),S,specialisation,Generic,Concrete Pipe Machine Operator,concrete pipe machine operator,7,71,711,7111,Machinery Operators and Drivers,Concrete Products Machine Operator,principal,Generic,False
711112,Concrete Precast Moulder (S),S,specialisation,Generic,Concrete Precast Moulder,concrete precast moulder,7,71,711,7111,Machinery Operators and Drivers,Concrete Products Machine Operator,principal,Generic,False
711112,Concrete Tile Machine Operator (S),S,specialisation,Generic,Concrete Tile Machine Operator,concrete tile machine operator,7,71,711,7111,Machinery Operators and Drivers,Concrete Products Machine Operator,principal,Generic,False
711113,Glass Production Machine Operator (P),P,principal,Generic,Glass Production Machine Operator,glass production machine operator,7,71,711,7111,Machinery Operators and Drivers,Glass Production Machine Operator,principal,Generic,True
711113,Glass Furnace Operator (S),S,specialisation,Generic,Glass Furnace Operator,glass furnace operator,7,71,711,7111,Machinery Operators and Drivers,Glass Production Machine Operator,principal,Generic,False
711113,Glass Laminating Operator (S),S,specialisation,Generic,Glass Laminating Operator,glass laminating operator,7,71,711,7111,Machinery Operators and Drivers,Glass Production Machine Operator,principal,Generic,False
711113,Glass Maker (S),S,specialisation,Generic,Glass Maker,glass maker,7,71,711,7111,Machinery Operators and Drivers,Glass Production Machine Operator,principal,Generic,False
711113,Glass Melt Operator (S),S,specialisation,Generic,Glass Melt Operator,glass melt operator,7,71,711,7111,Machinery Operators and Drivers,Glass Production Machine Operator,principal,Generic,False
711113,Glass Toughening Operator (S),S,specialisation,Generic,Glass Toughening Operator,glass toughening operator,7,71,711,7111,Machinery Operators and Drivers,Glass Production Machine Operator,principal,Generic,False
711113,Glassware Maker (S),S,specialisation,Generic,Glassware Maker,glassware maker,7,71,711,7111,Machinery Operators and Drivers,Glass Production Machine Operator,principal,Generic,False
711114,Stone Processing Machine Operator (P),P,principal,Generic,Stone Processing Machine Operator,stone processing machine operator,7,71,711,7111,Machinery Operators and Drivers,Stone Processing Machine Operator,principal,Generic,True
711114,Marble Cutter (S),S,specialisation,Generic,Marble Cutter,marble cutter,7,71,711,7111,Machinery Operators and Drivers,Stone Processing Machine Operator,principal,Generic,False
711114,Stone Polisher (S),S,specialisation,Generic,Stone Polisher,stone polisher,7,71,711,7111,Machinery Operators and Drivers,Stone Processing Machine Operator,principal,Generic,False
711114,Stone Sawyer (S),S,specialisation,Generic,Stone Sawyer,stone sawyer,7,71,711,7111,Machinery Operators and Drivers,Stone Processing Machine Operator,principal,Generic,False
711199,"Clay, Concrete, Glass and Stone Processing Machine Operators nec (P)",P,principal,Generic,"Clay, Concrete, Glass and Stone Processing Machine Operators nec",clay concrete glass and stone processing machine operators nec,7,71,711,7111,Machinery Operators and Drivers,"Clay, Concrete, Glass and Stone Processing Machine Operators nec",principal,Generic,True
711199,Abrasive Wheel Maker (N),N,nec_category,Generic,Abrasive Wheel Maker,abrasive wheel maker,7,71,711,7111,Machinery Operators and Drivers,"Clay, Concrete, Glass and Stone Processing Machine Operators nec",principal,Generic,False
711199,Brake Lining Maker (N),N,nec_category,Generic,Brake Lining Maker,brake lining maker,7,71,711,7111,Machinery Operators and Drivers,"Clay, Concrete, Glass and Stone Processing Machine Operators nec",principal,Generic,False
711199,Fibre Cement Moulder (N),N,nec_category,Generic,Fibre Cement Moulder,fibre cement moulder,7,71,711,7111,Machinery Operators and Drivers,"Clay, Concrete, Glass and Stone Processing Machine Operators nec",principal,Generic,False
711199,Plaster Caster (N),N,nec_category,Generic,Plaster Caster,plaster caster,7,71,711,7111,Machinery Operators and Drivers,"Clay, Concrete, Glass and Stone Processing Machine Operators nec",principal,Generic,False
711199,Plaster Machine Operator (N),N,nec_category,Generic,Plaster Machine Operator,plaster machine operator,7,71,711,7111,Machinery Operators and Drivers,"Clay, Concrete, Glass and Stone Processing Machine Operators nec",principal,Generic,False
711211,Industrial Spraypainter (P),P,principal,Generic,Industrial Spraypainter,industrial spraypainter,7,71,711,7112,Machinery Operators and Drivers,Industrial Spraypainter,principal,Generic,True
711211,Powder Coater (S),S,specialisation,Generic,Powder Coater,powder coater,7,71,711,7112,Machinery Operators and Drivers,Industrial Spraypainter,principal,Generic,False
711211,Rust Proofer (S),S,specialisation,Generic,Rust Proofer,rust proofer,7,71,711,7112,Machinery Operators and Drivers,Industrial Spraypainter,principal,Generic,False
711311,Paper Products Machine Operator (P),P,principal,Generic,Paper Products Machine Operator,paper products machine operator,7,71,711,7113,Machinery Operators and Drivers,Paper Products Machine Operator,principal,Generic,True
711311,Carton Making Machinist (S),S,specialisation,Generic,Carton Making Machinist,carton making machinist,7,71,711,7113,Machinery Operators and Drivers,Paper Products Machine Operator,principal,Generic,False
711311,Embosser (S),S,specialisation,Generic,Embosser,embosser,7,71,711,7113,Machinery Operators and Drivers,Paper Products Machine Operator,principal,Generic,False
711311,Paper Bag Making Machinist (S),S,specialisation,Generic,Paper Bag Making Machinist,paper bag making machinist,7,71,711,7113,Machinery Operators and Drivers,Paper Products Machine Operator,principal,Generic,False
711313,Sawmilling Operator (P),P,principal,Generic,Sawmilling Operator,sawmilling operator,7,71,711,7113,Machinery Operators and Drivers,Sawmilling Operator,principal,Generic,True
711313,Sawmiller (A),A,alternative,Generic,Sawmiller,sawmiller,7,71,711,7113,Machinery Operators and Drivers,Sawmilling Operator,principal,Generic,False
711313,Band Saw Operator (S),S,specialisation,Generic,Band Saw Operator,band saw operator,7,71,711,7113,Machinery Operators and Drivers,Sawmilling Operator,principal,Generic,False
711313,Beam Saw Operator (S),S,specialisation,Generic,Beam Saw Operator,beam saw operator,7,71,711,7113,Machinery Operators and Drivers,Sawmilling Operator,principal,Generic,False
711313,Cant Gang Sawyer (S),S,specialisation,Generic,Cant Gang Sawyer,cant gang sawyer,7,71,711,7113,Machinery Operators and Drivers,Sawmilling Operator,principal,Generic,False
711313,Resawyer (S),S,specialisation,Generic,Resawyer,resawyer,7,71,711,7113,Machinery Operators and Drivers,Sawmilling Operator,principal,Generic,False
711313,Ripsaw Operator (S),S,specialisation,Generic,Ripsaw Operator,ripsaw operator,7,71,711,7113,Machinery Operators and Drivers,Sawmilling Operator,principal,Generic,False
711314,Other Wood Processing Machine Operator (P),P,principal,Generic,Other Wood Processing Machine Operator,other wood processing machine operator,7,71,711,7113,Machinery Operators and Drivers,Other Wood Processing Machine Operator,principal,Generic,True
711314,Debarker Operator (S),S,specialisation,Generic,Debarker Operator,debarker operator,7,71,711,7113,Machinery Operators and Drivers,Other Wood Processing Machine Operator,principal,Generic,False
711314,Docking Saw Operator (S),S,specialisation,Generic,Docking Saw Operator,docking saw operator,7,71,711,7113,Machinery Operators and Drivers,Other Wood Processing Machine Operator,principal,Generic,False
711314,Log Preparer (S),S,specialisation,Generic,Log Preparer,log preparer,7,71,711,7113,Machinery Operators and Drivers,Other Wood Processing Machine Operator,principal,Generic,False
711314,Plywood and Veneer Repairer (S),S,specialisation,Generic,Plywood and Veneer Repairer,plywood and veneer repairer,7,71,711,7113,Machinery Operators and Drivers,Other Wood Processing Machine Operator,principal,Generic,False
711314,Sawmill Moulder Operator (S),S,specialisation,Generic,Sawmill Moulder Operator,sawmill moulder operator,7,71,711,7113,Machinery Operators and Drivers,Other Wood Processing Machine Operator,principal,Generic,False
711314,Veneer Production Machine Operator (S),S,specialisation,Generic,Veneer Production Machine Operator,veneer production machine operator,7,71,711,7113,Machinery Operators and Drivers,Other Wood Processing Machine Operator,principal,Generic,False
711411,Photographic Developer and Printer (P),P,principal,Generic,Photographic Developer and Printer,photographic developer and printer,7,71,711,7114,Machinery Operators and Drivers,Photographic Developer and Printer,principal,Generic,True
711411,Copy Camera Operator (S),S,specialisation,Generic,Copy Camera Operator,copy camera operator,7,71,711,7114,Machinery Operators and Drivers,Photographic Developer and Printer,principal,Generic,False
711411,Dark Room Attendant (S),S,specialisation,Generic,Dark Room Attendant,dark room attendant,7,71,711,7114,Machinery Operators and Drivers,Photographic Developer and Printer,principal,Generic,False
711411,Digital Photographic Printer (S),S,specialisation,Generic,Digital Photographic Printer,digital photographic printer,7,71,711,7114,Machinery Operators and Drivers,Photographic Developer and Printer,principal,Generic,False
711411,Film Process Operator (S),S,specialisation,Generic,Film Process Operator,film process operator,7,71,711,7114,Machinery Operators and Drivers,Photographic Developer and Printer,principal,Generic,False
711411,Minilab Operator (S),S,specialisation,Generic,Minilab Operator,minilab operator,7,71,711,7114,Machinery Operators and Drivers,Photographic Developer and Printer,principal,Generic,False
711411,Photographic Enlarger Operator (S),S,specialisation,Generic,Photographic Enlarger Operator,photographic enlarger operator,7,71,711,7114,Machinery Operators and Drivers,Photographic Developer and Printer,principal,Generic,False
711411,Silver Recovery Operator (Aus) (S),S,specialisation,Australia,Silver Recovery Operator,silver recovery operator,7,71,711,7114,Machinery Operators and Drivers,Photographic Developer and Printer,principal,Generic,False
711411,Slide Developer (S),S,specialisation,Generic,Slide Developer,slide developer,7,71,711,7114,Machinery Operators and Drivers,Photographic Developer and Printer,principal,Generic,False
711511,Plastic Cablemaking Machine Operator (P),P,principal,Generic,Plastic Cablemaking Machine Operator,plastic cablemaking machine operator,7,71,711,7115,Machinery Operators and Drivers,Plastic Cablemaking Machine Operator,principal,Generic,True
711511,Insulation Extruder Operator (S),S,specialisation,Generic,Insulation Extruder Operator,insulation extruder operator,7,71,711,7115,Machinery Operators and Drivers,Plastic Cablemaking Machine Operator,principal,Generic,False
711511,Optic Fibre Drawer (S),S,specialisation,Generic,Optic Fibre Drawer,optic fibre drawer,7,71,711,7115,Machinery Operators and Drivers,Plastic Cablemaking Machine Operator,principal,Generic,False
711511,Wire Drawer (Plastics) (S),S,specialisation,Generic,Wire Drawer (Plastics),wire drawer plastics,7,71,711,7115,Machinery Operators and Drivers,Plastic Cablemaking Machine Operator,principal,Generic,False
711512,Plastic Compounding and Reclamation Machine Operator (P),P,principal,Generic,Plastic Compounding and Reclamation Machine Operator,plastic compounding and reclamation machine operator,7,71,711,7115,Machinery Operators and Drivers,Plastic Compounding and Reclamation Machine Operator,principal,Generic,True
711512,Pelletising Extruder Operator (S),S,specialisation,Generic,Pelletising Extruder Operator,pelletising extruder operator,7,71,711,7115,Machinery Operators and Drivers,Plastic Compounding and Reclamation Machine Operator,principal,Generic,False
711512,Powder Hand (Plastics) (S),S,specialisation,Generic,Powder Hand (Plastics),powder hand plastics,7,71,711,7115,Machinery Operators and Drivers,Plastic Compounding and Reclamation Machine Operator,principal,Generic,False
711512,Shredder/Granulator Operator (S),S,specialisation,Generic,Shredder/Granulator Operator,shredder granulator operator,7,71,711,7115,Machinery Operators and Drivers,Plastic Compounding and Reclamation Machine Operator,principal,Generic,False
711513,Plastics Fabricator or Welder (P),P,principal,Generic,Plastics Fabricator or Welder,plastics fabricator or welder,7,71,711,7115,Machinery Operators and Drivers,Plastics Fabricator or Welder,principal,Generic,True
711513,Acrylic Fabricator (S),S,specialisation,Generic,Acrylic Fabricator,acrylic fabricator,7,71,711,7115,Machinery Operators and Drivers,Plastics Fabricator or Welder,principal,Generic,False
711513,Vinyl Welder and Fabricator (S),S,specialisation,Generic,Vinyl Welder and Fabricator,vinyl welder and fabricator,7,71,711,7115,Machinery Operators and Drivers,Plastics Fabricator or Welder,principal,Generic,False
711514,Plastics Production Machine Operator (General) (P),P,principal,Generic,Plastics Production Machine Operator (General),plastics production machine operator general,7,71,711,7115,Machinery Operators and Drivers,Plastics Production Machine Operator (General),principal,Generic,True
711514,Blow Moulding Machine Operator (S),S,specialisation,Generic,Blow Moulding Machine Operator,blow moulding machine operator,7,71,711,7115,Machinery Operators and Drivers,Plastics Production Machine Operator (General),principal,Generic,False
711514,Extruding Machine Operator (Plastics) (S),S,specialisation,Generic,Extruding Machine Operator (Plastics),extruding machine operator plastics,7,71,711,7115,Machinery Operators and Drivers,Plastics Production Machine Operator (General),principal,Generic,False
711514,Injection Moulding Machine Operator (Plastics) (S),S,specialisation,Generic,Injection Moulding Machine Operator (Plastics),injection moulding machine operator plastics,7,71,711,7115,Machinery Operators and Drivers,Plastics Production Machine Operator (General),principal,Generic,False
711514,Lamination Machine Operator (S),S,specialisation,Generic,Lamination Machine Operator,lamination machine operator,7,71,711,7115,Machinery Operators and Drivers,Plastics Production Machine Operator (General),principal,Generic,False
711514,Plastic Production Machine Setter (S),S,specialisation,Generic,Plastic Production Machine Setter,plastic production machine setter,7,71,711,7115,Machinery Operators and Drivers,Plastics Production Machine Operator (General),principal,Generic,False
711514,Rotational Moulding Operator (Plastics) (S),S,specialisation,Generic,Rotational Moulding Operator (Plastics),rotational moulding operator plastics,7,71,711,7115,Machinery Operators and Drivers,Plastics Production Machine Operator (General),principal,Generic,False
711515,Reinforced Plastic and Composite Production Worker (P),P,principal,Generic,Reinforced Plastic and Composite Production Worker,reinforced plastic and composite production worker,7,71,711,7115,Machinery Operators and Drivers,Reinforced Plastic and Composite Production Worker,principal,Generic,True
711515,Fibreglass Gun Hand (S),S,specialisation,Generic,Fibreglass Gun Hand,fibreglass gun hand,7,71,711,7115,Machinery Operators and Drivers,Reinforced Plastic and Composite Production Worker,principal,Generic,False
711515,Fibreglass Laminator (S),S,specialisation,Generic,Fibreglass Laminator,fibreglass laminator,7,71,711,7115,Machinery Operators and Drivers,Reinforced Plastic and Composite Production Worker,principal,Generic,False
711515,Resin Transfer Moulding Machine Operator (S),S,specialisation,Generic,Resin Transfer Moulding Machine Operator,resin transfer moulding machine operator,7,71,711,7115,Machinery Operators and Drivers,Reinforced Plastic and Composite Production Worker,principal,Generic,False
711516,Rubber Production Machine Operator (P),P,principal,Generic,Rubber Production Machine Operator,rubber production machine operator,7,71,711,7115,Machinery Operators and Drivers,Rubber Production Machine Operator,principal,Generic,True
711516,Rubber Belt Splicer (S),S,specialisation,Generic,Rubber Belt Splicer,rubber belt splicer,7,71,711,7115,Machinery Operators and Drivers,Rubber Production Machine Operator,principal,Generic,False
711516,Rubber Compounder (S),S,specialisation,Generic,Rubber Compounder,rubber compounder,7,71,711,7115,Machinery Operators and Drivers,Rubber Production Machine Operator,principal,Generic,False
711516,Rubber Extrusion Machine Operator (S),S,specialisation,Generic,Rubber Extrusion Machine Operator,rubber extrusion machine operator,7,71,711,7115,Machinery Operators and Drivers,Rubber Production Machine Operator,principal,Generic,False
711516,Rubber Knitting and Reinforcing Machine Operator (S),S,specialisation,Generic,Rubber Knitting and Reinforcing Machine Operator,rubber knitting and reinforcing machine operator,7,71,711,7115,Machinery Operators and Drivers,Rubber Production Machine Operator,principal,Generic,False
711516,Rubber Moulding Machine Operator (S),S,specialisation,Generic,Rubber Moulding Machine Operator,rubber moulding machine operator,7,71,711,7115,Machinery Operators and Drivers,Rubber Production Machine Operator,principal,Generic,False
711516,Rubber Roller Grinder Operator (S),S,specialisation,Generic,Rubber Roller Grinder Operator,rubber roller grinder operator,7,71,711,7115,Machinery Operators and Drivers,Rubber Production Machine Operator,principal,Generic,False
711516,Tyre Builder (S),S,specialisation,Generic,Tyre Builder,tyre builder,7,71,711,7115,Machinery Operators and Drivers,Rubber Production Machine Operator,principal,Generic,False
711516,Tyre Retreader (S),S,specialisation,Generic,Tyre Retreader,tyre retreader,7,71,711,7115,Machinery Operators and Drivers,Rubber Production Machine Operator,principal,Generic,False
711599,Plastics and Rubber Production Machine Operators nec (P),P,principal,Generic,Plastics and Rubber Production Machine Operators nec,plastics and rubber production machine operators nec,7,71,711,7115,Machinery Operators and Drivers,Plastics and Rubber Production Machine Operators nec,principal,Generic,True
711599,Thermoforming Machine Operator (N),N,nec_category,Generic,Thermoforming Machine Operator,thermoforming machine operator,7,71,711,7115,Machinery Operators and Drivers,Plastics and Rubber Production Machine Operators nec,principal,Generic,False
711611,Sewing Machinist (P),P,principal,Generic,Sewing Machinist,sewing machinist,7,71,711,7116,Machinery Operators and Drivers,Sewing Machinist,principal,Generic,True
711611,Embroiderer (S),S,specialisation,Generic,Embroiderer,embroiderer,7,71,711,7116,Machinery Operators and Drivers,Sewing Machinist,principal,Generic,False
711711,Footwear Production Machine Operator (P),P,principal,Generic,Footwear Production Machine Operator,footwear production machine operator,7,71,711,7117,Machinery Operators and Drivers,Footwear Production Machine Operator,principal,Generic,True
711711,Shoemaking Cutter (S),S,specialisation,Generic,Shoemaking Cutter,shoemaking cutter,7,71,711,7117,Machinery Operators and Drivers,Footwear Production Machine Operator,principal,Generic,False
711711,Shoemaking Finisher (S),S,specialisation,Generic,Shoemaking Finisher,shoemaking finisher,7,71,711,7117,Machinery Operators and Drivers,Footwear Production Machine Operator,principal,Generic,False
711712,Hide and Skin Processing Machine Operator (P),P,principal,Generic,Hide and Skin Processing Machine Operator,hide and skin processing machine operator,7,71,711,7117,Machinery Operators and Drivers,Hide and Skin Processing Machine Operator,principal,Generic,True
711712,Leather Production Machine Operator (A),A,alternative,Generic,Leather Production Machine Operator,leather production machine operator,7,71,711,7117,Machinery Operators and Drivers,Hide and Skin Processing Machine Operator,principal,Generic,False
711712,Fellmongering Machine Operator (S),S,specialisation,Generic,Fellmongering Machine Operator,fellmongering machine operator,7,71,711,7117,Machinery Operators and Drivers,Hide and Skin Processing Machine Operator,principal,Generic,False
711712,Hide and Skin Fleshing Machine Operator (S),S,specialisation,Generic,Hide and Skin Fleshing Machine Operator,hide and skin fleshing machine operator,7,71,711,7117,Machinery Operators and Drivers,Hide and Skin Processing Machine Operator,principal,Generic,False
711712,Sammying Machine Operator (S),S,specialisation,Generic,Sammying Machine Operator,sammying machine operator,7,71,711,7117,Machinery Operators and Drivers,Hide and Skin Processing Machine Operator,principal,Generic,False
711712,Tanner (S),S,specialisation,Generic,Tanner,tanner,7,71,711,7117,Machinery Operators and Drivers,Hide and Skin Processing Machine Operator,principal,Generic,False
711713,Knitting Machine Operator (P),P,principal,Generic,Knitting Machine Operator,knitting machine operator,7,71,711,7117,Machinery Operators and Drivers,Knitting Machine Operator,principal,Generic,True
711713,Textile Knitter (A),A,alternative,Generic,Textile Knitter,textile knitter,7,71,711,7117,Machinery Operators and Drivers,Knitting Machine Operator,principal,Generic,False
711713,Flat Bed Knitter (S),S,specialisation,Generic,Flat Bed Knitter,flat bed knitter,7,71,711,7117,Machinery Operators and Drivers,Knitting Machine Operator,principal,Generic,False
711713,Warp Knitter (S),S,specialisation,Generic,Warp Knitter,warp knitter,7,71,711,7117,Machinery Operators and Drivers,Knitting Machine Operator,principal,Generic,False
711714,Textile Dyeing and Finishing Machine Operator (P),P,principal,Generic,Textile Dyeing and Finishing Machine Operator,textile dyeing and finishing machine operator,7,71,711,7117,Machinery Operators and Drivers,Textile Dyeing and Finishing Machine Operator,principal,Generic,True
711714,Textile Dyer (S),S,specialisation,Generic,Textile Dyer,textile dyer,7,71,711,7117,Machinery Operators and Drivers,Textile Dyeing and Finishing Machine Operator,principal,Generic,False
711714,Textile Finisher (S),S,specialisation,Generic,Textile Finisher,textile finisher,7,71,711,7117,Machinery Operators and Drivers,Textile Dyeing and Finishing Machine Operator,principal,Generic,False
711715,Weaving Machine Operator (P),P,principal,Generic,Weaving Machine Operator,weaving machine operator,7,71,711,7117,Machinery Operators and Drivers,Weaving Machine Operator,principal,Generic,True
711715,Loom Operator (A),A,alternative,Generic,Loom Operator,loom operator,7,71,711,7117,Machinery Operators and Drivers,Weaving Machine Operator,principal,Generic,False
711715,Beamer (S),S,specialisation,Generic,Beamer,beamer,7,71,711,7117,Machinery Operators and Drivers,Weaving Machine Operator,principal,Generic,False
711715,Carpet Weaver (S),S,specialisation,Generic,Carpet Weaver,carpet weaver,7,71,711,7117,Machinery Operators and Drivers,Weaving Machine Operator,principal,Generic,False
711715,Warper (S),S,specialisation,Generic,Warper,warper,7,71,711,7117,Machinery Operators and Drivers,Weaving Machine Operator,principal,Generic,False
711716,Yarn Carding and Spinning Machine Operator (P),P,principal,Generic,Yarn Carding and Spinning Machine Operator,yarn carding and spinning machine operator,7,71,711,7117,Machinery Operators and Drivers,Yarn Carding and Spinning Machine Operator,principal,Generic,True
711716,Cotton Ginner (S),S,specialisation,Generic,Cotton Ginner,cotton ginner,7,71,711,7117,Machinery Operators and Drivers,Yarn Carding and Spinning Machine Operator,principal,Generic,False
711716,Gill Box Operator (S),S,specialisation,Generic,Gill Box Operator,gill box operator,7,71,711,7117,Machinery Operators and Drivers,Yarn Carding and Spinning Machine Operator,principal,Generic,False
711716,Yarn Comber (S),S,specialisation,Generic,Yarn Comber,yarn comber,7,71,711,7117,Machinery Operators and Drivers,Yarn Carding and Spinning Machine Operator,principal,Generic,False
711716,Yarn Texture Machine Operator (S),S,specialisation,Generic,Yarn Texture Machine Operator,yarn texture machine operator,7,71,711,7117,Machinery Operators and Drivers,Yarn Carding and Spinning Machine Operator,principal,Generic,False
711799,Textile and Footwear Production Machine Operators nec (P),P,principal,Generic,Textile and Footwear Production Machine Operators nec,textile and footwear production machine operators nec,7,71,711,7117,Machinery Operators and Drivers,Textile and Footwear Production Machine Operators nec,principal,Generic,True
711799,Cord Making Machine Operator (N),N,nec_category,Generic,Cord Making Machine Operator,cord making machine operator,7,71,711,7117,Machinery Operators and Drivers,Textile and Footwear Production Machine Operators nec,principal,Generic,False
711799,Feltmaker (N),N,nec_category,Generic,Feltmaker,feltmaker,7,71,711,7117,Machinery Operators and Drivers,Textile and Footwear Production Machine Operators nec,principal,Generic,False
711799,Net Maker (N),N,nec_category,Generic,Net Maker,net maker,7,71,711,7117,Machinery Operators and Drivers,Textile and Footwear Production Machine Operators nec,principal,Generic,False
711799,Rope Making Machine Operator (N),N,nec_category,Generic,Rope Making Machine Operator,rope making machine operator,7,71,711,7117,Machinery Operators and Drivers,Textile and Footwear Production Machine Operators nec,principal,Generic,False
711799,Tufting Machine Operator (N),N,nec_category,Generic,Tufting Machine Operator,tufting machine operator,7,71,711,7117,Machinery Operators and Drivers,Textile and Footwear Production Machine Operators nec,principal,Generic,False
711911,Chemical Production Machine Operator (P),P,principal,Generic,Chemical Production Machine Operator,chemical production machine operator,7,71,711,7119,Machinery Operators and Drivers,Chemical Production Machine Operator,principal,Generic,True
711911,Bullet Maker (S),S,specialisation,Generic,Bullet Maker,bullet maker,7,71,711,7119,Machinery Operators and Drivers,Chemical Production Machine Operator,principal,Generic,False
711911,Candle Maker (S),S,specialisation,Generic,Candle Maker,candle maker,7,71,711,7119,Machinery Operators and Drivers,Chemical Production Machine Operator,principal,Generic,False
711911,Cosmetics Machine Operator (S),S,specialisation,Generic,Cosmetics Machine Operator,cosmetics machine operator,7,71,711,7119,Machinery Operators and Drivers,Chemical Production Machine Operator,principal,Generic,False
711911,Explosives Mixer Operator (S),S,specialisation,Generic,Explosives Mixer Operator,explosives mixer operator,7,71,711,7119,Machinery Operators and Drivers,Chemical Production Machine Operator,principal,Generic,False
711911,Nitrocellulose Maker (S),S,specialisation,Generic,Nitrocellulose Maker,nitrocellulose maker,7,71,711,7119,Machinery Operators and Drivers,Chemical Production Machine Operator,principal,Generic,False
711911,Paint Tinter (S),S,specialisation,Generic,Paint Tinter,paint tinter,7,71,711,7119,Machinery Operators and Drivers,Chemical Production Machine Operator,principal,Generic,False
711911,Tablet Making Machine Operator (S),S,specialisation,Generic,Tablet Making Machine Operator,tablet making machine operator,7,71,711,7119,Machinery Operators and Drivers,Chemical Production Machine Operator,principal,Generic,False
711912,Motion Picture Projectionist (P),P,principal,Generic,Motion Picture Projectionist,motion picture projectionist,7,71,711,7119,Machinery Operators and Drivers,Motion Picture Projectionist,principal,Generic,True
711913,Sand Blaster (P),P,principal,Generic,Sand Blaster,sand blaster,7,71,711,7119,Machinery Operators and Drivers,Sand Blaster,principal,Generic,True
711914,Sterilisation Technician (P),P,principal,Generic,Sterilisation Technician,sterilisation technician,7,71,711,7119,Machinery Operators and Drivers,Sterilisation Technician,principal,Generic,True
711999,Machine Operators nec (P),P,principal,Generic,Machine Operators nec,machine operators nec,7,71,711,7119,Machinery Operators and Drivers,Machine Operators nec,principal,Generic,True
711999,Asbestos Remover (N),N,nec_category,Generic,Asbestos Remover,asbestos remover,7,71,711,7119,Machinery Operators and Drivers,Machine Operators nec,principal,Generic,False
711999,Brush Maker (N),N,nec_category,Generic,Brush Maker,brush maker,7,71,711,7119,Machinery Operators and Drivers,Machine Operators nec,principal,Generic,False
711999,Film Cutter (N),N,nec_category,Generic,Film Cutter,film cutter,7,71,711,7119,Machinery Operators and Drivers,Machine Operators nec,principal,Generic,False
711999,Film Spooler (N),N,nec_category,Generic,Film Spooler,film spooler,7,71,711,7119,Machinery Operators and Drivers,Machine Operators nec,principal,Generic,False
711999,Linoleum Maker (N),N,nec_category,Generic,Linoleum Maker,linoleum maker,7,71,711,7119,Machinery Operators and Drivers,Machine Operators nec,principal,Generic,False
711999,Pressurised Container Filler (N),N,nec_category,Generic,Pressurised Container Filler,pressurised container filler,7,71,711,7119,Machinery Operators and Drivers,Machine Operators nec,principal,Generic,False
711999,Remotely Operated Vehicle (ROV) Pilot (N),N,nec_category,Generic,Remotely Operated Vehicle (ROV) Pilot,remotely operated vehicle rov pilot,7,71,711,7119,Machinery Operators and Drivers,Machine Operators nec,principal,Generic,False
711999,Sideshow Ride Operator (N),N,nec_category,Generic,Sideshow Ride Operator,sideshow ride operator,7,71,711,7119,Machinery Operators and Drivers,Machine Operators nec,principal,Generic,False
711999,Venetian Blind Machine Operator (N),N,nec_category,Generic,Venetian Blind Machine Operator,venetian blind machine operator,7,71,711,7119,Machinery Operators and Drivers,Machine Operators nec,principal,Generic,False
712111,"Crane, Hoist or Lift Operator (P)",P,principal,Generic,"Crane, Hoist or Lift Operator",crane hoist or lift operator,7,71,712,7121,Machinery Operators and Drivers,"Crane, Hoist or Lift Operator",principal,Generic,True
712111,Braceperson (S),S,specialisation,Generic,Braceperson,braceperson,7,71,712,7121,Machinery Operators and Drivers,"Crane, Hoist or Lift Operator",principal,Generic,False
712111,Chairlift Operator (S),S,specialisation,Generic,Chairlift Operator,chairlift operator,7,71,712,7121,Machinery Operators and Drivers,"Crane, Hoist or Lift Operator",principal,Generic,False
712111,Cherry Picker Operator (S),S,specialisation,Generic,Cherry Picker Operator,cherry picker operator,7,71,712,7121,Machinery Operators and Drivers,"Crane, Hoist or Lift Operator",principal,Generic,False
712111,Elevated Work Platform Operator (S),S,specialisation,Generic,Elevated Work Platform Operator,elevated work platform operator,7,71,712,7121,Machinery Operators and Drivers,"Crane, Hoist or Lift Operator",principal,Generic,False
712111,Pile Driver (S),S,specialisation,Generic,Pile Driver,pile driver,7,71,712,7121,Machinery Operators and Drivers,"Crane, Hoist or Lift Operator",principal,Generic,False
712111,Portainer Operator (S),S,specialisation,Generic,Portainer Operator,portainer operator,7,71,712,7121,Machinery Operators and Drivers,"Crane, Hoist or Lift Operator",principal,Generic,False
712111,Tower Crane Operator (S),S,specialisation,Generic,Tower Crane Operator,tower crane operator,7,71,712,7121,Machinery Operators and Drivers,"Crane, Hoist or Lift Operator",principal,Generic,False
712111,Winch Operator (S),S,specialisation,Generic,Winch Operator,winch operator,7,71,712,7121,Machinery Operators and Drivers,"Crane, Hoist or Lift Operator",principal,Generic,False
712111,Winding Engine Driver (S),S,specialisation,Generic,Winding Engine Driver,winding engine driver,7,71,712,7121,Machinery Operators and Drivers,"Crane, Hoist or Lift Operator",principal,Generic,False
712211,Driller (P),P,principal,Generic,Driller,driller,7,71,712,7122,Machinery Operators and Drivers,Driller,principal,Generic,True
712211,Drilling Plant Operator (A),A,alternative,Generic,Drilling Plant Operator,drilling plant operator,7,71,712,7122,Machinery Operators and Drivers,Driller,principal,Generic,False
712211,Development Driller (S),S,specialisation,Generic,Development Driller,development driller,7,71,712,7122,Machinery Operators and Drivers,Driller,principal,Generic,False
712211,Directional Driller (S),S,specialisation,Generic,Directional Driller,directional driller,7,71,712,7122,Machinery Operators and Drivers,Driller,principal,Generic,False
712211,Exploration Driller (S),S,specialisation,Generic,Exploration Driller,exploration driller,7,71,712,7122,Machinery Operators and Drivers,Driller,principal,Generic,False
712211,Jumbo Operator (S),S,specialisation,Generic,Jumbo Operator,jumbo operator,7,71,712,7122,Machinery Operators and Drivers,Driller,principal,Generic,False
712211,Power Tong Operator (S),S,specialisation,Generic,Power Tong Operator,power tong operator,7,71,712,7122,Machinery Operators and Drivers,Driller,principal,Generic,False
712211,Raise Drill Operator (S),S,specialisation,Generic,Raise Drill Operator,raise drill operator,7,71,712,7122,Machinery Operators and Drivers,Driller,principal,Generic,False
712211,Rig Manager (S),S,specialisation,Generic,Rig Manager,rig manager,7,71,712,7122,Machinery Operators and Drivers,Driller,principal,Generic,False
712211,Rock Drill Operator (S),S,specialisation,Generic,Rock Drill Operator,rock drill operator,7,71,712,7122,Machinery Operators and Drivers,Driller,principal,Generic,False
712211,Stope Miner (S),S,specialisation,Generic,Stope Miner,stope miner,7,71,712,7122,Machinery Operators and Drivers,Driller,principal,Generic,False
712211,Tool Pusher (S),S,specialisation,Generic,Tool Pusher,tool pusher,7,71,712,7122,Machinery Operators and Drivers,Driller,principal,Generic,False
712212,Miner (P),P,principal,Generic,Miner,miner,7,71,712,7122,Machinery Operators and Drivers,Miner,principal,Generic,True
712212,Mining Plant Operator (A),A,alternative,Generic,Mining Plant Operator,mining plant operator,7,71,712,7122,Machinery Operators and Drivers,Miner,principal,Generic,False
712212,Bogger Operator (S),S,specialisation,Generic,Bogger Operator,bogger operator,7,71,712,7122,Machinery Operators and Drivers,Miner,principal,Generic,False
712212,Coal Cutter (S),S,specialisation,Generic,Coal Cutter,coal cutter,7,71,712,7122,Machinery Operators and Drivers,Miner,principal,Generic,False
712212,Dragline Operator (S),S,specialisation,Generic,Dragline Operator,dragline operator,7,71,712,7122,Machinery Operators and Drivers,Miner,principal,Generic,False
712212,Opal Miner (S),S,specialisation,Generic,Opal Miner,opal miner,7,71,712,7122,Machinery Operators and Drivers,Miner,principal,Generic,False
712212,Underground Truck Operator (S),S,specialisation,Generic,Underground Truck Operator,underground truck operator,7,71,712,7122,Machinery Operators and Drivers,Miner,principal,Generic,False
712213,Shot Firer (P),P,principal,Generic,Shot Firer,shot firer,7,71,712,7122,Machinery Operators and Drivers,Shot Firer,principal,Generic,True
712213,Powder Monkey (Aus) (A),A,alternative,Australia,Powder Monkey,powder monkey,7,71,712,7122,Machinery Operators and Drivers,Shot Firer,principal,Generic,False
712213,Seismograph Shooter (S),S,specialisation,Generic,Seismograph Shooter,seismograph shooter,7,71,712,7122,Machinery Operators and Drivers,Shot Firer,principal,Generic,False
712311,Engineering Production Worker (P),P,principal,Generic,Engineering Production Worker,engineering production worker,7,71,712,7123,Machinery Operators and Drivers,Engineering Production Worker,principal,Generic,True
712311,Alumina Refinery Operator (S),S,specialisation,Generic,Alumina Refinery Operator,alumina refinery operator,7,71,712,7123,Machinery Operators and Drivers,Engineering Production Worker,principal,Generic,False
712311,Arc Welder (S),S,specialisation,Generic,Arc Welder,arc welder,7,71,712,7123,Machinery Operators and Drivers,Engineering Production Worker,principal,Generic,False
712311,Brake Press Operator (S),S,specialisation,Generic,Brake Press Operator,brake press operator,7,71,712,7123,Machinery Operators and Drivers,Engineering Production Worker,principal,Generic,False
712311,Computer Numeric Control Machine Operator (S),S,specialisation,Generic,Computer Numeric Control Machine Operator,computer numeric control machine operator,7,71,712,7123,Machinery Operators and Drivers,Engineering Production Worker,principal,Generic,False
712311,Foundry Operator (S),S,specialisation,Generic,Foundry Operator,foundry operator,7,71,712,7123,Machinery Operators and Drivers,Engineering Production Worker,principal,Generic,False
712311,Furnace Operator (Metals) (S),S,specialisation,Generic,Furnace Operator (Metals),furnace operator metals,7,71,712,7123,Machinery Operators and Drivers,Engineering Production Worker,principal,Generic,False
712311,Kiln Operator (Metals) (S),S,specialisation,Generic,Kiln Operator (Metals),kiln operator metals,7,71,712,7123,Machinery Operators and Drivers,Engineering Production Worker,principal,Generic,False
712311,Metal Rolling Mill Operator (S),S,specialisation,Generic,Metal Rolling Mill Operator,metal rolling mill operator,7,71,712,7123,Machinery Operators and Drivers,Engineering Production Worker,principal,Generic,False
712311,Sheetmetal Worker (Second Class) (S),S,specialisation,Generic,Sheetmetal Worker (Second Class),sheetmetal worker second class,7,71,712,7123,Machinery Operators and Drivers,Engineering Production Worker,principal,Generic,False
712311,Tool Setter (S),S,specialisation,Generic,Tool Setter,tool setter,7,71,712,7123,Machinery Operators and Drivers,Engineering Production Worker,principal,Generic,False
712311,Turret Punch Operator (S),S,specialisation,Generic,Turret Punch Operator,turret punch operator,7,71,712,7123,Machinery Operators and Drivers,Engineering Production Worker,principal,Generic,False
712911,Boiler or Engine Operator (P),P,principal,Generic,Boiler or Engine Operator,boiler or engine operator,7,71,712,7129,Machinery Operators and Drivers,Boiler or Engine Operator,principal,Generic,True
712911,Airconditioning Plant Operator (S),S,specialisation,Generic,Airconditioning Plant Operator,airconditioning plant operator,7,71,712,7129,Machinery Operators and Drivers,Boiler or Engine Operator,principal,Generic,False
712911,Marine Engine Driver (S),S,specialisation,Generic,Marine Engine Driver,marine engine driver,7,71,712,7129,Machinery Operators and Drivers,Boiler or Engine Operator,principal,Generic,False
712911,Motorman/woman (Fluids Drilling) (S),S,specialisation,Generic,Motorman/woman (Fluids Drilling),motorman woman fluids drilling,7,71,712,7129,Machinery Operators and Drivers,Boiler or Engine Operator,principal,Generic,False
712911,Refrigeration Plant Operator (S),S,specialisation,Generic,Refrigeration Plant Operator,refrigeration plant operator,7,71,712,7129,Machinery Operators and Drivers,Boiler or Engine Operator,principal,Generic,False
712912,Bulk Materials Handling Plant Operator (P),P,principal,Generic,Bulk Materials Handling Plant Operator,bulk materials handling plant operator,7,71,712,7129,Machinery Operators and Drivers,Bulk Materials Handling Plant Operator,principal,Generic,True
712912,Bulk Fluids Handler (S),S,specialisation,Generic,Bulk Fluids Handler,bulk fluids handler,7,71,712,7129,Machinery Operators and Drivers,Bulk Materials Handling Plant Operator,principal,Generic,False
712912,Conveyor Belt Operator (S),S,specialisation,Generic,Conveyor Belt Operator,conveyor belt operator,7,71,712,7129,Machinery Operators and Drivers,Bulk Materials Handling Plant Operator,principal,Generic,False
712912,Grain Handler (S),S,specialisation,Generic,Grain Handler,grain handler,7,71,712,7129,Machinery Operators and Drivers,Bulk Materials Handling Plant Operator,principal,Generic,False
712912,Palletiser Operator (S),S,specialisation,Generic,Palletiser Operator,palletiser operator,7,71,712,7129,Machinery Operators and Drivers,Bulk Materials Handling Plant Operator,principal,Generic,False
712912,Tank Farm Operator (Petroleum) (S),S,specialisation,Generic,Tank Farm Operator (Petroleum),tank farm operator petroleum,7,71,712,7129,Machinery Operators and Drivers,Bulk Materials Handling Plant Operator,principal,Generic,False
712913,Cement Production Plant Operator (P),P,principal,Generic,Cement Production Plant Operator,cement production plant operator,7,71,712,7129,Machinery Operators and Drivers,Cement Production Plant Operator,principal,Generic,True
712913,Cement Crusher Operator (S),S,specialisation,Generic,Cement Crusher Operator,cement crusher operator,7,71,712,7129,Machinery Operators and Drivers,Cement Production Plant Operator,principal,Generic,False
712913,Cement Despatch Operator (S),S,specialisation,Generic,Cement Despatch Operator,cement despatch operator,7,71,712,7129,Machinery Operators and Drivers,Cement Production Plant Operator,principal,Generic,False
712913,Cement Grinding Mill Operator (S),S,specialisation,Generic,Cement Grinding Mill Operator,cement grinding mill operator,7,71,712,7129,Machinery Operators and Drivers,Cement Production Plant Operator,principal,Generic,False
712913,Cement Kiln Operator (S),S,specialisation,Generic,Cement Kiln Operator,cement kiln operator,7,71,712,7129,Machinery Operators and Drivers,Cement Production Plant Operator,principal,Generic,False
712914,Concrete Batching Plant Operator (P),P,principal,Generic,Concrete Batching Plant Operator,concrete batching plant operator,7,71,712,7129,Machinery Operators and Drivers,Concrete Batching Plant Operator,principal,Generic,True
712914,Premix Concrete Batcher (S),S,specialisation,Generic,Premix Concrete Batcher,premix concrete batcher,7,71,712,7129,Machinery Operators and Drivers,Concrete Batching Plant Operator,principal,Generic,False
712915,Concrete Pump Operator (P),P,principal,Generic,Concrete Pump Operator,concrete pump operator,7,71,712,7129,Machinery Operators and Drivers,Concrete Pump Operator,principal,Generic,True
712915,Concrete Boom Operator (S),S,specialisation,Generic,Concrete Boom Operator,concrete boom operator,7,71,712,7129,Machinery Operators and Drivers,Concrete Pump Operator,principal,Generic,False
712916,Paper and Pulp Mill Operator (P),P,principal,Generic,Paper and Pulp Mill Operator,paper and pulp mill operator,7,71,712,7129,Machinery Operators and Drivers,Paper and Pulp Mill Operator,principal,Generic,True
712916,Paper Machine Operator (A),A,alternative,Generic,Paper Machine Operator,paper machine operator,7,71,712,7129,Machinery Operators and Drivers,Paper and Pulp Mill Operator,principal,Generic,False
712916,Paper Maker (A),A,alternative,Generic,Paper Maker,paper maker,7,71,712,7129,Machinery Operators and Drivers,Paper and Pulp Mill Operator,principal,Generic,False
712916,Bleach Plant Operator (S),S,specialisation,Generic,Bleach Plant Operator,bleach plant operator,7,71,712,7129,Machinery Operators and Drivers,Paper and Pulp Mill Operator,principal,Generic,False
712916,Dryerman/woman (Paper Mill) (S),S,specialisation,Generic,Dryerman/woman (Paper Mill),dryerman woman paper mill,7,71,712,7129,Machinery Operators and Drivers,Paper and Pulp Mill Operator,principal,Generic,False
712916,Fourdrinier Machine Operator (S),S,specialisation,Generic,Fourdrinier Machine Operator,fourdrinier machine operator,7,71,712,7129,Machinery Operators and Drivers,Paper and Pulp Mill Operator,principal,Generic,False
712916,Inverform Machine Operator (S),S,specialisation,Generic,Inverform Machine Operator,inverform machine operator,7,71,712,7129,Machinery Operators and Drivers,Paper and Pulp Mill Operator,principal,Generic,False
712916,Paper Rewinder Operator (S),S,specialisation,Generic,Paper Rewinder Operator,paper rewinder operator,7,71,712,7129,Machinery Operators and Drivers,Paper and Pulp Mill Operator,principal,Generic,False
712916,Paperboard Machine Operator (S),S,specialisation,Generic,Paperboard Machine Operator,paperboard machine operator,7,71,712,7129,Machinery Operators and Drivers,Paper and Pulp Mill Operator,principal,Generic,False
712916,Supercalender Operator (Papermaking) (S),S,specialisation,Generic,Supercalender Operator (Papermaking),supercalender operator papermaking,7,71,712,7129,Machinery Operators and Drivers,Paper and Pulp Mill Operator,principal,Generic,False
712917,Railway Signal Operator (P),P,principal,Generic,Railway Signal Operator,railway signal operator,7,71,712,7129,Machinery Operators and Drivers,Railway Signal Operator,principal,Generic,True
712917,Railway Switching and Signalling Operator (A),A,alternative,Generic,Railway Switching and Signalling Operator,railway switching and signalling operator,7,71,712,7129,Machinery Operators and Drivers,Railway Signal Operator,principal,Generic,False
712917,Railway Shunter (S),S,specialisation,Generic,Railway Shunter,railway shunter,7,71,712,7129,Machinery Operators and Drivers,Railway Signal Operator,principal,Generic,False
712917,Railway Yard Assistant (S),S,specialisation,Generic,Railway Yard Assistant,railway yard assistant,7,71,712,7129,Machinery Operators and Drivers,Railway Signal Operator,principal,Generic,False
712918,Train Controller (P),P,principal,Generic,Train Controller,train controller,7,71,712,7129,Machinery Operators and Drivers,Train Controller,principal,Generic,True
712921,Waste Water or Water Plant Operator (P),P,principal,Generic,Waste Water or Water Plant Operator,waste water or water plant operator,7,71,712,7129,Machinery Operators and Drivers,Waste Water or Water Plant Operator,principal,Generic,True
712922,Weighbridge Operator (P),P,principal,Generic,Weighbridge Operator,weighbridge operator,7,71,712,7129,Machinery Operators and Drivers,Weighbridge Operator,principal,Generic,True
712922,Licensed Weigher (S),S,specialisation,Generic,Licensed Weigher,licensed weigher,7,71,712,7129,Machinery Operators and Drivers,Weighbridge Operator,principal,Generic,False
712999,Stationary Plant Operators nec (P),P,principal,Generic,Stationary Plant Operators nec,stationary plant operators nec,7,71,712,7129,Machinery Operators and Drivers,Stationary Plant Operators nec,principal,Generic,True
712999,Air Compressor Operator (N),N,nec_category,Generic,Air Compressor Operator,air compressor operator,7,71,712,7129,Machinery Operators and Drivers,Stationary Plant Operators nec,principal,Generic,False
712999,Beverage Distiller (N),N,nec_category,Generic,Beverage Distiller,beverage distiller,7,71,712,7129,Machinery Operators and Drivers,Stationary Plant Operators nec,principal,Generic,False
712999,Bitumen Plant Operator (N),N,nec_category,Generic,Bitumen Plant Operator,bitumen plant operator,7,71,712,7129,Machinery Operators and Drivers,Stationary Plant Operators nec,principal,Generic,False
712999,Car Compactor Operator (N),N,nec_category,Generic,Car Compactor Operator,car compactor operator,7,71,712,7129,Machinery Operators and Drivers,Stationary Plant Operators nec,principal,Generic,False
712999,Crematorium Operator (N),N,nec_category,Generic,Crematorium Operator,crematorium operator,7,71,712,7129,Machinery Operators and Drivers,Stationary Plant Operators nec,principal,Generic,False
712999,Lock Master (Water Transport) (N),N,nec_category,Generic,Lock Master (Water Transport),lock master water transport,7,71,712,7129,Machinery Operators and Drivers,Stationary Plant Operators nec,principal,Generic,False
712999,Oilseed Processing Operator (N),N,nec_category,Generic,Oilseed Processing Operator,oilseed processing operator,7,71,712,7129,Machinery Operators and Drivers,Stationary Plant Operators nec,principal,Generic,False
712999,Snow Maker (N),N,nec_category,Generic,Snow Maker,snow maker,7,71,712,7129,Machinery Operators and Drivers,Stationary Plant Operators nec,principal,Generic,False
712999,Timber Treatment Plant Operator (N),N,nec_category,Generic,Timber Treatment Plant Operator,timber treatment plant operator,7,71,712,7129,Machinery Operators and Drivers,Stationary Plant Operators nec,principal,Generic,False
712999,Wash Plant Operator (N),N,nec_category,Generic,Wash Plant Operator,wash plant operator,7,71,712,7129,Machinery Operators and Drivers,Stationary Plant Operators nec,principal,Generic,False
721111,Agricultural and Horticultural Mobile Plant Operator (P),P,principal,Generic,Agricultural and Horticultural Mobile Plant Operator,agricultural and horticultural mobile plant operator,7,72,721,7211,Machinery Operators and Drivers,Agricultural and Horticultural Mobile Plant Operator,principal,Generic,True
721111,Cotton Picking Machine Operator (Aus) (S),S,specialisation,Australia,Cotton Picking Machine Operator,cotton picking machine operator,7,72,721,7211,Machinery Operators and Drivers,Agricultural and Horticultural Mobile Plant Operator,principal,Generic,False
721111,Harvester Operator (S),S,specialisation,Generic,Harvester Operator,harvester operator,7,72,721,7211,Machinery Operators and Drivers,Agricultural and Horticultural Mobile Plant Operator,principal,Generic,False
721111,Rotary Hoe Operator (S),S,specialisation,Generic,Rotary Hoe Operator,rotary hoe operator,7,72,721,7211,Machinery Operators and Drivers,Agricultural and Horticultural Mobile Plant Operator,principal,Generic,False
721112,Logging Plant Operator (P),P,principal,Generic,Logging Plant Operator,logging plant operator,7,72,721,7211,Machinery Operators and Drivers,Logging Plant Operator,principal,Generic,True
721112,Forwarder Operator (S),S,specialisation,Generic,Forwarder Operator,forwarder operator,7,72,721,7211,Machinery Operators and Drivers,Logging Plant Operator,principal,Generic,False
721112,Skidder Operator (S),S,specialisation,Generic,Skidder Operator,skidder operator,7,72,721,7211,Machinery Operators and Drivers,Logging Plant Operator,principal,Generic,False
721112,Tree Feller Operator (S),S,specialisation,Generic,Tree Feller Operator,tree feller operator,7,72,721,7211,Machinery Operators and Drivers,Logging Plant Operator,principal,Generic,False
721211,Earthmoving Plant Operator (General) (P),P,principal,Generic,Earthmoving Plant Operator (General),earthmoving plant operator general,7,72,721,7212,Machinery Operators and Drivers,Earthmoving Plant Operator (General),principal,Generic,True
721211,Construction Plant Operator (General) (A),A,alternative,Generic,Construction Plant Operator (General),construction plant operator general,7,72,721,7212,Machinery Operators and Drivers,Earthmoving Plant Operator (General),principal,Generic,False
721212,Backhoe Operator (P),P,principal,Generic,Backhoe Operator,backhoe operator,7,72,721,7212,Machinery Operators and Drivers,Backhoe Operator,principal,Generic,True
721213,Bulldozer Operator (P),P,principal,Generic,Bulldozer Operator,bulldozer operator,7,72,721,7212,Machinery Operators and Drivers,Bulldozer Operator,principal,Generic,True
721213,Scraper Operator (Earthmoving) (S),S,specialisation,Generic,Scraper Operator (Earthmoving),scraper operator earthmoving,7,72,721,7212,Machinery Operators and Drivers,Bulldozer Operator,principal,Generic,False
721214,Excavator Operator (P),P,principal,Generic,Excavator Operator,excavator operator,7,72,721,7212,Machinery Operators and Drivers,Excavator Operator,principal,Generic,True
721214,Hydraulic Rockbreaker Operator (S),S,specialisation,Generic,Hydraulic Rockbreaker Operator,hydraulic rockbreaker operator,7,72,721,7212,Machinery Operators and Drivers,Excavator Operator,principal,Generic,False
721214,Trench Digging Machine Operator (S),S,specialisation,Generic,Trench Digging Machine Operator,trench digging machine operator,7,72,721,7212,Machinery Operators and Drivers,Excavator Operator,principal,Generic,False
721215,Grader Operator (P),P,principal,Generic,Grader Operator,grader operator,7,72,721,7212,Machinery Operators and Drivers,Grader Operator,principal,Generic,True
721216,Loader Operator (P),P,principal,Generic,Loader Operator,loader operator,7,72,721,7212,Machinery Operators and Drivers,Loader Operator,principal,Generic,True
721216,Bobcat Operator (S),S,specialisation,Generic,Bobcat Operator,bobcat operator,7,72,721,7212,Machinery Operators and Drivers,Loader Operator,principal,Generic,False
721216,Front-end Loader Operator (S),S,specialisation,Generic,Front-end Loader Operator,front end loader operator,7,72,721,7212,Machinery Operators and Drivers,Loader Operator,principal,Generic,False
721311,Forklift Driver (P),P,principal,Generic,Forklift Driver,forklift driver,7,72,721,7213,Machinery Operators and Drivers,Forklift Driver,principal,Generic,True
721311,Fork Truck Operator (A),A,alternative,Generic,Fork Truck Operator,fork truck operator,7,72,721,7213,Machinery Operators and Drivers,Forklift Driver,principal,Generic,False
721311,Forklift Operator (A),A,alternative,Generic,Forklift Operator,forklift operator,7,72,721,7213,Machinery Operators and Drivers,Forklift Driver,principal,Generic,False
721311,Reach Truck Operator (S),S,specialisation,Generic,Reach Truck Operator,reach truck operator,7,72,721,7213,Machinery Operators and Drivers,Forklift Driver,principal,Generic,False
721911,Aircraft Baggage Handler and Airline Ground Crew (P),P,principal,Generic,Aircraft Baggage Handler and Airline Ground Crew,aircraft baggage handler and airline ground crew,7,72,721,7219,Machinery Operators and Drivers,Aircraft Baggage Handler and Airline Ground Crew,principal,Generic,True
721911,Ramp Agent (S),S,specialisation,Generic,Ramp Agent,ramp agent,7,72,721,7219,Machinery Operators and Drivers,Aircraft Baggage Handler and Airline Ground Crew,principal,Generic,False
721912,Linemarker (P),P,principal,Generic,Linemarker,linemarker,7,72,721,7219,Machinery Operators and Drivers,Linemarker,principal,Generic,True
721912,Road Marker (S),S,specialisation,Generic,Road Marker,road marker,7,72,721,7219,Machinery Operators and Drivers,Linemarker,principal,Generic,False
721913,Paving Plant Operator (P),P,principal,Generic,Paving Plant Operator,paving plant operator,7,72,721,7219,Machinery Operators and Drivers,Paving Plant Operator,principal,Generic,True
721914,Railway Track Plant Operator (P),P,principal,Generic,Railway Track Plant Operator,railway track plant operator,7,72,721,7219,Machinery Operators and Drivers,Railway Track Plant Operator,principal,Generic,True
721915,Road Roller Operator (P),P,principal,Generic,Road Roller Operator,road roller operator,7,72,721,7219,Machinery Operators and Drivers,Road Roller Operator,principal,Generic,True
721916,Streetsweeper Operator (P),P,principal,Generic,Streetsweeper Operator,streetsweeper operator,7,72,721,7219,Machinery Operators and Drivers,Streetsweeper Operator,principal,Generic,True
721999,Mobile Plant Operators nec (P),P,principal,Generic,Mobile Plant Operators nec,mobile plant operators nec,7,72,721,7219,Machinery Operators and Drivers,Mobile Plant Operators nec,principal,Generic,True
721999,Cable Ferry Operator (N),N,nec_category,Generic,Cable Ferry Operator,cable ferry operator,7,72,721,7219,Machinery Operators and Drivers,Mobile Plant Operators nec,principal,Generic,False
721999,Dredge Operator (N),N,nec_category,Generic,Dredge Operator,dredge operator,7,72,721,7219,Machinery Operators and Drivers,Mobile Plant Operators nec,principal,Generic,False
721999,Mulcher Operator (N),N,nec_category,Generic,Mulcher Operator,mulcher operator,7,72,721,7219,Machinery Operators and Drivers,Mobile Plant Operators nec,principal,Generic,False
721999,Snow Groomer (N),N,nec_category,Generic,Snow Groomer,snow groomer,7,72,721,7219,Machinery Operators and Drivers,Mobile Plant Operators nec,principal,Generic,False
721999,Straddle Carrier Operator (N),N,nec_category,Generic,Straddle Carrier Operator,straddle carrier operator,7,72,721,7219,Machinery Operators and Drivers,Mobile Plant Operators nec,principal,Generic,False
721999,Tunnelling Plant Operator (N),N,nec_category,Generic,Tunnelling Plant Operator,tunnelling plant operator,7,72,721,7219,Machinery Operators and Drivers,Mobile Plant Operators nec,principal,Generic,False
731111,Chauffeur (P),P,principal,Generic,Chauffeur,chauffeur,7,73,731,7311,Machinery Operators and Drivers,Chauffeur,principal,Generic,True
731111,Hire Car Driver (S),S,specialisation,Generic,Hire Car Driver,hire car driver,7,73,731,7311,Machinery Operators and Drivers,Chauffeur,principal,Generic,False
731111,Limousine Driver (S),S,specialisation,Generic,Limousine Driver,limousine driver,7,73,731,7311,Machinery Operators and Drivers,Chauffeur,principal,Generic,False
731112,Taxi Driver (P),P,principal,Generic,Taxi Driver,taxi driver,7,73,731,7311,Machinery Operators and Drivers,Taxi Driver,principal,Generic,True
731199,Automobile Drivers nec (P),P,principal,Generic,Automobile Drivers nec,automobile drivers nec,7,73,731,7311,Machinery Operators and Drivers,Automobile Drivers nec,principal,Generic,True
731199,Oversize Load Pilot Escort (N),N,nec_category,Generic,Oversize Load Pilot Escort,oversize load pilot escort,7,73,731,7311,Machinery Operators and Drivers,Automobile Drivers nec,principal,Generic,False
731199,Rental Car Ferry Driver (N),N,nec_category,Generic,Rental Car Ferry Driver,rental car ferry driver,7,73,731,7311,Machinery Operators and Drivers,Automobile Drivers nec,principal,Generic,False
731211,Bus Driver (P),P,principal,Generic,Bus Driver,bus driver,7,73,731,7312,Machinery Operators and Drivers,Bus Driver,principal,Generic,True
731211,Minibus Driver (S),S,specialisation,Generic,Minibus Driver,minibus driver,7,73,731,7312,Machinery Operators and Drivers,Bus Driver,principal,Generic,False
731211,School Bus Driver (S),S,specialisation,Generic,School Bus Driver,school bus driver,7,73,731,7312,Machinery Operators and Drivers,Bus Driver,principal,Generic,False
731212,Charter and Tour Bus Driver (P),P,principal,Generic,Charter and Tour Bus Driver,charter and tour bus driver,7,73,731,7312,Machinery Operators and Drivers,Charter and Tour Bus Driver,principal,Generic,True
731212,Coach Tour Driver (S),S,specialisation,Generic,Coach Tour Driver,coach tour driver,7,73,731,7312,Machinery Operators and Drivers,Charter and Tour Bus Driver,principal,Generic,False
731213,Passenger Coach Driver (P),P,principal,Generic,Passenger Coach Driver,passenger coach driver,7,73,731,7312,Machinery Operators and Drivers,Passenger Coach Driver,principal,Generic,True
731311,Train Driver (P),P,principal,Generic,Train Driver,train driver,7,73,731,7313,Machinery Operators and Drivers,Train Driver,principal,Generic,True
731311,Locomotive Driver (A),A,alternative,Generic,Locomotive Driver,locomotive driver,7,73,731,7313,Machinery Operators and Drivers,Train Driver,principal,Generic,False
731311,Electric Train Driver (S),S,specialisation,Generic,Electric Train Driver,electric train driver,7,73,731,7313,Machinery Operators and Drivers,Train Driver,principal,Generic,False
731311,Fireperson (Railway) (S),S,specialisation,Generic,Fireperson (Railway),fireperson railway,7,73,731,7313,Machinery Operators and Drivers,Train Driver,principal,Generic,False
731311,Locomotive Observer (S),S,specialisation,Generic,Locomotive Observer,locomotive observer,7,73,731,7313,Machinery Operators and Drivers,Train Driver,principal,Generic,False
731311,Rail Car Driver (S),S,specialisation,Generic,Rail Car Driver,rail car driver,7,73,731,7313,Machinery Operators and Drivers,Train Driver,principal,Generic,False
731311,Steam Train Driver (S),S,specialisation,Generic,Steam Train Driver,steam train driver,7,73,731,7313,Machinery Operators and Drivers,Train Driver,principal,Generic,False
731312,Tram Driver (P),P,principal,Generic,Tram Driver,tram driver,7,73,731,7313,Machinery Operators and Drivers,Tram Driver,principal,Generic,True
732111,Delivery Driver (P),P,principal,Generic,Delivery Driver,delivery driver,7,73,732,7321,Machinery Operators and Drivers,Delivery Driver,principal,Generic,True
732111,Van Driver (A),A,alternative,Generic,Van Driver,van driver,7,73,732,7321,Machinery Operators and Drivers,Delivery Driver,principal,Generic,False
732111,Fast Food Delivery Driver (S),S,specialisation,Generic,Fast Food Delivery Driver,fast food delivery driver,7,73,732,7321,Machinery Operators and Drivers,Delivery Driver,principal,Generic,False
732111,Grocery Deliverer (S),S,specialisation,Generic,Grocery Deliverer,grocery deliverer,7,73,732,7321,Machinery Operators and Drivers,Delivery Driver,principal,Generic,False
732111,Meals on Wheels Driver (S),S,specialisation,Generic,Meals on Wheels Driver,meals on wheels driver,7,73,732,7321,Machinery Operators and Drivers,Delivery Driver,principal,Generic,False
732111,Taxi Truck Driver (S),S,specialisation,Generic,Taxi Truck Driver,taxi truck driver,7,73,732,7321,Machinery Operators and Drivers,Delivery Driver,principal,Generic,False
733111,Truck Driver (General) (P),P,principal,Generic,Truck Driver (General),truck driver general,7,73,733,7331,Machinery Operators and Drivers,Truck Driver (General),principal,Generic,True
733111,Cement Mixer Driver (S),S,specialisation,Generic,Cement Mixer Driver,cement mixer driver,7,73,733,7331,Machinery Operators and Drivers,Truck Driver (General),principal,Generic,False
733111,Compactor Driver (Rubbish Collection) (S),S,specialisation,Generic,Compactor Driver (Rubbish Collection),compactor driver rubbish collection,7,73,733,7331,Machinery Operators and Drivers,Truck Driver (General),principal,Generic,False
733111,Haulpak Driver (S),S,specialisation,Generic,Haulpak Driver,haulpak driver,7,73,733,7331,Machinery Operators and Drivers,Truck Driver (General),principal,Generic,False
733111,Livestock Haulier (S),S,specialisation,Generic,Livestock Haulier,livestock haulier,7,73,733,7331,Machinery Operators and Drivers,Truck Driver (General),principal,Generic,False
733111,Logging Truck Driver (S),S,specialisation,Generic,Logging Truck Driver,logging truck driver,7,73,733,7331,Machinery Operators and Drivers,Truck Driver (General),principal,Generic,False
733111,Road Train Driver (S),S,specialisation,Generic,Road Train Driver,road train driver,7,73,733,7331,Machinery Operators and Drivers,Truck Driver (General),principal,Generic,False
733111,Tilt Tray Driver (S),S,specialisation,Generic,Tilt Tray Driver,tilt tray driver,7,73,733,7331,Machinery Operators and Drivers,Truck Driver (General),principal,Generic,False
733112,Aircraft Refueller (P),P,principal,Generic,Aircraft Refueller,aircraft refueller,7,73,733,7331,Machinery Operators and Drivers,Aircraft Refueller,principal,Generic,True
733112,Ground Crewman Aircraft Support (Army) (S),S,specialisation,Generic,Ground Crewman Aircraft Support (Army),ground crewman aircraft support army,7,73,733,7331,Machinery Operators and Drivers,Aircraft Refueller,principal,Generic,False
733113,Furniture Removalist (P),P,principal,Generic,Furniture Removalist,furniture removalist,7,73,733,7331,Machinery Operators and Drivers,Furniture Removalist,principal,Generic,True
733113,Office Mover (S),S,specialisation,Generic,Office Mover,office mover,7,73,733,7331,Machinery Operators and Drivers,Furniture Removalist,principal,Generic,False
733113,Piano Removalist (S),S,specialisation,Generic,Piano Removalist,piano removalist,7,73,733,7331,Machinery Operators and Drivers,Furniture Removalist,principal,Generic,False
733114,Tanker Driver (P),P,principal,Generic,Tanker Driver,tanker driver,7,73,733,7331,Machinery Operators and Drivers,Tanker Driver,principal,Generic,True
733114,Milk Tanker Driver (S),S,specialisation,Generic,Milk Tanker Driver,milk tanker driver,7,73,733,7331,Machinery Operators and Drivers,Tanker Driver,principal,Generic,False
733114,Petrol Tanker Driver (S),S,specialisation,Generic,Petrol Tanker Driver,petrol tanker driver,7,73,733,7331,Machinery Operators and Drivers,Tanker Driver,principal,Generic,False
733114,Water Tanker Driver (S),S,specialisation,Generic,Water Tanker Driver,water tanker driver,7,73,733,7331,Machinery Operators and Drivers,Tanker Driver,principal,Generic,False
733115,Tow Truck Driver (P),P,principal,Generic,Tow Truck Driver,tow truck driver,7,73,733,7331,Machinery Operators and Drivers,Tow Truck Driver,principal,Generic,True
733115,Mechanic Recovery (Army) (S),S,specialisation,Generic,Mechanic Recovery (Army),mechanic recovery army,7,73,733,7331,Machinery Operators and Drivers,Tow Truck Driver,principal,Generic,False
741111,Storeperson (P),P,principal,Generic,Storeperson,storeperson,7,74,741,7411,Machinery Operators and Drivers,Storeperson,principal,Generic,True
741111,Stores Assistant (A),A,alternative,Generic,Stores Assistant,stores assistant,7,74,741,7411,Machinery Operators and Drivers,Storeperson,principal,Generic,False
741111,Warehouse Assistant (A),A,alternative,Generic,Warehouse Assistant,warehouse assistant,7,74,741,7411,Machinery Operators and Drivers,Storeperson,principal,Generic,False
741111,Chiller Hand (S),S,specialisation,Generic,Chiller Hand,chiller hand,7,74,741,7411,Machinery Operators and Drivers,Storeperson,principal,Generic,False
741111,Manufacturing Storeperson (S),S,specialisation,Generic,Manufacturing Storeperson,manufacturing storeperson,7,74,741,7411,Machinery Operators and Drivers,Storeperson,principal,Generic,False
741111,Operator Supply (Army) (S),S,specialisation,Generic,Operator Supply (Army),operator supply army,7,74,741,7411,Machinery Operators and Drivers,Storeperson,principal,Generic,False
741111,Order Picker/Assembler (S),S,specialisation,Generic,Order Picker/Assembler,order picker assembler,7,74,741,7411,Machinery Operators and Drivers,Storeperson,principal,Generic,False
741111,Stores Despatch Hand (S),S,specialisation,Generic,Stores Despatch Hand,stores despatch hand,7,74,741,7411,Machinery Operators and Drivers,Storeperson,principal,Generic,False
741111,Stores Naval (Navy) (S),S,specialisation,Generic,Stores Naval (Navy),stores naval navy,7,74,741,7411,Machinery Operators and Drivers,Storeperson,principal,Generic,False
811111,Car Detailer (P),P,principal,Generic,Car Detailer,car detailer,8,81,811,8111,Labourers,Car Detailer,principal,Generic,True
811111,Vehicle Detailer (A),A,alternative,Generic,Vehicle Detailer,vehicle detailer,8,81,811,8111,Labourers,Car Detailer,principal,Generic,False
811211,Commercial Cleaner (P),P,principal,Generic,Commercial Cleaner,commercial cleaner,8,81,811,8112,Labourers,Commercial Cleaner,principal,Generic,True
811211,Aircraft Cabin Cleaner (S),S,specialisation,Generic,Aircraft Cabin Cleaner,aircraft cabin cleaner,8,81,811,8112,Labourers,Commercial Cleaner,principal,Generic,False
811211,School Cleaner (S),S,specialisation,Generic,School Cleaner,school cleaner,8,81,811,8112,Labourers,Commercial Cleaner,principal,Generic,False
811311,Domestic Cleaner (P),P,principal,Generic,Domestic Cleaner,domestic cleaner,8,81,811,8113,Labourers,Domestic Cleaner,principal,Generic,True
811411,Commercial Housekeeper (P),P,principal,Generic,Commercial Housekeeper,commercial housekeeper,8,81,811,8114,Labourers,Commercial Housekeeper,principal,Generic,True
811412,Domestic Housekeeper (P),P,principal,Generic,Domestic Housekeeper,domestic housekeeper,8,81,811,8114,Labourers,Domestic Housekeeper,principal,Generic,True
811511,Laundry Worker (General) (P),P,principal,Generic,Laundry Worker (General),laundry worker general,8,81,811,8115,Labourers,Laundry Worker (General),principal,Generic,True
811511,Folding Machine Operator (S),S,specialisation,Generic,Folding Machine Operator,folding machine operator,8,81,811,8115,Labourers,Laundry Worker (General),principal,Generic,False
811511,Linen Sorter (S),S,specialisation,Generic,Linen Sorter,linen sorter,8,81,811,8115,Labourers,Laundry Worker (General),principal,Generic,False
811512,Drycleaner (P),P,principal,Generic,Drycleaner,drycleaner,8,81,811,8115,Labourers,Drycleaner,principal,Generic,True
811513,Ironer or Presser (P),P,principal,Generic,Ironer or Presser,ironer or presser,8,81,811,8115,Labourers,Ironer or Presser,principal,Generic,True
811611,Carpet Cleaner (P),P,principal,Generic,Carpet Cleaner,carpet cleaner,8,81,811,8116,Labourers,Carpet Cleaner,principal,Generic,True
811611,Upholstery Cleaner (S),S,specialisation,Generic,Upholstery Cleaner,upholstery cleaner,8,81,811,8116,Labourers,Carpet Cleaner,principal,Generic,False
811612,Window Cleaner (P),P,principal,Generic,Window Cleaner,window cleaner,8,81,811,8116,Labourers,Window Cleaner,principal,Generic,True
811699,Cleaners nec (P),P,principal,Generic,Cleaners nec,cleaners nec,8,81,811,8116,Labourers,Cleaners nec,principal,Generic,True
811699,Chimney Sweep (N),N,nec_category,Generic,Chimney Sweep,chimney sweep,8,81,811,8116,Labourers,Cleaners nec,principal,Generic,False
811699,Graffiti Cleaner (N),N,nec_category,Generic,Graffiti Cleaner,graffiti cleaner,8,81,811,8116,Labourers,Cleaners nec,principal,Generic,False
811699,Swimming Pool Cleaner (N),N,nec_category,Generic,Swimming Pool Cleaner,swimming pool cleaner,8,81,811,8116,Labourers,Cleaners nec,principal,Generic,False
821111,Builder's Labourer (P),P,principal,Generic,Builder's Labourer,builder s labourer,8,82,821,8211,Labourers,Builder's Labourer,principal,Generic,True
821111,Construction Worker (A),A,alternative,Generic,Construction Worker,construction worker,8,82,821,8211,Labourers,Builder's Labourer,principal,Generic,False
821111,Bricklayer's Assistant (S),S,specialisation,Generic,Bricklayer's Assistant,bricklayer s assistant,8,82,821,8211,Labourers,Builder's Labourer,principal,Generic,False
821111,Carpenter's Assistant (S),S,specialisation,Generic,Carpenter's Assistant,carpenter s assistant,8,82,821,8211,Labourers,Builder's Labourer,principal,Generic,False
821111,Tiler's Assistant (S),S,specialisation,Generic,Tiler's Assistant,tiler s assistant,8,82,821,8211,Labourers,Builder's Labourer,principal,Generic,False
821112,"Drainage, Sewerage and Stormwater Labourer (P)",P,principal,Generic,"Drainage, Sewerage and Stormwater Labourer",drainage sewerage and stormwater labourer,8,82,821,8211,Labourers,"Drainage, Sewerage and Stormwater Labourer",principal,Generic,True
821113,Earthmoving Labourer (P),P,principal,Generic,Earthmoving Labourer,earthmoving labourer,8,82,821,8211,Labourers,Earthmoving Labourer,principal,Generic,True
821113,Grave Digger (S),S,specialisation,Generic,Grave Digger,grave digger,8,82,821,8211,Labourers,Earthmoving Labourer,principal,Generic,False
821114,Plumber's Assistant (P),P,principal,Generic,Plumber's Assistant,plumber s assistant,8,82,821,8211,Labourers,Plumber's Assistant,principal,Generic,True
821211,Concreter (P),P,principal,Generic,Concreter,concreter,8,82,821,8212,Labourers,Concreter,principal,Generic,True
821211,Concrete Worker (A),A,alternative,Generic,Concrete Worker,concrete worker,8,82,821,8212,Labourers,Concreter,principal,Generic,False
821311,Fencer (P),P,principal,Generic,Fencer,fencer,8,82,821,8213,Labourers,Fencer,principal,Generic,True
821311,Fence Erector (A),A,alternative,Generic,Fence Erector,fence erector,8,82,821,8213,Labourers,Fencer,principal,Generic,False
821411,Building Insulation Installer (P),P,principal,Generic,Building Insulation Installer,building insulation installer,8,82,821,8214,Labourers,Building Insulation Installer,principal,Generic,True
821411,Window Tinter (Building) (S),S,specialisation,Generic,Window Tinter (Building),window tinter building,8,82,821,8214,Labourers,Building Insulation Installer,principal,Generic,False
821412,Home Improvement Installer (P),P,principal,Generic,Home Improvement Installer,home improvement installer,8,82,821,8214,Labourers,Home Improvement Installer,principal,Generic,True
821412,Awning Installer (S),S,specialisation,Generic,Awning Installer,awning installer,8,82,821,8214,Labourers,Home Improvement Installer,principal,Generic,False
821412,Carport Erector (S),S,specialisation,Generic,Carport Erector,carport erector,8,82,821,8214,Labourers,Home Improvement Installer,principal,Generic,False
821412,Curtain Fitter (S),S,specialisation,Generic,Curtain Fitter,curtain fitter,8,82,821,8214,Labourers,Home Improvement Installer,principal,Generic,False
821412,Security Door Installer (S),S,specialisation,Generic,Security Door Installer,security door installer,8,82,821,8214,Labourers,Home Improvement Installer,principal,Generic,False
821412,Shower Screen Installer (S),S,specialisation,Generic,Shower Screen Installer,shower screen installer,8,82,821,8214,Labourers,Home Improvement Installer,principal,Generic,False
821511,Paving and Surfacing Labourer (P),P,principal,Generic,Paving and Surfacing Labourer,paving and surfacing labourer,8,82,821,8215,Labourers,Paving and Surfacing Labourer,principal,Generic,True
821611,Railway Track Worker (P),P,principal,Generic,Railway Track Worker,railway track worker,8,82,821,8216,Labourers,Railway Track Worker,principal,Generic,True
821611,Railway Fettler (A),A,alternative,Generic,Railway Fettler,railway fettler,8,82,821,8216,Labourers,Railway Track Worker,principal,Generic,False
821611,Track Inspector (S),S,specialisation,Generic,Track Inspector,track inspector,8,82,821,8216,Labourers,Railway Track Worker,principal,Generic,False
821711,Construction Rigger (P),P,principal,Generic,Construction Rigger,construction rigger,8,82,821,8217,Labourers,Construction Rigger,principal,Generic,True
821712,Scaffolder (P),P,principal,Generic,Scaffolder,scaffolder,8,82,821,8217,Labourers,Scaffolder,principal,Generic,True
821713,Steel Fixer (P),P,principal,Generic,Steel Fixer,steel fixer,8,82,821,8217,Labourers,Steel Fixer,principal,Generic,True
821714,Structural Steel Erector (P),P,principal,Generic,Structural Steel Erector,structural steel erector,8,82,821,8217,Labourers,Structural Steel Erector,principal,Generic,True
821911,Crane Chaser (P),P,principal,Generic,Crane Chaser,crane chaser,8,82,821,8219,Labourers,Crane Chaser,principal,Generic,True
821911,Dogman/woman (S),S,specialisation,Generic,Dogman/woman,dogman woman,8,82,821,8219,Labourers,Crane Chaser,principal,Generic,False
821911,Slinger (S),S,specialisation,Generic,Slinger,slinger,8,82,821,8219,Labourers,Crane Chaser,principal,Generic,False
821912,Driller's Assistant (P),P,principal,Generic,Driller's Assistant,driller s assistant,8,82,821,8219,Labourers,Driller's Assistant,principal,Generic,True
821912,Driller's Offsider (A),A,alternative,Generic,Driller's Offsider,driller s offsider,8,82,821,8219,Labourers,Driller's Assistant,principal,Generic,False
821912,Roustabout (Oil and Gas) (A),A,alternative,Generic,Roustabout (Oil and Gas),roustabout oil and gas,8,82,821,8219,Labourers,Driller's Assistant,principal,Generic,False
821912,Derrick Hand (S),S,specialisation,Generic,Derrick Hand,derrick hand,8,82,821,8219,Labourers,Driller's Assistant,principal,Generic,False
821912,Roughneck (S),S,specialisation,Generic,Roughneck,roughneck,8,82,821,8219,Labourers,Driller's Assistant,principal,Generic,False
821912,Well Treatment Offsider (S),S,specialisation,Generic,Well Treatment Offsider,well treatment offsider,8,82,821,8219,Labourers,Driller's Assistant,principal,Generic,False
821913,Lagger (P),P,principal,Generic,Lagger,lagger,8,82,821,8219,Labourers,Lagger,principal,Generic,True
821914,Mining Support Worker (P),P,principal,Generic,Mining Support Worker,mining support worker,8,82,821,8219,Labourers,Mining Support Worker,principal,Generic,True
821914,Mineral Ore Processing Labourer (A),A,alternative,Generic,Mineral Ore Processing Labourer,mineral ore processing labourer,8,82,821,8219,Labourers,Mining Support Worker,principal,Generic,False
821914,Pit Crew Support Worker (S),S,specialisation,Generic,Pit Crew Support Worker,pit crew support worker,8,82,821,8219,Labourers,Mining Support Worker,principal,Generic,False
821915,Surveyor's Assistant (P),P,principal,Generic,Surveyor's Assistant,surveyor s assistant,8,82,821,8219,Labourers,Surveyor's Assistant,principal,Generic,True
821915,Geological Survey Field Assistant (S),S,specialisation,Generic,Geological Survey Field Assistant,geological survey field assistant,8,82,821,8219,Labourers,Surveyor's Assistant,principal,Generic,False
821915,Seismic Survey Assistant (S),S,specialisation,Generic,Seismic Survey Assistant,seismic survey assistant,8,82,821,8219,Labourers,Surveyor's Assistant,principal,Generic,False
831111,Baking Factory Worker (P),P,principal,Generic,Baking Factory Worker,baking factory worker,8,83,831,8311,Labourers,Baking Factory Worker,principal,Generic,True
831111,Biscuit Factory Worker (S),S,specialisation,Generic,Biscuit Factory Worker,biscuit factory worker,8,83,831,8311,Labourers,Baking Factory Worker,principal,Generic,False
831111,Bread Room Hand (S),S,specialisation,Generic,Bread Room Hand,bread room hand,8,83,831,8311,Labourers,Baking Factory Worker,principal,Generic,False
831112,Brewery Worker (P),P,principal,Generic,Brewery Worker,brewery worker,8,83,831,8311,Labourers,Brewery Worker,principal,Generic,True
831113,Confectionery Maker (P),P,principal,Generic,Confectionery Maker,confectionery maker,8,83,831,8311,Labourers,Confectionery Maker,principal,Generic,True
831113,Chocolate Maker (S),S,specialisation,Generic,Chocolate Maker,chocolate maker,8,83,831,8311,Labourers,Confectionery Maker,principal,Generic,False
831114,Dairy Products Maker (P),P,principal,Generic,Dairy Products Maker,dairy products maker,8,83,831,8311,Labourers,Dairy Products Maker,principal,Generic,True
831114,Butter Maker (S),S,specialisation,Generic,Butter Maker,butter maker,8,83,831,8311,Labourers,Dairy Products Maker,principal,Generic,False
831114,Cheese Factory Worker (S),S,specialisation,Generic,Cheese Factory Worker,cheese factory worker,8,83,831,8311,Labourers,Dairy Products Maker,principal,Generic,False
831114,Cheese Maker (S),S,specialisation,Generic,Cheese Maker,cheese maker,8,83,831,8311,Labourers,Dairy Products Maker,principal,Generic,False
831114,Milk Processing Worker (S),S,specialisation,Generic,Milk Processing Worker,milk processing worker,8,83,831,8311,Labourers,Dairy Products Maker,principal,Generic,False
831114,Milk Treater (S),S,specialisation,Generic,Milk Treater,milk treater,8,83,831,8311,Labourers,Dairy Products Maker,principal,Generic,False
831114,Pasteuriser Operator (S),S,specialisation,Generic,Pasteuriser Operator,pasteuriser operator,8,83,831,8311,Labourers,Dairy Products Maker,principal,Generic,False
831114,Yoghurt Maker (S),S,specialisation,Generic,Yoghurt Maker,yoghurt maker,8,83,831,8311,Labourers,Dairy Products Maker,principal,Generic,False
831115,Fruit and Vegetable Factory Worker (P),P,principal,Generic,Fruit and Vegetable Factory Worker,fruit and vegetable factory worker,8,83,831,8311,Labourers,Fruit and Vegetable Factory Worker,principal,Generic,True
831116,Grain Mill Worker (P),P,principal,Generic,Grain Mill Worker,grain mill worker,8,83,831,8311,Labourers,Grain Mill Worker,principal,Generic,True
831116,Stockfeed Miller (S),S,specialisation,Generic,Stockfeed Miller,stockfeed miller,8,83,831,8311,Labourers,Grain Mill Worker,principal,Generic,False
831117,Sugar Mill Worker (P),P,principal,Generic,Sugar Mill Worker,sugar mill worker,8,83,831,8311,Labourers,Sugar Mill Worker,principal,Generic,True
831118,Winery Cellar Hand (P),P,principal,Generic,Winery Cellar Hand,winery cellar hand,8,83,831,8311,Labourers,Winery Cellar Hand,principal,Generic,True
831199,Food and Drink Factory Workers nec (P),P,principal,Generic,Food and Drink Factory Workers nec,food and drink factory workers nec,8,83,831,8311,Labourers,Food and Drink Factory Workers nec,principal,Generic,True
831199,Egg Factory Worker (N),N,nec_category,Generic,Egg Factory Worker,egg factory worker,8,83,831,8311,Labourers,Food and Drink Factory Workers nec,principal,Generic,False
831199,Ice-cream Maker (N),N,nec_category,Generic,Ice-cream Maker,ice cream maker,8,83,831,8311,Labourers,Food and Drink Factory Workers nec,principal,Generic,False
831199,Margarine Maker (N),N,nec_category,Generic,Margarine Maker,margarine maker,8,83,831,8311,Labourers,Food and Drink Factory Workers nec,principal,Generic,False
831211,Meat Boner and Slicer (P),P,principal,Generic,Meat Boner and Slicer,meat boner and slicer,8,83,831,8312,Labourers,Meat Boner and Slicer,principal,Generic,True
831211,Meat Trimmer (S),S,specialisation,Generic,Meat Trimmer,meat trimmer,8,83,831,8312,Labourers,Meat Boner and Slicer,principal,Generic,False
831212,Slaughterer (P),P,principal,Generic,Slaughterer,slaughterer,8,83,831,8312,Labourers,Slaughterer,principal,Generic,True
831212,Stunner and Shackler (Abattoir) (S),S,specialisation,Generic,Stunner and Shackler (Abattoir),stunner and shackler abattoir,8,83,831,8312,Labourers,Slaughterer,principal,Generic,False
831311,Meat Process Worker (P),P,principal,Generic,Meat Process Worker,meat process worker,8,83,831,8313,Labourers,Meat Process Worker,principal,Generic,True
831311,Offal Separator (S),S,specialisation,Generic,Offal Separator,offal separator,8,83,831,8313,Labourers,Meat Process Worker,principal,Generic,False
831312,Poultry Process Worker (P),P,principal,Generic,Poultry Process Worker,poultry process worker,8,83,831,8313,Labourers,Poultry Process Worker,principal,Generic,True
831312,Poultry Boner (S),S,specialisation,Generic,Poultry Boner,poultry boner,8,83,831,8313,Labourers,Poultry Process Worker,principal,Generic,False
831312,Poultry Slaughterer (S),S,specialisation,Generic,Poultry Slaughterer,poultry slaughterer,8,83,831,8313,Labourers,Poultry Process Worker,principal,Generic,False
831313,Seafood Process Worker (P),P,principal,Generic,Seafood Process Worker,seafood process worker,8,83,831,8313,Labourers,Seafood Process Worker,principal,Generic,True
831313,Abalone Sheller (S),S,specialisation,Generic,Abalone Sheller,abalone sheller,8,83,831,8313,Labourers,Seafood Process Worker,principal,Generic,False
831313,Oyster Opener (S),S,specialisation,Generic,Oyster Opener,oyster opener,8,83,831,8313,Labourers,Seafood Process Worker,principal,Generic,False
832111,Chocolate Packer (P),P,principal,Generic,Chocolate Packer,chocolate packer,8,83,832,8321,Labourers,Chocolate Packer,principal,Generic,True
832112,Container Filler (P),P,principal,Generic,Container Filler,container filler,8,83,832,8321,Labourers,Container Filler,principal,Generic,True
832112,Bottling Attendant (S),S,specialisation,Generic,Bottling Attendant,bottling attendant,8,83,832,8321,Labourers,Container Filler,principal,Generic,False
832112,Cannery Worker (S),S,specialisation,Generic,Cannery Worker,cannery worker,8,83,832,8321,Labourers,Container Filler,principal,Generic,False
832112,Labelling Machine Operator (S),S,specialisation,Generic,Labelling Machine Operator,labelling machine operator,8,83,832,8321,Labourers,Container Filler,principal,Generic,False
832113,Fruit and Vegetable Packer (P),P,principal,Generic,Fruit and Vegetable Packer,fruit and vegetable packer,8,83,832,8321,Labourers,Fruit and Vegetable Packer,principal,Generic,True
832114,Meat Packer (P),P,principal,Generic,Meat Packer,meat packer,8,83,832,8321,Labourers,Meat Packer,principal,Generic,True
832115,Seafood Packer (P),P,principal,Generic,Seafood Packer,seafood packer,8,83,832,8321,Labourers,Seafood Packer,principal,Generic,True
832199,Packers nec (P),P,principal,Generic,Packers nec,packers nec,8,83,832,8321,Labourers,Packers nec,principal,Generic,True
832199,Cheese Packer (N),N,nec_category,Generic,Cheese Packer,cheese packer,8,83,832,8321,Labourers,Packers nec,principal,Generic,False
832199,Egg Packer (N),N,nec_category,Generic,Egg Packer,egg packer,8,83,832,8321,Labourers,Packers nec,principal,Generic,False
832211,Product Assembler (P),P,principal,Generic,Product Assembler,product assembler,8,83,832,8322,Labourers,Product Assembler,principal,Generic,True
832211,Electrical and Electronic Assembler (S),S,specialisation,Generic,Electrical and Electronic Assembler,electrical and electronic assembler,8,83,832,8322,Labourers,Product Assembler,principal,Generic,False
832211,Light Coil Winder (S),S,specialisation,Generic,Light Coil Winder,light coil winder,8,83,832,8322,Labourers,Product Assembler,principal,Generic,False
832211,Vehicle Assembler (S),S,specialisation,Generic,Vehicle Assembler,vehicle assembler,8,83,832,8322,Labourers,Product Assembler,principal,Generic,False
839111,Metal Engineering Process Worker (P),P,principal,Generic,Metal Engineering Process Worker,metal engineering process worker,8,83,839,8391,Labourers,Metal Engineering Process Worker,principal,Generic,True
839111,Boilermaker's Assistant (S),S,specialisation,Generic,Boilermaker's Assistant,boilermaker s assistant,8,83,839,8391,Labourers,Metal Engineering Process Worker,principal,Generic,False
839111,Fitter's Assistant (S),S,specialisation,Generic,Fitter's Assistant,fitter s assistant,8,83,839,8391,Labourers,Metal Engineering Process Worker,principal,Generic,False
839111,Metal Forger's Assistant (S),S,specialisation,Generic,Metal Forger's Assistant,metal forger s assistant,8,83,839,8391,Labourers,Metal Engineering Process Worker,principal,Generic,False
839111,Metal Moulder's Assistant (S),S,specialisation,Generic,Metal Moulder's Assistant,metal moulder s assistant,8,83,839,8391,Labourers,Metal Engineering Process Worker,principal,Generic,False
839211,Plastics Factory Worker (P),P,principal,Generic,Plastics Factory Worker,plastics factory worker,8,83,839,8392,Labourers,Plastics Factory Worker,principal,Generic,True
839211,Plastics Process Hand (A),A,alternative,Generic,Plastics Process Hand,plastics process hand,8,83,839,8392,Labourers,Plastics Factory Worker,principal,Generic,False
839211,Cellular Plastics Cutter (S),S,specialisation,Generic,Cellular Plastics Cutter,cellular plastics cutter,8,83,839,8392,Labourers,Plastics Factory Worker,principal,Generic,False
839211,Fibreglass Lay Up Worker (S),S,specialisation,Generic,Fibreglass Lay Up Worker,fibreglass lay up worker,8,83,839,8392,Labourers,Plastics Factory Worker,principal,Generic,False
839212,Rubber Factory Worker (P),P,principal,Generic,Rubber Factory Worker,rubber factory worker,8,83,839,8392,Labourers,Rubber Factory Worker,principal,Generic,True
839212,Rubber Process Hand (A),A,alternative,Generic,Rubber Process Hand,rubber process hand,8,83,839,8392,Labourers,Rubber Factory Worker,principal,Generic,False
839212,Latex Foam Worker (S),S,specialisation,Generic,Latex Foam Worker,latex foam worker,8,83,839,8392,Labourers,Rubber Factory Worker,principal,Generic,False
839311,Product Examiner (P),P,principal,Generic,Product Examiner,product examiner,8,83,839,8393,Labourers,Product Examiner,principal,Generic,True
839311,Quality Assurance Assessor (A),A,alternative,Generic,Quality Assurance Assessor,quality assurance assessor,8,83,839,8393,Labourers,Product Examiner,principal,Generic,False
839311,Quality Control Assessor (A),A,alternative,Generic,Quality Control Assessor,quality control assessor,8,83,839,8393,Labourers,Product Examiner,principal,Generic,False
839311,Film Examiner (S),S,specialisation,Generic,Film Examiner,film examiner,8,83,839,8393,Labourers,Product Examiner,principal,Generic,False
839311,Metal Products Viewer (S),S,specialisation,Generic,Metal Products Viewer,metal products viewer,8,83,839,8393,Labourers,Product Examiner,principal,Generic,False
839311,Textile Examiner (S),S,specialisation,Generic,Textile Examiner,textile examiner,8,83,839,8393,Labourers,Product Examiner,principal,Generic,False
839311,Tyre Finisher and Examiner (S),S,specialisation,Generic,Tyre Finisher and Examiner,tyre finisher and examiner,8,83,839,8393,Labourers,Product Examiner,principal,Generic,False
839311,Vehicle Assembly Inspector (S),S,specialisation,Generic,Vehicle Assembly Inspector,vehicle assembly inspector,8,83,839,8393,Labourers,Product Examiner,principal,Generic,False
839312,Product Grader (P),P,principal,Generic,Product Grader,product grader,8,83,839,8393,Labourers,Product Grader,principal,Generic,True
839312,Fruit and Vegetable Classer (S),S,specialisation,Generic,Fruit and Vegetable Classer,fruit and vegetable classer,8,83,839,8393,Labourers,Product Grader,principal,Generic,False
839312,Meat Grader (S),S,specialisation,Generic,Meat Grader,meat grader,8,83,839,8393,Labourers,Product Grader,principal,Generic,False
839312,Milk and Cream Grader (S),S,specialisation,Generic,Milk and Cream Grader,milk and cream grader,8,83,839,8393,Labourers,Product Grader,principal,Generic,False
839312,Timber Grader (S),S,specialisation,Generic,Timber Grader,timber grader,8,83,839,8393,Labourers,Product Grader,principal,Generic,False
839313,Product Tester (P),P,principal,Generic,Product Tester,product tester,8,83,839,8393,Labourers,Product Tester,principal,Generic,True
839313,Coal Sample Tester (S),S,specialisation,Generic,Coal Sample Tester,coal sample tester,8,83,839,8393,Labourers,Product Tester,principal,Generic,False
839313,Glassware Verifier (S),S,specialisation,Generic,Glassware Verifier,glassware verifier,8,83,839,8393,Labourers,Product Tester,principal,Generic,False
839313,Iron Pellet Tester (S),S,specialisation,Generic,Iron Pellet Tester,iron pellet tester,8,83,839,8393,Labourers,Product Tester,principal,Generic,False
839411,Paper and Pulp Mill Worker (P),P,principal,Generic,Paper and Pulp Mill Worker,paper and pulp mill worker,8,83,839,8394,Labourers,Paper and Pulp Mill Worker,principal,Generic,True
839411,"Pulp, Paper Making and Paper Products Labourer (A)",A,alternative,Generic,"Pulp, Paper Making and Paper Products Labourer",pulp paper making and paper products labourer,8,83,839,8394,Labourers,Paper and Pulp Mill Worker,principal,Generic,False
839412,Sawmill or Timber Yard Worker (P),P,principal,Generic,Sawmill or Timber Yard Worker,sawmill or timber yard worker,8,83,839,8394,Labourers,Sawmill or Timber Yard Worker,principal,Generic,True
839412,Timber Mill Worker (A),A,alternative,Generic,Timber Mill Worker,timber mill worker,8,83,839,8394,Labourers,Sawmill or Timber Yard Worker,principal,Generic,False
839412,Wood Processing Worker (A),A,alternative,Generic,Wood Processing Worker,wood processing worker,8,83,839,8394,Labourers,Sawmill or Timber Yard Worker,principal,Generic,False
839412,Dry Mill Worker (NZ) (S),S,specialisation,New Zealand,Dry Mill Worker,dry mill worker,8,83,839,8394,Labourers,Sawmill or Timber Yard Worker,principal,Generic,False
839412,Tailer-out (S),S,specialisation,Generic,Tailer-out,tailer out,8,83,839,8394,Labourers,Sawmill or Timber Yard Worker,principal,Generic,False
839413,Wood and Wood Products Factory Worker (P),P,principal,Generic,Wood and Wood Products Factory Worker,wood and wood products factory worker,8,83,839,8394,Labourers,Wood and Wood Products Factory Worker,principal,Generic,True
839413,Wood and Wood Products Labourer (A),A,alternative,Generic,Wood and Wood Products Labourer,wood and wood products labourer,8,83,839,8394,Labourers,Wood and Wood Products Factory Worker,principal,Generic,False
839413,Hardboard Factory Worker (S),S,specialisation,Generic,Hardboard Factory Worker,hardboard factory worker,8,83,839,8394,Labourers,Wood and Wood Products Factory Worker,principal,Generic,False
839413,Joinery Factory Worker (S),S,specialisation,Generic,Joinery Factory Worker,joinery factory worker,8,83,839,8394,Labourers,Wood and Wood Products Factory Worker,principal,Generic,False
839413,Particleboard Factory Worker (S),S,specialisation,Generic,Particleboard Factory Worker,particleboard factory worker,8,83,839,8394,Labourers,Wood and Wood Products Factory Worker,principal,Generic,False
839413,Plywood Factory Worker (S),S,specialisation,Generic,Plywood Factory Worker,plywood factory worker,8,83,839,8394,Labourers,Wood and Wood Products Factory Worker,principal,Generic,False
839911,Cement and Concrete Plant Worker (P),P,principal,Generic,Cement and Concrete Plant Worker,cement and concrete plant worker,8,83,839,8399,Labourers,Cement and Concrete Plant Worker,principal,Generic,True
839912,Chemical Plant Worker (P),P,principal,Generic,Chemical Plant Worker,chemical plant worker,8,83,839,8399,Labourers,Chemical Plant Worker,principal,Generic,True
839912,Gas Plant Worker (S),S,specialisation,Generic,Gas Plant Worker,gas plant worker,8,83,839,8399,Labourers,Chemical Plant Worker,principal,Generic,False
839912,Munitions Factory Worker (S),S,specialisation,Generic,Munitions Factory Worker,munitions factory worker,8,83,839,8399,Labourers,Chemical Plant Worker,principal,Generic,False
839912,Paint Factory Worker (S),S,specialisation,Generic,Paint Factory Worker,paint factory worker,8,83,839,8399,Labourers,Chemical Plant Worker,principal,Generic,False
839913,Clay Processing Factory Worker (P),P,principal,Generic,Clay Processing Factory Worker,clay processing factory worker,8,83,839,8399,Labourers,Clay Processing Factory Worker,principal,Generic,True
839913,Clay Processing Labourer (A),A,alternative,Generic,Clay Processing Labourer,clay processing labourer,8,83,839,8399,Labourers,Clay Processing Factory Worker,principal,Generic,False
839913,Brick Handler (S),S,specialisation,Generic,Brick Handler,brick handler,8,83,839,8399,Labourers,Clay Processing Factory Worker,principal,Generic,False
839913,Carousel Minder (S),S,specialisation,Generic,Carousel Minder,carousel minder,8,83,839,8399,Labourers,Clay Processing Factory Worker,principal,Generic,False
839913,Kiln Labourer (S),S,specialisation,Generic,Kiln Labourer,kiln labourer,8,83,839,8399,Labourers,Clay Processing Factory Worker,principal,Generic,False
839914,Fabric and Textile Factory Worker (P),P,principal,Generic,Fabric and Textile Factory Worker,fabric and textile factory worker,8,83,839,8399,Labourers,Fabric and Textile Factory Worker,principal,Generic,True
839915,Footwear Factory Worker (P),P,principal,Generic,Footwear Factory Worker,footwear factory worker,8,83,839,8399,Labourers,Footwear Factory Worker,principal,Generic,True
839916,Glass Processing Worker (P),P,principal,Generic,Glass Processing Worker,glass processing worker,8,83,839,8399,Labourers,Glass Processing Worker,principal,Generic,True
839916,Glass Mould Cleaner (S),S,specialisation,Generic,Glass Mould Cleaner,glass mould cleaner,8,83,839,8399,Labourers,Glass Processing Worker,principal,Generic,False
839917,Hide and Skin Processing Worker (P),P,principal,Generic,Hide and Skin Processing Worker,hide and skin processing worker,8,83,839,8399,Labourers,Hide and Skin Processing Worker,principal,Generic,True
839917,Fellmongery Worker (S),S,specialisation,Generic,Fellmongery Worker,fellmongery worker,8,83,839,8399,Labourers,Hide and Skin Processing Worker,principal,Generic,False
839917,Hand Flesher (S),S,specialisation,Generic,Hand Flesher,hand flesher,8,83,839,8399,Labourers,Hide and Skin Processing Worker,principal,Generic,False
839917,Tannery Worker (S),S,specialisation,Generic,Tannery Worker,tannery worker,8,83,839,8399,Labourers,Hide and Skin Processing Worker,principal,Generic,False
839918,Recycling Worker (P),P,principal,Generic,Recycling Worker,recycling worker,8,83,839,8399,Labourers,Recycling Worker,principal,Generic,True
839918,Recycling Sorter (A),A,alternative,Generic,Recycling Sorter,recycling sorter,8,83,839,8399,Labourers,Recycling Worker,principal,Generic,False
839999,Factory Process Workers nec (P),P,principal,Generic,Factory Process Workers nec,factory process workers nec,8,83,839,8399,Labourers,Factory Process Workers nec,principal,Generic,True
839999,Sheltered Workshop Worker (N),N,nec_category,Generic,Sheltered Workshop Worker,sheltered workshop worker,8,83,839,8399,Labourers,Factory Process Workers nec,principal,Generic,False
841111,Aquaculture Worker (P),P,principal,Generic,Aquaculture Worker,aquaculture worker,8,84,841,8411,Labourers,Aquaculture Worker,principal,Generic,True
841211,Fruit or Nut Farm Worker (P),P,principal,Generic,Fruit or Nut Farm Worker,fruit or nut farm worker,8,84,841,8412,Labourers,Fruit or Nut Farm Worker,principal,Generic,True
841211,Orchard Worker (S),S,specialisation,Generic,Orchard Worker,orchard worker,8,84,841,8412,Labourers,Fruit or Nut Farm Worker,principal,Generic,False
841212,Fruit or Nut Picker (P),P,principal,Generic,Fruit or Nut Picker,fruit or nut picker,8,84,841,8412,Labourers,Fruit or Nut Picker,principal,Generic,True
841213,Field Crop Farm Worker (NZ) (P),P,principal,New Zealand,Field Crop Farm Worker,field crop farm worker,8,84,841,8412,Labourers,"Grain, Oilseed or Pasture Farm Worker",principal,Australia,False
841213,"Grain, Oilseed or Pasture Farm Worker (Aus) (P)",P,principal,Australia,"Grain, Oilseed or Pasture Farm Worker",grain oilseed or pasture farm worker,8,84,841,8412,Labourers,"Grain, Oilseed or Pasture Farm Worker",principal,Australia,True
841214,Market Garden Worker (NZ) (P),P,principal,New Zealand,Market Garden Worker,market garden worker,8,84,841,8412,Labourers,Vegetable Farm Worker,principal,Australia,False
841214,Vegetable Farm Worker (Aus) (P),P,principal,Australia,Vegetable Farm Worker,vegetable farm worker,8,84,841,8412,Labourers,Vegetable Farm Worker,principal,Australia,True
841215,Vegetable Picker (P),P,principal,Generic,Vegetable Picker,vegetable picker,8,84,841,8412,Labourers,Vegetable Picker,principal,Generic,True
841216,Vineyard Worker (P),P,principal,Generic,Vineyard Worker,vineyard worker,8,84,841,8412,Labourers,Vineyard Worker,principal,Generic,True
841217,Mushroom Picker (P),P,principal,Generic,Mushroom Picker,mushroom picker,8,84,841,8412,Labourers,Mushroom Picker,principal,Generic,True
841299,Crop Farm Workers nec (P),P,principal,Generic,Crop Farm Workers nec,crop farm workers nec,8,84,841,8412,Labourers,Crop Farm Workers nec,principal,Generic,True
841299,Coffee Plantation Worker (Aus) (N),N,nec_category,Australia,Coffee Plantation Worker,coffee plantation worker,8,84,841,8412,Labourers,Crop Farm Workers nec,principal,Generic,False
841299,Duboisia Farm Worker (Aus) (N),N,nec_category,Australia,Duboisia Farm Worker,duboisia farm worker,8,84,841,8412,Labourers,Crop Farm Workers nec,principal,Generic,False
841299,Flower Buncher or Picker (N),N,nec_category,Generic,Flower Buncher or Picker,flower buncher or picker,8,84,841,8412,Labourers,Crop Farm Workers nec,principal,Generic,False
841299,Hop Farm Worker (N),N,nec_category,Generic,Hop Farm Worker,hop farm worker,8,84,841,8412,Labourers,Crop Farm Workers nec,principal,Generic,False
841299,Lavender Farm Worker (N),N,nec_category,Generic,Lavender Farm Worker,lavender farm worker,8,84,841,8412,Labourers,Crop Farm Workers nec,principal,Generic,False
841299,Sugar Cane Planter (Aus) (N),N,nec_category,Australia,Sugar Cane Planter,sugar cane planter,8,84,841,8412,Labourers,Crop Farm Workers nec,principal,Generic,False
841299,Tea Plantation Worker (Aus) (N),N,nec_category,Australia,Tea Plantation Worker,tea plantation worker,8,84,841,8412,Labourers,Crop Farm Workers nec,principal,Generic,False
841299,Tea Tree Farm Worker (N),N,nec_category,Generic,Tea Tree Farm Worker,tea tree farm worker,8,84,841,8412,Labourers,Crop Farm Workers nec,principal,Generic,False
841299,Tobacco Farm Worker (N),N,nec_category,Generic,Tobacco Farm Worker,tobacco farm worker,8,84,841,8412,Labourers,Crop Farm Workers nec,principal,Generic,False
841299,Turf Farm Worker (N),N,nec_category,Generic,Turf Farm Worker,turf farm worker,8,84,841,8412,Labourers,Crop Farm Workers nec,principal,Generic,False
841311,Forestry Worker (P),P,principal,Generic,Forestry Worker,forestry worker,8,84,841,8413,Labourers,Forestry Worker,principal,Generic,True
841311,Fire Lookout (S),S,specialisation,Generic,Fire Lookout,fire lookout,8,84,841,8413,Labourers,Forestry Worker,principal,Generic,False
841311,Forestry Tree Pruner (S),S,specialisation,Generic,Forestry Tree Pruner,forestry tree pruner,8,84,841,8413,Labourers,Forestry Worker,principal,Generic,False
841311,Tree Planter (S),S,specialisation,Generic,Tree Planter,tree planter,8,84,841,8413,Labourers,Forestry Worker,principal,Generic,False
841311,Tree Thinner (NZ) (S),S,specialisation,New Zealand,Tree Thinner,tree thinner,8,84,841,8413,Labourers,Forestry Worker,principal,Generic,False
841312,Logging Assistant (P),P,principal,Generic,Logging Assistant,logging assistant,8,84,841,8413,Labourers,Logging Assistant,principal,Generic,True
841312,Sleeper Cutter (S),S,specialisation,Generic,Sleeper Cutter,sleeper cutter,8,84,841,8413,Labourers,Logging Assistant,principal,Generic,False
841313,Tree Faller (P),P,principal,Generic,Tree Faller,tree faller,8,84,841,8413,Labourers,Tree Faller,principal,Generic,True
841313,Tree Feller (A),A,alternative,Generic,Tree Feller,tree feller,8,84,841,8413,Labourers,Tree Faller,principal,Generic,False
841313,Hardwood Faller (S),S,specialisation,Generic,Hardwood Faller,hardwood faller,8,84,841,8413,Labourers,Tree Faller,principal,Generic,False
841313,Softwood Faller (S),S,specialisation,Generic,Softwood Faller,softwood faller,8,84,841,8413,Labourers,Tree Faller,principal,Generic,False
841411,Garden Labourer (P),P,principal,Generic,Garden Labourer,garden labourer,8,84,841,8414,Labourers,Garden Labourer,principal,Generic,True
841411,Lawn Mower (S),S,specialisation,Generic,Lawn Mower,lawn mower,8,84,841,8414,Labourers,Garden Labourer,principal,Generic,False
841412,Horticultural Nursery Assistant (P),P,principal,Generic,Horticultural Nursery Assistant,horticultural nursery assistant,8,84,841,8414,Labourers,Horticultural Nursery Assistant,principal,Generic,True
841412,Nursery Hand (Horticulture) (A),A,alternative,Generic,Nursery Hand (Horticulture),nursery hand horticulture,8,84,841,8414,Labourers,Horticultural Nursery Assistant,principal,Generic,False
841511,Beef Cattle Farm Worker (P),P,principal,Generic,Beef Cattle Farm Worker,beef cattle farm worker,8,84,841,8415,Labourers,Beef Cattle Farm Worker,principal,Generic,True
841512,Dairy Cattle Farm Worker (P),P,principal,Generic,Dairy Cattle Farm Worker,dairy cattle farm worker,8,84,841,8415,Labourers,Dairy Cattle Farm Worker,principal,Generic,True
841513,Mixed Livestock Farm Worker (P),P,principal,Generic,Mixed Livestock Farm Worker,mixed livestock farm worker,8,84,841,8415,Labourers,Mixed Livestock Farm Worker,principal,Generic,True
841514,Poultry Farm Worker (P),P,principal,Generic,Poultry Farm Worker,poultry farm worker,8,84,841,8415,Labourers,Poultry Farm Worker,principal,Generic,True
841515,Sheep Farm Worker (P),P,principal,Generic,Sheep Farm Worker,sheep farm worker,8,84,841,8415,Labourers,Sheep Farm Worker,principal,Generic,True
841516,Stablehand (P),P,principal,Generic,Stablehand,stablehand,8,84,841,8415,Labourers,Stablehand,principal,Generic,True
841516,Horse Stud Worker (S),S,specialisation,Generic,Horse Stud Worker,horse stud worker,8,84,841,8415,Labourers,Stablehand,principal,Generic,False
841516,Track Rider (S),S,specialisation,Generic,Track Rider,track rider,8,84,841,8415,Labourers,Stablehand,principal,Generic,False
841517,Wool Handler (P),P,principal,Generic,Wool Handler,wool handler,8,84,841,8415,Labourers,Wool Handler,principal,Generic,True
841517,Shearing Shed Hand (A),A,alternative,Generic,Shearing Shed Hand,shearing shed hand,8,84,841,8415,Labourers,Wool Handler,principal,Generic,False
841517,Shearing Shed Worker (A),A,alternative,Generic,Shearing Shed Worker,shearing shed worker,8,84,841,8415,Labourers,Wool Handler,principal,Generic,False
841599,Livestock Farm Workers nec (P),P,principal,Generic,Livestock Farm Workers nec,livestock farm workers nec,8,84,841,8415,Labourers,Livestock Farm Workers nec,principal,Generic,True
841599,Deer Farm Worker (N),N,nec_category,Generic,Deer Farm Worker,deer farm worker,8,84,841,8415,Labourers,Livestock Farm Workers nec,principal,Generic,False
841599,Emu Farm Worker (Aus) (N),N,nec_category,Australia,Emu Farm Worker,emu farm worker,8,84,841,8415,Labourers,Livestock Farm Workers nec,principal,Generic,False
841599,Goat Herder (N),N,nec_category,Generic,Goat Herder,goat herder,8,84,841,8415,Labourers,Livestock Farm Workers nec,principal,Generic,False
841599,Ostrich Farm Worker (N),N,nec_category,Generic,Ostrich Farm Worker,ostrich farm worker,8,84,841,8415,Labourers,Livestock Farm Workers nec,principal,Generic,False
841599,Piggery Worker (N),N,nec_category,Generic,Piggery Worker,piggery worker,8,84,841,8415,Labourers,Livestock Farm Workers nec,principal,Generic,False
841611,Mixed Crop and Livestock Farm Worker (P),P,principal,Generic,Mixed Crop and Livestock Farm Worker,mixed crop and livestock farm worker,8,84,841,8416,Labourers,Mixed Crop and Livestock Farm Worker,principal,Generic,True
841611,General Farm Hand (A),A,alternative,Generic,General Farm Hand,general farm hand,8,84,841,8416,Labourers,Mixed Crop and Livestock Farm Worker,principal,Generic,False
841911,Hunter-Trapper (P),P,principal,Generic,Hunter-Trapper,hunter trapper,8,84,841,8419,Labourers,Hunter-Trapper,principal,Generic,True
841911,Hunter (A),A,alternative,Generic,Hunter,hunter,8,84,841,8419,Labourers,Hunter-Trapper,principal,Generic,False
841911,Shooter (A),A,alternative,Generic,Shooter,shooter,8,84,841,8419,Labourers,Hunter-Trapper,principal,Generic,False
841913,Pest Controller (P),P,principal,Generic,Pest Controller,pest controller,8,84,841,8419,Labourers,Pest Controller,principal,Generic,True
841913,Pest Control Operator (A),A,alternative,Generic,Pest Control Operator,pest control operator,8,84,841,8419,Labourers,Pest Controller,principal,Generic,False
841913,Pest Control Technician (A),A,alternative,Generic,Pest Control Technician,pest control technician,8,84,841,8419,Labourers,Pest Controller,principal,Generic,False
841913,Fumigator (S),S,specialisation,Generic,Fumigator,fumigator,8,84,841,8419,Labourers,Pest Controller,principal,Generic,False
841913,Termite Technician (S),S,specialisation,Generic,Termite Technician,termite technician,8,84,841,8419,Labourers,Pest Controller,principal,Generic,False
841999,"Farm, Forestry and Garden Workers nec (P)",P,principal,Generic,"Farm, Forestry and Garden Workers nec",farm forestry and garden workers nec,8,84,841,8419,Labourers,"Farm, Forestry and Garden Workers nec",principal,Generic,True
841999,Coral Collector (N),N,nec_category,Generic,Coral Collector,coral collector,8,84,841,8419,Labourers,"Farm, Forestry and Garden Workers nec",principal,Generic,False
841999,Indoor Plant Technician (N),N,nec_category,Generic,Indoor Plant Technician,indoor plant technician,8,84,841,8419,Labourers,"Farm, Forestry and Garden Workers nec",principal,Generic,False
841999,Irrigationist (N),N,nec_category,Generic,Irrigationist,irrigationist,8,84,841,8419,Labourers,"Farm, Forestry and Garden Workers nec",principal,Generic,False
841999,Kelp or Seagrass Gatherer (N),N,nec_category,Generic,Kelp or Seagrass Gatherer,kelp or seagrass gatherer,8,84,841,8419,Labourers,"Farm, Forestry and Garden Workers nec",principal,Generic,False
841999,Seed Collector (N),N,nec_category,Generic,Seed Collector,seed collector,8,84,841,8419,Labourers,"Farm, Forestry and Garden Workers nec",principal,Generic,False
841999,Weed Controller (N),N,nec_category,Generic,Weed Controller,weed controller,8,84,841,8419,Labourers,"Farm, Forestry and Garden Workers nec",principal,Generic,False
851111,Fast Food Cook (P),P,principal,Generic,Fast Food Cook,fast food cook,8,85,851,8511,Labourers,Fast Food Cook,principal,Generic,True
851111,Short Order Cook (S),S,specialisation,Generic,Short Order Cook,short order cook,8,85,851,8511,Labourers,Fast Food Cook,principal,Generic,False
851211,Pastrycook's Assistant (P),P,principal,Generic,Pastrycook's Assistant,pastrycook s assistant,8,85,851,8512,Labourers,Pastrycook's Assistant,principal,Generic,True
851211,Bakery Assistant (S),S,specialisation,Generic,Bakery Assistant,bakery assistant,8,85,851,8512,Labourers,Pastrycook's Assistant,principal,Generic,False
851299,Food Trades Assistants nec (P),P,principal,Generic,Food Trades Assistants nec,food trades assistants nec,8,85,851,8512,Labourers,Food Trades Assistants nec,principal,Generic,True
851299,Butcher's Assistant (N),N,nec_category,Generic,Butcher's Assistant,butcher s assistant,8,85,851,8512,Labourers,Food Trades Assistants nec,principal,Generic,False
851299,Chef's Assistant (N),N,nec_category,Generic,Chef's Assistant,chef s assistant,8,85,851,8512,Labourers,Food Trades Assistants nec,principal,Generic,False
851299,Cook's Assistant (N),N,nec_category,Generic,Cook's Assistant,cook s assistant,8,85,851,8512,Labourers,Food Trades Assistants nec,principal,Generic,False
851311,Kitchenhand (P),P,principal,Generic,Kitchenhand,kitchenhand,8,85,851,8513,Labourers,Kitchenhand,principal,Generic,True
851311,Kitchen Steward (A),A,alternative,Generic,Kitchen Steward,kitchen steward,8,85,851,8513,Labourers,Kitchenhand,principal,Generic,False
851311,Dishwasher (S),S,specialisation,Generic,Dishwasher,dishwasher,8,85,851,8513,Labourers,Kitchenhand,principal,Generic,False
851311,Pantry Attendant (S),S,specialisation,Generic,Pantry Attendant,pantry attendant,8,85,851,8513,Labourers,Kitchenhand,principal,Generic,False
851311,Sandwich Hand (S),S,specialisation,Generic,Sandwich Hand,sandwich hand,8,85,851,8513,Labourers,Kitchenhand,principal,Generic,False
891111,Freight Handler (Rail or Road) (P),P,principal,Generic,Freight Handler (Rail or Road),freight handler rail or road,8,89,891,8911,Labourers,Freight Handler (Rail or Road),principal,Generic,True
891111,Freight Loader (A),A,alternative,Generic,Freight Loader,freight loader,8,89,891,8911,Labourers,Freight Handler (Rail or Road),principal,Generic,False
891112,Truck Driver's Offsider (P),P,principal,Generic,Truck Driver's Offsider,truck driver s offsider,8,89,891,8911,Labourers,Truck Driver's Offsider,principal,Generic,True
891112,Furniture Removalist's Assistant (S),S,specialisation,Generic,Furniture Removalist's Assistant,furniture removalist s assistant,8,89,891,8911,Labourers,Truck Driver's Offsider,principal,Generic,False
891113,Waterside Worker (P),P,principal,Generic,Waterside Worker,waterside worker,8,89,891,8911,Labourers,Waterside Worker,principal,Generic,True
891113,Stevedore (A),A,alternative,Generic,Stevedore,stevedore,8,89,891,8911,Labourers,Waterside Worker,principal,Generic,False
891113,Wharf Labourer (A),A,alternative,Generic,Wharf Labourer,wharf labourer,8,89,891,8911,Labourers,Waterside Worker,principal,Generic,False
891211,Shelf Filler (P),P,principal,Generic,Shelf Filler,shelf filler,8,89,891,8912,Labourers,Shelf Filler,principal,Generic,True
891211,Night Filler (A),A,alternative,Generic,Night Filler,night filler,8,89,891,8912,Labourers,Shelf Filler,principal,Generic,False
899111,Caretaker (P),P,principal,Generic,Caretaker,caretaker,8,89,899,8991,Labourers,Caretaker,principal,Generic,True
899111,Janitor (S),S,specialisation,Generic,Janitor,janitor,8,89,899,8991,Labourers,Caretaker,principal,Generic,False
899211,Deck Hand (P),P,principal,Generic,Deck Hand,deck hand,8,89,899,8992,Labourers,Deck Hand,principal,Generic,True
899211,Seafarer (A),A,alternative,Generic,Seafarer,seafarer,8,89,899,8992,Labourers,Deck Hand,principal,Generic,False
899211,Barge Hand (S),S,specialisation,Generic,Barge Hand,barge hand,8,89,899,8992,Labourers,Deck Hand,principal,Generic,False
899211,Ferry Hand (S),S,specialisation,Generic,Ferry Hand,ferry hand,8,89,899,8992,Labourers,Deck Hand,principal,Generic,False
899211,Tug Hand (S),S,specialisation,Generic,Tug Hand,tug hand,8,89,899,8992,Labourers,Deck Hand,principal,Generic,False
899212,Fishing Hand (P),P,principal,Generic,Fishing Hand,fishing hand,8,89,899,8992,Labourers,Fishing Hand,principal,Generic,True
899212,Fishing Boat Mate (A),A,alternative,Generic,Fishing Boat Mate,fishing boat mate,8,89,899,8992,Labourers,Fishing Hand,principal,Generic,False
899212,Cray Fishing Hand (S),S,specialisation,Generic,Cray Fishing Hand,cray fishing hand,8,89,899,8992,Labourers,Fishing Hand,principal,Generic,False
899212,Prawn Trawler Hand (S),S,specialisation,Generic,Prawn Trawler Hand,prawn trawler hand,8,89,899,8992,Labourers,Fishing Hand,principal,Generic,False
899212,Purse Seining Hand (S),S,specialisation,Generic,Purse Seining Hand,purse seining hand,8,89,899,8992,Labourers,Fishing Hand,principal,Generic,False
899311,Handyperson (P),P,principal,Generic,Handyperson,handyperson,8,89,899,8993,Labourers,Handyperson,principal,Generic,True
899311,Hotel Useful (S),S,specialisation,Generic,Hotel Useful,hotel useful,8,89,899,8993,Labourers,Handyperson,principal,Generic,False
899311,Hotel Yardperson (S),S,specialisation,Generic,Hotel Yardperson,hotel yardperson,8,89,899,8993,Labourers,Handyperson,principal,Generic,False
899411,Motor Vehicle Parts and Accessories Fitter (General) (P),P,principal,Generic,Motor Vehicle Parts and Accessories Fitter (General),motor vehicle parts and accessories fitter general,8,89,899,8994,Labourers,Motor Vehicle Parts and Accessories Fitter (General),principal,Generic,True
899412,Autoglazier (P),P,principal,Generic,Autoglazier,autoglazier,8,89,899,8994,Labourers,Autoglazier,principal,Generic,True
899412,Windscreen Fitter (A),A,alternative,Generic,Windscreen Fitter,windscreen fitter,8,89,899,8994,Labourers,Autoglazier,principal,Generic,False
899412,Vehicle Window Tinter (S),S,specialisation,Generic,Vehicle Window Tinter,vehicle window tinter,8,89,899,8994,Labourers,Autoglazier,principal,Generic,False
899413,Exhaust and Muffler Repairer (P),P,principal,Generic,Exhaust and Muffler Repairer,exhaust and muffler repairer,8,89,899,8994,Labourers,Exhaust and Muffler Repairer,principal,Generic,True
899413,Exhaust and Muffler Fitter (A),A,alternative,Generic,Exhaust and Muffler Fitter,exhaust and muffler fitter,8,89,899,8994,Labourers,Exhaust and Muffler Repairer,principal,Generic,False
899414,Radiator Repairer (P),P,principal,Generic,Radiator Repairer,radiator repairer,8,89,899,8994,Labourers,Radiator Repairer,principal,Generic,True
899414,Radiator Fitter (A),A,alternative,Generic,Radiator Fitter,radiator fitter,8,89,899,8994,Labourers,Radiator Repairer,principal,Generic,False
899415,Tyre Fitter (P),P,principal,Generic,Tyre Fitter,tyre fitter,8,89,899,8994,Labourers,Tyre Fitter,principal,Generic,True
899511,Printer's Assistant (P),P,principal,Generic,Printer's Assistant,printer s assistant,8,89,899,8995,Labourers,Printer's Assistant,principal,Generic,True
899512,Printing Table Worker (P),P,principal,Generic,Printing Table Worker,printing table worker,8,89,899,8995,Labourers,Printing Table Worker,principal,Generic,True
899512,Printing Bindery Assistant (A),A,alternative,Generic,Printing Bindery Assistant,printing bindery assistant,8,89,899,8995,Labourers,Printing Table Worker,principal,Generic,False
899512,Printing Table Hand (A),A,alternative,Generic,Printing Table Hand,printing table hand,8,89,899,8995,Labourers,Printing Table Worker,principal,Generic,False
899611,Recycling or Rubbish Collector (P),P,principal,Generic,Recycling or Rubbish Collector,recycling or rubbish collector,8,89,899,8996,Labourers,Recycling or Rubbish Collector,principal,Generic,True
899611,Waste Removalist (A),A,alternative,Generic,Waste Removalist,waste removalist,8,89,899,8996,Labourers,Recycling or Rubbish Collector,principal,Generic,False
899611,Garbage Depot Worker (S),S,specialisation,Generic,Garbage Depot Worker,garbage depot worker,8,89,899,8996,Labourers,Recycling or Rubbish Collector,principal,Generic,False
899711,Vending Machine Attendant (P),P,principal,Generic,Vending Machine Attendant,vending machine attendant,8,89,899,8997,Labourers,Vending Machine Attendant,principal,Generic,True
899711,Vending Machine Refiller (A),A,alternative,Generic,Vending Machine Refiller,vending machine refiller,8,89,899,8997,Labourers,Vending Machine Attendant,principal,Generic,False
899711,Poker Machine Attendant (S),S,specialisation,Generic,Poker Machine Attendant,poker machine attendant,8,89,899,8997,Labourers,Vending Machine Attendant,principal,Generic,False
899911,Bicycle Mechanic (P),P,principal,Generic,Bicycle Mechanic,bicycle mechanic,8,89,899,8999,Labourers,Bicycle Mechanic,principal,Generic,True
899911,Bicycle Repairer (A),A,alternative,Generic,Bicycle Repairer,bicycle repairer,8,89,899,8999,Labourers,Bicycle Mechanic,principal,Generic,False
899911,Bicycle Technician (A),A,alternative,Generic,Bicycle Technician,bicycle technician,8,89,899,8999,Labourers,Bicycle Mechanic,principal,Generic,False
899912,Car Park Attendant (P),P,principal,Generic,Car Park Attendant,car park attendant,8,89,899,8999,Labourers,Car Park Attendant,principal,Generic,True
899913,Crossing Supervisor (P),P,principal,Generic,Crossing Supervisor,crossing supervisor,8,89,899,8999,Labourers,Crossing Supervisor,principal,Generic,True
899914,Electrical or Telecommunications Trades Assistant (P),P,principal,Generic,Electrical or Telecommunications Trades Assistant,electrical or telecommunications trades assistant,8,89,899,8999,Labourers,Electrical or Telecommunications Trades Assistant,principal,Generic,True
899915,Leaflet or Newspaper Deliverer (P),P,principal,Generic,Leaflet or Newspaper Deliverer,leaflet or newspaper deliverer,8,89,899,8999,Labourers,Leaflet or Newspaper Deliverer,principal,Generic,True
899916,Mechanic's Assistant (P),P,principal,Generic,Mechanic's Assistant,mechanic s assistant,8,89,899,8999,Labourers,Mechanic's Assistant,principal,Generic,True
899916,Lube Attendant (S),S,specialisation,Generic,Lube Attendant,lube attendant,8,89,899,8999,Labourers,Mechanic's Assistant,principal,Generic,False
899917,Railways Assistant (P),P,principal,Generic,Railways Assistant,railways assistant,8,89,899,8999,Labourers,Railways Assistant,principal,Generic,True
899918,Sign Erector (P),P,principal,Generic,Sign Erector,sign erector,8,89,899,8999,Labourers,Sign Erector,principal,Generic,True
899921,Ticket Collector or Usher (P),P,principal,Generic,Ticket Collector or Usher,ticket collector or usher,8,89,899,8999,Labourers,Ticket Collector or Usher,principal,Generic,True
899921,Venue Attendant (A),A,alternative,Generic,Venue Attendant,venue attendant,8,89,899,8999,Labourers,Ticket Collector or Usher,principal,Generic,False
899921,Entertainment Usher (S),S,specialisation,Generic,Entertainment Usher,entertainment usher,8,89,899,8999,Labourers,Ticket Collector or Usher,principal,Generic,False
899921,Gatekeeper (S),S,specialisation,Generic,Gatekeeper,gatekeeper,8,89,899,8999,Labourers,Ticket Collector or Usher,principal,Generic,False
899921,Turnstile Attendant (S),S,specialisation,Generic,Turnstile Attendant,turnstile attendant,8,89,899,8999,Labourers,Ticket Collector or Usher,principal,Generic,False
899922,Trolley Collector (P),P,principal,Generic,Trolley Collector,trolley collector,8,89,899,8999,Labourers,Trolley Collector,principal,Generic,True
899923,Road Traffic Controller (P),P,principal,Generic,Road Traffic Controller,road traffic controller,8,89,899,8999,Labourers,Road Traffic Controller,principal,Generic,True
899923,Events Traffic Controller (S),S,specialisation,Generic,Events Traffic Controller,events traffic controller,8,89,899,8999,Labourers,Road Traffic Controller,principal,Generic,False
899999,Labourers nec (P),P,principal,Generic,Labourers nec,labourers nec,8,89,899,8999,Labourers,Labourers nec,principal,Generic,True
899999,Bowling Alley Attendant (N),N,nec_category,Generic,Bowling Alley Attendant,bowling alley attendant,8,89,899,8999,Labourers,Labourers nec,principal,Generic,False
899999,Grip (N),N,nec_category,Generic,Grip,grip,8,89,899,8999,Labourers,Labourers nec,principal,Generic,False
899999,Milk Runner (N),N,nec_category,Generic,Milk Runner,milk runner,8,89,899,8999,Labourers,Labourers nec,principal,Generic,False
899999,Racecourse Barrier Attendant (N),N,nec_category,Generic,Racecourse Barrier Attendant,racecourse barrier attendant,8,89,899,8999,Labourers,Labourers nec,principal,Generic,False
899999,Stagehand (N),N,nec_category,Generic,Stagehand,stagehand,8,89,899,8999,Labourers,Labourers nec,principal,Generic,False
899999,Studio Hand (N),N,nec_category,Generic,Studio Hand,studio hand,8,89,899,8999,Labourers,Labourers nec,principal,Generic,False
899999,Swimming Pool Serviceperson (N),N,nec_category,Generic,Swimming Pool Serviceperson,swimming pool serviceperson,8,89,899,8999,Labourers,Labourers nec,principal,Generic,False
