program_id,program_name,field_of_education,qualification_level,n_respondents,pct_employed_or_study,pct_improved_employment,pct_commenced_further_study,pct_satisfied,median_annual_income,occupation_1,occupation_1_pct,occupation_2,occupation_2_pct,occupation_3,occupation_3_pct,industry_1,industry_1_pct,industry_2,industry_2_pct,industry_3,industry_3_pct,median_annual_income_original,median_annual_income_imputed_flag,median_annual_income_value_source,median_annual_income_imputation_basis,median_annual_income_structural_missing_flag,median_annual_income_model_prediction,median_annual_income_prediction_clipped_flag,industry_profile_note,occupation_pct_normalized_flag,occupation_top3_pct_total,occupation_other_pct,industry_pct_normalized_flag,industry_top3_pct_total,median_annual_income_outlier_flag
10727NAT,Certificate I In Spoken And Written English,Mixed Field Programmes,Certificate I,389,56.7,20.7,45.6,89.1,,Labourers,30.6,Technicians And Trades Workers,21.3,Community And Personal Service Workers,15.6,Foundation/Non-Vocational,0.0,,0.0,,0.0,,False,structural_missing_certificate_i,,True,,False,Certificate I foundation/non-vocational pathway,False,67.5,32.5,False,0.0,False
10728NAT,Certificate II In Spoken And Written English,Mixed Field Programmes,Certificate II,571,69.7,30.1,50.8,90.8,48800.0,Labourers,24.6,Community And Personal Service Workers,23.3,Technicians And Trades Workers,14.4,Accommodation And Food Services,18.7,Health Care And Social Assistance,18.6,Manufacturing,12.6,48800.0,False,reported,,False,,False,,False,62.3,37.7,False,49.9,False
10729NAT,Certificate III In Spoken And Written English,Mixed Field Programmes,Certificate III,629,71.2,33.0,45.5,90.2,50000.0,Community And Personal Service Workers,28.2,Professionals,14.8,Labourers,13.9,Health Care And Social Assistance,29.2,Accommodation And Food Services,14.4,Manufacturing,9.7,50000.0,False,reported,,False,,False,,False,56.9,43.1,False,53.3,False
10797NAT,Graduate Certificate In Applied Pharmacy Practice,Health,Graduate Certificate,235,97.1,87.8,16.0,87.2,90200.0,Professionals,96.9,Sales Workers,1.3,Managers,1.1,Retail Trade,92.1,Health Care And Social Assistance,6.6,Public Administration And Safety,0.5,90200.0,False,reported,,False,,False,,False,99.3,0.7,False,99.2,False
10949NAT,Certificate II In Applied Language,Society And Culture,Certificate II,335,64.1,23.6,39.0,82.5,25000.0,Community And Personal Service Workers,30.6,Labourers,29.4,Sales Workers,26.2,Accommodation And Food Services,53.3,Retail Trade,17.3,Arts And Recreational Services,16.1,,True,imputed_selected_model,ridge_regression,False,24967.07,False,,False,86.2,13.8,False,86.7,False
10971NAT,Certificate IV In Justice Studies,Society And Culture,Certificate IV,278,78.1,32.7,38.6,94.4,40300.0,Sales Workers,41.0,Community And Personal Service Workers,20.6,Labourers,17.0,Accommodation And Food Services,36.5,Retail Trade,33.5,Health Care And Social Assistance,5.1,40300.0,False,reported,,False,,False,,False,78.6,21.4,False,75.1,False
10984NAT,Certificate II In Basic English For Speakers Of Other Languages,Society And Culture,Certificate II,144,60.5,17.5,49.6,88.4,38300.0,Labourers,31.6,Community And Personal Service Workers,19.1,Machinery Operators And Drivers,18.2,Accommodation And Food Services,21.8,Manufacturing,16.9,Wholesale Trade,15.9,,True,imputed_selected_model,ridge_regression,False,38285.84,False,,False,68.9,31.1,False,54.6,False
10985NAT,Certificate II In Routine English For Speakers Of Other Languages,Society And Culture,Certificate II,181,67.7,21.3,51.5,87.1,37300.0,Labourers,32.7,Community And Personal Service Workers,16.6,Machinery Operators And Drivers,15.3,Health Care And Social Assistance,20.7,Retail Trade,15.4,Administrative And Support Services,15.2,,True,imputed_selected_model,ridge_regression,False,37349.01,False,,False,64.6,35.4,False,51.3,False
11022NAT,Certificate III In English For Further Study,Society And Culture,Certificate III,189,68.5,27.5,52.3,86.9,24500.0,Community And Personal Service Workers,35.2,Labourers,14.2,Sales Workers,12.2,Health Care And Social Assistance,25.2,Retail Trade,18.7,Accommodation And Food Services,12.7,,True,imputed_selected_model,ridge_regression,False,24495.94,False,,False,61.6,38.4,False,56.6,False
11039NAT,Certificate II In Career Preparation,Mixed Field Programmes,Certificate II,215,80.4,35.5,48.8,87.8,30900.0,Labourers,30.9,Sales Workers,30.2,Technicians And Trades Workers,17.0,Accommodation And Food Services,43.1,Retail Trade,24.2,Construction,15.4,30900.0,False,reported,,False,,False,,False,78.1,21.9,False,82.7,False
11042NAT,Certificate III In Advanced English For Further Study,Society And Culture,Certificate III,131,73.1,28.1,48.7,90.9,41200.0,Community And Personal Service Workers,20.4,Machinery Operators And Drivers,16.9,Professionals,16.7,Health Care And Social Assistance,22.2,Accommodation And Food Services,13.2,Education And Training,11.1,,True,imputed_selected_model,ridge_regression,False,41243.81,False,,False,54.0,46.0,False,46.5,False
11046NAT,Certificate IV In Nutrition,Health,Certificate IV,125,90.5,54.8,33.0,81.5,59600.0,Community And Personal Service Workers,33.2,Professionals,27.8,Clerical And Administrative Workers,18.1,Health Care And Social Assistance,24.4,Other Services,17.7,Arts And Recreational Services,15.5,,True,imputed_selected_model,ridge_regression,False,59563.17,False,,False,79.1,20.9,False,57.6,False
11225NAT,Certificate IV In Tertiary Preparation,Mixed Field Programmes,Certificate IV,158,83.3,28.3,56.7,94.0,38300.0,Community And Personal Service Workers,27.7,Sales Workers,24.4,Technicians And Trades Workers,13.4,Accommodation And Food Services,30.1,Retail Trade,23.7,Health Care And Social Assistance,10.1,38300.0,False,reported,,False,,False,,False,65.5,34.5,False,63.9,False
11236NAT,Certificate III In Christian Ministry And Theology,Society And Culture,Certificate III,240,60.9,25.0,17.4,93.4,36100.0,Sales Workers,33.7,Labourers,25.3,Community And Personal Service Workers,24.2,Accommodation And Food Services,35.9,Retail Trade,30.0,Education And Training,9.6,,True,imputed_selected_model,ridge_regression,False,36071.99,False,,False,83.2,16.8,False,75.5,False
11240NAT,Certificate IV In Adult Tertiary Preparation,Mixed Field Programmes,Certificate IV,129,88.0,21.9,72.4,91.9,48600.0,Community And Personal Service Workers,25.7,Labourers,22.9,Sales Workers,21.5,Retail Trade,24.5,Health Care And Social Assistance,19.5,Accommodation And Food Services,18.0,,True,imputed_selected_model,ridge_regression,False,48553.26,False,,False,70.1,29.9,False,62.0,False
22470VIC,Certificate II In Engineering Studies,Engineering And Related Technologies,Certificate II,143,78.9,48.1,35.5,94.5,37800.0,Technicians And Trades Workers,31.8,Labourers,29.0,Sales Workers,20.9,Retail Trade,22.9,Accommodation And Food Services,22.7,Manufacturing,16.1,37800.0,False,reported,,False,,False,,False,81.7,18.3,False,61.7,False
22472VIC,Certificate I In General Education For Adults,Mixed Field Programmes,Certificate I,194,77.1,32.1,57.6,84.1,,Sales Workers,35.6,Labourers,24.5,Technicians And Trades Workers,15.5,Foundation/Non-Vocational,0.0,,0.0,,0.0,,False,structural_missing_certificate_i,,True,,False,Certificate I foundation/non-vocational pathway,False,75.6,24.4,False,0.0,False
22473VIC,Certificate II In General Education For Adults,Mixed Field Programmes,Certificate II,338,73.2,32.3,54.0,89.7,40200.0,Labourers,32.9,Sales Workers,28.7,Technicians And Trades Workers,16.8,Accommodation And Food Services,31.7,Retail Trade,26.1,Construction,9.2,40200.0,False,reported,,False,,False,,False,78.4,21.6,False,67.0,False
22476VIC,Certificate I In General Education For Adults (Introductory),Mixed Field Programmes,Certificate I,118,62.6,24.1,46.6,86.1,,Community And Personal Service Workers,37.3,Labourers,25.7,Sales Workers,10.8,Foundation/Non-Vocational,0.0,,0.0,,0.0,,False,structural_missing_certificate_i,,True,,False,Certificate I foundation/non-vocational pathway,False,73.8,26.2,False,0.0,False
22485VIC,Certificate II In Eal (Access),Mixed Field Programmes,Certificate II,150,74.1,25.6,61.0,95.8,47100.0,Labourers,29.3,Community And Personal Service Workers,18.6,Technicians And Trades Workers,15.5,Accommodation And Food Services,16.7,Administrative And Support Services,13.5,Health Care And Social Assistance,13.2,,True,imputed_selected_model,ridge_regression,False,47145.96,False,,False,63.4,36.6,False,43.4,False
22486VIC,Certificate III In Eal (Access),Mixed Field Programmes,Certificate III,259,69.8,34.5,43.3,94.6,56200.0,Community And Personal Service Workers,27.3,Labourers,18.8,Sales Workers,17.2,Accommodation And Food Services,19.0,Health Care And Social Assistance,16.6,Retail Trade,13.2,56200.0,False,reported,,False,,False,,False,63.3,36.7,False,48.8,False
22499VIC,Certificate II In Electrotechnology (Pre-Vocational),Engineering And Related Technologies,Certificate II,163,80.1,52.5,46.0,81.5,42500.0,Technicians And Trades Workers,54.5,Labourers,18.9,Machinery Operators And Drivers,9.9,Construction,47.3,Accommodation And Food Services,17.4,Retail Trade,6.3,42500.0,False,reported,,False,,False,,False,83.3,16.7,False,71.0,False
22582VIC,Certificate IV In Tertiary Preparation,Mixed Field Programmes,Certificate IV,179,88.8,31.7,68.1,82.6,44500.0,Sales Workers,30.8,Community And Personal Service Workers,26.4,Labourers,12.2,Retail Trade,29.5,Accommodation And Food Services,27.5,Education And Training,7.9,44500.0,False,reported,,False,,False,,False,69.4,30.6,False,64.9,False
22603VIC,Certificate IV In Cyber Security,Information Technology,Certificate IV,802,76.3,38.5,32.2,76.4,61900.0,Professionals,32.3,Technicians And Trades Workers,18.7,Clerical And Administrative Workers,11.3,"Professional, Scientific And Technical Services",21.1,Public Administration And Safety,13.8,Retail Trade,11.5,61900.0,False,reported,,False,,False,,False,62.3,37.7,False,46.4,False
22614VIC,Certificate II In Building And Construction Pre-Apprenticeship,Architecture And Building,Certificate II,108,89.5,65.1,51.5,91.5,38700.0,Technicians And Trades Workers,53.5,Labourers,17.0,Community And Personal Service Workers,9.9,Construction,54.9,Accommodation And Food Services,9.8,Retail Trade,8.4,38700.0,False,reported,,False,,False,,False,80.4,19.6,False,73.1,False
22638VIC,Certificate I In Eal (Access),Society And Culture,Certificate I,192,55.7,22.9,39.2,88.3,,Labourers,27.7,Community And Personal Service Workers,25.9,Machinery Operators And Drivers,21.1,Foundation/Non-Vocational,0.0,,0.0,,0.0,,False,structural_missing_certificate_i,,True,,False,Certificate I foundation/non-vocational pathway,False,74.7,25.3,False,0.0,False
22639VIC,Certificate II In Eal (Access),Mixed Field Programmes,Certificate II,240,68.8,19.2,57.1,90.4,25000.0,Community And Personal Service Workers,30.3,Labourers,20.4,Machinery Operators And Drivers,15.3,Health Care And Social Assistance,25.1,Accommodation And Food Services,14.7,Other Services,12.0,,True,imputed_selected_model,ridge_regression,False,24967.28,False,,False,66.0,34.0,False,51.8,False
22640VIC,Certificate III In Eal (Access),Mixed Field Programmes,Certificate III,173,61.2,20.2,46.6,89.3,52200.0,Machinery Operators And Drivers,21.4,Labourers,17.2,Sales Workers,13.7,Retail Trade,17.3,Health Care And Social Assistance,12.7,Administrative And Support Services,11.9,52200.0,False,reported,,False,,False,,False,52.3,47.7,False,41.9,False
52887WA,Certificate II In Plumbing,Architecture And Building,Certificate II,116,79.6,68.5,43.6,92.8,33800.0,Technicians And Trades Workers,63.8,Labourers,15.2,Sales Workers,9.9,Construction,64.8,Accommodation And Food Services,15.2,Retail Trade,11.0,33800.0,False,reported,,False,,False,,False,88.9,11.1,False,91.0,False
52893WA,Certificate II In Building And Construction (Pathway - Trades),Architecture And Building,Certificate II,164,78.6,63.7,42.0,93.6,36400.0,Technicians And Trades Workers,52.0,Labourers,28.3,Sales Workers,9.2,Construction,53.8,Retail Trade,15.9,Accommodation And Food Services,12.2,36400.0,False,reported,,False,,False,,False,89.5,10.5,False,81.9,False
52895WA,Certificate IV In Preparation For Health And Nursing Studies,Health,Certificate IV,463,90.0,42.2,65.1,95.4,47800.0,Sales Workers,37.5,Community And Personal Service Workers,37.0,Labourers,10.8,Retail Trade,35.3,Accommodation And Food Services,24.2,Health Care And Social Assistance,21.3,47800.0,False,reported,,False,,False,,False,85.3,14.7,False,80.8,False
ACM20121,Certificate II In Animal Care,Health,Certificate II,1405,80.2,42.1,46.1,91.8,33000.0,Sales Workers,29.5,Technicians And Trades Workers,27.5,Community And Personal Service Workers,16.5,Retail Trade,29.1,Accommodation And Food Services,18.1,"Professional, Scientific And Technical Services",15.5,33000.0,False,reported,,False,,False,,False,73.5,26.5,False,62.7,False
ACM30122,Certificate III In Animal Care Services,Health,Certificate III,436,83.1,42.6,52.1,90.8,43000.0,Technicians And Trades Workers,32.3,Sales Workers,27.7,Community And Personal Service Workers,13.7,Retail Trade,27.2,Other Services,22.0,Accommodation And Food Services,16.4,43000.0,False,reported,,False,,False,,False,73.7,26.3,False,65.6,False
ACM30321,Certificate III In Wildlife And Exhibited Animal Care,Health,Certificate III,112,89.2,69.4,24.1,84.5,48200.0,Technicians And Trades Workers,46.0,Sales Workers,18.2,Community And Personal Service Workers,15.4,Arts And Recreational Services,39.7,Accommodation And Food Services,14.5,Retail Trade,13.8,,True,imputed_selected_model,ridge_regression,False,48208.52,False,,False,79.6,20.4,False,68.0,False
ACM40418,Certificate IV In Veterinary Nursing,Health,Certificate IV,427,94.8,85.9,21.9,85.2,50600.0,Technicians And Trades Workers,85.1,Sales Workers,4.5,Clerical And Administrative Workers,2.9,"Professional, Scientific And Technical Services",85.2,Retail Trade,4.8,Other Services,3.4,50600.0,False,reported,,False,,False,,False,92.5,7.5,False,93.4,False
AHC10120,Certificate I In Conservation And Ecosystem Management,"Agriculture, Environmental And Related Studies",Certificate I,203,70.6,55.7,32.3,92.6,,Labourers,46.9,Technicians And Trades Workers,26.7,Professionals,10.5,Foundation/Non-Vocational,0.0,,0.0,,0.0,,False,structural_missing_certificate_i,,True,,False,Certificate I foundation/non-vocational pathway,False,84.1,15.9,False,0.0,False
AHC20116,Certificate II In Agriculture,"Agriculture, Environmental And Related Studies",Certificate II,177,87.3,65.5,24.8,90.9,36400.0,Labourers,41.2,Technicians And Trades Workers,22.6,Sales Workers,15.4,"Agriculture, Forestry And Fishing",32.0,Accommodation And Food Services,14.4,Retail Trade,13.2,36400.0,False,reported,,False,,False,,False,79.2,20.8,False,59.6,False
AHC20416,Certificate II In Horticulture,"Agriculture, Environmental And Related Studies",Certificate II,198,70.2,42.1,31.4,91.2,36500.0,Labourers,33.1,Technicians And Trades Workers,30.0,Community And Personal Service Workers,9.7,Administrative And Support Services,20.3,Accommodation And Food Services,14.7,"Agriculture, Forestry And Fishing",11.8,,True,imputed_selected_model,ridge_regression,False,36463.06,False,,False,72.8,27.2,False,46.8,False
AHC20422,Certificate II In Horticulture,"Agriculture, Environmental And Related Studies",Certificate II,160,78.1,46.4,41.0,86.0,40500.0,Professionals,32.8,Labourers,24.0,Technicians And Trades Workers,18.6,Education And Training,31.1,Administrative And Support Services,18.0,Retail Trade,16.3,,True,imputed_selected_model,ridge_regression,False,40549.33,False,,False,75.4,24.6,False,65.4,False
AHC21216,Certificate II In Rural Operations,"Agriculture, Environmental And Related Studies",Certificate II,169,81.2,50.5,38.2,86.7,36400.0,Labourers,35.6,Technicians And Trades Workers,20.8,Community And Personal Service Workers,14.3,"Agriculture, Forestry And Fishing",19.0,Accommodation And Food Services,16.7,Retail Trade,15.9,36400.0,False,reported,,False,,False,,False,70.7,29.3,False,51.6,False
AHC30116,Certificate III In Agriculture,"Agriculture, Environmental And Related Studies",Certificate III,158,94.8,80.2,29.3,91.8,40500.0,Labourers,56.3,Technicians And Trades Workers,11.9,Managers,11.3,"Agriculture, Forestry And Fishing",66.3,Manufacturing,4.6,Other Services,4.0,40500.0,False,reported,,False,,False,,False,79.5,20.5,False,74.9,False
AHC30716,Certificate III In Horticulture,"Agriculture, Environmental And Related Studies",Certificate III,466,82.2,60.6,23.7,82.0,52200.0,Technicians And Trades Workers,38.7,Labourers,26.6,Professionals,9.5,Administrative And Support Services,36.2,"Agriculture, Forestry And Fishing",12.6,Retail Trade,10.2,52200.0,False,reported,,False,,False,,False,74.8,25.2,False,59.0,False
AHC30722,Certificate III In Horticulture,"Agriculture, Environmental And Related Studies",Certificate III,131,74.7,61.6,13.4,91.4,40500.0,Technicians And Trades Workers,38.0,Labourers,31.8,Sales Workers,9.3,Administrative And Support Services,30.1,Education And Training,18.8,Retail Trade,12.5,,True,imputed_selected_model,ridge_regression,False,40478.36,False,,False,79.1,20.9,False,61.4,False
AHC30820,Certificate III In Arboriculture,"Agriculture, Environmental And Related Studies",Certificate III,145,98.0,88.3,23.3,84.9,66500.0,Technicians And Trades Workers,77.3,Labourers,6.7,Machinery Operators And Drivers,5.2,Administrative And Support Services,84.1,"Agriculture, Forestry And Fishing",6.1,Public Administration And Safety,3.2,,True,imputed_selected_model,ridge_regression,False,66456.68,False,,False,89.2,10.8,False,93.4,False
AHC30921,Certificate III In Landscape Construction,Architecture And Building,Certificate III,313,92.3,84.6,16.9,94.0,60400.0,Technicians And Trades Workers,70.9,Labourers,14.2,Managers,4.7,Construction,78.9,Administrative And Support Services,8.2,Retail Trade,1.9,60400.0,False,reported,,False,,False,,False,89.8,10.2,False,89.0,False
AHC31021,Certificate III In Parks And Gardens,"Agriculture, Environmental And Related Studies",Certificate III,127,94.9,88.0,13.2,91.8,63300.0,Technicians And Trades Workers,59.4,Labourers,23.9,Clerical And Administrative Workers,4.3,Administrative And Support Services,54.3,Education And Training,13.0,Public Administration And Safety,12.0,63300.0,False,reported,,False,,False,,False,87.6,12.4,False,79.3,False
AHC31421,Certificate III In Conservation And Ecosystem Management,"Agriculture, Environmental And Related Studies",Certificate III,278,88.5,69.3,29.9,88.1,53800.0,Labourers,36.8,Professionals,23.2,Technicians And Trades Workers,16.4,"Agriculture, Forestry And Fishing",36.0,Arts And Recreational Services,13.5,Public Administration And Safety,9.5,53800.0,False,reported,,False,,False,,False,76.4,23.6,False,59.0,False
AHC41316,Certificate IV In Wool Classing,"Agriculture, Environmental And Related Studies",Certificate IV,106,91.3,76.2,27.7,95.3,79400.0,Labourers,26.5,Managers,25.7,Technicians And Trades Workers,24.6,"Agriculture, Forestry And Fishing",70.8,Wholesale Trade,4.8,Public Administration And Safety,4.5,79400.0,False,reported,,False,,False,,False,76.8,23.2,False,80.1,False
AMP20316,Certificate II In Meat Processing (Abattoirs),"Food, Hospitality And Personal Services",Certificate II,268,73.3,53.7,25.9,91.5,52400.0,Labourers,81.2,Machinery Operators And Drivers,8.0,Clerical And Administrative Workers,3.4,Manufacturing,83.5,"Transport, Postal And Warehousing",4.1,Administrative And Support Services,3.2,52400.0,False,reported,,False,,False,,False,92.6,7.4,False,90.8,False
AMP30216,Certificate III In Meat Processing (Food Services),"Food, Hospitality And Personal Services",Certificate III,275,88.4,67.2,24.6,92.5,58100.0,Labourers,76.6,Machinery Operators And Drivers,8.6,Technicians And Trades Workers,5.1,Manufacturing,85.3,Retail Trade,3.2,"Agriculture, Forestry And Fishing",2.7,58100.0,False,reported,,False,,False,,False,90.3,9.7,False,91.2,False
AUR10120,Certificate I In Automotive Vocational Preparation,Engineering And Related Technologies,Certificate I,102,79.2,38.7,51.8,93.2,,Technicians And Trades Workers,34.8,Labourers,26.7,Sales Workers,13.3,Foundation/Non-Vocational,0.0,,0.0,,0.0,,False,structural_missing_certificate_i,,True,,False,Certificate I foundation/non-vocational pathway,False,74.8,25.2,False,0.0,False
AUR20220,Certificate II In Automotive Air Conditioning Technology,Engineering And Related Technologies,Certificate II,328,94.5,88.4,14.2,94.8,67700.0,Technicians And Trades Workers,91.7,Managers,4.0,Professionals,1.4,Other Services,60.5,Mining,26.2,Construction,4.2,67700.0,False,reported,,False,,False,,False,97.1,2.9,False,90.9,False
AUR20520,Certificate II In Automotive Servicing Technology,Engineering And Related Technologies,Certificate II,287,78.3,62.0,41.4,95.4,36400.0,Technicians And Trades Workers,58.6,Labourers,19.5,Sales Workers,9.1,Other Services,50.6,Retail Trade,12.2,Accommodation And Food Services,8.2,36400.0,False,reported,,False,,False,,False,87.2,12.8,False,71.0,False
AUR20720,Certificate II In Automotive Vocational Preparation,Engineering And Related Technologies,Certificate II,959,73.4,46.6,36.4,92.1,35300.0,Technicians And Trades Workers,41.7,Labourers,25.4,Sales Workers,17.8,Other Services,28.1,Accommodation And Food Services,20.7,Retail Trade,19.2,35300.0,False,reported,,False,,False,,False,84.9,15.1,False,68.0,False
AUR30320,Certificate III In Automotive Electrical Technology,Engineering And Related Technologies,Certificate III,341,94.1,86.2,18.4,91.7,72400.0,Technicians And Trades Workers,90.0,Labourers,4.2,Managers,2.3,Other Services,68.8,Mining,17.1,Manufacturing,3.8,72400.0,False,reported,,False,,False,,False,96.5,3.5,False,89.7,False
AUR30620,Certificate III In Light Vehicle Mechanical Technology,Engineering And Related Technologies,Certificate III,848,93.7,87.4,24.0,91.6,69800.0,Technicians And Trades Workers,89.2,Managers,2.4,Labourers,2.4,Other Services,81.8,Retail Trade,8.2,Mining,2.8,69800.0,False,reported,,False,,False,,False,94.0,6.0,False,92.8,False
AUR31020,Certificate III In Automotive Sales,Management And Commerce,Certificate III,118,96.7,79.5,10.1,89.2,66300.0,Sales Workers,76.2,Clerical And Administrative Workers,7.1,Managers,6.7,Retail Trade,42.4,Other Services,19.7,Wholesale Trade,16.8,,True,imputed_selected_model,ridge_regression,False,66311.34,False,,False,90.0,10.0,False,78.9,False
AUR31120,Certificate III In Heavy Commercial Vehicle Mechanical Technology,Engineering And Related Technologies,Certificate III,358,95.6,89.5,19.3,89.1,72400.0,Technicians And Trades Workers,92.1,Managers,4.4,Machinery Operators And Drivers,1.7,Other Services,76.1,Mining,7.7,"Transport, Postal And Warehousing",6.3,72400.0,False,reported,,False,,False,,False,98.2,1.8,False,90.1,False
AUR31220,Certificate III In Mobile Plant Technology,Engineering And Related Technologies,Certificate III,389,95.8,87.4,16.1,88.2,89500.0,Technicians And Trades Workers,96.9,Professionals,1.2,Labourers,0.9,Mining,49.6,Other Services,39.3,Construction,4.4,89500.0,False,reported,,False,,False,,False,99.0,1.0,False,93.3,False
AUR32120,Certificate III In Automotive Body Repair Technology,Engineering And Related Technologies,Certificate III,141,91.7,85.4,13.6,91.9,63000.0,Technicians And Trades Workers,87.7,Machinery Operators And Drivers,5.8,Managers,2.1,Other Services,90.6,Manufacturing,3.0,Retail Trade,1.9,63000.0,False,reported,,False,,False,,False,95.6,4.4,False,95.5,False
AUR32420,Certificate III In Automotive Refinishing Technology,Engineering And Related Technologies,Certificate III,115,92.7,84.5,9.1,93.3,59300.0,Technicians And Trades Workers,47.8,Machinery Operators And Drivers,42.3,Clerical And Administrative Workers,4.5,Other Services,82.9,Manufacturing,6.5,"Transport, Postal And Warehousing",2.5,59300.0,False,reported,,False,,False,,False,94.6,5.4,False,91.9,False
AVI20118,Certificate II In Transport Security Protection,Society And Culture,Certificate II,448,86.8,75.2,15.1,89.0,64000.0,Community And Personal Service Workers,68.5,Clerical And Administrative Workers,8.5,Machinery Operators And Drivers,7.7,Public Administration And Safety,64.3,"Transport, Postal And Warehousing",23.1,Health Care And Social Assistance,2.7,64000.0,False,reported,,False,,False,,False,84.7,15.3,False,90.1,False
AVI30419,Certificate III In Aviation (Remote Pilot),Engineering And Related Technologies,Certificate III,625,71.1,33.6,31.0,92.3,45000.0,Labourers,26.6,Sales Workers,24.3,Technicians And Trades Workers,12.7,Accommodation And Food Services,29.6,Retail Trade,26.7,Other Services,5.4,45000.0,False,reported,,False,,False,,False,63.6,36.4,False,61.7,False
BSB10120,Certificate I In Workplace Skills,Management And Commerce,Certificate I,768,69.8,42.6,37.0,81.4,,Labourers,28.0,Sales Workers,26.8,Community And Personal Service Workers,18.7,Foundation/Non-Vocational,0.0,,0.0,,0.0,,False,structural_missing_certificate_i,,True,,False,Certificate I foundation/non-vocational pathway,False,73.5,26.5,False,0.0,False
BSB20120,Certificate II In Workplace Skills,Management And Commerce,Certificate II,1413,75.0,41.2,46.4,88.8,41400.0,Sales Workers,29.4,Labourers,24.4,Community And Personal Service Workers,18.1,Accommodation And Food Services,35.7,Retail Trade,25.8,Construction,5.6,41400.0,False,reported,,False,,False,,False,71.9,28.1,False,67.1,False
BSB30120,Certificate III In Business,Management And Commerce,Certificate III,5430,77.3,52.8,34.5,88.0,48000.0,Clerical And Administrative Workers,29.7,Sales Workers,20.4,Community And Personal Service Workers,16.8,Accommodation And Food Services,18.7,Retail Trade,18.0,Health Care And Social Assistance,11.6,48000.0,False,reported,,False,,False,,False,66.9,33.1,False,48.3,False
BSB30220,Certificate III In Entrepreneurship And New Business,Management And Commerce,Certificate III,390,71.7,50.9,27.3,87.7,50300.0,Professionals,25.0,Technicians And Trades Workers,19.3,Community And Personal Service Workers,18.8,Other Services,15.9,Health Care And Social Assistance,15.1,Retail Trade,12.4,50300.0,False,reported,,False,,False,,False,63.1,36.9,False,43.4,False
BSB30420,Certificate III In Library And Information Services,Society And Culture,Certificate III,145,71.1,28.7,42.9,90.3,48500.0,Clerical And Administrative Workers,26.5,Community And Personal Service Workers,21.8,Technicians And Trades Workers,13.4,Accommodation And Food Services,17.3,Information Media And Telecommunications,16.3,Education And Training,15.8,,True,imputed_selected_model,ridge_regression,False,48471.18,False,,False,61.7,38.3,False,49.4,False
BSB40120,Certificate IV In Business,Management And Commerce,Certificate IV,1006,89.8,64.7,39.4,88.0,58600.0,Clerical And Administrative Workers,36.8,Managers,12.5,Professionals,11.7,Education And Training,13.2,Health Care And Social Assistance,12.5,Retail Trade,11.6,58600.0,False,reported,,False,,False,,False,61.0,39.0,False,37.3,False
BSB40320,Certificate IV In Entrepreneurship And New Business,Management And Commerce,Certificate IV,467,79.5,59.5,21.4,86.4,53200.0,Professionals,33.6,Managers,19.9,Clerical And Administrative Workers,10.9,Health Care And Social Assistance,14.8,"Professional, Scientific And Technical Services",14.2,Education And Training,13.5,53200.0,False,reported,,False,,False,,False,64.4,35.6,False,42.5,False
BSB40420,Certificate IV In Human Resource Management,Management And Commerce,Certificate IV,330,94.5,74.2,30.7,87.8,72700.0,Professionals,38.6,Clerical And Administrative Workers,31.4,Managers,18.4,Health Care And Social Assistance,20.1,Public Administration And Safety,15.7,Education And Training,10.9,72700.0,False,reported,,False,,False,,False,88.4,11.6,False,46.7,False
BSB40520,Certificate IV In Leadership And Management,Management And Commerce,Certificate IV,1191,97.0,79.2,20.7,89.9,83900.0,Managers,27.0,Professionals,20.9,Clerical And Administrative Workers,19.1,Health Care And Social Assistance,18.4,Public Administration And Safety,15.1,Manufacturing,10.6,83900.0,False,reported,,False,,False,,False,67.0,33.0,False,44.1,False
BSB40720,Certificate IV In Library And Information Services,Society And Culture,Certificate IV,107,76.1,36.3,42.1,90.6,57400.0,Clerical And Administrative Workers,45.4,Community And Personal Service Workers,14.9,Professionals,12.9,Information Media And Telecommunications,22.9,Education And Training,20.7,Health Care And Social Assistance,14.0,,True,imputed_selected_model,ridge_regression,False,57425.25,False,,False,73.2,26.8,False,57.6,False
BSB40820,Certificate IV In Marketing And Communication,Management And Commerce,Certificate IV,269,86.7,58.8,47.5,87.4,70500.0,Professionals,23.4,Community And Personal Service Workers,17.7,Clerical And Administrative Workers,14.5,Accommodation And Food Services,22.6,Retail Trade,15.7,"Professional, Scientific And Technical Services",10.3,70500.0,False,reported,,False,,False,,False,55.6,44.4,False,48.6,False
BSB40920,Certificate IV In Project Management Practice,Management And Commerce,Certificate IV,512,94.8,77.2,31.6,84.3,76100.0,Clerical And Administrative Workers,29.1,Professionals,24.1,Managers,19.7,Public Administration And Safety,21.8,Construction,20.1,Health Care And Social Assistance,8.2,,True,imputed_selected_model,ridge_regression,False,76145.73,False,,False,72.9,27.1,False,50.1,False
BSB41419,Certificate IV In Work Health And Safety,Health,Certificate IV,1792,95.4,76.6,30.9,90.7,87200.0,Professionals,45.5,Managers,18.6,Clerical And Administrative Workers,11.7,Construction,21.6,Public Administration And Safety,12.7,Mining,10.7,87200.0,False,reported,,False,,False,,False,75.8,24.2,False,45.0,False
BSB50120,Diploma Of Business,Management And Commerce,Diploma,1734,89.0,57.6,47.6,90.4,52700.0,Sales Workers,24.9,Community And Personal Service Workers,19.0,Clerical And Administrative Workers,14.6,Retail Trade,24.2,Accommodation And Food Services,21.9,Health Care And Social Assistance,11.1,52700.0,False,reported,,False,,False,,False,58.5,41.5,False,57.2,False
BSB50320,Diploma Of Human Resource Management,Management And Commerce,Diploma,170,96.0,81.8,21.0,91.0,90500.0,Professionals,49.6,Managers,21.7,Clerical And Administrative Workers,20.1,Health Care And Social Assistance,19.8,"Professional, Scientific And Technical Services",18.9,Administrative And Support Services,10.1,90500.0,False,reported,,False,,False,,False,91.4,8.6,False,48.8,False
BSB50420,Diploma Of Leadership And Management,Management And Commerce,Diploma,1580,96.7,79.0,30.1,90.2,80000.0,Managers,32.8,Professionals,26.3,Clerical And Administrative Workers,16.7,Health Care And Social Assistance,24.9,Public Administration And Safety,16.2,Education And Training,11.1,80000.0,False,reported,,False,,False,,False,75.8,24.2,False,52.2,False
BSB50520,Diploma Of Library And Information Services,Society And Culture,Diploma,200,84.9,64.8,21.2,80.6,61800.0,Clerical And Administrative Workers,38.8,Technicians And Trades Workers,22.7,Professionals,16.1,Information Media And Telecommunications,37.3,Education And Training,29.6,Retail Trade,8.1,61800.0,False,reported,,False,,False,,False,77.6,22.4,False,75.0,False
BSB50820,Diploma Of Project Management,Management And Commerce,Diploma,1352,95.1,75.7,23.8,90.0,104900.0,Managers,29.9,Professionals,27.3,Clerical And Administrative Workers,22.8,Construction,23.3,Public Administration And Safety,21.5,"Professional, Scientific And Technical Services",11.1,104900.0,False,reported,,False,,False,,False,80.0,20.0,False,55.9,False
BSB50920,Diploma Of Quality Auditing,Management And Commerce,Diploma,143,93.8,75.3,34.0,96.0,73400.0,Professionals,42.8,Managers,36.2,Clerical And Administrative Workers,11.4,Health Care And Social Assistance,38.6,Public Administration And Safety,11.8,Education And Training,9.8,,True,imputed_selected_model,ridge_regression,False,73350.25,False,,False,90.4,9.6,False,60.2,False
BSB51319,Diploma Of Work Health And Safety,Health,Diploma,211,96.4,81.8,35.7,94.6,106800.0,Professionals,55.8,Managers,24.9,Community And Personal Service Workers,7.3,Construction,19.2,Public Administration And Safety,16.0,Mining,14.7,106800.0,False,reported,,False,,False,,False,88.0,12.0,False,49.9,False
BSB60420,Advanced Diploma Of Leadership And Management,Management And Commerce,Advanced Diploma,165,91.9,74.8,28.3,91.1,81900.0,Managers,47.2,Professionals,19.3,Clerical And Administrative Workers,17.1,Public Administration And Safety,28.9,Health Care And Social Assistance,15.2,Education And Training,11.1,,True,imputed_selected_model,ridge_regression,False,81911.34,False,,False,83.6,16.4,False,55.2,False
BSB80120,Graduate Diploma Of Management (Learning),Education,Graduate Diploma,105,93.0,74.0,40.7,96.1,68600.0,Professionals,55.8,Managers,19.2,Community And Personal Service Workers,9.0,Education And Training,55.9,Health Care And Social Assistance,8.6,"Professional, Scientific And Technical Services",6.2,68600.0,False,reported,,False,,False,,False,84.0,16.0,False,70.7,False
CHC14015,Certificate I In Active Volunteering,Mixed Field Programmes,Certificate I,117,64.6,34.0,31.1,68.5,,Sales Workers,37.1,Labourers,24.2,Community And Personal Service Workers,22.0,Foundation/Non-Vocational,0.0,,0.0,,0.0,,False,structural_missing_certificate_i,,True,,False,Certificate I foundation/non-vocational pathway,False,83.3,16.7,False,0.0,False
CHC22015,Certificate II In Community Services,Society And Culture,Certificate II,763,75.4,39.4,45.0,90.3,45300.0,Sales Workers,38.3,Community And Personal Service Workers,28.2,Labourers,20.4,Accommodation And Food Services,33.9,Retail Trade,32.7,Health Care And Social Assistance,14.0,45300.0,False,reported,,False,,False,,False,86.9,13.1,False,80.6,False
CHC24015,Certificate II In Active Volunteering,Mixed Field Programmes,Certificate II,734,69.8,39.0,37.7,81.2,12100.0,Sales Workers,33.6,Labourers,24.7,Community And Personal Service Workers,20.9,Accommodation And Food Services,46.5,Retail Trade,26.1,Education And Training,7.5,12100.0,False,reported,,False,,False,,False,79.2,20.8,False,80.1,False
CHC30121,Certificate III In Early Childhood Education And Care,Education,Certificate III,7286,87.6,76.1,46.4,90.7,47100.0,Community And Personal Service Workers,56.6,Professionals,35.4,Sales Workers,2.2,Health Care And Social Assistance,78.7,Education And Training,13.8,Retail Trade,2.0,47100.0,False,reported,,False,,False,,False,94.2,5.8,False,94.5,False
CHC30221,Certificate III In School Based Education Support,Education,Certificate III,1848,85.8,68.5,28.3,90.2,49300.0,Community And Personal Service Workers,78.5,Sales Workers,7.1,Professionals,4.7,Education And Training,72.2,Health Care And Social Assistance,8.5,Retail Trade,7.0,49300.0,False,reported,,False,,False,,False,90.3,9.7,False,87.7,False
CHC32015,Certificate III In Community Services,Society And Culture,Certificate III,1238,77.2,46.3,43.7,90.6,51700.0,Community And Personal Service Workers,51.8,Sales Workers,11.7,Clerical And Administrative Workers,9.6,Health Care And Social Assistance,50.3,Accommodation And Food Services,12.0,Retail Trade,9.9,51700.0,False,reported,,False,,False,,False,73.1,26.9,False,72.2,False
CHC33015,Certificate III In Individual Support,Society And Culture,Certificate III,5880,86.0,74.6,28.1,93.4,52200.0,Community And Personal Service Workers,81.1,Labourers,7.1,Clerical And Administrative Workers,3.1,Health Care And Social Assistance,85.2,Accommodation And Food Services,4.2,Administrative And Support Services,2.1,52200.0,False,reported,,False,,False,,False,91.3,8.7,False,91.5,False
CHC33021,Certificate III In Individual Support,Society And Culture,Certificate III,8563,84.3,72.1,26.2,94.4,52100.0,Community And Personal Service Workers,80.3,Labourers,6.9,Clerical And Administrative Workers,2.8,Health Care And Social Assistance,83.2,Accommodation And Food Services,4.4,Retail Trade,2.5,52100.0,False,reported,,False,,False,,False,90.0,10.0,False,90.1,False
CHC40221,Certificate IV In School Based Education Support,Education,Certificate IV,2820,86.6,72.9,19.9,91.9,51600.0,Community And Personal Service Workers,82.3,Professionals,5.4,Clerical And Administrative Workers,4.7,Education And Training,79.8,Health Care And Social Assistance,8.7,Retail Trade,3.3,51600.0,False,reported,,False,,False,,False,92.4,7.6,False,91.8,False
CHC40313,"Certificate IV In Child, Youth And Family Intervention",Society And Culture,Certificate IV,177,89.9,76.8,23.1,89.8,66500.0,Community And Personal Service Workers,82.8,Professionals,4.9,Clerical And Administrative Workers,4.7,Health Care And Social Assistance,80.6,Education And Training,6.7,Retail Trade,3.9,66500.0,False,reported,,False,,False,,False,92.4,7.6,False,91.2,False
CHC40321,"Certificate IV In Child, Youth And Family Intervention",Society And Culture,Certificate IV,132,94.3,81.0,23.6,89.4,62300.0,Community And Personal Service Workers,87.7,Professionals,6.7,Clerical And Administrative Workers,3.7,Health Care And Social Assistance,83.9,Education And Training,7.6,Public Administration And Safety,4.6,62300.0,False,reported,,False,,False,,False,98.1,1.9,False,96.1,False
CHC40413,Certificate IV In Youth Work,Society And Culture,Certificate IV,206,86.9,80.8,21.3,88.0,61900.0,Community And Personal Service Workers,74.3,Professionals,12.3,Managers,4.8,Health Care And Social Assistance,62.4,Education And Training,18.4,Public Administration And Safety,6.5,61900.0,False,reported,,False,,False,,False,91.4,8.6,False,87.3,False
CHC40421,Certificate IV In Youth Work,Society And Culture,Certificate IV,194,92.0,69.5,39.3,91.1,59700.0,Community And Personal Service Workers,64.3,Professionals,14.9,Sales Workers,6.3,Health Care And Social Assistance,51.2,Education And Training,18.2,Retail Trade,8.1,59700.0,False,reported,,False,,False,,False,85.5,14.5,False,77.5,False
CHC41015,Certificate IV In Celebrancy,Society And Culture,Certificate IV,357,86.0,59.6,12.5,81.5,64000.0,Professionals,42.9,Managers,19.8,Clerical And Administrative Workers,15.8,Health Care And Social Assistance,19.0,Education And Training,18.1,"Professional, Scientific And Technical Services",11.3,64000.0,False,reported,,False,,False,,False,78.5,21.5,False,48.4,False
CHC42015,Certificate IV In Community Services,Society And Culture,Certificate IV,206,91.0,66.9,38.2,86.2,65100.0,Community And Personal Service Workers,51.1,Professionals,24.3,Clerical And Administrative Workers,7.6,Health Care And Social Assistance,69.6,Education And Training,8.0,Retail Trade,5.2,65100.0,False,reported,,False,,False,,False,83.0,17.0,False,82.8,False
CHC42021,Certificate IV In Community Services,Society And Culture,Certificate IV,578,84.8,55.9,44.9,91.2,60600.0,Community And Personal Service Workers,54.7,Professionals,19.5,Sales Workers,10.4,Health Care And Social Assistance,58.5,Education And Training,9.9,Retail Trade,8.7,60600.0,False,reported,,False,,False,,False,84.6,15.4,False,77.1,False
CHC43015,Certificate IV In Ageing Support,Society And Culture,Certificate IV,2247,86.0,72.5,29.0,93.5,54000.0,Community And Personal Service Workers,81.5,Labourers,5.3,Clerical And Administrative Workers,3.3,Health Care And Social Assistance,87.6,Accommodation And Food Services,3.5,Retail Trade,2.5,54000.0,False,reported,,False,,False,,False,90.1,9.9,False,93.6,False
CHC43115,Certificate IV In Disability,Society And Culture,Certificate IV,2145,86.9,72.7,24.8,92.9,65200.0,Community And Personal Service Workers,80.4,Professionals,4.2,Technicians And Trades Workers,3.6,Health Care And Social Assistance,83.8,Accommodation And Food Services,3.5,Education And Training,1.8,65200.0,False,reported,,False,,False,,False,88.2,11.8,False,89.1,False
CHC43121,Certificate IV In Disability Support,Society And Culture,Certificate IV,216,81.1,69.4,20.3,96.9,64700.0,Community And Personal Service Workers,83.4,Professionals,10.8,Clerical And Administrative Workers,3.0,Health Care And Social Assistance,90.7,Education And Training,7.0,"Professional, Scientific And Technical Services",1.1,,True,imputed_selected_model,ridge_regression,False,64678.53,False,,False,97.2,2.8,False,98.8,False
CHC43215,Certificate IV In Alcohol And Other Drugs,Society And Culture,Certificate IV,137,86.0,67.6,44.0,85.8,69600.0,Professionals,44.5,Community And Personal Service Workers,37.0,Technicians And Trades Workers,7.1,Health Care And Social Assistance,76.1,Public Administration And Safety,7.6,Accommodation And Food Services,4.6,69600.0,False,reported,,False,,False,,False,88.6,11.4,False,88.3,False
CHC43315,Certificate IV In Mental Health,Society And Culture,Certificate IV,947,90.6,70.0,39.8,88.6,65800.0,Community And Personal Service Workers,57.5,Professionals,25.5,Clerical And Administrative Workers,6.7,Health Care And Social Assistance,78.6,Education And Training,5.7,Retail Trade,2.5,65800.0,False,reported,,False,,False,,False,89.7,10.3,False,86.8,False
CHC43415,Certificate IV In Leisure And Health,Society And Culture,Certificate IV,503,92.9,79.5,24.5,93.0,59100.0,Community And Personal Service Workers,84.2,Professionals,7.2,Clerical And Administrative Workers,2.4,Health Care And Social Assistance,91.3,Retail Trade,1.7,Arts And Recreational Services,1.2,59100.0,False,reported,,False,,False,,False,93.8,6.2,False,94.2,False
CHC43515,Certificate IV In Mental Health Peer Work,Society And Culture,Certificate IV,138,82.7,66.4,34.1,79.9,58200.0,Professionals,50.7,Community And Personal Service Workers,33.0,Sales Workers,6.0,Health Care And Social Assistance,82.2,Retail Trade,5.7,Administrative And Support Services,2.6,,True,imputed_selected_model,ridge_regression,False,58215.7,False,,False,89.7,10.3,False,90.5,False
CHC50121,Diploma Of Early Childhood Education And Care,Education,Diploma,2477,92.6,86.6,23.0,91.5,55700.0,Community And Personal Service Workers,61.8,Professionals,32.1,Managers,2.7,Health Care And Social Assistance,80.6,Education And Training,16.2,Retail Trade,0.5,55700.0,False,reported,,False,,False,,False,96.6,3.4,False,97.3,False
CHC50221,Diploma Of School Age Education And Care,Education,Diploma,120,97.6,89.7,20.5,93.8,64700.0,Community And Personal Service Workers,62.1,Managers,22.2,Professionals,11.5,Health Care And Social Assistance,77.6,Education And Training,17.9,Accommodation And Food Services,1.9,64700.0,False,reported,,False,,False,,False,95.8,4.2,False,97.4,False
CHC51015,Diploma Of Counselling,Society And Culture,Diploma,819,86.9,58.5,40.4,85.3,70100.0,Professionals,40.8,Community And Personal Service Workers,30.1,Clerical And Administrative Workers,11.5,Health Care And Social Assistance,54.5,Education And Training,16.9,Public Administration And Safety,4.5,70100.0,False,reported,,False,,False,,False,82.4,17.6,False,75.9,False
CHC52015,Diploma Of Community Services,Society And Culture,Diploma,1243,87.6,69.2,27.6,88.6,61200.0,Community And Personal Service Workers,62.2,Professionals,18.3,Clerical And Administrative Workers,8.4,Health Care And Social Assistance,78.8,Education And Training,5.2,Public Administration And Safety,4.7,61200.0,False,reported,,False,,False,,False,88.9,11.1,False,88.7,False
CHC52021,Diploma Of Community Services,Society And Culture,Diploma,477,88.4,69.1,31.9,90.6,67000.0,Community And Personal Service Workers,65.7,Professionals,14.0,Clerical And Administrative Workers,8.0,Health Care And Social Assistance,76.9,Public Administration And Safety,4.1,Education And Training,3.4,67000.0,False,reported,,False,,False,,False,87.7,12.3,False,84.4,False
CHC53315,Diploma Of Mental Health,Society And Culture,Diploma,258,88.2,66.5,42.8,87.6,55900.0,Community And Personal Service Workers,50.1,Professionals,32.7,Managers,6.4,Health Care And Social Assistance,74.1,Education And Training,9.7,Retail Trade,2.6,,True,imputed_selected_model,ridge_regression,False,55875.65,False,,False,89.2,10.8,False,86.4,False
CHC62015,Advanced Diploma Of Community Sector Management,Management And Commerce,Advanced Diploma,483,95.4,72.1,19.1,87.2,81200.0,Community And Personal Service Workers,42.8,Managers,39.9,Professionals,10.7,Health Care And Social Assistance,84.5,Education And Training,10.1,Public Administration And Safety,2.1,81200.0,False,reported,,False,,False,,False,93.4,6.6,False,96.7,False
CPC10120,Certificate I In Construction,Architecture And Building,Certificate I,1063,71.1,46.1,26.7,91.0,,Technicians And Trades Workers,29.7,Labourers,22.0,Professionals,13.3,Foundation/Non-Vocational,0.0,,0.0,,0.0,,False,structural_missing_certificate_i,,True,,False,Certificate I foundation/non-vocational pathway,False,65.0,35.0,False,0.0,False
CPC20220,Certificate II In Construction Pathways,Architecture And Building,Certificate II,745,77.7,56.6,39.2,93.6,36400.0,Technicians And Trades Workers,41.5,Labourers,25.4,Sales Workers,13.3,Construction,36.7,Accommodation And Food Services,19.0,Retail Trade,14.1,36400.0,False,reported,,False,,False,,False,80.2,19.8,False,69.8,False
CPC30220,Certificate III In Carpentry,Architecture And Building,Certificate III,1734,95.8,91.1,22.5,89.9,69700.0,Technicians And Trades Workers,87.2,Labourers,5.8,Managers,2.9,Construction,94.0,Manufacturing,1.2,Education And Training,0.8,69700.0,False,reported,,False,,False,,False,95.9,4.1,False,96.0,False
CPC30320,Certificate III In Concreting,Architecture And Building,Certificate III,116,88.3,74.6,21.2,94.1,68900.0,Labourers,66.9,Technicians And Trades Workers,16.4,Managers,7.4,Construction,88.5,Education And Training,3.2,Public Administration And Safety,3.1,,True,imputed_selected_model,ridge_regression,False,68949.02,False,,False,90.7,9.3,False,94.8,False
CPC30620,Certificate III In Painting And Decorating,Architecture And Building,Certificate III,285,91.4,84.6,14.3,94.6,64900.0,Technicians And Trades Workers,91.9,Labourers,2.7,Machinery Operators And Drivers,2.5,Construction,94.7,Manufacturing,1.6,Accommodation And Food Services,1.6,64900.0,False,reported,,False,,False,,False,97.1,2.9,False,97.9,False
CPC31320,Certificate III In Wall And Floor Tiling,Architecture And Building,Certificate III,165,92.7,86.5,19.8,88.8,62900.0,Technicians And Trades Workers,94.3,Labourers,2.9,Managers,2.8,Construction,97.9,Education And Training,1.6,"Agriculture, Forestry And Fishing",0.5,62900.0,False,reported,,False,,False,,False,100.0,0.0,False,100.0,False
CPC31420,Certificate III In Construction Waterproofing,Architecture And Building,Certificate III,221,83.9,72.7,19.2,92.0,76800.0,Technicians And Trades Workers,48.3,Labourers,25.6,Managers,22.5,Construction,91.1,Public Administration And Safety,2.7,"Transport, Postal And Warehousing",2.0,76800.0,False,reported,,False,,False,,False,96.4,3.6,False,95.8,False
CPC32420,Certificate III In Plumbing,Architecture And Building,Certificate III,451,96.4,93.5,38.4,90.0,79400.0,Technicians And Trades Workers,94.9,Labourers,2.0,Managers,1.3,Construction,87.0,"Electricity, Gas, Water And Waste Services",9.4,Mining,0.7,79400.0,False,reported,,False,,False,,False,98.2,1.8,False,97.1,False
CPC33020,Certificate III In Bricklaying And Blocklaying,Architecture And Building,Certificate III,125,93.8,87.4,11.3,94.0,63300.0,Technicians And Trades Workers,83.4,Labourers,8.1,Machinery Operators And Drivers,2.4,Construction,84.0,Manufacturing,5.3,Mining,2.3,63300.0,False,reported,,False,,False,,False,93.9,6.1,False,91.6,False
CPC40120,Certificate IV In Building And Construction,Architecture And Building,Certificate IV,875,91.7,74.1,31.3,91.1,84300.0,Technicians And Trades Workers,58.9,Managers,14.7,Professionals,9.3,Construction,78.4,"Professional, Scientific And Technical Services",4.2,Manufacturing,2.4,84300.0,False,reported,,False,,False,,False,82.9,17.1,False,85.0,False
CPC40920,Certificate IV In Plumbing And Services,Architecture And Building,Certificate IV,136,93.2,86.4,16.5,85.6,81600.0,Technicians And Trades Workers,91.2,Machinery Operators And Drivers,3.1,Clerical And Administrative Workers,2.6,Construction,85.2,"Electricity, Gas, Water And Waste Services",5.2,Mining,4.8,,True,imputed_selected_model,ridge_regression,False,81603.23,False,,False,96.9,3.1,False,95.2,False
CPC50220,Diploma Of Building And Construction (Building),Architecture And Building,Diploma,410,87.4,68.8,20.1,88.5,87800.0,Technicians And Trades Workers,44.1,Managers,24.4,Professionals,9.2,Construction,74.8,Manufacturing,4.9,"Professional, Scientific And Technical Services",3.6,87800.0,False,reported,,False,,False,,False,77.7,22.3,False,83.3,False
CPP20218,Certificate II In Security Operations,Society And Culture,Certificate II,3962,73.7,57.4,22.3,93.3,60000.0,Community And Personal Service Workers,59.2,Machinery Operators And Drivers,8.8,Technicians And Trades Workers,7.5,Public Administration And Safety,52.8,Accommodation And Food Services,7.3,Retail Trade,6.8,60000.0,False,reported,,False,,False,,False,75.5,24.5,False,66.9,False
CPP30321,Certificate III In Cleaning Operations,Engineering And Related Technologies,Certificate III,310,88.6,69.2,12.5,87.0,71600.0,Labourers,87.1,Machinery Operators And Drivers,3.1,Community And Personal Service Workers,2.6,Administrative And Support Services,57.7,Education And Training,24.9,Health Care And Social Assistance,4.5,,True,imputed_selected_model,ridge_regression,False,71609.99,False,,False,92.8,7.2,False,87.1,False
CPP31318,Certificate III In Security Operations,Society And Culture,Certificate III,146,86.3,65.4,22.8,90.7,64900.0,Community And Personal Service Workers,82.1,Professionals,5.6,Managers,5.4,Public Administration And Safety,78.8,"Transport, Postal And Warehousing",10.0,Manufacturing,2.3,64900.0,False,reported,,False,,False,,False,93.1,6.9,False,91.1,False
CPP40121,Certificate IV In Residential Drafting,Architecture And Building,Certificate IV,281,88.4,49.3,45.3,90.0,62800.0,Technicians And Trades Workers,39.9,Professionals,15.0,Clerical And Administrative Workers,11.6,Construction,26.5,"Professional, Scientific And Technical Services",21.3,Retail Trade,11.8,62800.0,False,reported,,False,,False,,False,66.5,33.5,False,59.6,False
CPP41419,Certificate IV In Real Estate Practice,Management And Commerce,Certificate IV,2183,87.1,68.3,20.4,89.5,58300.0,Sales Workers,52.4,Managers,13.7,Clerical And Administrative Workers,13.3,Rental Hiring And Real Estate Services,63.1,"Professional, Scientific And Technical Services",5.1,Construction,4.3,58300.0,False,reported,,False,,False,,False,79.4,20.6,False,72.5,False
CPP51122,Diploma Of Property (Agency Management),Management And Commerce,Diploma,212,92.8,79.9,20.0,90.9,65100.0,Sales Workers,67.2,Managers,20.8,Professionals,4.5,Rental Hiring And Real Estate Services,82.1,Construction,4.3,Retail Trade,2.7,65100.0,False,reported,,False,,False,,False,92.5,7.5,False,89.1,False
CSC30120,Certificate III In Correctional Practice,Society And Culture,Certificate III,126,95.3,89.0,24.0,88.1,69400.0,Community And Personal Service Workers,93.5,Clerical And Administrative Workers,3.9,Technicians And Trades Workers,1.4,Public Administration And Safety,97.9,Other Services,0.9,Health Care And Social Assistance,0.7,69400.0,False,reported,,False,,False,,False,98.8,1.2,False,99.5,False
CSC30122,Certificate III In Correctional Practice,Society And Culture,Certificate III,549,94.2,87.6,15.0,84.1,71200.0,Community And Personal Service Workers,92.6,Clerical And Administrative Workers,2.2,Technicians And Trades Workers,1.4,Public Administration And Safety,96.4,Retail Trade,0.7,Accommodation And Food Services,0.6,71200.0,False,reported,,False,,False,,False,96.2,3.8,False,97.7,False
CSC40122,Certificate IV In Correctional Practice,Society And Culture,Certificate IV,120,100.0,87.0,19.1,84.9,80600.0,Community And Personal Service Workers,86.0,Professionals,9.0,Clerical And Administrative Workers,4.1,Public Administration And Safety,97.0,Health Care And Social Assistance,2.4,Education And Training,0.6,,True,imputed_selected_model,ridge_regression,False,80561.65,False,,False,99.1,0.9,False,100.0,False
CUA20120,Certificate II In Dance,Creative Arts,Certificate II,156,78.2,36.1,47.1,87.6,44000.0,Sales Workers,37.0,Community And Personal Service Workers,20.5,Professionals,17.8,Accommodation And Food Services,42.8,Education And Training,27.3,Retail Trade,17.2,,True,imputed_selected_model,ridge_regression,False,43964.9,False,,False,75.3,24.7,False,87.3,False
CUA20220,Certificate II In Creative Industries,Management And Commerce,Certificate II,194,67.1,29.0,34.8,84.8,27800.0,Sales Workers,31.9,Labourers,25.7,Community And Personal Service Workers,22.4,Accommodation And Food Services,35.5,Retail Trade,32.2,Manufacturing,6.8,,True,imputed_selected_model,ridge_regression,False,27789.03,False,,False,80.0,20.0,False,74.5,False
CUA20620,Certificate II In Music,Creative Arts,Certificate II,319,76.2,26.2,56.5,89.7,32300.0,Sales Workers,31.4,Community And Personal Service Workers,24.7,Labourers,23.7,Accommodation And Food Services,36.8,Retail Trade,26.7,Education And Training,9.1,32300.0,False,reported,,False,,False,,False,79.8,20.2,False,72.6,False
CUA20720,Certificate II In Visual Arts,Creative Arts,Certificate II,120,77.6,27.7,46.5,89.5,32400.0,Sales Workers,36.6,Labourers,20.4,Community And Personal Service Workers,19.6,Accommodation And Food Services,29.5,Retail Trade,29.4,Health Care And Social Assistance,9.9,,True,imputed_selected_model,ridge_regression,False,32431.23,False,,False,76.6,23.4,False,68.8,False
CUA30120,Certificate III In Dance,Creative Arts,Certificate III,153,85.9,42.6,47.5,94.4,56500.0,Professionals,28.6,Sales Workers,26.7,Community And Personal Service Workers,24.6,Accommodation And Food Services,29.9,Education And Training,25.5,Retail Trade,24.0,,True,imputed_selected_model,ridge_regression,False,56501.0,False,,False,79.9,20.1,False,79.4,False
CUA30420,Certificate III In Live Production And Technical Services,Creative Arts,Certificate III,230,79.9,44.3,41.2,94.7,30300.0,Sales Workers,31.5,Labourers,16.0,Community And Personal Service Workers,14.9,Accommodation And Food Services,27.3,Retail Trade,23.5,Arts And Recreational Services,12.6,30300.0,False,reported,,False,,False,,False,62.4,37.6,False,63.4,False
CUA30720,Certificate III In Design Fundamentals,Creative Arts,Certificate III,331,79.9,27.0,53.0,88.7,46400.0,Sales Workers,31.2,Community And Personal Service Workers,21.3,Labourers,16.5,Retail Trade,31.6,Accommodation And Food Services,20.3,Health Care And Social Assistance,7.8,46400.0,False,reported,,False,,False,,False,69.0,31.0,False,59.7,False
CUA30920,Certificate III In Music,Creative Arts,Certificate III,546,75.1,30.8,44.0,87.0,41000.0,Sales Workers,27.3,Labourers,25.2,Community And Personal Service Workers,20.8,Accommodation And Food Services,39.0,Retail Trade,24.9,Education And Training,10.2,41000.0,False,reported,,False,,False,,False,73.3,26.7,False,74.1,False
CUA31020,Certificate III In Screen And Media,Creative Arts,Certificate III,716,67.7,26.2,40.0,90.6,39900.0,Sales Workers,30.1,Labourers,22.1,Community And Personal Service Workers,18.3,Retail Trade,33.8,Accommodation And Food Services,31.1,Arts And Recreational Services,6.1,39900.0,False,reported,,False,,False,,False,70.5,29.5,False,71.0,False
CUA31120,Certificate III In Visual Arts,Creative Arts,Certificate III,552,70.3,28.5,38.2,91.5,26200.0,Sales Workers,29.9,Labourers,18.8,Professionals,17.1,Retail Trade,31.4,Accommodation And Food Services,19.1,Education And Training,10.2,26200.0,False,reported,,False,,False,,False,65.8,34.2,False,60.7,False
CUA40720,Certificate IV In Design,Creative Arts,Certificate IV,212,89.1,32.5,65.6,90.4,55200.0,Sales Workers,29.6,Community And Personal Service Workers,16.4,Professionals,12.9,Retail Trade,31.1,Accommodation And Food Services,21.9,"Professional, Scientific And Technical Services",7.7,,True,imputed_selected_model,ridge_regression,False,55209.13,False,,False,58.9,41.1,False,60.7,False
CUA41120,Certificate IV In Photography And Digital Imaging,Creative Arts,Certificate IV,145,81.6,43.5,42.9,86.6,54100.0,Professionals,44.8,Community And Personal Service Workers,20.3,Clerical And Administrative Workers,8.4,"Professional, Scientific And Technical Services",27.4,Accommodation And Food Services,16.9,Education And Training,8.7,,True,imputed_selected_model,ridge_regression,False,54126.63,False,,False,73.5,26.5,False,53.0,False
CUA41220,Certificate IV In Screen And Media,Creative Arts,Certificate IV,163,83.4,32.5,59.2,85.8,47200.0,Sales Workers,28.1,Community And Personal Service Workers,20.7,Labourers,14.2,Retail Trade,28.9,Accommodation And Food Services,26.7,Information Media And Telecommunications,9.6,,True,imputed_selected_model,ridge_regression,False,47164.93,False,,False,63.0,37.0,False,65.2,False
CUA50720,Diploma Of Graphic Design,Creative Arts,Diploma,230,77.1,44.8,29.4,88.2,48600.0,Professionals,33.9,Sales Workers,25.0,Community And Personal Service Workers,14.6,Retail Trade,30.8,"Professional, Scientific And Technical Services",17.3,Accommodation And Food Services,13.5,48600.0,False,reported,,False,,False,,False,73.5,26.5,False,61.6,False
CUA50820,Diploma Of Music,Creative Arts,Diploma,189,80.8,42.2,43.7,85.8,60500.0,Technicians And Trades Workers,20.2,Community And Personal Service Workers,17.9,Professionals,16.9,Accommodation And Food Services,17.5,Arts And Recreational Services,13.8,Health Care And Social Assistance,13.7,,True,imputed_selected_model,ridge_regression,False,60519.49,False,,False,55.0,45.0,False,45.0,False
CUA51020,Diploma Of Screen And Media,Creative Arts,Diploma,554,73.6,32.3,37.7,83.6,52000.0,Sales Workers,29.7,Community And Personal Service Workers,21.2,Labourers,14.6,Retail Trade,28.1,Accommodation And Food Services,25.8,Information Media And Telecommunications,9.6,52000.0,False,reported,,False,,False,,False,65.5,34.5,False,63.5,False
CUA51120,Diploma Of Visual Arts,Creative Arts,Diploma,299,76.4,25.1,49.1,89.4,48100.0,Community And Personal Service Workers,28.1,Sales Workers,21.7,Professionals,19.8,Retail Trade,24.9,Accommodation And Food Services,22.7,Arts And Recreational Services,16.8,,True,imputed_selected_model,ridge_regression,False,48072.23,False,,False,69.6,30.4,False,64.4,False
CUA60620,Advanced Diploma Of Screen And Media,Creative Arts,Advanced Diploma,100,80.7,49.7,33.1,80.5,49200.0,Sales Workers,27.3,Professionals,25.0,Labourers,18.6,Information Media And Telecommunications,30.2,Retail Trade,29.6,"Professional, Scientific And Technical Services",11.3,49200.0,False,reported,,False,,False,,False,70.9,29.1,False,71.1,False
FBP20122,Certificate II In Food Processing,Engineering And Related Technologies,Certificate II,186,68.4,41.8,26.9,92.4,52200.0,Labourers,48.6,Technicians And Trades Workers,12.0,Community And Personal Service Workers,10.6,Manufacturing,36.7,Accommodation And Food Services,33.3,Retail Trade,13.2,52200.0,False,reported,,False,,False,,False,71.2,28.8,False,83.2,False
FBP20221,Certificate II In Baking,"Food, Hospitality And Personal Services",Certificate II,231,73.6,47.0,32.8,94.6,45000.0,Technicians And Trades Workers,29.9,Community And Personal Service Workers,21.6,Labourers,19.8,Retail Trade,36.0,Accommodation And Food Services,32.0,Manufacturing,16.3,45000.0,False,reported,,False,,False,,False,71.3,28.7,False,84.3,False
FBP30121,Certificate III In Food Processing,Engineering And Related Technologies,Certificate III,322,77.1,57.1,21.0,87.8,54000.0,Labourers,45.9,Machinery Operators And Drivers,18.7,Technicians And Trades Workers,8.2,Manufacturing,57.8,Accommodation And Food Services,8.8,"Transport, Postal And Warehousing",8.1,54000.0,False,reported,,False,,False,,False,72.8,27.2,False,74.7,False
FBP30521,Certificate III In Baking,"Food, Hospitality And Personal Services",Certificate III,107,86.0,78.1,20.2,96.2,50900.0,Technicians And Trades Workers,84.7,Labourers,5.9,Managers,4.2,Manufacturing,72.8,Accommodation And Food Services,15.0,Retail Trade,8.5,,True,imputed_selected_model,ridge_regression,False,50941.08,False,,False,94.8,5.2,False,96.3,False
FNS10120,Certificate I In Basic Financial Literacy,Management And Commerce,Certificate I,184,77.5,41.8,36.6,79.6,,Community And Personal Service Workers,31.4,Sales Workers,30.9,Labourers,26.5,Foundation/Non-Vocational,0.0,,0.0,,0.0,,False,structural_missing_certificate_i,,True,,False,Certificate I foundation/non-vocational pathway,False,88.8,11.2,False,0.0,False
FNS20120,Certificate II In Financial Services,Management And Commerce,Certificate II,108,67.5,33.2,36.3,85.3,29500.0,Sales Workers,38.9,Labourers,26.4,Technicians And Trades Workers,12.0,Accommodation And Food Services,41.1,Retail Trade,29.5,Construction,10.1,,True,imputed_selected_model,ridge_regression,False,29453.84,False,,False,77.3,22.7,False,80.7,False
FNS30122,Certificate III In Financial Services,Management And Commerce,Certificate III,437,95.5,72.2,20.8,87.5,67900.0,Clerical And Administrative Workers,85.4,Sales Workers,4.6,Managers,4.1,Financial And Insurance Services,87.3,Administrative And Support Services,3.8,Retail Trade,2.8,67900.0,False,reported,,False,,False,,False,94.1,5.9,False,93.9,False
FNS30322,Certificate III In Accounts Administration,Management And Commerce,Certificate III,227,74.5,47.4,37.4,83.2,53700.0,Clerical And Administrative Workers,58.4,Professionals,10.3,Sales Workers,8.8,Retail Trade,12.8,Health Care And Social Assistance,11.6,Arts And Recreational Services,10.9,53700.0,False,reported,,False,,False,,False,77.5,22.5,False,35.3,False
FNS40222,Certificate IV In Accounting And Bookkeeping,Management And Commerce,Certificate IV,1729,83.1,57.3,31.7,85.4,59500.0,Clerical And Administrative Workers,59.3,Professionals,10.9,Managers,8.9,"Professional, Scientific And Technical Services",20.1,Health Care And Social Assistance,16.1,Retail Trade,9.6,59500.0,False,reported,,False,,False,,False,79.1,20.9,False,45.8,False
FNS40821,Certificate IV In Finance And Mortgage Broking,Management And Commerce,Certificate IV,698,89.9,69.6,34.2,87.9,62400.0,Professionals,46.9,Clerical And Administrative Workers,27.1,Managers,13.5,Financial And Insurance Services,66.0,"Professional, Scientific And Technical Services",6.7,Retail Trade,5.2,62400.0,False,reported,,False,,False,,False,87.5,12.5,False,77.9,False
FNS50222,Diploma Of Accounting,Management And Commerce,Diploma,269,85.5,61.6,38.1,89.5,52500.0,Clerical And Administrative Workers,60.5,Professionals,14.1,Managers,5.4,"Professional, Scientific And Technical Services",24.5,Retail Trade,12.1,Health Care And Social Assistance,10.1,52500.0,False,reported,,False,,False,,False,80.0,20.0,False,46.7,False
FNS50322,Diploma Of Finance And Mortgage Broking Management,Management And Commerce,Diploma,538,92.7,80.6,11.6,90.4,90500.0,Professionals,61.4,Clerical And Administrative Workers,19.3,Managers,15.3,Financial And Insurance Services,86.7,"Professional, Scientific And Technical Services",4.7,Rental Hiring And Real Estate Services,1.3,90500.0,False,reported,,False,,False,,False,96.0,4.0,False,92.7,False
FSK10219,Certificate I In Skills For Vocational Pathways,Mixed Field Programmes,Certificate I,214,67.7,32.4,41.8,84.8,,Labourers,26.0,Community And Personal Service Workers,18.7,Sales Workers,17.1,Foundation/Non-Vocational,0.0,,0.0,,0.0,,False,structural_missing_certificate_i,,True,,False,Certificate I foundation/non-vocational pathway,False,61.8,38.2,False,0.0,False
FSK20119,Certificate II In Skills For Work And Vocational Pathways,Mixed Field Programmes,Certificate II,1803,71.6,38.2,40.4,79.8,37000.0,Labourers,29.9,Sales Workers,29.4,Community And Personal Service Workers,15.0,Accommodation And Food Services,40.8,Retail Trade,23.4,Other Services,6.4,37000.0,False,reported,,False,,False,,False,74.3,25.7,False,70.6,False
HLT21020,Certificate II In Medical Service First Response,Health,Certificate II,191,90.7,66.9,31.3,91.0,67000.0,Community And Personal Service Workers,33.3,Professionals,20.6,Technicians And Trades Workers,14.2,Health Care And Social Assistance,28.4,Mining,16.2,"Professional, Scientific And Technical Services",11.0,,True,imputed_selected_model,ridge_regression,False,67015.32,False,,False,68.1,31.9,False,55.6,False
HLT23221,Certificate II In Health Support Services,Health,Certificate II,1544,80.1,35.3,56.3,91.5,46900.0,Sales Workers,39.3,Community And Personal Service Workers,29.3,Labourers,20.0,Accommodation And Food Services,42.2,Retail Trade,29.8,Health Care And Social Assistance,13.5,46900.0,False,reported,,False,,False,,False,88.6,11.4,False,85.5,False
HLT31120,Certificate III In Non-Emergency Patient Transport,Health,Certificate III,121,88.2,53.2,49.4,92.0,39300.0,Community And Personal Service Workers,68.4,Sales Workers,12.8,Clerical And Administrative Workers,6.9,Health Care And Social Assistance,56.8,Retail Trade,13.4,Accommodation And Food Services,6.2,,True,imputed_selected_model,ridge_regression,False,39333.93,False,,False,88.1,11.9,False,76.4,False
HLT33015,Certificate III In Allied Health Assistance,Health,Certificate III,340,88.0,50.5,47.3,82.7,20600.0,Community And Personal Service Workers,57.5,Sales Workers,17.6,Clerical And Administrative Workers,10.8,Health Care And Social Assistance,44.8,Accommodation And Food Services,24.0,Retail Trade,15.5,20600.0,False,reported,,False,,False,,False,85.9,14.1,False,84.3,False
HLT33021,Certificate III In Allied Health Assistance,Health,Certificate III,164,87.3,58.2,42.5,90.3,54800.0,Community And Personal Service Workers,62.7,Sales Workers,14.5,Professionals,7.6,Health Care And Social Assistance,56.7,Retail Trade,17.2,Accommodation And Food Services,7.7,54800.0,False,reported,,False,,False,,False,84.8,15.2,False,81.6,False
HLT33115,Certificate III In Health Services Assistance,Health,Certificate III,2600,82.9,53.3,46.8,91.5,46600.0,Community And Personal Service Workers,53.6,Sales Workers,19.3,Labourers,11.8,Health Care And Social Assistance,51.1,Accommodation And Food Services,20.2,Retail Trade,15.8,46600.0,False,reported,,False,,False,,False,84.7,15.3,False,87.1,False
HLT35021,Certificate III In Dental Assisting,Health,Certificate III,659,92.5,83.5,31.7,91.2,43200.0,Community And Personal Service Workers,88.0,Clerical And Administrative Workers,6.0,Sales Workers,2.2,Health Care And Social Assistance,92.3,Retail Trade,2.2,Accommodation And Food Services,1.2,43200.0,False,reported,,False,,False,,False,96.2,3.8,False,95.7,False
HLT37015,Certificate III In Sterilisation Services,Health,Certificate III,484,84.3,64.4,19.4,93.5,51300.0,Machinery Operators And Drivers,51.6,Community And Personal Service Workers,20.1,Professionals,7.1,Health Care And Social Assistance,77.5,Accommodation And Food Services,5.0,Manufacturing,3.3,51300.0,False,reported,,False,,False,,False,78.8,21.2,False,85.8,False
HLT37215,Certificate III In Pathology Collection,Natural And Physical Sciences,Certificate III,1197,81.0,60.7,26.7,91.5,50800.0,Technicians And Trades Workers,60.4,Community And Personal Service Workers,15.5,Professionals,6.7,Health Care And Social Assistance,79.9,Retail Trade,5.1,Education And Training,3.5,50800.0,False,reported,,False,,False,,False,82.6,17.4,False,88.5,False
HLT37315,Certificate III In Health Administration,Management And Commerce,Certificate III,368,77.3,53.9,23.9,92.4,58500.0,Clerical And Administrative Workers,51.8,Community And Personal Service Workers,16.2,Professionals,8.1,Health Care And Social Assistance,64.9,Retail Trade,10.9,Accommodation And Food Services,6.2,58500.0,False,reported,,False,,False,,False,76.1,23.9,False,82.0,False
HLT42021,Certificate IV In Massage Therapy,Health,Certificate IV,107,85.0,61.4,55.7,78.0,50000.0,Community And Personal Service Workers,72.0,Machinery Operators And Drivers,7.0,Professionals,4.9,Health Care And Social Assistance,59.9,Other Services,15.2,Retail Trade,9.6,,True,imputed_selected_model,ridge_regression,False,49969.36,False,,False,83.9,16.1,False,84.7,False
HLT43015,Certificate IV In Allied Health Assistance,Health,Certificate IV,659,86.8,63.1,27.2,83.4,54700.0,Community And Personal Service Workers,67.9,Professionals,9.5,Clerical And Administrative Workers,7.5,Health Care And Social Assistance,72.4,Education And Training,8.2,Accommodation And Food Services,5.4,54700.0,False,reported,,False,,False,,False,84.9,15.1,False,86.0,False
HLT43021,Certificate IV In Allied Health Assistance,Health,Certificate IV,173,82.4,53.5,33.6,84.3,40800.0,Community And Personal Service Workers,56.8,Sales Workers,18.6,Clerical And Administrative Workers,12.0,Health Care And Social Assistance,56.1,Retail Trade,19.3,Education And Training,9.7,40800.0,False,reported,,False,,False,,False,87.4,12.6,False,85.1,False
HLT45021,Certificate IV In Dental Assisting,Health,Certificate IV,179,96.0,83.8,24.5,90.7,69000.0,Community And Personal Service Workers,90.4,Clerical And Administrative Workers,4.6,Professionals,2.6,Health Care And Social Assistance,95.2,Education And Training,3.1,"Agriculture, Forestry And Fishing",0.7,,True,imputed_selected_model,ridge_regression,False,69006.57,False,,False,97.6,2.4,False,99.0,False
HLT47315,Certificate IV In Health Administration,Management And Commerce,Certificate IV,129,89.0,66.0,22.1,90.9,66200.0,Clerical And Administrative Workers,68.9,Community And Personal Service Workers,16.3,Professionals,6.1,Health Care And Social Assistance,85.6,Administrative And Support Services,3.5,Retail Trade,2.7,,True,imputed_selected_model,ridge_regression,False,66213.03,False,,False,91.3,8.7,False,91.8,False
HLT47321,Certificate IV In Health Administration,Management And Commerce,Certificate IV,120,79.9,50.9,24.4,87.0,51600.0,Clerical And Administrative Workers,69.7,Community And Personal Service Workers,9.1,Managers,7.6,Health Care And Social Assistance,81.3,Retail Trade,4.5,Education And Training,3.7,,True,imputed_selected_model,ridge_regression,False,51587.03,False,,False,86.4,13.6,False,89.5,False
HLT47815,Certificate IV In Optical Dispensing,Health,Certificate IV,101,92.5,86.8,11.7,96.4,62500.0,Technicians And Trades Workers,71.6,Managers,13.4,Sales Workers,5.1,Health Care And Social Assistance,92.4,Retail Trade,4.3,Construction,1.3,,True,imputed_selected_model,ridge_regression,False,62516.58,False,,False,90.1,9.9,False,98.0,False
HLT51020,Diploma Of Emergency Health Care,Health,Diploma,139,94.7,69.8,56.0,74.8,69100.0,Community And Personal Service Workers,67.1,Clerical And Administrative Workers,9.2,Managers,7.7,Health Care And Social Assistance,57.7,Mining,14.1,Public Administration And Safety,5.4,69100.0,False,reported,,False,,False,,False,84.0,16.0,False,77.2,False
HLT52015,Diploma Of Remedial Massage,Health,Diploma,387,93.3,77.7,37.9,90.7,55700.0,Community And Personal Service Workers,72.3,Professionals,7.4,Managers,6.1,Health Care And Social Assistance,69.5,Other Services,7.7,Retail Trade,4.6,55700.0,False,reported,,False,,False,,False,85.8,14.2,False,81.8,False
HLT52021,Diploma Of Remedial Massage,Health,Diploma,243,92.2,77.8,42.0,84.7,60200.0,Community And Personal Service Workers,75.8,Managers,8.2,Professionals,8.0,Health Care And Social Assistance,79.7,Education And Training,4.1,Other Services,3.7,,True,imputed_selected_model,ridge_regression,False,60155.23,False,,False,92.0,8.0,False,87.5,False
HLT54121,Diploma Of Nursing,Health,Diploma,1585,91.8,76.5,43.3,87.1,57300.0,Community And Personal Service Workers,87.5,Professionals,3.5,Sales Workers,3.3,Health Care And Social Assistance,88.3,Retail Trade,3.6,Accommodation And Food Services,3.1,57300.0,False,reported,,False,,False,,False,94.3,5.7,False,95.0,False
ICT20120,Certificate II In Applied Digital Technologies,Information Technology,Certificate II,449,66.4,29.4,40.5,86.0,40400.0,Sales Workers,24.8,Labourers,22.7,Community And Personal Service Workers,17.0,Accommodation And Food Services,31.4,Retail Trade,21.5,Education And Training,13.2,40400.0,False,reported,,False,,False,,False,64.5,35.5,False,66.1,False
ICT30120,Certificate III In Information Technology,Information Technology,Certificate III,1611,77.2,33.6,48.2,85.5,52000.0,Sales Workers,21.1,Technicians And Trades Workers,19.8,Labourers,17.4,Retail Trade,21.7,Accommodation And Food Services,21.1,"Professional, Scientific And Technical Services",12.7,52000.0,False,reported,,False,,False,,False,58.3,41.7,False,55.5,False
ICT30519,Certificate III In Telecommunications Technology,Engineering And Related Technologies,Certificate III,318,95.7,79.8,18.4,81.7,60500.0,Technicians And Trades Workers,88.0,Professionals,5.0,Managers,3.4,Information Media And Telecommunications,42.4,Construction,38.7,Other Services,5.3,60500.0,False,reported,,False,,False,,False,96.4,3.6,False,86.4,False
ICT40120,Certificate IV In Information Technology,Information Technology,Certificate IV,607,85.4,47.2,45.0,81.4,68900.0,Technicians And Trades Workers,35.4,Professionals,27.0,Sales Workers,8.8,"Professional, Scientific And Technical Services",30.5,Retail Trade,11.2,Public Administration And Safety,10.4,68900.0,False,reported,,False,,False,,False,71.2,28.8,False,52.1,False
ICT50220,Diploma Of Information Technology,Information Technology,Diploma,514,85.0,48.7,43.9,79.7,55700.0,Professionals,35.8,Technicians And Trades Workers,14.6,Clerical And Administrative Workers,13.5,"Professional, Scientific And Technical Services",26.6,Retail Trade,14.2,Education And Training,12.0,55700.0,False,reported,,False,,False,,False,63.9,36.1,False,52.8,False
MAR10220,Certificate I In Maritime Operations (General Purpose Hand Near Coastal),Engineering And Related Technologies,Certificate I,185,81.2,55.9,33.2,92.0,,Labourers,28.5,Professionals,15.9,Sales Workers,12.9,Foundation/Non-Vocational,0.0,,0.0,,0.0,,False,structural_missing_certificate_i,,True,,False,Certificate I foundation/non-vocational pathway,False,57.3,42.7,False,0.0,False
MAR20321,Certificate II In Maritime Operations (Coxswain Grade 1 Near Coastal),Engineering And Related Technologies,Certificate II,425,82.1,63.3,25.4,88.8,64900.0,Professionals,28.7,Labourers,20.5,Community And Personal Service Workers,17.3,"Transport, Postal And Warehousing",27.5,Public Administration And Safety,13.2,"Agriculture, Forestry And Fishing",10.4,64900.0,False,reported,,False,,False,,False,66.5,33.5,False,51.1,False
MAR30921,Certificate III In Maritime Operations (Master Up To 24 Metres Near Coastal),Engineering And Related Technologies,Certificate III,205,94.2,82.9,46.2,92.4,73100.0,Professionals,41.6,Labourers,28.8,Technicians And Trades Workers,10.4,"Transport, Postal And Warehousing",43.0,"Agriculture, Forestry And Fishing",23.1,Public Administration And Safety,8.2,73100.0,False,reported,,False,,False,,False,80.8,19.2,False,74.3,False
MEA20518,Certificate II In Aircraft Line Maintenance,Engineering And Related Technologies,Certificate II,115,83.0,48.4,41.8,93.3,41300.0,Technicians And Trades Workers,36.3,Labourers,28.4,Sales Workers,19.1,Accommodation And Food Services,25.7,Retail Trade,20.3,Manufacturing,16.5,41300.0,False,reported,,False,,False,,False,83.8,16.2,False,62.5,False
MEM10119,Certificate I In Engineering,Engineering And Related Technologies,Certificate I,177,74.3,51.6,28.6,95.7,,Technicians And Trades Workers,34.0,Labourers,19.2,Sales Workers,16.8,Foundation/Non-Vocational,0.0,,0.0,,0.0,,False,structural_missing_certificate_i,,True,,False,Certificate I foundation/non-vocational pathway,False,70.0,30.0,False,0.0,False
MEM20105,Certificate II In Engineering,Engineering And Related Technologies,Certificate II,182,92.2,74.1,43.7,91.7,44100.0,Technicians And Trades Workers,62.3,Labourers,15.6,Machinery Operators And Drivers,8.4,Manufacturing,28.7,Other Services,20.3,Mining,13.9,44100.0,False,reported,,False,,False,,False,86.3,13.7,False,62.9,False
MEM20422,Certificate II In Engineering Pathways,Engineering And Related Technologies,Certificate II,1096,76.7,50.7,41.6,93.7,41700.0,Technicians And Trades Workers,39.8,Labourers,25.7,Sales Workers,17.4,Accommodation And Food Services,22.9,Retail Trade,19.9,Construction,16.7,41700.0,False,reported,,False,,False,,False,82.9,17.1,False,59.5,False
MEM30219,Certificate III In Engineering - Mechanical Trade,Engineering And Related Technologies,Certificate III,600,94.9,89.3,16.0,90.9,94800.0,Technicians And Trades Workers,89.1,Machinery Operators And Drivers,3.5,Labourers,2.3,Manufacturing,31.5,Other Services,28.7,Mining,26.6,94800.0,False,reported,,False,,False,,False,94.9,5.1,False,86.8,False
MEM30319,Certificate III In Engineering - Fabrication Trade,Engineering And Related Technologies,Certificate III,388,96.4,93.0,16.6,92.0,69100.0,Technicians And Trades Workers,89.6,Machinery Operators And Drivers,4.2,Labourers,2.7,Manufacturing,71.2,Construction,13.6,Mining,6.1,69100.0,False,reported,,False,,False,,False,96.5,3.5,False,90.9,False
MEM30522,Certificate III In Engineering - Technical,Engineering And Related Technologies,Certificate III,102,78.0,42.3,54.0,81.2,39600.0,Technicians And Trades Workers,39.5,Labourers,24.2,Sales Workers,12.1,Accommodation And Food Services,27.4,Manufacturing,14.5,"Professional, Scientific And Technical Services",13.9,39600.0,False,reported,,False,,False,,False,75.8,24.2,False,55.8,False
MEM31419,Certificate III In Engineering - Fixed And Mobile Plant Mechanic,Engineering And Related Technologies,Certificate III,142,94.1,89.0,18.6,91.7,97000.0,Technicians And Trades Workers,93.2,Managers,2.9,Professionals,1.5,Other Services,54.1,Mining,26.2,Construction,5.4,97000.0,False,reported,,False,,False,,False,97.6,2.4,False,85.7,False
MEM31922,Certificate III In Engineering - Fabrication Trade,Engineering And Related Technologies,Certificate III,544,92.5,88.0,20.8,95.7,83900.0,Technicians And Trades Workers,90.7,Machinery Operators And Drivers,5.0,Labourers,2.5,Manufacturing,67.1,Construction,13.7,Mining,9.2,83900.0,False,reported,,False,,False,,False,98.2,1.8,False,90.0,False
MEM40119,Certificate IV In Engineering,Engineering And Related Technologies,Certificate IV,163,93.3,86.2,17.7,89.7,98600.0,Technicians And Trades Workers,82.7,Professionals,8.3,Machinery Operators And Drivers,3.1,Manufacturing,31.1,Mining,26.7,Other Services,23.2,98600.0,False,reported,,False,,False,,False,94.1,5.9,False,81.0,False
MSF30322,Certificate III In Cabinet Making And Timber Technology,Engineering And Related Technologies,Certificate III,228,92.9,86.4,10.0,84.8,65400.0,Technicians And Trades Workers,89.0,Machinery Operators And Drivers,3.4,Labourers,3.0,Construction,48.5,Manufacturing,47.4,"Transport, Postal And Warehousing",1.1,65400.0,False,reported,,False,,False,,False,95.4,4.6,False,97.0,False
MSF40122,Certificate IV In Interior Decoration,Architecture And Building,Certificate IV,186,81.3,40.8,43.0,79.5,59200.0,Sales Workers,32.8,Professionals,19.4,Clerical And Administrative Workers,11.7,Retail Trade,28.2,"Professional, Scientific And Technical Services",17.9,Accommodation And Food Services,11.7,59200.0,False,reported,,False,,False,,False,63.9,36.1,False,57.8,False
MSF50222,Diploma Of Interior Design,Architecture And Building,Diploma,165,85.9,50.5,29.3,80.9,64600.0,Professionals,34.8,Sales Workers,33.4,Clerical And Administrative Workers,11.5,Retail Trade,32.3,"Professional, Scientific And Technical Services",29.2,Construction,8.6,,True,imputed_selected_model,ridge_regression,False,64573.12,False,,False,79.7,20.3,False,70.1,False
MSL20122,Certificate II In Sampling And Measurement,Natural And Physical Sciences,Certificate II,619,66.5,27.7,24.1,89.2,43500.0,Sales Workers,37.5,Labourers,26.2,Community And Personal Service Workers,18.7,Accommodation And Food Services,43.7,Retail Trade,33.5,Health Care And Social Assistance,4.6,43500.0,False,reported,,False,,False,,False,82.4,17.6,False,81.8,False
MSL30122,Certificate III In Laboratory Skills,Natural And Physical Sciences,Certificate III,719,57.4,24.8,31.2,78.1,53500.0,Sales Workers,27.6,Community And Personal Service Workers,22.9,Labourers,19.4,Accommodation And Food Services,39.2,Retail Trade,19.2,"Professional, Scientific And Technical Services",7.9,53500.0,False,reported,,False,,False,,False,69.9,30.1,False,66.3,False
MSL40118,Certificate IV In Laboratory Techniques,Natural And Physical Sciences,Certificate IV,139,97.8,79.5,43.8,80.8,75300.0,Technicians And Trades Workers,74.2,Professionals,7.2,Clerical And Administrative Workers,6.1,"Professional, Scientific And Technical Services",39.3,Health Care And Social Assistance,16.7,Construction,14.4,,True,imputed_selected_model,ridge_regression,False,75315.0,False,,False,87.5,12.5,False,70.4,False
MSL40122,Certificate IV In Laboratory Techniques,Natural And Physical Sciences,Certificate IV,245,84.4,52.5,43.4,82.3,52000.0,Technicians And Trades Workers,56.5,Community And Personal Service Workers,12.1,Sales Workers,10.1,Health Care And Social Assistance,27.9,"Professional, Scientific And Technical Services",23.9,Education And Training,15.7,52000.0,False,reported,,False,,False,,False,78.7,21.3,False,67.5,False
MSL50122,Diploma Of Laboratory Technology,Natural And Physical Sciences,Diploma,107,86.0,61.1,32.9,84.3,57200.0,Technicians And Trades Workers,64.9,Labourers,10.3,Professionals,7.6,Health Care And Social Assistance,39.4,"Professional, Scientific And Technical Services",19.3,Education And Training,12.0,57200.0,False,reported,,False,,False,,False,82.8,17.2,False,70.7,False
MSM30116,Certificate III In Process Manufacturing,Engineering And Related Technologies,Certificate III,112,64.3,42.3,20.4,92.8,46700.0,Labourers,34.9,Machinery Operators And Drivers,21.5,Sales Workers,14.5,Manufacturing,31.3,Retail Trade,12.0,"Transport, Postal And Warehousing",10.4,46700.0,False,reported,,False,,False,,False,70.9,29.1,False,53.7,False
MSM40116,Certificate IV In Process Manufacturing,Engineering And Related Technologies,Certificate IV,136,95.2,70.7,14.7,85.6,78800.0,Technicians And Trades Workers,33.9,Machinery Operators And Drivers,19.3,Labourers,19.3,Manufacturing,62.7,Construction,19.7,Wholesale Trade,5.7,78800.0,False,reported,,False,,False,,False,72.5,27.5,False,88.1,False
MST31022,"Certificate III In Apparel, Fashion And Textiles",Engineering And Related Technologies,Certificate III,146,84.4,35.0,46.2,92.1,57300.0,Sales Workers,22.8,Managers,16.4,Professionals,14.6,Manufacturing,27.5,Retail Trade,26.9,Other Services,8.4,,True,imputed_selected_model,ridge_regression,False,57271.38,False,,False,53.8,46.2,False,62.8,False
NWP30222,Certificate III In Water Industry Operations,"Agriculture, Environmental And Related Studies",Certificate III,237,98.1,85.4,18.4,87.9,73600.0,Machinery Operators And Drivers,54.4,Technicians And Trades Workers,17.4,Labourers,14.4,"Electricity, Gas, Water And Waste Services",55.2,Public Administration And Safety,20.6,Construction,11.6,73600.0,False,reported,,False,,False,,False,86.2,13.8,False,87.4,False
PMA30120,Certificate III In Process Plant Operations,Engineering And Related Technologies,Certificate III,106,94.9,77.1,13.4,91.5,102800.0,Technicians And Trades Workers,53.3,Machinery Operators And Drivers,31.9,Professionals,6.2,Manufacturing,51.3,Mining,28.9,"Electricity, Gas, Water And Waste Services",6.1,102800.0,False,reported,,False,,False,,False,91.4,8.6,False,86.3,False
PSP20218,Certificate II In Auslan,Society And Culture,Certificate II,253,85.1,49.8,43.1,93.6,47500.0,Professionals,38.6,Community And Personal Service Workers,30.4,Clerical And Administrative Workers,11.4,Health Care And Social Assistance,32.7,Education And Training,32.2,Retail Trade,8.9,,True,imputed_selected_model,ridge_regression,False,47502.12,False,,False,80.4,19.6,False,73.8,False
PSP30218,Certificate III In Auslan,Society And Culture,Certificate III,186,91.0,43.4,63.1,89.6,51200.0,Community And Personal Service Workers,39.1,Professionals,32.0,Clerical And Administrative Workers,9.0,Education And Training,36.6,Health Care And Social Assistance,31.4,"Professional, Scientific And Technical Services",6.2,,True,imputed_selected_model,ridge_regression,False,51189.87,False,,False,80.1,19.9,False,74.2,False
PSP40122,Certificate IV In Government,Management And Commerce,Certificate IV,147,95.8,80.1,29.6,82.8,67500.0,Clerical And Administrative Workers,38.0,Professionals,32.9,Community And Personal Service Workers,20.9,Public Administration And Safety,75.6,"Professional, Scientific And Technical Services",7.7,Administrative And Support Services,6.4,67500.0,False,reported,,False,,False,,False,91.8,8.2,False,89.7,False
PSP40416,Certificate IV In Government Investigations,Society And Culture,Certificate IV,794,98.6,81.1,15.5,91.9,102600.0,Professionals,37.8,Clerical And Administrative Workers,37.2,Managers,10.6,Public Administration And Safety,76.0,Health Care And Social Assistance,4.8,Arts And Recreational Services,4.7,102600.0,False,reported,,False,,False,,False,85.6,14.4,False,85.5,False
PSP40616,Certificate IV In Procurement And Contracting,Management And Commerce,Certificate IV,192,97.2,80.1,20.0,91.3,68700.0,Clerical And Administrative Workers,58.2,Managers,23.0,Professionals,12.9,Public Administration And Safety,63.0,Health Care And Social Assistance,12.7,Construction,6.6,68700.0,False,reported,,False,,False,,False,94.1,5.9,False,82.3,False
PSP50122,Diploma Of Government,Management And Commerce,Diploma,276,97.5,82.7,18.3,82.0,85600.0,Clerical And Administrative Workers,42.9,Professionals,33.7,Technicians And Trades Workers,15.7,Public Administration And Safety,78.6,Education And Training,6.4,Health Care And Social Assistance,5.9,85600.0,False,reported,,False,,False,,False,92.3,7.7,False,90.9,False
PSP50616,Diploma Of Procurement And Contracting,Management And Commerce,Diploma,131,100.0,81.1,8.5,88.1,90600.0,Clerical And Administrative Workers,43.6,Managers,34.3,Professionals,21.0,Public Administration And Safety,62.6,Health Care And Social Assistance,13.1,Construction,8.8,,True,imputed_selected_model,ridge_regression,False,90600.22,False,,False,98.9,1.1,False,84.5,False
PUA20119,Certificate II In Public Safety (Aquatic Rescue),Health,Certificate II,466,82.8,41.1,25.2,94.2,78600.0,Community And Personal Service Workers,25.6,Professionals,23.6,Managers,15.2,Accommodation And Food Services,22.7,Health Care And Social Assistance,13.5,Construction,13.3,78600.0,False,reported,,False,,False,,False,64.4,35.6,False,49.5,False
PUA20622,Certificate II In Public Safety (Firefighting And Emergency Operations),Engineering And Related Technologies,Certificate II,167,97.6,91.5,47.7,96.0,84700.0,Community And Personal Service Workers,86.2,Technicians And Trades Workers,4.3,Machinery Operators And Drivers,3.7,Public Administration And Safety,80.0,Accommodation And Food Services,4.9,Construction,4.0,84700.0,False,reported,,False,,False,,False,94.2,5.8,False,88.9,False
PUA20719,Certificate II In Public Safety (Firefighting Operations),Engineering And Related Technologies,Certificate II,228,86.8,43.8,43.9,87.4,68000.0,Community And Personal Service Workers,20.5,Managers,18.8,Professionals,17.4,Public Administration And Safety,32.3,Construction,11.0,Arts And Recreational Services,8.7,,True,imputed_selected_model,ridge_regression,False,68026.25,False,,False,56.7,43.3,False,52.0,False
PUA30622,Certificate III In Public Safety (Firefighting And Emergency Operations),Engineering And Related Technologies,Certificate III,227,98.4,94.1,24.1,91.1,90700.0,Community And Personal Service Workers,95.0,Managers,1.8,Machinery Operators And Drivers,1.0,Public Administration And Safety,96.4,Mining,1.4,Education And Training,1.0,90700.0,False,reported,,False,,False,,False,97.8,2.2,False,98.8,False
PUA40319,Certificate IV In Public Safety (Firefighting Supervision),Engineering And Related Technologies,Certificate IV,120,100.0,97.0,30.2,85.5,86800.0,Community And Personal Service Workers,85.5,Managers,13.2,Professionals,1.3,Public Administration And Safety,95.0,"Transport, Postal And Warehousing",4.4,Education And Training,0.6,,True,imputed_selected_model,ridge_regression,False,86825.38,False,,False,100.0,0.0,True,100.0,False
RII20120,Certificate II In Resources And Infrastructure Work Preparation,Engineering And Related Technologies,Certificate II,394,68.7,45.3,24.0,93.2,57000.0,Labourers,35.5,Technicians And Trades Workers,20.2,Machinery Operators And Drivers,13.8,Construction,25.8,Accommodation And Food Services,17.1,Retail Trade,10.8,57000.0,False,reported,,False,,False,,False,69.5,30.5,False,53.7,False
RII20920,Certificate II In Drilling Operations,Engineering And Related Technologies,Certificate II,103,90.7,83.4,50.5,91.4,65300.0,Labourers,66.3,Machinery Operators And Drivers,22.1,Technicians And Trades Workers,7.3,Mining,51.5,Construction,35.1,"Transport, Postal And Warehousing",4.8,65300.0,False,reported,,False,,False,,False,95.7,4.3,False,91.4,False
RII30120,Certificate III In Surface Extraction Operations,Engineering And Related Technologies,Certificate III,357,94.2,83.4,11.2,86.0,104700.0,Machinery Operators And Drivers,87.4,Technicians And Trades Workers,6.2,Labourers,3.1,Mining,87.6,Construction,4.3,"Transport, Postal And Warehousing",1.5,104700.0,False,reported,,False,,False,,False,96.7,3.3,False,93.4,False
RII30719,Certificate III In Emergency Response And Rescue,Engineering And Related Technologies,Certificate III,149,97.9,80.3,25.8,92.6,126000.0,Machinery Operators And Drivers,37.9,Community And Personal Service Workers,27.0,Technicians And Trades Workers,21.8,Mining,65.0,Manufacturing,12.3,Health Care And Social Assistance,8.5,126000.0,False,reported,,False,,False,,False,86.7,13.3,False,85.8,False
RII30820,Certificate III In Civil Construction Plant Operations,Engineering And Related Technologies,Certificate III,654,78.1,59.7,21.4,91.8,64000.0,Machinery Operators And Drivers,37.4,Labourers,29.3,Technicians And Trades Workers,20.3,Construction,61.3,Public Administration And Safety,6.7,Mining,6.0,64000.0,False,reported,,False,,False,,False,87.0,13.0,False,74.0,False
RII30920,Certificate III In Civil Construction,Engineering And Related Technologies,Certificate III,393,88.7,74.6,23.7,88.3,63100.0,Labourers,42.5,Machinery Operators And Drivers,31.1,Technicians And Trades Workers,18.9,Construction,69.7,Public Administration And Safety,8.6,"Transport, Postal And Warehousing",3.7,63100.0,False,reported,,False,,False,,False,92.5,7.5,False,82.0,False
RII31820,Certificate III In Drilling Operations,Engineering And Related Technologies,Certificate III,105,96.5,86.8,23.8,85.3,94100.0,Machinery Operators And Drivers,78.6,Labourers,12.7,Professionals,3.7,Mining,62.8,Construction,32.1,Public Administration And Safety,2.5,94100.0,False,reported,,False,,False,,False,95.0,5.0,False,97.4,False
RII40720,Certificate IV In Civil Construction,Engineering And Related Technologies,Certificate IV,137,97.8,87.0,20.7,88.9,89900.0,Technicians And Trades Workers,42.3,Machinery Operators And Drivers,17.5,Managers,11.0,Construction,70.6,Public Administration And Safety,14.1,"Professional, Scientific And Technical Services",7.0,,True,imputed_selected_model,ridge_regression,False,89906.63,False,,False,70.8,29.2,False,91.7,False
RII60520,Advanced Diploma Of Civil Construction Design,Engineering And Related Technologies,Advanced Diploma,140,70.2,48.6,23.1,96.1,68500.0,Technicians And Trades Workers,18.8,Professionals,18.0,Clerical And Administrative Workers,13.9,Construction,19.5,"Professional, Scientific And Technical Services",17.6,Retail Trade,16.5,68500.0,False,reported,,False,,False,,False,50.7,49.3,False,53.6,False
SFL30115,Certificate III In Floristry,Creative Arts,Certificate III,235,80.6,52.7,23.7,92.9,52200.0,Technicians And Trades Workers,39.5,Managers,12.5,Professionals,12.5,Retail Trade,54.4,Accommodation And Food Services,8.8,Education And Training,6.6,,True,imputed_selected_model,ridge_regression,False,52175.55,False,,False,64.5,35.5,False,69.8,False
SHB20121,Certificate II In Retail Cosmetics,"Food, Hospitality And Personal Services",Certificate II,249,76.0,42.0,40.3,92.8,35600.0,Sales Workers,42.1,Community And Personal Service Workers,29.9,Labourers,19.6,Accommodation And Food Services,48.2,Retail Trade,31.1,Other Services,13.0,,True,imputed_selected_model,ridge_regression,False,35646.81,False,,False,91.6,8.4,False,92.3,False
SHB20216,Certificate II In Salon Assistant,"Food, Hospitality And Personal Services",Certificate II,658,78.2,48.8,43.4,91.5,28900.0,Technicians And Trades Workers,28.1,Sales Workers,26.3,Community And Personal Service Workers,24.2,Other Services,38.6,Accommodation And Food Services,29.1,Retail Trade,19.8,28900.0,False,reported,,False,,False,,False,78.6,21.4,False,87.5,False
SHB30121,Certificate III In Beauty Services,"Food, Hospitality And Personal Services",Certificate III,491,79.0,43.5,45.1,87.0,32800.0,Community And Personal Service Workers,46.9,Sales Workers,26.2,Labourers,9.2,Other Services,33.9,Accommodation And Food Services,26.7,Retail Trade,22.3,32800.0,False,reported,,False,,False,,False,82.3,17.7,False,82.9,False
SHB30221,Certificate III In Make-Up,"Food, Hospitality And Personal Services",Certificate III,179,78.8,40.3,47.9,83.5,43000.0,Sales Workers,34.5,Community And Personal Service Workers,27.5,Technicians And Trades Workers,12.5,Retail Trade,36.6,Other Services,21.0,Accommodation And Food Services,14.3,,True,imputed_selected_model,ridge_regression,False,43041.31,False,,False,74.5,25.5,False,71.9,False
SHB30321,Certificate III In Nail Technology,"Food, Hospitality And Personal Services",Certificate III,259,75.7,41.3,31.5,81.9,37300.0,Community And Personal Service Workers,44.2,Sales Workers,21.6,Clerical And Administrative Workers,10.7,Other Services,36.9,Retail Trade,23.3,Accommodation And Food Services,14.1,37300.0,False,reported,,False,,False,,False,76.5,23.5,False,74.3,False
SHB30416,Certificate III In Hairdressing,"Food, Hospitality And Personal Services",Certificate III,650,90.5,81.6,18.3,82.2,48600.0,Technicians And Trades Workers,84.0,Community And Personal Service Workers,4.4,Managers,3.5,Other Services,87.4,Retail Trade,3.4,Health Care And Social Assistance,2.7,48600.0,False,reported,,False,,False,,False,91.9,8.1,False,93.5,False
SHB30516,Certificate III In Barbering,"Food, Hospitality And Personal Services",Certificate III,223,84.4,72.4,15.4,87.2,53200.0,Technicians And Trades Workers,81.2,Managers,8.0,Community And Personal Service Workers,6.1,Other Services,90.5,Accommodation And Food Services,2.4,Health Care And Social Assistance,1.4,53200.0,False,reported,,False,,False,,False,95.3,4.7,False,94.3,False
SHB50121,Diploma Of Beauty Therapy,"Food, Hospitality And Personal Services",Diploma,670,85.9,67.0,34.4,82.2,52200.0,Community And Personal Service Workers,71.9,Sales Workers,13.6,Technicians And Trades Workers,3.8,Other Services,64.0,Retail Trade,13.5,Health Care And Social Assistance,9.9,52200.0,False,reported,,False,,False,,False,89.3,10.7,False,87.4,False
SIR20216,Certificate II In Retail Services,Management And Commerce,Certificate II,301,66.3,38.2,36.3,87.7,33600.0,Sales Workers,43.2,Labourers,29.2,Community And Personal Service Workers,11.5,Accommodation And Food Services,52.8,Retail Trade,19.6,Administrative And Support Services,4.8,33600.0,False,reported,,False,,False,,False,83.9,16.1,False,77.2,False
SIR30116,Certificate III In Community Pharmacy,Management And Commerce,Certificate III,309,85.8,77.1,24.8,96.4,52900.0,Sales Workers,59.0,Technicians And Trades Workers,22.4,Managers,4.4,Retail Trade,84.6,Health Care And Social Assistance,7.3,Administrative And Support Services,1.5,52900.0,False,reported,,False,,False,,False,85.8,14.2,False,93.4,False
SIR30216,Certificate III In Retail,Management And Commerce,Certificate III,1230,82.2,64.0,32.4,87.8,47600.0,Sales Workers,45.1,Labourers,18.0,Managers,11.0,Accommodation And Food Services,48.7,Retail Trade,29.9,Health Care And Social Assistance,5.2,47600.0,False,reported,,False,,False,,False,74.1,25.9,False,83.8,False
SIR40316,Certificate IV In Retail Management,Management And Commerce,Certificate IV,102,96.9,79.7,19.9,87.7,68700.0,Managers,57.1,Sales Workers,19.8,Clerical And Administrative Workers,11.0,Retail Trade,60.9,Wholesale Trade,22.0,Accommodation And Food Services,7.5,,True,imputed_selected_model,ridge_regression,False,68665.29,False,,False,87.9,12.1,False,90.4,False
SIS20122,Certificate II In Sport And Recreation,Society And Culture,Certificate II,741,79.4,41.7,45.1,94.1,37800.0,Sales Workers,31.5,Community And Personal Service Workers,24.8,Labourers,24.2,Accommodation And Food Services,34.2,Retail Trade,27.6,Arts And Recreational Services,10.9,37800.0,False,reported,,False,,False,,False,80.5,19.5,False,72.7,False
SIS20321,Certificate II In Sport Coaching,Society And Culture,Certificate II,568,79.2,46.7,45.8,93.1,36000.0,Community And Personal Service Workers,32.0,Sales Workers,27.2,Labourers,17.9,Accommodation And Food Services,28.7,Retail Trade,23.1,Arts And Recreational Services,14.3,36000.0,False,reported,,False,,False,,False,77.1,22.9,False,66.1,False
SIS20419,Certificate II In Outdoor Recreation,Society And Culture,Certificate II,375,82.1,48.1,37.8,93.6,41600.0,Sales Workers,27.0,Labourers,23.2,Community And Personal Service Workers,23.1,Accommodation And Food Services,35.6,Retail Trade,24.2,Arts And Recreational Services,6.9,41600.0,False,reported,,False,,False,,False,73.3,26.7,False,66.7,False
SIS30115,Certificate III In Sport And Recreation,Society And Culture,Certificate III,742,82.7,56.7,36.4,92.3,37000.0,Community And Personal Service Workers,31.8,Sales Workers,25.2,Labourers,17.1,Accommodation And Food Services,23.8,Retail Trade,23.6,Arts And Recreational Services,14.1,37000.0,False,reported,,False,,False,,False,74.1,25.9,False,61.5,False
SIS30122,"Certificate III In Sport, Aquatics And Recreation",Society And Culture,Certificate III,260,93.1,70.5,44.3,95.2,39800.0,Community And Personal Service Workers,37.8,Sales Workers,20.0,Technicians And Trades Workers,13.8,Education And Training,24.1,Retail Trade,17.9,Arts And Recreational Services,16.8,39800.0,False,reported,,False,,False,,False,71.6,28.4,False,58.8,False
SIS30321,Certificate III In Fitness,Society And Culture,Certificate III,1950,89.5,56.0,52.2,83.6,42300.0,Community And Personal Service Workers,36.6,Sales Workers,15.6,Labourers,10.6,Arts And Recreational Services,19.1,Accommodation And Food Services,15.4,Retail Trade,15.2,42300.0,False,reported,,False,,False,,False,62.8,37.2,False,49.7,False
SIS30521,Certificate III In Sport Coaching,Society And Culture,Certificate III,173,88.8,73.2,29.3,94.2,46300.0,Community And Personal Service Workers,32.0,Professionals,23.1,Sales Workers,13.3,Education And Training,28.3,Arts And Recreational Services,19.2,Accommodation And Food Services,16.6,46300.0,False,reported,,False,,False,,False,68.4,31.6,False,64.1,False
SIS40221,Certificate IV In Fitness,Society And Culture,Certificate IV,799,91.7,72.6,34.4,82.0,50000.0,Community And Personal Service Workers,52.4,Professionals,14.1,Managers,8.3,Arts And Recreational Services,34.8,Education And Training,12.8,Other Services,11.1,50000.0,False,reported,,False,,False,,False,74.8,25.2,False,58.7,False
SIT10222,Certificate I In Hospitality,"Food, Hospitality And Personal Services",Certificate I,510,64.3,36.4,36.7,91.5,,Labourers,35.8,Sales Workers,24.5,Community And Personal Service Workers,22.8,Foundation/Non-Vocational,0.0,,0.0,,0.0,,False,structural_missing_certificate_i,,True,,False,Certificate I foundation/non-vocational pathway,False,83.1,16.9,False,0.0,False
SIT20122,Certificate II In Tourism,Management And Commerce,Certificate II,289,75.7,47.3,32.1,89.7,39200.0,Sales Workers,33.6,Community And Personal Service Workers,25.5,Labourers,18.1,Accommodation And Food Services,51.1,Retail Trade,27.0,Arts And Recreational Services,3.7,,True,imputed_selected_model,ridge_regression,False,39208.18,False,,False,77.2,22.8,False,81.8,False
SIT20322,Certificate II In Hospitality,"Food, Hospitality And Personal Services",Certificate II,2078,74.0,52.1,29.1,92.1,32400.0,Community And Personal Service Workers,34.0,Sales Workers,25.0,Labourers,23.7,Accommodation And Food Services,57.1,Retail Trade,19.8,Health Care And Social Assistance,4.6,32400.0,False,reported,,False,,False,,False,82.7,17.3,False,81.5,False
SIT20421,Certificate II In Cookery,"Food, Hospitality And Personal Services",Certificate II,1098,75.0,52.2,28.9,91.4,32500.0,Labourers,26.4,Community And Personal Service Workers,25.6,Sales Workers,21.6,Accommodation And Food Services,55.1,Retail Trade,20.1,Health Care And Social Assistance,5.5,32500.0,False,reported,,False,,False,,False,73.6,26.4,False,80.7,False
SIT30122,Certificate III In Tourism,Management And Commerce,Certificate III,120,73.1,48.9,24.0,87.2,38800.0,Community And Personal Service Workers,33.6,Sales Workers,29.1,Clerical And Administrative Workers,14.8,Retail Trade,27.5,Accommodation And Food Services,25.8,"Transport, Postal And Warehousing",9.8,38800.0,False,reported,,False,,False,,False,77.5,22.5,False,63.1,False
SIT30222,Certificate III In Travel,Management And Commerce,Certificate III,154,91.2,74.7,50.6,77.7,47400.0,Community And Personal Service Workers,81.1,Clerical And Administrative Workers,7.2,Managers,6.2,Administrative And Support Services,78.9,Accommodation And Food Services,4.3,"Transport, Postal And Warehousing",2.9,47400.0,False,reported,,False,,False,,False,94.5,5.5,False,86.1,False
SIT30622,Certificate III In Hospitality,"Food, Hospitality And Personal Services",Certificate III,1383,84.0,67.9,28.7,85.3,45100.0,Community And Personal Service Workers,37.2,Sales Workers,20.1,Labourers,18.7,Accommodation And Food Services,66.2,Retail Trade,8.2,Arts And Recreational Services,6.8,45100.0,False,reported,,False,,False,,False,76.0,24.0,False,81.2,False
SIT30821,Certificate III In Commercial Cookery,"Food, Hospitality And Personal Services",Certificate III,653,92.0,81.4,25.4,91.2,60100.0,Technicians And Trades Workers,76.6,Labourers,11.7,Community And Personal Service Workers,3.7,Accommodation And Food Services,83.3,Health Care And Social Assistance,6.6,Manufacturing,2.3,60100.0,False,reported,,False,,False,,False,92.0,8.0,False,92.2,False
SIT30921,Certificate III In Catering,"Food, Hospitality And Personal Services",Certificate III,236,97.1,70.6,11.2,85.9,68800.0,Professionals,91.7,Managers,3.0,Community And Personal Service Workers,2.3,Education And Training,94.0,Accommodation And Food Services,3.3,Health Care And Social Assistance,1.5,,True,imputed_selected_model,ridge_regression,False,68773.66,False,,False,97.0,3.0,False,98.8,False
SIT31021,Certificate III In Patisserie,"Food, Hospitality And Personal Services",Certificate III,127,81.4,53.6,27.7,86.8,47300.0,Technicians And Trades Workers,45.9,Labourers,17.7,Community And Personal Service Workers,9.4,Accommodation And Food Services,41.9,Manufacturing,20.8,Health Care And Social Assistance,7.6,,True,imputed_selected_model,ridge_regression,False,47261.03,False,,False,73.0,27.0,False,70.3,False
SIT40422,Certificate IV In Hospitality,"Food, Hospitality And Personal Services",Certificate IV,246,92.5,67.8,23.1,87.2,73300.0,Community And Personal Service Workers,53.2,Managers,16.4,Technicians And Trades Workers,11.4,Accommodation And Food Services,74.9,Retail Trade,5.2,Public Administration And Safety,3.0,73300.0,False,reported,,False,,False,,False,81.0,19.0,False,83.1,False
SIT40521,Certificate IV In Kitchen Management,"Food, Hospitality And Personal Services",Certificate IV,559,93.1,84.5,25.9,95.3,61500.0,Technicians And Trades Workers,79.4,Labourers,8.0,Professionals,4.9,Accommodation And Food Services,84.7,Health Care And Social Assistance,5.4,Education And Training,5.3,61500.0,False,reported,,False,,False,,False,92.3,7.7,False,95.4,False
SIT40721,Certificate IV In Patisserie,"Food, Hospitality And Personal Services",Certificate IV,101,80.1,59.1,28.7,87.4,52400.0,Technicians And Trades Workers,46.6,Labourers,17.9,Community And Personal Service Workers,17.5,Accommodation And Food Services,52.0,Manufacturing,23.3,Health Care And Social Assistance,6.8,,True,imputed_selected_model,ridge_regression,False,52412.47,False,,False,82.0,18.0,False,82.1,False
SIT50422,Diploma Of Hospitality Management,Management And Commerce,Diploma,292,92.3,81.8,25.2,94.1,57700.0,Technicians And Trades Workers,35.8,Managers,30.2,Community And Personal Service Workers,14.6,Accommodation And Food Services,83.5,Education And Training,7.7,Manufacturing,2.5,57700.0,False,reported,,False,,False,,False,80.6,19.4,False,93.7,False
TAE40116,Certificate IV In Training And Assessment,Education,Certificate IV,3421,95.0,74.4,25.7,83.0,84200.0,Professionals,60.4,Community And Personal Service Workers,12.1,Managers,11.3,Education And Training,40.8,Health Care And Social Assistance,18.2,Public Administration And Safety,10.4,84200.0,False,reported,,False,,False,,False,83.8,16.2,False,69.4,False
TAE40122,Certificate IV In Training And Assessment,Education,Certificate IV,3170,94.2,74.9,23.6,85.6,78800.0,Professionals,57.9,Community And Personal Service Workers,13.1,Managers,10.1,Education And Training,43.5,Health Care And Social Assistance,16.8,Public Administration And Safety,9.6,78800.0,False,reported,,False,,False,,False,81.1,18.9,False,69.9,False
TAE50116,Diploma Of Vocational Education And Training,Education,Diploma,189,98.6,81.7,25.4,90.0,79900.0,Professionals,77.8,Managers,16.9,Community And Personal Service Workers,2.8,Education And Training,85.9,Public Administration And Safety,2.7,Construction,2.5,79900.0,False,reported,,False,,False,,False,97.5,2.5,False,91.1,False
TAE50216,Diploma Of Training Design And Development,Education,Diploma,121,98.9,81.4,32.7,91.8,75900.0,Professionals,66.2,Managers,25.1,Community And Personal Service Workers,3.6,Education And Training,77.7,Public Administration And Safety,8.9,Health Care And Social Assistance,3.5,,True,imputed_selected_model,ridge_regression,False,75885.65,False,,False,94.9,5.1,False,90.1,False
TLI20421,Certificate II In Supply Chain Operations,Management And Commerce,Certificate II,142,75.6,45.0,34.6,92.2,41700.0,Machinery Operators And Drivers,28.0,Technicians And Trades Workers,27.9,Labourers,19.0,Retail Trade,17.3,Construction,16.0,Accommodation And Food Services,15.1,41700.0,False,reported,,False,,False,,False,74.9,25.1,False,48.4,False
TLI27121,Certificate II In Rail Infrastructure,Engineering And Related Technologies,Certificate II,130,74.5,46.3,29.5,91.9,58000.0,Labourers,43.4,Machinery Operators And Drivers,30.2,Technicians And Trades Workers,9.4,Construction,47.0,"Transport, Postal And Warehousing",20.0,Mining,9.2,58000.0,False,reported,,False,,False,,False,83.0,17.0,False,76.2,False
TLI30321,Certificate III In Supply Chain Operations,Management And Commerce,Certificate III,567,86.0,63.1,21.8,91.2,61100.0,Machinery Operators And Drivers,53.7,Clerical And Administrative Workers,13.6,Sales Workers,8.8,"Transport, Postal And Warehousing",30.4,Wholesale Trade,15.4,Manufacturing,14.6,61100.0,False,reported,,False,,False,,False,76.1,23.9,False,60.4,False
TLI31222,Certificate III In Driving Operations,Engineering And Related Technologies,Certificate III,444,88.9,73.2,13.9,87.5,67700.0,Machinery Operators And Drivers,85.8,Labourers,4.0,Clerical And Administrative Workers,2.7,"Transport, Postal And Warehousing",81.0,"Electricity, Gas, Water And Waste Services",4.3,Mining,2.8,67700.0,False,reported,,False,,False,,False,92.5,7.5,False,88.1,False
TLI31421,Certificate III In Light Rail Driving,Engineering And Related Technologies,Certificate III,115,93.3,88.1,7.1,94.3,90500.0,Machinery Operators And Drivers,94.8,Community And Personal Service Workers,3.2,Clerical And Administrative Workers,1.0,"Transport, Postal And Warehousing",94.1,Public Administration And Safety,3.0,Health Care And Social Assistance,1.9,,True,imputed_selected_model,ridge_regression,False,90512.6,False,,False,99.0,1.0,False,99.0,False
TLI41222,Certificate IV In Motor Vehicle Driver Training,Education,Certificate IV,335,89.2,74.0,21.0,87.7,77300.0,Community And Personal Service Workers,50.9,Machinery Operators And Drivers,14.3,Professionals,14.3,Education And Training,49.5,"Transport, Postal And Warehousing",13.9,Health Care And Social Assistance,9.5,77300.0,False,reported,,False,,False,,False,79.5,20.5,False,72.9,False
TLI42622,Certificate IV In Train Driving,Engineering And Related Technologies,Certificate IV,455,96.4,87.0,6.7,85.8,112800.0,Machinery Operators And Drivers,96.3,Professionals,1.8,Labourers,0.8,"Transport, Postal And Warehousing",78.2,Mining,19.0,Education And Training,0.6,112800.0,False,reported,,False,,False,,False,98.9,1.1,False,97.8,False
UEE20120,Certificate II In Split Air Conditioning And Heat Pump Systems,Engineering And Related Technologies,Certificate II,252,96.5,86.6,25.8,92.0,84800.0,Technicians And Trades Workers,90.9,Managers,5.1,Labourers,2.1,Construction,79.6,Mining,12.4,"Electricity, Gas, Water And Waste Services",2.5,84800.0,False,reported,,False,,False,,False,98.1,1.9,False,94.5,False
UEE22020,Certificate II In Electrotechnology (Career Start),Engineering And Related Technologies,Certificate II,1580,83.4,59.3,42.7,90.8,41700.0,Technicians And Trades Workers,50.9,Labourers,21.2,Sales Workers,12.6,Construction,38.0,Accommodation And Food Services,16.7,Retail Trade,15.1,41700.0,False,reported,,False,,False,,False,84.7,15.3,False,69.8,False
UEE30820,Certificate III In Electrotechnology Electrician,Engineering And Related Technologies,Certificate III,1339,97.3,93.5,22.6,83.7,90000.0,Technicians And Trades Workers,93.5,Labourers,2.2,Professionals,1.9,Construction,73.3,"Electricity, Gas, Water And Waste Services",8.2,Mining,7.1,90000.0,False,reported,,False,,False,,False,97.6,2.4,False,88.6,False
UEE32220,Certificate III In Air Conditioning And Refrigeration,Engineering And Related Technologies,Certificate III,278,99.2,92.6,18.0,83.5,75800.0,Technicians And Trades Workers,90.2,Managers,4.2,Clerical And Administrative Workers,1.5,Construction,66.4,Other Services,27.0,Education And Training,2.2,75800.0,False,reported,,False,,False,,False,95.9,4.1,False,95.6,False
UEE40420,Certificate IV In Electrical - Instrumentation,Engineering And Related Technologies,Certificate IV,193,98.9,88.5,39.1,92.7,119200.0,Technicians And Trades Workers,98.6,Professionals,0.6,Managers,0.4,Mining,47.5,Construction,26.7,Manufacturing,13.4,119200.0,False,reported,,False,,False,,False,99.6,0.4,False,87.6,False
UEE42622,Certificate IV In Hazardous Areas - Electrical,Engineering And Related Technologies,Certificate IV,122,98.3,78.0,38.7,90.4,134500.0,Technicians And Trades Workers,89.4,Professionals,3.9,Machinery Operators And Drivers,2.6,Mining,44.3,Construction,30.0,"Electricity, Gas, Water And Waste Services",9.7,134500.0,False,reported,,False,,False,,False,95.9,4.1,False,84.0,False
