anzsco_code,occupation_title,national_shortage_rating,nsw_rating,vic_rating,qld_rating,sa_rating,wa_rating,tas_rating,nt_rating,act_rating,skill_level,major_occupation_group,classification_system,major_group_code,major_group_label
111111,Chief Executive Or Managing Director,No Shortage,No Shortage,No Shortage,No Shortage,No Shortage,No Shortage,No Shortage,No Shortage,No Shortage,1,1,ANZSCO_2022,1,Managers
111211,Corporate General Manager,No Shortage,No Shortage,No Shortage,No Shortage,No Shortage,No Shortage,No Shortage,No Shortage,No Shortage,1,1,ANZSCO_2022,1,Managers
121111,Aquaculture Farmer,No Shortage,No Shortage,No Shortage,No Shortage,No Shortage,No Shortage,No Shortage,No Shortage,No Shortage,1,1,ANZSCO_2022,1,Managers
121311,Apiarist,No Shortage,No Shortage,No Shortage,No Shortage,No Shortage,No Shortage,No Shortage,No Shortage,No Shortage,1,1,ANZSCO_2022,1,Managers
121312,Beef Cattle Farmer,No Shortage,No Shortage,No Shortage,No Shortage,No Shortage,No Shortage,No Shortage,Shortage,No Shortage,1,1,ANZSCO_2022,1,Managers
121313,Dairy Cattle Farmer,No Shortage,No Shortage,No Shortage,No Shortage,No Shortage,No Shortage,No Shortage,No Shortage,No Shortage,1,1,ANZSCO_2022,1,Managers
121314,Deer Farmer,No Shortage,No Shortage,No Shortage,No Shortage,No Shortage,No Shortage,No Shortage,No Shortage,No Shortage,1,1,ANZSCO_2022,1,Managers
121315,Goat Farmer,No Shortage,No Shortage,No Shortage,No Shortage,No Shortage,No Shortage,No Shortage,No Shortage,No Shortage,1,1,ANZSCO_2022,1,Managers
121316,Horse Breeder,No Shortage,No Shortage,No Shortage,No Shortage,No Shortage,No Shortage,No Shortage,No Shortage,No Shortage,1,1,ANZSCO_2022,1,Managers
121318,Pig Farmer,No Shortage,No Shortage,No Shortage,No Shortage,No Shortage,No Shortage,No Shortage,No Shortage,No Shortage,1,1,ANZSCO_2022,1,Managers
121321,Poultry Farmer,No Shortage,No Shortage,No Shortage,No Shortage,No Shortage,No Shortage,No Shortage,No Shortage,No Shortage,1,1,ANZSCO_2022,1,Managers
121322,Sheep Farmer,No Shortage,No Shortage,No Shortage,No Shortage,No Shortage,No Shortage,No Shortage,No Shortage,No Shortage,1,1,ANZSCO_2022,1,Managers
121323,Mixed Cattle And Sheep Farmer,No Shortage,No Shortage,No Shortage,No Shortage,No Shortage,No Shortage,No Shortage,No Shortage,No Shortage,1,1,ANZSCO_2022,1,Managers
121399,Livestock Farmers NEC,No Shortage,No Shortage,No Shortage,No Shortage,No Shortage,No Shortage,No Shortage,No Shortage,No Shortage,1,1,ANZSCO_2022,1,Managers
121511,Cotton Grower,No Shortage,No Shortage,No Shortage,No Shortage,No Shortage,No Shortage,No Shortage,No Shortage,No Shortage,1,1,ANZSCO_2022,1,Managers
121512,"Grain, Oilseed, Pulse Or Pasture Grower / Field Crop Grower",No Shortage,No Shortage,No Shortage,No Shortage,No Shortage,Shortage,No Shortage,No Shortage,No Shortage,1,1,ANZSCO_2022,1,Managers
121513,Sugar Cane Grower,No Shortage,No Shortage,No Shortage,No Shortage,No Shortage,No Shortage,No Shortage,No Shortage,No Shortage,1,1,ANZSCO_2022,1,Managers
121599,Broadacre Crop Growers NEC,No Shortage,No Shortage,No Shortage,No Shortage,No Shortage,No Shortage,No Shortage,No Shortage,No Shortage,1,1,ANZSCO_2022,1,Managers
121611,Flower Grower,No Shortage,No Shortage,No Shortage,No Shortage,No Shortage,No Shortage,No Shortage,No Shortage,No Shortage,1,1,ANZSCO_2022,1,Managers
121612,Fruit Grower,No Shortage,No Shortage,No Shortage,No Shortage,No Shortage,Shortage,No Shortage,No Shortage,No Shortage,1,1,ANZSCO_2022,1,Managers
121613,Nut Grower,No Shortage,No Shortage,No Shortage,No Shortage,No Shortage,No Shortage,No Shortage,No Shortage,No Shortage,1,1,ANZSCO_2022,1,Managers
121614,Production Nursery Grower,No Shortage,No Shortage,No Shortage,No Shortage,No Shortage,No Shortage,No Shortage,No Shortage,No Shortage,1,1,ANZSCO_2022,1,Managers
121615,Turf Grower,No Shortage,No Shortage,No Shortage,No Shortage,No Shortage,No Shortage,No Shortage,No Shortage,No Shortage,1,1,ANZSCO_2022,1,Managers
121616,Vegetable Grower,No Shortage,No Shortage,No Shortage,No Shortage,No Shortage,Shortage,No Shortage,No Shortage,No Shortage,1,1,ANZSCO_2022,1,Managers
121617,Wine Grape Grower,No Shortage,No Shortage,No Shortage,No Shortage,No Shortage,No Shortage,No Shortage,No Shortage,No Shortage,1,1,ANZSCO_2022,1,Managers
121699,Horticultural Crop Growers NEC,No Shortage,No Shortage,No Shortage,No Shortage,No Shortage,No Shortage,No Shortage,No Shortage,No Shortage,1,1,ANZSCO_2022,1,Managers
121711,Broadacre Crop And Livestock Farmer,No Shortage,No Shortage,No Shortage,No Shortage,No Shortage,No Shortage,No Shortage,No Shortage,No Shortage,1,1,ANZSCO_2022,1,Managers
121799,Mixed Production Farmers NEC,No Shortage,No Shortage,No Shortage,No Shortage,No Shortage,No Shortage,No Shortage,No Shortage,No Shortage,1,1,ANZSCO_2022,1,Managers
131112,Sales And Marketing Manager,No Shortage,No Shortage,No Shortage,No Shortage,No Shortage,No Shortage,No Shortage,No Shortage,No Shortage,1,1,ANZSCO_2022,1,Managers
131113,Advertising Manager,No Shortage,No Shortage,No Shortage,No Shortage,No Shortage,No Shortage,No Shortage,No Shortage,No Shortage,1,1,ANZSCO_2022,1,Managers
131114,Public Relations Manager,No Shortage,No Shortage,No Shortage,No Shortage,No Shortage,No Shortage,No Shortage,No Shortage,No Shortage,1,1,ANZSCO_2022,1,Managers
132111,Corporate Services Manager,No Shortage,No Shortage,No Shortage,No Shortage,No Shortage,No Shortage,No Shortage,No Shortage,No Shortage,1,1,ANZSCO_2022,1,Managers
132211,Finance Manager,No Shortage,No Shortage,No Shortage,No Shortage,No Shortage,No Shortage,No Shortage,No Shortage,No Shortage,1,1,ANZSCO_2022,1,Managers
132311,Human Resource Manager,No Shortage,No Shortage,No Shortage,No Shortage,No Shortage,No Shortage,No Shortage,No Shortage,No Shortage,1,1,ANZSCO_2022,1,Managers
132411,Policy And Planning Manager,No Shortage,No Shortage,No Shortage,No Shortage,No Shortage,No Shortage,No Shortage,No Shortage,No Shortage,1,1,ANZSCO_2022,1,Managers
132511,Research And Development Manager,No Shortage,No Shortage,No Shortage,No Shortage,No Shortage,No Shortage,No Shortage,Shortage,No Shortage,1,1,ANZSCO_2022,1,Managers
133111,Construction Project Manager,Shortage,Shortage,Shortage,Shortage,Shortage,Shortage,Shortage,Shortage,Shortage,1,1,ANZSCO_2022,1,Managers
133112,Project Builder,No Shortage,No Shortage,No Shortage,No Shortage,No Shortage,Shortage,No Shortage,Shortage,No Shortage,1,1,ANZSCO_2022,1,Managers
133211,Engineering Manager,No Shortage,No Shortage,No Shortage,No Shortage,No Shortage,No Shortage,No Shortage,No Shortage,No Shortage,1,1,ANZSCO_2022,1,Managers
133311,Importer Or Exporter,No Shortage,No Shortage,No Shortage,No Shortage,No Shortage,No Shortage,No Shortage,No Shortage,No Shortage,1,1,ANZSCO_2022,1,Managers
133312,Wholesaler,No Shortage,No Shortage,No Shortage,No Shortage,No Shortage,No Shortage,No Shortage,No Shortage,No Shortage,1,1,ANZSCO_2022,1,Managers
133411,Manufacturer,No Shortage,No Shortage,No Shortage,No Shortage,No Shortage,No Shortage,No Shortage,No Shortage,No Shortage,1,1,ANZSCO_2022,1,Managers
133511,Production Manager (Forestry),No Shortage,No Shortage,No Shortage,No Shortage,No Shortage,No Shortage,No Shortage,No Shortage,No Shortage,1,1,ANZSCO_2022,1,Managers
133512,Production Manager (Manufacturing),No Shortage,No Shortage,No Shortage,No Shortage,No Shortage,No Shortage,No Shortage,No Shortage,No Shortage,1,1,ANZSCO_2022,1,Managers
133513,Production Manager (Mining),No Shortage,No Shortage,No Shortage,No Shortage,No Shortage,No Shortage,No Shortage,Shortage,No Shortage,1,1,ANZSCO_2022,1,Managers
133611,Supply And Distribution Manager,No Shortage,No Shortage,No Shortage,No Shortage,No Shortage,No Shortage,No Shortage,No Shortage,No Shortage,1,1,ANZSCO_2022,1,Managers
133612,Procurement Manager,No Shortage,No Shortage,No Shortage,No Shortage,No Shortage,No Shortage,No Shortage,No Shortage,No Shortage,1,1,ANZSCO_2022,1,Managers
134111,Child Care Centre Manager,No Shortage,No Shortage,No Shortage,No Shortage,No Shortage,Shortage,No Shortage,Shortage,No Shortage,1,1,ANZSCO_2022,1,Managers
134211,Medical Administrator / Medical Superintendent,No Shortage,No Shortage,No Shortage,No Shortage,No Shortage,No Shortage,No Shortage,No Shortage,No Shortage,1,1,ANZSCO_2022,1,Managers
134212,Nursing Clinical Director,No Shortage,No Shortage,No Shortage,No Shortage,Regional Shortage,Shortage,No Shortage,No Shortage,No Shortage,1,1,ANZSCO_2022,1,Managers
134213,Primary Health Organisation Manager,No Shortage,No Shortage,No Shortage,No Shortage,No Shortage,No Shortage,No Shortage,No Shortage,No Shortage,1,1,ANZSCO_2022,1,Managers
134214,Welfare Centre Manager,No Shortage,No Shortage,No Shortage,No Shortage,No Shortage,No Shortage,No Shortage,No Shortage,No Shortage,1,1,ANZSCO_2022,1,Managers
134299,Health And Welfare Services Managers NEC,No Shortage,No Shortage,Regional Shortage,No Shortage,No Shortage,No Shortage,No Shortage,Shortage,No Shortage,1,1,ANZSCO_2022,1,Managers
134311,School Principal,No Shortage,No Shortage,No Shortage,No Shortage,No Shortage,No Shortage,No Shortage,No Shortage,No Shortage,1,1,ANZSCO_2022,1,Managers
134411,Faculty Head,No Shortage,No Shortage,No Shortage,No Shortage,No Shortage,No Shortage,No Shortage,No Shortage,No Shortage,1,1,ANZSCO_2022,1,Managers
134412,Regional Education Manager,No Shortage,No Shortage,No Shortage,No Shortage,No Shortage,No Shortage,No Shortage,No Shortage,No Shortage,1,1,ANZSCO_2022,1,Managers
134499,Education Managers NEC,No Shortage,No Shortage,No Shortage,No Shortage,No Shortage,No Shortage,No Shortage,No Shortage,No Shortage,1,1,ANZSCO_2022,1,Managers
135111,Chief Information Officer,No Shortage,No Shortage,No Shortage,No Shortage,No Shortage,No Shortage,No Shortage,No Shortage,No Shortage,1,1,ANZSCO_2022,1,Managers
135112,ICT Project Manager,No Shortage,No Shortage,No Shortage,No Shortage,No Shortage,No Shortage,No Shortage,Shortage,No Shortage,1,1,ANZSCO_2022,1,Managers
135199,ICT Managers NEC,No Shortage,No Shortage,No Shortage,No Shortage,No Shortage,No Shortage,No Shortage,No Shortage,No Shortage,1,1,ANZSCO_2022,1,Managers
139911,Arts Administrator Or Manager,No Shortage,No Shortage,No Shortage,No Shortage,No Shortage,No Shortage,No Shortage,No Shortage,No Shortage,1,1,ANZSCO_2022,1,Managers
139912,Environmental Manager,No Shortage,No Shortage,No Shortage,Shortage,No Shortage,Shortage,No Shortage,No Shortage,No Shortage,1,1,ANZSCO_2022,1,Managers
139913,Laboratory Manager,No Shortage,No Shortage,No Shortage,No Shortage,No Shortage,No Shortage,No Shortage,No Shortage,No Shortage,1,1,ANZSCO_2022,1,Managers
139915,Sports Administrator,No Shortage,No Shortage,No Shortage,No Shortage,No Shortage,No Shortage,No Shortage,No Shortage,No Shortage,1,1,ANZSCO_2022,1,Managers
139916,Quality Assurance Manager,No Shortage,No Shortage,No Shortage,No Shortage,No Shortage,No Shortage,No Shortage,No Shortage,No Shortage,1,1,ANZSCO_2022,1,Managers
139917,Regulatory Affairs Manager,No Shortage,No Shortage,No Shortage,No Shortage,No Shortage,No Shortage,No Shortage,No Shortage,No Shortage,1,1,ANZSCO_2022,1,Managers
139999,Specialist Managers NEC,No Shortage,No Shortage,No Shortage,No Shortage,No Shortage,No Shortage,No Shortage,No Shortage,No Shortage,1,1,ANZSCO_2022,1,Managers
141111,Cafe Or Restaurant Manager,No Shortage,No Shortage,No Shortage,No Shortage,Regional Shortage,No Shortage,Regional Shortage,Shortage,Shortage,2,1,ANZSCO_2022,1,Managers
141211,Caravan Park And Camping Ground Manager,No Shortage,No Shortage,No Shortage,No Shortage,No Shortage,No Shortage,No Shortage,No Shortage,No Shortage,2,1,ANZSCO_2022,1,Managers
141311,Hotel Or Motel Manager,No Shortage,No Shortage,No Shortage,No Shortage,No Shortage,No Shortage,No Shortage,No Shortage,No Shortage,2,1,ANZSCO_2022,1,Managers
141411,Licensed Club Manager,No Shortage,No Shortage,No Shortage,No Shortage,No Shortage,No Shortage,No Shortage,No Shortage,No Shortage,2,1,ANZSCO_2022,1,Managers
141911,Bed And Breakfast Operator,No Shortage,No Shortage,No Shortage,No Shortage,No Shortage,No Shortage,No Shortage,No Shortage,No Shortage,2,1,ANZSCO_2022,1,Managers
141912,Retirement Village Manager,No Shortage,No Shortage,No Shortage,No Shortage,No Shortage,No Shortage,No Shortage,No Shortage,No Shortage,2,1,ANZSCO_2022,1,Managers
141999,Accommodation And Hospitality Managers NEC,No Shortage,No Shortage,No Shortage,No Shortage,No Shortage,No Shortage,No Shortage,No Shortage,No Shortage,2,1,ANZSCO_2022,1,Managers
142111,Retail Manager (General),No Shortage,No Shortage,No Shortage,No Shortage,No Shortage,No Shortage,Regional Shortage,Regional Shortage,No Shortage,2,1,ANZSCO_2022,1,Managers
142112,Antique Dealer,No Shortage,No Shortage,No Shortage,No Shortage,No Shortage,No Shortage,No Shortage,No Shortage,No Shortage,2,1,ANZSCO_2022,1,Managers
142113,Betting Agency Manager,No Shortage,No Shortage,No Shortage,No Shortage,No Shortage,No Shortage,No Shortage,No Shortage,No Shortage,2,1,ANZSCO_2022,1,Managers
142114,Hair Or Beauty Salon Manager,No Shortage,No Shortage,No Shortage,No Shortage,No Shortage,No Shortage,No Shortage,No Shortage,No Shortage,2,1,ANZSCO_2022,1,Managers
142115,Post Office Manager,No Shortage,No Shortage,No Shortage,No Shortage,No Shortage,No Shortage,No Shortage,No Shortage,No Shortage,2,1,ANZSCO_2022,1,Managers
142116,Travel Agency Manager,No Shortage,No Shortage,No Shortage,No Shortage,No Shortage,No Shortage,No Shortage,No Shortage,No Shortage,2,1,ANZSCO_2022,1,Managers
149111,Amusement Centre Manager,No Shortage,No Shortage,No Shortage,No Shortage,No Shortage,No Shortage,No Shortage,No Shortage,No Shortage,2,1,ANZSCO_2022,1,Managers
149112,Fitness Centre Manager,No Shortage,No Shortage,No Shortage,No Shortage,No Shortage,No Shortage,No Shortage,No Shortage,No Shortage,2,1,ANZSCO_2022,1,Managers
149113,Sports Centre Manager,No Shortage,No Shortage,No Shortage,No Shortage,No Shortage,No Shortage,No Shortage,No Shortage,No Shortage,2,1,ANZSCO_2022,1,Managers
149211,Call Or Contact Centre Manager,No Shortage,No Shortage,No Shortage,No Shortage,No Shortage,No Shortage,No Shortage,No Shortage,No Shortage,2,1,ANZSCO_2022,1,Managers
149212,Customer Service Manager,No Shortage,No Shortage,No Shortage,No Shortage,No Shortage,No Shortage,No Shortage,Shortage,No Shortage,2,1,ANZSCO_2022,1,Managers
149311,Conference And Event Organiser,No Shortage,No Shortage,No Shortage,No Shortage,No Shortage,No Shortage,No Shortage,No Shortage,No Shortage,2,1,ANZSCO_2022,1,Managers
149411,Fleet Manager,No Shortage,No Shortage,No Shortage,No Shortage,No Shortage,Shortage,No Shortage,Shortage,No Shortage,2,1,ANZSCO_2022,1,Managers
149412,Railway Station Manager,No Shortage,No Shortage,No Shortage,No Shortage,No Shortage,No Shortage,No Shortage,No Shortage,No Shortage,2,1,ANZSCO_2022,1,Managers
149413,Transport Company Manager,No Shortage,No Shortage,No Shortage,No Shortage,No Shortage,Shortage,No Shortage,No Shortage,No Shortage,2,1,ANZSCO_2022,1,Managers
149911,Boarding Kennel Or Cattery Operator,No Shortage,No Shortage,No Shortage,No Shortage,No Shortage,No Shortage,No Shortage,No Shortage,No Shortage,2,1,ANZSCO_2022,1,Managers
149912,Cinema Or Theatre Manager,No Shortage,No Shortage,No Shortage,No Shortage,No Shortage,No Shortage,No Shortage,No Shortage,No Shortage,2,1,ANZSCO_2022,1,Managers
149913,Facilities Manager,No Shortage,No Shortage,No Shortage,No Shortage,No Shortage,No Shortage,No Shortage,No Shortage,No Shortage,2,1,ANZSCO_2022,1,Managers
149914,Financial Institution Branch Manager,No Shortage,No Shortage,No Shortage,No Shortage,No Shortage,No Shortage,No Shortage,No Shortage,No Shortage,2,1,ANZSCO_2022,1,Managers
149915,Equipment Hire Manager,No Shortage,No Shortage,No Shortage,No Shortage,No Shortage,No Shortage,No Shortage,No Shortage,No Shortage,2,1,ANZSCO_2022,1,Managers
149999,"Hospitality, Retail And Service Managers NEC",No Shortage,No Shortage,No Shortage,No Shortage,No Shortage,No Shortage,No Shortage,No Shortage,No Shortage,2,1,ANZSCO_2022,1,Managers
211111,Actor,No Shortage,No Shortage,No Shortage,No Shortage,No Shortage,No Shortage,No Shortage,No Shortage,No Shortage,1,2,ANZSCO_2022,2,Professionals
211112,Dancer Or Choreographer,No Shortage,No Shortage,No Shortage,No Shortage,No Shortage,No Shortage,No Shortage,No Shortage,No Shortage,1,2,ANZSCO_2022,2,Professionals
211113,Entertainer Or Variety Artist,No Shortage,No Shortage,No Shortage,No Shortage,No Shortage,No Shortage,No Shortage,No Shortage,No Shortage,1,2,ANZSCO_2022,2,Professionals
211199,"Actors, Dancers And Other Entertainers NEC",No Shortage,No Shortage,No Shortage,No Shortage,No Shortage,No Shortage,No Shortage,No Shortage,No Shortage,1,2,ANZSCO_2022,2,Professionals
211211,Composer,No Shortage,No Shortage,No Shortage,No Shortage,No Shortage,No Shortage,No Shortage,No Shortage,No Shortage,1,2,ANZSCO_2022,2,Professionals
211212,Music Director,No Shortage,No Shortage,No Shortage,No Shortage,No Shortage,No Shortage,No Shortage,No Shortage,No Shortage,1,2,ANZSCO_2022,2,Professionals
211213,Musician (Instrumental),No Shortage,No Shortage,No Shortage,No Shortage,No Shortage,No Shortage,No Shortage,No Shortage,No Shortage,1,2,ANZSCO_2022,2,Professionals
211214,Singer,No Shortage,No Shortage,No Shortage,No Shortage,No Shortage,No Shortage,No Shortage,No Shortage,No Shortage,1,2,ANZSCO_2022,2,Professionals
211299,Music Professionals NEC,No Shortage,No Shortage,No Shortage,No Shortage,No Shortage,No Shortage,No Shortage,No Shortage,No Shortage,1,2,ANZSCO_2022,2,Professionals
211311,Photographer,No Shortage,No Shortage,No Shortage,No Shortage,No Shortage,No Shortage,No Shortage,No Shortage,No Shortage,2,2,ANZSCO_2022,2,Professionals
211411,Painter (Visual Arts),No Shortage,No Shortage,No Shortage,No Shortage,No Shortage,No Shortage,No Shortage,No Shortage,No Shortage,1,2,ANZSCO_2022,2,Professionals
211412,Potter Or Ceramic Artist,No Shortage,No Shortage,No Shortage,No Shortage,No Shortage,No Shortage,No Shortage,No Shortage,No Shortage,1,2,ANZSCO_2022,2,Professionals
211413,Sculptor,No Shortage,No Shortage,No Shortage,No Shortage,No Shortage,No Shortage,No Shortage,No Shortage,No Shortage,1,2,ANZSCO_2022,2,Professionals
211499,Visual Arts And Crafts Professionals NEC,No Shortage,No Shortage,No Shortage,No Shortage,No Shortage,No Shortage,No Shortage,No Shortage,No Shortage,1,2,ANZSCO_2022,2,Professionals
212111,Artistic Director,No Shortage,No Shortage,No Shortage,No Shortage,No Shortage,No Shortage,No Shortage,No Shortage,No Shortage,1,2,ANZSCO_2022,2,Professionals
212112,Media Producer (Excluding Video),No Shortage,No Shortage,No Shortage,No Shortage,No Shortage,Shortage,No Shortage,No Shortage,No Shortage,1,2,ANZSCO_2022,2,Professionals
212113,Radio Presenter,No Shortage,No Shortage,No Shortage,No Shortage,No Shortage,No Shortage,No Shortage,No Shortage,No Shortage,1,2,ANZSCO_2022,2,Professionals
212114,Television Presenter,No Shortage,No Shortage,No Shortage,No Shortage,No Shortage,No Shortage,No Shortage,No Shortage,No Shortage,1,2,ANZSCO_2022,2,Professionals
212211,Author,No Shortage,No Shortage,No Shortage,No Shortage,No Shortage,No Shortage,No Shortage,No Shortage,No Shortage,1,2,ANZSCO_2022,2,Professionals
212212,Book Or Script Editor,No Shortage,No Shortage,No Shortage,No Shortage,No Shortage,No Shortage,No Shortage,No Shortage,No Shortage,1,2,ANZSCO_2022,2,Professionals
212311,"Art Director (Film, Television Or Stage)",No Shortage,No Shortage,No Shortage,No Shortage,No Shortage,No Shortage,No Shortage,No Shortage,No Shortage,1,2,ANZSCO_2022,2,Professionals
212312,"Director (Film, Television, Radio Or Stage)",No Shortage,No Shortage,No Shortage,No Shortage,No Shortage,No Shortage,No Shortage,No Shortage,No Shortage,1,2,ANZSCO_2022,2,Professionals
212313,Director Of Photography,No Shortage,No Shortage,No Shortage,No Shortage,No Shortage,No Shortage,No Shortage,No Shortage,No Shortage,1,2,ANZSCO_2022,2,Professionals
212314,Film And Video Editor,Shortage,Shortage,Shortage,Shortage,Shortage,Shortage,Shortage,Shortage,Shortage,1,2,ANZSCO_2022,2,Professionals
212315,Program Director (Television Or Radio),No Shortage,No Shortage,No Shortage,No Shortage,No Shortage,No Shortage,No Shortage,No Shortage,No Shortage,1,2,ANZSCO_2022,2,Professionals
212316,Stage Manager,No Shortage,No Shortage,No Shortage,No Shortage,No Shortage,No Shortage,No Shortage,No Shortage,No Shortage,1,2,ANZSCO_2022,2,Professionals
212317,Technical Director,No Shortage,No Shortage,No Shortage,No Shortage,No Shortage,No Shortage,No Shortage,No Shortage,No Shortage,1,2,ANZSCO_2022,2,Professionals
212318,Video Producer,No Shortage,No Shortage,No Shortage,No Shortage,No Shortage,No Shortage,No Shortage,No Shortage,No Shortage,1,2,ANZSCO_2022,2,Professionals
212399,"Film, Television, Radio And Stage Directors NEC",No Shortage,No Shortage,No Shortage,No Shortage,No Shortage,No Shortage,No Shortage,No Shortage,No Shortage,1,2,ANZSCO_2022,2,Professionals
212411,Copywriter,No Shortage,No Shortage,No Shortage,No Shortage,No Shortage,No Shortage,No Shortage,No Shortage,No Shortage,1,2,ANZSCO_2022,2,Professionals
212412,Newspaper Or Periodical Editor,No Shortage,No Shortage,No Shortage,No Shortage,No Shortage,No Shortage,No Shortage,No Shortage,No Shortage,1,2,ANZSCO_2022,2,Professionals
212413,Print Journalist,No Shortage,No Shortage,No Shortage,No Shortage,No Shortage,No Shortage,No Shortage,No Shortage,No Shortage,1,2,ANZSCO_2022,2,Professionals
212414,Radio Journalist,No Shortage,No Shortage,No Shortage,No Shortage,No Shortage,No Shortage,No Shortage,No Shortage,No Shortage,1,2,ANZSCO_2022,2,Professionals
212415,Technical Writer,No Shortage,No Shortage,No Shortage,No Shortage,No Shortage,No Shortage,No Shortage,No Shortage,No Shortage,1,2,ANZSCO_2022,2,Professionals
212416,Television Journalist,No Shortage,No Shortage,No Shortage,No Shortage,No Shortage,No Shortage,No Shortage,No Shortage,No Shortage,1,2,ANZSCO_2022,2,Professionals
212499,Journalists And Other Writers NEC,No Shortage,No Shortage,No Shortage,No Shortage,No Shortage,No Shortage,No Shortage,No Shortage,No Shortage,1,2,ANZSCO_2022,2,Professionals
221111,Accountant (General),No Shortage,No Shortage,No Shortage,No Shortage,No Shortage,No Shortage,No Shortage,No Shortage,No Shortage,1,2,ANZSCO_2022,2,Professionals
221112,Management Accountant,No Shortage,No Shortage,No Shortage,No Shortage,No Shortage,No Shortage,No Shortage,No Shortage,No Shortage,1,2,ANZSCO_2022,2,Professionals
221113,Taxation Accountant,Shortage,Shortage,Shortage,Shortage,Shortage,Shortage,Shortage,Shortage,Shortage,1,2,ANZSCO_2022,2,Professionals
221211,Company Secretary,No Shortage,No Shortage,No Shortage,No Shortage,No Shortage,No Shortage,No Shortage,No Shortage,No Shortage,1,2,ANZSCO_2022,2,Professionals
221212,Corporate Treasurer,No Shortage,No Shortage,No Shortage,No Shortage,No Shortage,No Shortage,No Shortage,No Shortage,No Shortage,1,2,ANZSCO_2022,2,Professionals
221213,External Auditor,Shortage,Shortage,Shortage,Shortage,Shortage,Shortage,Shortage,Shortage,Shortage,1,2,ANZSCO_2022,2,Professionals
221214,Internal Auditor,No Shortage,No Shortage,No Shortage,No Shortage,No Shortage,No Shortage,No Shortage,No Shortage,No Shortage,1,2,ANZSCO_2022,2,Professionals
222111,Commodities Trader,No Shortage,No Shortage,No Shortage,No Shortage,No Shortage,No Shortage,No Shortage,No Shortage,No Shortage,2,2,ANZSCO_2022,2,Professionals
222112,Finance Broker,No Shortage,No Shortage,No Shortage,No Shortage,No Shortage,No Shortage,No Shortage,No Shortage,No Shortage,2,2,ANZSCO_2022,2,Professionals
222113,Insurance Broker,No Shortage,No Shortage,No Shortage,No Shortage,No Shortage,No Shortage,No Shortage,No Shortage,No Shortage,2,2,ANZSCO_2022,2,Professionals
222199,Financial Brokers NEC,No Shortage,No Shortage,No Shortage,No Shortage,No Shortage,No Shortage,No Shortage,No Shortage,No Shortage,2,2,ANZSCO_2022,2,Professionals
222211,Financial Market Dealer,No Shortage,No Shortage,No Shortage,No Shortage,No Shortage,No Shortage,No Shortage,No Shortage,No Shortage,1,2,ANZSCO_2022,2,Professionals
222212,Futures Trader,No Shortage,No Shortage,No Shortage,No Shortage,No Shortage,No Shortage,No Shortage,No Shortage,No Shortage,1,2,ANZSCO_2022,2,Professionals
222213,Stockbroking Dealer,No Shortage,No Shortage,No Shortage,No Shortage,No Shortage,No Shortage,No Shortage,No Shortage,No Shortage,1,2,ANZSCO_2022,2,Professionals
222299,Financial Dealers NEC,No Shortage,No Shortage,No Shortage,No Shortage,No Shortage,No Shortage,No Shortage,No Shortage,No Shortage,1,2,ANZSCO_2022,2,Professionals
222311,Financial Investment Adviser,No Shortage,No Shortage,No Shortage,No Shortage,No Shortage,No Shortage,No Shortage,No Shortage,No Shortage,1,2,ANZSCO_2022,2,Professionals
222312,Financial Investment Manager,No Shortage,No Shortage,No Shortage,No Shortage,No Shortage,No Shortage,No Shortage,No Shortage,No Shortage,1,2,ANZSCO_2022,2,Professionals
223111,Human Resource Adviser,No Shortage,No Shortage,No Shortage,No Shortage,Shortage,No Shortage,No Shortage,Shortage,No Shortage,1,2,ANZSCO_2022,2,Professionals
223112,Recruitment Consultant,No Shortage,No Shortage,No Shortage,No Shortage,No Shortage,No Shortage,No Shortage,No Shortage,No Shortage,1,2,ANZSCO_2022,2,Professionals
223113,Workplace Relations Adviser,No Shortage,No Shortage,No Shortage,No Shortage,No Shortage,No Shortage,No Shortage,No Shortage,No Shortage,1,2,ANZSCO_2022,2,Professionals
223311,Training And Development Professional,No Shortage,No Shortage,No Shortage,No Shortage,No Shortage,No Shortage,No Shortage,No Shortage,No Shortage,1,2,ANZSCO_2022,2,Professionals
224111,Actuary,Shortage,Shortage,Shortage,Shortage,Shortage,Shortage,Shortage,No Shortage,Shortage,1,2,ANZSCO_2022,2,Professionals
224112,Mathematician,No Shortage,No Shortage,No Shortage,No Shortage,No Shortage,No Shortage,No Shortage,No Shortage,No Shortage,1,2,ANZSCO_2022,2,Professionals
224114,Data Analyst,No Shortage,No Shortage,No Shortage,No Shortage,No Shortage,No Shortage,No Shortage,No Shortage,No Shortage,1,2,ANZSCO_2022,2,Professionals
224115,Data Scientist,No Shortage,No Shortage,No Shortage,No Shortage,No Shortage,No Shortage,No Shortage,No Shortage,No Shortage,1,2,ANZSCO_2022,2,Professionals
224116,Statistician,No Shortage,No Shortage,No Shortage,No Shortage,No Shortage,No Shortage,No Shortage,No Shortage,No Shortage,1,2,ANZSCO_2022,2,Professionals
224211,Archivist,No Shortage,No Shortage,No Shortage,No Shortage,No Shortage,No Shortage,No Shortage,No Shortage,No Shortage,1,2,ANZSCO_2022,2,Professionals
224212,Gallery Or Museum Curator,No Shortage,No Shortage,No Shortage,No Shortage,No Shortage,No Shortage,No Shortage,No Shortage,No Shortage,1,2,ANZSCO_2022,2,Professionals
224213,Health Information Manager,No Shortage,No Shortage,No Shortage,No Shortage,No Shortage,No Shortage,No Shortage,No Shortage,No Shortage,1,2,ANZSCO_2022,2,Professionals
224214,Records Manager,No Shortage,No Shortage,No Shortage,No Shortage,No Shortage,No Shortage,No Shortage,No Shortage,No Shortage,1,2,ANZSCO_2022,2,Professionals
224311,Economist,No Shortage,No Shortage,No Shortage,No Shortage,No Shortage,No Shortage,No Shortage,No Shortage,No Shortage,1,2,ANZSCO_2022,2,Professionals
224411,Intelligence Officer,No Shortage,No Shortage,No Shortage,No Shortage,No Shortage,No Shortage,No Shortage,No Shortage,No Shortage,1,2,ANZSCO_2022,2,Professionals
224412,Policy Analyst,No Shortage,No Shortage,No Shortage,No Shortage,No Shortage,No Shortage,No Shortage,No Shortage,No Shortage,1,2,ANZSCO_2022,2,Professionals
224511,Land Economist,No Shortage,No Shortage,No Shortage,No Shortage,No Shortage,No Shortage,No Shortage,No Shortage,No Shortage,1,2,ANZSCO_2022,2,Professionals
224512,Valuer,No Shortage,No Shortage,No Shortage,No Shortage,No Shortage,No Shortage,No Shortage,No Shortage,No Shortage,1,2,ANZSCO_2022,2,Professionals
224611,Librarian,No Shortage,No Shortage,No Shortage,No Shortage,No Shortage,No Shortage,No Shortage,No Shortage,No Shortage,1,2,ANZSCO_2022,2,Professionals
224712,Organisation And Methods Analyst,No Shortage,No Shortage,No Shortage,No Shortage,No Shortage,No Shortage,No Shortage,No Shortage,No Shortage,1,2,ANZSCO_2022,2,Professionals
224713,Management Consultant,No Shortage,No Shortage,No Shortage,No Shortage,No Shortage,No Shortage,No Shortage,No Shortage,No Shortage,1,2,ANZSCO_2022,2,Professionals
224714,Supply Chain Analyst,No Shortage,No Shortage,No Shortage,No Shortage,No Shortage,No Shortage,No Shortage,No Shortage,No Shortage,1,2,ANZSCO_2022,2,Professionals
224911,Electorate Officer,No Shortage,No Shortage,No Shortage,No Shortage,No Shortage,No Shortage,No Shortage,No Shortage,No Shortage,1,2,ANZSCO_2022,2,Professionals
224912,Liaison Officer,No Shortage,No Shortage,No Shortage,No Shortage,No Shortage,No Shortage,No Shortage,No Shortage,No Shortage,1,2,ANZSCO_2022,2,Professionals
224913,Migration Agent / Immigration Consultant,No Shortage,No Shortage,No Shortage,No Shortage,No Shortage,No Shortage,No Shortage,No Shortage,No Shortage,1,2,ANZSCO_2022,2,Professionals
224914,Patents Examiner,No Shortage,No Shortage,No Shortage,No Shortage,No Shortage,No Shortage,No Shortage,No Shortage,No Shortage,1,2,ANZSCO_2022,2,Professionals
224999,Information And Organisation Professionals NEC,No Shortage,No Shortage,No Shortage,No Shortage,No Shortage,No Shortage,No Shortage,No Shortage,No Shortage,1,2,ANZSCO_2022,2,Professionals
225111,Advertising Specialist,No Shortage,No Shortage,No Shortage,No Shortage,No Shortage,No Shortage,No Shortage,No Shortage,No Shortage,1,2,ANZSCO_2022,2,Professionals
225112,Market Research Analyst,No Shortage,No Shortage,No Shortage,No Shortage,No Shortage,No Shortage,No Shortage,No Shortage,No Shortage,1,2,ANZSCO_2022,2,Professionals
225113,Marketing Specialist,No Shortage,No Shortage,No Shortage,No Shortage,No Shortage,No Shortage,No Shortage,No Shortage,No Shortage,1,2,ANZSCO_2022,2,Professionals
225114,Content Creator (Marketing),No Shortage,No Shortage,No Shortage,No Shortage,No Shortage,No Shortage,No Shortage,No Shortage,No Shortage,1,2,ANZSCO_2022,2,Professionals
225115,Digital Marketing Analyst,No Shortage,No Shortage,No Shortage,No Shortage,No Shortage,No Shortage,No Shortage,No Shortage,No Shortage,1,2,ANZSCO_2022,2,Professionals
225211,ICT Account Manager,No Shortage,No Shortage,No Shortage,No Shortage,No Shortage,No Shortage,No Shortage,No Shortage,No Shortage,1,2,ANZSCO_2022,2,Professionals
225212,ICT Business Development Manager,No Shortage,No Shortage,No Shortage,No Shortage,No Shortage,No Shortage,No Shortage,No Shortage,No Shortage,1,2,ANZSCO_2022,2,Professionals
225213,ICT Sales Representative,No Shortage,No Shortage,No Shortage,No Shortage,No Shortage,No Shortage,No Shortage,No Shortage,No Shortage,1,2,ANZSCO_2022,2,Professionals
225311,Public Relations Professional,No Shortage,No Shortage,No Shortage,No Shortage,No Shortage,No Shortage,No Shortage,No Shortage,No Shortage,1,2,ANZSCO_2022,2,Professionals
225411,Sales Representative (Industrial Products),No Shortage,No Shortage,No Shortage,No Shortage,No Shortage,No Shortage,No Shortage,No Shortage,No Shortage,1,2,ANZSCO_2022,2,Professionals
225412,Sales Representative (Medical And Pharmaceutical Products),No Shortage,No Shortage,No Shortage,No Shortage,No Shortage,No Shortage,No Shortage,No Shortage,No Shortage,1,2,ANZSCO_2022,2,Professionals
225499,Technical Sales Representatives NEC,No Shortage,No Shortage,No Shortage,No Shortage,No Shortage,No Shortage,No Shortage,No Shortage,No Shortage,1,2,ANZSCO_2022,2,Professionals
231111,Aeroplane Pilot,Shortage,Shortage,Shortage,Shortage,Shortage,Shortage,Shortage,Shortage,Shortage,1,2,ANZSCO_2022,2,Professionals
231112,Air Traffic Controller,Shortage,Shortage,Shortage,Shortage,Shortage,Shortage,Shortage,Shortage,Shortage,1,2,ANZSCO_2022,2,Professionals
231113,Flying Instructor,Shortage,Shortage,Shortage,Shortage,Shortage,Shortage,No Shortage,No Shortage,Shortage,1,2,ANZSCO_2022,2,Professionals
231114,Helicopter Pilot,Shortage,Shortage,Shortage,Shortage,Shortage,Shortage,Shortage,Shortage,Shortage,1,2,ANZSCO_2022,2,Professionals
231199,Air Transport Professionals NEC,Shortage,Shortage,Shortage,Shortage,Shortage,Shortage,Shortage,Shortage,Shortage,1,2,ANZSCO_2022,2,Professionals
231211,Master Fisher,Shortage,Shortage,Shortage,Shortage,Shortage,Shortage,Shortage,Shortage,No Shortage,2,2,ANZSCO_2022,2,Professionals
231212,Ship's Engineer,Shortage,Shortage,Shortage,Shortage,Shortage,Shortage,Shortage,Shortage,Shortage,2,2,ANZSCO_2022,2,Professionals
231213,Ship's Master,Shortage,Shortage,Shortage,Shortage,Shortage,Shortage,Shortage,Shortage,Shortage,2,2,ANZSCO_2022,2,Professionals
231214,Ship's Officer,Shortage,Shortage,Shortage,Shortage,Shortage,Shortage,Shortage,Shortage,Shortage,2,2,ANZSCO_2022,2,Professionals
231215,Marine Surveyor,No Shortage,No Shortage,No Shortage,No Shortage,No Shortage,No Shortage,No Shortage,No Shortage,No Shortage,2,2,ANZSCO_2022,2,Professionals
231299,Marine Transport Professionals NEC,No Shortage,No Shortage,No Shortage,No Shortage,No Shortage,No Shortage,No Shortage,No Shortage,No Shortage,2,2,ANZSCO_2022,2,Professionals
232111,Architect,No Shortage,No Shortage,No Shortage,No Shortage,No Shortage,No Shortage,No Shortage,No Shortage,No Shortage,1,2,ANZSCO_2022,2,Professionals
232112,Landscape Architect,No Shortage,No Shortage,No Shortage,No Shortage,No Shortage,No Shortage,No Shortage,Shortage,No Shortage,1,2,ANZSCO_2022,2,Professionals
232212,Surveyor,Shortage,Shortage,Shortage,Shortage,Shortage,Shortage,Shortage,Shortage,Shortage,1,2,ANZSCO_2022,2,Professionals
232213,Cartographer,No Shortage,No Shortage,No Shortage,No Shortage,No Shortage,No Shortage,No Shortage,No Shortage,No Shortage,1,2,ANZSCO_2022,2,Professionals
232214,Other Spatial Scientist,Shortage,Shortage,Shortage,Shortage,Shortage,Shortage,Shortage,Shortage,Shortage,1,2,ANZSCO_2022,2,Professionals
232311,Fashion Designer,No Shortage,No Shortage,No Shortage,No Shortage,No Shortage,No Shortage,No Shortage,No Shortage,No Shortage,1,2,ANZSCO_2022,2,Professionals
232312,Industrial Designer,No Shortage,No Shortage,No Shortage,No Shortage,No Shortage,No Shortage,No Shortage,No Shortage,No Shortage,1,2,ANZSCO_2022,2,Professionals
232313,Jewellery Designer,No Shortage,No Shortage,No Shortage,No Shortage,No Shortage,No Shortage,No Shortage,No Shortage,No Shortage,1,2,ANZSCO_2022,2,Professionals
232411,Graphic Designer,No Shortage,No Shortage,No Shortage,No Shortage,No Shortage,No Shortage,No Shortage,No Shortage,No Shortage,1,2,ANZSCO_2022,2,Professionals
232412,Illustrator,No Shortage,No Shortage,No Shortage,No Shortage,No Shortage,No Shortage,No Shortage,No Shortage,No Shortage,1,2,ANZSCO_2022,2,Professionals
232413,Multimedia Designer,No Shortage,No Shortage,No Shortage,No Shortage,No Shortage,No Shortage,No Shortage,No Shortage,No Shortage,1,2,ANZSCO_2022,2,Professionals
232414,Web Designer,No Shortage,No Shortage,No Shortage,No Shortage,No Shortage,No Shortage,No Shortage,No Shortage,No Shortage,1,2,ANZSCO_2022,2,Professionals
232511,Interior Designer,No Shortage,No Shortage,No Shortage,No Shortage,No Shortage,No Shortage,No Shortage,No Shortage,No Shortage,2,2,ANZSCO_2022,2,Professionals
232611,Urban And Regional Planner,Regional Shortage,Regional Shortage,Regional Shortage,Regional Shortage,Regional Shortage,Regional Shortage,Regional Shortage,Shortage,Shortage,1,2,ANZSCO_2022,2,Professionals
233111,Chemical Engineer,No Shortage,No Shortage,No Shortage,Shortage,No Shortage,No Shortage,No Shortage,Shortage,No Shortage,1,2,ANZSCO_2022,2,Professionals
233112,Materials Engineer,No Shortage,No Shortage,Shortage,Shortage,No Shortage,No Shortage,Shortage,No Shortage,No Shortage,1,2,ANZSCO_2022,2,Professionals
233211,Civil Engineer,Shortage,Shortage,Shortage,Shortage,Shortage,Shortage,Shortage,Shortage,Shortage,1,2,ANZSCO_2022,2,Professionals
233212,Geotechnical Engineer,Shortage,Shortage,Shortage,Shortage,Shortage,Shortage,Shortage,Shortage,Shortage,1,2,ANZSCO_2022,2,Professionals
233213,Quantity Surveyor,Shortage,Shortage,Shortage,Shortage,Shortage,Shortage,Shortage,Shortage,Shortage,1,2,ANZSCO_2022,2,Professionals
233214,Structural Engineer,Shortage,Shortage,Shortage,Shortage,Shortage,Shortage,Shortage,Shortage,Shortage,1,2,ANZSCO_2022,2,Professionals
233215,Transport Engineer,Shortage,Shortage,Shortage,Shortage,Shortage,Shortage,Shortage,Shortage,Shortage,1,2,ANZSCO_2022,2,Professionals
233311,Electrical Engineer,Shortage,Shortage,No Shortage,No Shortage,Shortage,Shortage,No Shortage,Shortage,No Shortage,1,2,ANZSCO_2022,2,Professionals
233411,Electronics Engineer,No Shortage,No Shortage,No Shortage,Shortage,Shortage,No Shortage,No Shortage,No Shortage,Shortage,1,2,ANZSCO_2022,2,Professionals
233511,Industrial Engineer,No Shortage,No Shortage,No Shortage,Shortage,Shortage,No Shortage,No Shortage,Shortage,Shortage,1,2,ANZSCO_2022,2,Professionals
233512,Mechanical Engineer,No Shortage,No Shortage,No Shortage,No Shortage,Shortage,Shortage,No Shortage,Shortage,No Shortage,1,2,ANZSCO_2022,2,Professionals
233513,Production Or Plant Engineer,No Shortage,No Shortage,No Shortage,No Shortage,No Shortage,No Shortage,No Shortage,No Shortage,No Shortage,1,2,ANZSCO_2022,2,Professionals
233611,Mining Engineer (Excluding Petroleum),Shortage,Shortage,Shortage,Shortage,Shortage,Shortage,Shortage,Shortage,Shortage,1,2,ANZSCO_2022,2,Professionals
233612,Petroleum Engineer,Shortage,Shortage,Shortage,Shortage,Shortage,Shortage,Shortage,Shortage,No Shortage,1,2,ANZSCO_2022,2,Professionals
233911,Aeronautical Engineer,Shortage,Shortage,Shortage,Shortage,Shortage,Shortage,No Shortage,Shortage,Shortage,1,2,ANZSCO_2022,2,Professionals
233912,Agricultural Engineer,Shortage,Shortage,Shortage,Shortage,Shortage,Shortage,No Shortage,No Shortage,No Shortage,1,2,ANZSCO_2022,2,Professionals
233913,Biomedical Engineer,Shortage,Shortage,Shortage,Shortage,Shortage,No Shortage,Shortage,No Shortage,Shortage,1,2,ANZSCO_2022,2,Professionals
233914,Engineering Technologist,Shortage,Shortage,Shortage,Shortage,Shortage,Shortage,Shortage,No Shortage,Shortage,1,2,ANZSCO_2022,2,Professionals
233915,Environmental Engineer,Shortage,Shortage,Shortage,Shortage,Shortage,Shortage,Shortage,Shortage,Shortage,1,2,ANZSCO_2022,2,Professionals
233916,Naval Architect / Marine Designer,Shortage,Shortage,Shortage,Shortage,Shortage,Shortage,Shortage,Shortage,Shortage,1,2,ANZSCO_2022,2,Professionals
233999,Engineering Professionals NEC,No Shortage,No Shortage,No Shortage,Shortage,Shortage,No Shortage,No Shortage,No Shortage,No Shortage,1,2,ANZSCO_2022,2,Professionals
234111,Agricultural Consultant,Shortage,Shortage,Shortage,Shortage,Shortage,Shortage,Shortage,Shortage,Shortage,1,2,ANZSCO_2022,2,Professionals
234113,Forester / Forest Scientist,Shortage,Shortage,Shortage,Shortage,Shortage,Shortage,Shortage,Shortage,Shortage,1,2,ANZSCO_2022,2,Professionals
234114,Agricultural Research Scientist,Shortage,Shortage,Shortage,Shortage,Shortage,Shortage,Shortage,Shortage,Shortage,1,2,ANZSCO_2022,2,Professionals
234115,Agronomist,Shortage,Shortage,Shortage,Shortage,Shortage,Shortage,Shortage,Shortage,Shortage,1,2,ANZSCO_2022,2,Professionals
234116,Aquaculture Or Fisheries Scientist,Shortage,Shortage,Shortage,Shortage,Shortage,Shortage,Shortage,Shortage,Shortage,1,2,ANZSCO_2022,2,Professionals
234211,Chemist,No Shortage,No Shortage,No Shortage,No Shortage,No Shortage,No Shortage,No Shortage,No Shortage,No Shortage,1,2,ANZSCO_2022,2,Professionals
234212,Food Technologist,No Shortage,Shortage,No Shortage,No Shortage,No Shortage,No Shortage,No Shortage,No Shortage,No Shortage,1,2,ANZSCO_2022,2,Professionals
234213,Wine Maker,No Shortage,No Shortage,No Shortage,No Shortage,No Shortage,No Shortage,No Shortage,No Shortage,No Shortage,1,2,ANZSCO_2022,2,Professionals
234311,Conservation Officer,No Shortage,No Shortage,No Shortage,No Shortage,No Shortage,No Shortage,No Shortage,No Shortage,No Shortage,1,2,ANZSCO_2022,2,Professionals
234312,Environmental Consultant,No Shortage,No Shortage,No Shortage,No Shortage,Shortage,No Shortage,No Shortage,Shortage,No Shortage,1,2,ANZSCO_2022,2,Professionals
234313,Environmental Research Scientist,Shortage,Shortage,Shortage,Shortage,Shortage,Shortage,Shortage,Shortage,Shortage,1,2,ANZSCO_2022,2,Professionals
234314,Park Ranger,No Shortage,No Shortage,No Shortage,No Shortage,No Shortage,No Shortage,No Shortage,No Shortage,No Shortage,1,2,ANZSCO_2022,2,Professionals
234399,Environmental Scientists NEC,No Shortage,No Shortage,No Shortage,No Shortage,No Shortage,No Shortage,No Shortage,No Shortage,No Shortage,1,2,ANZSCO_2022,2,Professionals
234411,Geologist,Shortage,No Shortage,No Shortage,No Shortage,No Shortage,Shortage,No Shortage,Shortage,No Shortage,1,2,ANZSCO_2022,2,Professionals
234412,Geophysicist,Shortage,Shortage,Shortage,Shortage,Shortage,Shortage,Shortage,Shortage,Shortage,1,2,ANZSCO_2022,2,Professionals
234413,Hydrogeologist,Shortage,Shortage,Shortage,Shortage,Shortage,Shortage,Shortage,Shortage,Shortage,1,2,ANZSCO_2022,2,Professionals
234511,Life Scientist (General),No Shortage,No Shortage,No Shortage,No Shortage,No Shortage,No Shortage,No Shortage,No Shortage,No Shortage,1,2,ANZSCO_2022,2,Professionals
234513,Biochemist,No Shortage,No Shortage,No Shortage,No Shortage,No Shortage,No Shortage,No Shortage,No Shortage,No Shortage,1,2,ANZSCO_2022,2,Professionals
234514,Biotechnologist,No Shortage,No Shortage,No Shortage,No Shortage,No Shortage,No Shortage,No Shortage,No Shortage,No Shortage,1,2,ANZSCO_2022,2,Professionals
234515,Botanist,No Shortage,No Shortage,No Shortage,No Shortage,No Shortage,No Shortage,No Shortage,No Shortage,No Shortage,1,2,ANZSCO_2022,2,Professionals
234516,Marine Biologist,No Shortage,No Shortage,No Shortage,No Shortage,No Shortage,No Shortage,No Shortage,No Shortage,No Shortage,1,2,ANZSCO_2022,2,Professionals
234517,Microbiologist,No Shortage,No Shortage,No Shortage,No Shortage,No Shortage,No Shortage,No Shortage,No Shortage,No Shortage,1,2,ANZSCO_2022,2,Professionals
234521,Entomologist,No Shortage,No Shortage,No Shortage,No Shortage,No Shortage,No Shortage,No Shortage,No Shortage,No Shortage,1,2,ANZSCO_2022,2,Professionals
234522,Zoologist,No Shortage,No Shortage,No Shortage,No Shortage,No Shortage,No Shortage,No Shortage,No Shortage,No Shortage,1,2,ANZSCO_2022,2,Professionals
234599,Life Scientists NEC,No Shortage,No Shortage,No Shortage,No Shortage,No Shortage,No Shortage,No Shortage,No Shortage,No Shortage,1,2,ANZSCO_2022,2,Professionals
234611,Medical Laboratory Scientist,No Shortage,No Shortage,No Shortage,No Shortage,No Shortage,No Shortage,No Shortage,No Shortage,No Shortage,1,2,ANZSCO_2022,2,Professionals
234612,Respiratory Scientist,No Shortage,No Shortage,No Shortage,No Shortage,No Shortage,No Shortage,No Shortage,No Shortage,No Shortage,1,2,ANZSCO_2022,2,Professionals
234711,Veterinarian,Shortage,Shortage,Shortage,Shortage,Shortage,Shortage,Shortage,Shortage,Shortage,1,2,ANZSCO_2022,2,Professionals
234911,Conservator,No Shortage,No Shortage,No Shortage,No Shortage,No Shortage,No Shortage,No Shortage,No Shortage,No Shortage,1,2,ANZSCO_2022,2,Professionals
234912,Metallurgist,Shortage,Shortage,Shortage,Shortage,Shortage,Shortage,Shortage,Shortage,No Shortage,1,2,ANZSCO_2022,2,Professionals
234913,Meteorologist,No Shortage,No Shortage,No Shortage,No Shortage,No Shortage,No Shortage,No Shortage,No Shortage,No Shortage,1,2,ANZSCO_2022,2,Professionals
234914,Physicist,No Shortage,No Shortage,No Shortage,No Shortage,No Shortage,No Shortage,No Shortage,No Shortage,No Shortage,1,2,ANZSCO_2022,2,Professionals
234915,Exercise Physiologist,No Shortage,No Shortage,No Shortage,No Shortage,No Shortage,No Shortage,No Shortage,No Shortage,No Shortage,1,2,ANZSCO_2022,2,Professionals
234999,Natural And Physical Science Professionals NEC,No Shortage,No Shortage,No Shortage,No Shortage,No Shortage,No Shortage,No Shortage,No Shortage,No Shortage,1,2,ANZSCO_2022,2,Professionals
241111,Early Childhood (Pre-Primary School) Teacher,Shortage,Shortage,Shortage,Shortage,Shortage,Shortage,Shortage,Shortage,Shortage,1,2,ANZSCO_2022,2,Professionals
241213,Primary School Teacher,Shortage,Shortage,Shortage,Shortage,Shortage,Shortage,Shortage,Shortage,Shortage,1,2,ANZSCO_2022,2,Professionals
241311,Middle School Teacher / Intermediate School Teacher,Shortage,Shortage,Shortage,Shortage,Shortage,Shortage,Shortage,Shortage,Shortage,1,2,ANZSCO_2022,2,Professionals
241411,Secondary School Teacher,Shortage,Shortage,Shortage,Shortage,Shortage,Shortage,Shortage,Shortage,Shortage,1,2,ANZSCO_2022,2,Professionals
241511,Special Needs Teacher,Shortage,Shortage,Shortage,Shortage,Shortage,Shortage,Shortage,Shortage,Shortage,1,2,ANZSCO_2022,2,Professionals
241512,Teacher Of The Hearing Impaired,Shortage,Shortage,Shortage,Shortage,Shortage,Shortage,Shortage,No Shortage,Shortage,1,2,ANZSCO_2022,2,Professionals
241513,Teacher Of The Sight Impaired,Shortage,Shortage,Shortage,Shortage,Shortage,Shortage,Shortage,No Shortage,Shortage,1,2,ANZSCO_2022,2,Professionals
241599,Special Education Teachers NEC,Shortage,Shortage,Shortage,Shortage,Shortage,Shortage,Shortage,Shortage,Shortage,1,2,ANZSCO_2022,2,Professionals
242111,University Lecturer,No Shortage,No Shortage,No Shortage,No Shortage,No Shortage,No Shortage,No Shortage,No Shortage,No Shortage,1,2,ANZSCO_2022,2,Professionals
242112,University Tutor,No Shortage,No Shortage,No Shortage,No Shortage,No Shortage,No Shortage,No Shortage,No Shortage,No Shortage,1,2,ANZSCO_2022,2,Professionals
242211,Vocational Education Teacher / Polytechnic Teacher,Shortage,Shortage,Shortage,Shortage,Shortage,Shortage,Shortage,Shortage,Shortage,1,2,ANZSCO_2022,2,Professionals
249111,Education Adviser,No Shortage,No Shortage,No Shortage,No Shortage,No Shortage,No Shortage,No Shortage,No Shortage,No Shortage,1,2,ANZSCO_2022,2,Professionals
249112,Education Reviewer,No Shortage,No Shortage,No Shortage,No Shortage,No Shortage,No Shortage,No Shortage,No Shortage,No Shortage,1,2,ANZSCO_2022,2,Professionals
249211,Art Teacher (Private Tuition),No Shortage,No Shortage,No Shortage,No Shortage,No Shortage,No Shortage,No Shortage,No Shortage,No Shortage,1,2,ANZSCO_2022,2,Professionals
249212,Dance Teacher (Private Tuition),No Shortage,No Shortage,No Shortage,No Shortage,No Shortage,No Shortage,No Shortage,No Shortage,No Shortage,1,2,ANZSCO_2022,2,Professionals
249213,Drama Teacher (Private Tuition),No Shortage,No Shortage,No Shortage,No Shortage,No Shortage,No Shortage,No Shortage,No Shortage,No Shortage,1,2,ANZSCO_2022,2,Professionals
249214,Music Teacher (Private Tuition),No Shortage,No Shortage,No Shortage,No Shortage,No Shortage,No Shortage,No Shortage,No Shortage,No Shortage,1,2,ANZSCO_2022,2,Professionals
249299,Private Tutors And Teachers NEC,No Shortage,No Shortage,No Shortage,No Shortage,No Shortage,No Shortage,No Shortage,No Shortage,No Shortage,1,2,ANZSCO_2022,2,Professionals
249311,Teacher Of English To Speakers Of Other Languages,No Shortage,No Shortage,No Shortage,No Shortage,No Shortage,No Shortage,No Shortage,No Shortage,No Shortage,1,2,ANZSCO_2022,2,Professionals
251111,Dietitian,No Shortage,No Shortage,No Shortage,No Shortage,No Shortage,No Shortage,No Shortage,No Shortage,No Shortage,1,2,ANZSCO_2022,2,Professionals
251112,Nutritionist,No Shortage,No Shortage,No Shortage,No Shortage,No Shortage,No Shortage,No Shortage,No Shortage,No Shortage,1,2,ANZSCO_2022,2,Professionals
251211,Medical Diagnostic Radiographer,Shortage,Shortage,Shortage,Shortage,Shortage,Shortage,Shortage,Shortage,Shortage,1,2,ANZSCO_2022,2,Professionals
251212,Medical Radiation Therapist,Regional Shortage,Regional Shortage,Regional Shortage,Regional Shortage,Regional Shortage,Regional Shortage,Regional Shortage,Regional Shortage,Shortage,1,2,ANZSCO_2022,2,Professionals
251213,Nuclear Medicine Technologist,Shortage,Shortage,Shortage,Shortage,Shortage,Shortage,Shortage,No Shortage,Shortage,1,2,ANZSCO_2022,2,Professionals
251214,Sonographer,Shortage,Shortage,Shortage,Shortage,Shortage,Shortage,Shortage,Shortage,Shortage,1,2,ANZSCO_2022,2,Professionals
251311,Environmental Health Officer,Regional Shortage,Regional Shortage,Regional Shortage,Regional Shortage,Regional Shortage,Regional Shortage,Regional Shortage,Regional Shortage,Shortage,1,2,ANZSCO_2022,2,Professionals
251312,Occupational Health And Safety Adviser,No Shortage,No Shortage,No Shortage,No Shortage,No Shortage,No Shortage,No Shortage,No Shortage,No Shortage,1,2,ANZSCO_2022,2,Professionals
251411,Optometrist,No Shortage,No Shortage,No Shortage,No Shortage,No Shortage,No Shortage,No Shortage,No Shortage,No Shortage,1,2,ANZSCO_2022,2,Professionals
251412,Orthoptist,Shortage,Shortage,Shortage,Shortage,Shortage,Shortage,Shortage,No Shortage,Shortage,1,2,ANZSCO_2022,2,Professionals
251511,Hospital Pharmacist,Regional Shortage,Regional Shortage,Regional Shortage,Regional Shortage,Regional Shortage,Regional Shortage,Regional Shortage,Regional Shortage,Shortage,1,2,ANZSCO_2022,2,Professionals
251512,Industrial Pharmacist,No Shortage,No Shortage,No Shortage,No Shortage,No Shortage,No Shortage,No Shortage,No Shortage,No Shortage,1,2,ANZSCO_2022,2,Professionals
251513,Retail Pharmacist,Shortage,Shortage,Shortage,Shortage,Shortage,Shortage,Shortage,Shortage,Shortage,1,2,ANZSCO_2022,2,Professionals
251911,Health Promotion Officer,No Shortage,No Shortage,No Shortage,No Shortage,No Shortage,No Shortage,No Shortage,No Shortage,No Shortage,1,2,ANZSCO_2022,2,Professionals
251912,Orthotist Or Prosthetist,Shortage,Shortage,Shortage,Shortage,Shortage,Shortage,Shortage,Shortage,Shortage,1,2,ANZSCO_2022,2,Professionals
251999,Health Diagnostic And Promotion Professionals NEC,Shortage,Shortage,Shortage,Shortage,Shortage,Shortage,Shortage,Shortage,Shortage,1,2,ANZSCO_2022,2,Professionals
252111,Chiropractor,Shortage,Shortage,Shortage,Shortage,Shortage,Shortage,Shortage,Shortage,Shortage,1,2,ANZSCO_2022,2,Professionals
252112,Osteopath,Shortage,Shortage,Shortage,Shortage,Shortage,Shortage,Shortage,Shortage,Shortage,1,2,ANZSCO_2022,2,Professionals
252211,Acupuncturist,No Shortage,No Shortage,No Shortage,No Shortage,No Shortage,No Shortage,No Shortage,No Shortage,No Shortage,1,2,ANZSCO_2022,2,Professionals
252212,Homoeopath,No Shortage,No Shortage,No Shortage,No Shortage,No Shortage,No Shortage,No Shortage,No Shortage,No Shortage,1,2,ANZSCO_2022,2,Professionals
252213,Naturopath,No Shortage,No Shortage,No Shortage,No Shortage,No Shortage,No Shortage,No Shortage,No Shortage,No Shortage,1,2,ANZSCO_2022,2,Professionals
252214,Traditional Chinese Medicine Practitioner,No Shortage,No Shortage,No Shortage,No Shortage,No Shortage,No Shortage,No Shortage,No Shortage,No Shortage,1,2,ANZSCO_2022,2,Professionals
252299,Complementary Health Therapists NEC,No Shortage,No Shortage,No Shortage,No Shortage,No Shortage,No Shortage,No Shortage,No Shortage,No Shortage,1,2,ANZSCO_2022,2,Professionals
252311,Dental Specialist,Shortage,Shortage,Shortage,Shortage,Shortage,Shortage,Shortage,Shortage,Shortage,1,2,ANZSCO_2022,2,Professionals
252312,Dentist,Shortage,Shortage,Shortage,Shortage,Shortage,Shortage,Shortage,Shortage,Shortage,1,2,ANZSCO_2022,2,Professionals
252411,Occupational Therapist,Shortage,Shortage,Shortage,Shortage,Shortage,Shortage,Shortage,Shortage,Shortage,1,2,ANZSCO_2022,2,Professionals
252511,Physiotherapist,Shortage,Shortage,Shortage,Shortage,Shortage,Shortage,Shortage,Shortage,Shortage,1,2,ANZSCO_2022,2,Professionals
252611,Podiatrist,Shortage,Shortage,Shortage,Shortage,Shortage,Shortage,Shortage,Shortage,Shortage,1,2,ANZSCO_2022,2,Professionals
252711,Audiologist,Shortage,Shortage,Shortage,Shortage,Shortage,Shortage,Shortage,Shortage,Shortage,1,2,ANZSCO_2022,2,Professionals
252712,Speech Pathologist / Speech Language Therapist,Shortage,Shortage,Shortage,Shortage,Shortage,Shortage,Shortage,Shortage,Shortage,1,2,ANZSCO_2022,2,Professionals
253111,General Practitioner,Shortage,Shortage,Shortage,Shortage,Shortage,Shortage,Shortage,Shortage,Shortage,1,2,ANZSCO_2022,2,Professionals
253112,Resident Medical Officer,Shortage,Shortage,Shortage,Shortage,Shortage,Shortage,Shortage,Shortage,Shortage,1,2,ANZSCO_2022,2,Professionals
253211,Anaesthetist,Shortage,Shortage,Shortage,Shortage,Shortage,Shortage,Shortage,Shortage,Shortage,1,2,ANZSCO_2022,2,Professionals
253311,Specialist Physician (General Medicine),Shortage,Shortage,Shortage,Shortage,Shortage,Shortage,Shortage,Shortage,Shortage,1,2,ANZSCO_2022,2,Professionals
253312,Cardiologist,Shortage,Shortage,Shortage,Shortage,Shortage,Shortage,Shortage,Shortage,Shortage,1,2,ANZSCO_2022,2,Professionals
253313,Clinical Haematologist,Shortage,Shortage,Shortage,Shortage,Shortage,Shortage,No Shortage,No Shortage,Shortage,1,2,ANZSCO_2022,2,Professionals
253314,Medical Oncologist,Shortage,Shortage,Shortage,Shortage,Shortage,Shortage,Shortage,Shortage,Shortage,1,2,ANZSCO_2022,2,Professionals
253315,Endocrinologist,Shortage,Shortage,Shortage,Shortage,Shortage,Shortage,Shortage,No Shortage,Shortage,1,2,ANZSCO_2022,2,Professionals
253316,Gastroenterologist,Shortage,Shortage,Shortage,Shortage,Shortage,Shortage,Shortage,No Shortage,Shortage,1,2,ANZSCO_2022,2,Professionals
253317,Intensive Care Specialist,Shortage,Shortage,Shortage,Shortage,Shortage,Shortage,Shortage,Shortage,Shortage,1,2,ANZSCO_2022,2,Professionals
253318,Neurologist,Shortage,Shortage,Shortage,Shortage,Shortage,Shortage,Shortage,No Shortage,Shortage,1,2,ANZSCO_2022,2,Professionals
253321,Paediatrician,Shortage,Shortage,Shortage,Shortage,Shortage,Shortage,Shortage,Shortage,Shortage,1,2,ANZSCO_2022,2,Professionals
253322,Renal Medicine Specialist,Shortage,Shortage,Shortage,Shortage,Shortage,Shortage,Shortage,Shortage,Shortage,1,2,ANZSCO_2022,2,Professionals
253323,Rheumatologist,Shortage,Shortage,Shortage,Shortage,Shortage,Shortage,Shortage,No Shortage,Shortage,1,2,ANZSCO_2022,2,Professionals
253324,Thoracic Medicine Specialist,Shortage,Shortage,Shortage,Shortage,Shortage,Shortage,Shortage,Shortage,Shortage,1,2,ANZSCO_2022,2,Professionals
253399,Specialist Physicians NEC,Shortage,Shortage,Shortage,Shortage,Shortage,Shortage,Shortage,Shortage,Shortage,1,2,ANZSCO_2022,2,Professionals
253411,Psychiatrist,Shortage,Shortage,Shortage,Shortage,Shortage,Shortage,Shortage,Shortage,Shortage,1,2,ANZSCO_2022,2,Professionals
253511,Surgeon (General),Shortage,Shortage,Shortage,Shortage,Shortage,Shortage,Shortage,Shortage,Shortage,1,2,ANZSCO_2022,2,Professionals
253512,Cardiothoracic Surgeon,Shortage,Shortage,Shortage,Shortage,Shortage,Shortage,Shortage,No Shortage,Shortage,1,2,ANZSCO_2022,2,Professionals
253513,Neurosurgeon,Shortage,Shortage,Shortage,Shortage,Shortage,Shortage,Shortage,Shortage,Shortage,1,2,ANZSCO_2022,2,Professionals
253514,Orthopaedic Surgeon,Shortage,Shortage,Shortage,Shortage,Shortage,Shortage,Shortage,Shortage,Shortage,1,2,ANZSCO_2022,2,Professionals
253515,Otorhinolaryngologist,Shortage,Shortage,Shortage,Shortage,Shortage,Shortage,Shortage,No Shortage,No Shortage,1,2,ANZSCO_2022,2,Professionals
253516,Paediatric Surgeon,Shortage,Shortage,Shortage,Shortage,Shortage,Shortage,Shortage,No Shortage,No Shortage,1,2,ANZSCO_2022,2,Professionals
253517,Plastic And Reconstructive Surgeon,Shortage,Shortage,Shortage,Shortage,Shortage,Shortage,Shortage,Shortage,Shortage,1,2,ANZSCO_2022,2,Professionals
253518,Urologist,Shortage,Shortage,Shortage,Shortage,Shortage,Shortage,Shortage,No Shortage,Shortage,1,2,ANZSCO_2022,2,Professionals
253521,Vascular Surgeon,Shortage,Shortage,Shortage,Shortage,Shortage,Shortage,Shortage,Shortage,No Shortage,1,2,ANZSCO_2022,2,Professionals
253911,Dermatologist,Shortage,Shortage,Shortage,Shortage,Shortage,Shortage,Shortage,Shortage,Shortage,1,2,ANZSCO_2022,2,Professionals
253912,Emergency Medicine Specialist,Shortage,Shortage,Shortage,Shortage,Shortage,Shortage,Shortage,Shortage,Shortage,1,2,ANZSCO_2022,2,Professionals
253913,Obstetrician And Gynaecologist,Shortage,Shortage,Shortage,Shortage,Shortage,Shortage,Shortage,Shortage,Shortage,1,2,ANZSCO_2022,2,Professionals
253914,Ophthalmologist,Shortage,Shortage,Shortage,Shortage,Shortage,Shortage,Shortage,Shortage,Shortage,1,2,ANZSCO_2022,2,Professionals
253915,Pathologist,Shortage,Shortage,Shortage,Shortage,Shortage,Shortage,Shortage,Shortage,Shortage,1,2,ANZSCO_2022,2,Professionals
253917,Diagnostic And Interventional Radiologist,Shortage,Shortage,Shortage,Shortage,Shortage,Shortage,Shortage,Shortage,Shortage,1,2,ANZSCO_2022,2,Professionals
253918,Radiation Oncologist,Shortage,Shortage,Shortage,Shortage,Shortage,Shortage,Shortage,Shortage,Shortage,1,2,ANZSCO_2022,2,Professionals
253999,Medical Practitioners NEC,Shortage,Shortage,Shortage,Shortage,Shortage,Shortage,Shortage,Shortage,Shortage,1,2,ANZSCO_2022,2,Professionals
254111,Midwife,Shortage,Shortage,Shortage,Shortage,Shortage,Shortage,Shortage,Shortage,Shortage,1,2,ANZSCO_2022,2,Professionals
254211,Nurse Educator,No Shortage,No Shortage,Shortage,No Shortage,Regional Shortage,No Shortage,No Shortage,Shortage,Shortage,1,2,ANZSCO_2022,2,Professionals
254212,Nurse Researcher,No Shortage,No Shortage,No Shortage,Shortage,Shortage,No Shortage,No Shortage,Shortage,Shortage,1,2,ANZSCO_2022,2,Professionals
254311,Nurse Manager,No Shortage,No Shortage,No Shortage,No Shortage,Regional Shortage,No Shortage,No Shortage,No Shortage,No Shortage,1,2,ANZSCO_2022,2,Professionals
254411,Nurse Practitioner,Shortage,Shortage,Shortage,Shortage,Shortage,Shortage,Shortage,Shortage,Shortage,1,2,ANZSCO_2022,2,Professionals
254412,Registered Nurse (Aged Care),Shortage,Shortage,Shortage,Shortage,Shortage,Shortage,Shortage,Shortage,Shortage,1,2,ANZSCO_2022,2,Professionals
254413,Registered Nurse (Child And Family Health),Shortage,Shortage,Shortage,Shortage,Shortage,Shortage,Shortage,Shortage,Shortage,1,2,ANZSCO_2022,2,Professionals
254414,Registered Nurse (Community Health),Shortage,Shortage,Shortage,Shortage,Shortage,Shortage,Shortage,Shortage,Shortage,1,2,ANZSCO_2022,2,Professionals
254415,Registered Nurse (Critical Care And Emergency),Shortage,Shortage,Shortage,Shortage,Shortage,Shortage,Shortage,Shortage,Shortage,1,2,ANZSCO_2022,2,Professionals
254416,Registered Nurse (Developmental Disability),Shortage,Shortage,Shortage,Shortage,No Shortage,No Shortage,No Shortage,No Shortage,No Shortage,1,2,ANZSCO_2022,2,Professionals
254417,Registered Nurse (Disability And Rehabilitation),Shortage,Shortage,Shortage,Shortage,Shortage,Shortage,Shortage,Shortage,Shortage,1,2,ANZSCO_2022,2,Professionals
254418,Registered Nurse (Medical),Regional Shortage,Regional Shortage,Regional Shortage,Regional Shortage,Regional Shortage,Regional Shortage,Regional Shortage,Regional Shortage,Shortage,1,2,ANZSCO_2022,2,Professionals
254421,Registered Nurse (Medical Practice),Regional Shortage,Regional Shortage,Regional Shortage,Regional Shortage,Regional Shortage,Regional Shortage,Regional Shortage,Regional Shortage,Shortage,1,2,ANZSCO_2022,2,Professionals
254422,Registered Nurse (Mental Health),Shortage,Shortage,Shortage,Shortage,Shortage,Shortage,Shortage,Shortage,Shortage,1,2,ANZSCO_2022,2,Professionals
254423,Registered Nurse (Perioperative),Shortage,Shortage,Shortage,Shortage,Shortage,Shortage,Shortage,Shortage,Shortage,1,2,ANZSCO_2022,2,Professionals
254424,Registered Nurse (Surgical),Regional Shortage,Regional Shortage,Regional Shortage,Regional Shortage,Regional Shortage,Regional Shortage,Regional Shortage,Regional Shortage,Shortage,1,2,ANZSCO_2022,2,Professionals
254425,Registered Nurse (Paediatrics),Shortage,Shortage,Shortage,Shortage,Shortage,Shortage,Shortage,Shortage,Shortage,1,2,ANZSCO_2022,2,Professionals
254499,Registered Nurses NEC,No Shortage,No Shortage,No Shortage,No Shortage,No Shortage,No Shortage,No Shortage,Shortage,No Shortage,1,2,ANZSCO_2022,2,Professionals
261111,ICT Business Analyst,No Shortage,No Shortage,No Shortage,No Shortage,No Shortage,No Shortage,No Shortage,Shortage,No Shortage,1,2,ANZSCO_2022,2,Professionals
261112,Systems Analyst,No Shortage,No Shortage,No Shortage,No Shortage,No Shortage,No Shortage,No Shortage,No Shortage,No Shortage,1,2,ANZSCO_2022,2,Professionals
261113,User Experience Designer (ICT),No Shortage,No Shortage,No Shortage,No Shortage,No Shortage,No Shortage,No Shortage,No Shortage,No Shortage,1,2,ANZSCO_2022,2,Professionals
261211,Multimedia Specialist,No Shortage,No Shortage,No Shortage,No Shortage,No Shortage,No Shortage,No Shortage,Shortage,Shortage,1,2,ANZSCO_2022,2,Professionals
261212,Web Developer,No Shortage,No Shortage,No Shortage,No Shortage,No Shortage,No Shortage,No Shortage,No Shortage,No Shortage,1,2,ANZSCO_2022,2,Professionals
261311,Analyst Programmer,No Shortage,No Shortage,No Shortage,No Shortage,No Shortage,No Shortage,No Shortage,No Shortage,No Shortage,1,2,ANZSCO_2022,2,Professionals
261312,Developer Programmer,No Shortage,No Shortage,No Shortage,No Shortage,No Shortage,No Shortage,No Shortage,No Shortage,No Shortage,1,2,ANZSCO_2022,2,Professionals
261313,Software Engineer,No Shortage,No Shortage,No Shortage,No Shortage,No Shortage,No Shortage,No Shortage,No Shortage,No Shortage,1,2,ANZSCO_2022,2,Professionals
261314,Software Tester,Shortage,Shortage,Shortage,Shortage,Shortage,Shortage,Shortage,Shortage,Shortage,1,2,ANZSCO_2022,2,Professionals
261315,Cyber Security Engineer,Shortage,Shortage,Shortage,Shortage,Shortage,Shortage,Shortage,Shortage,Shortage,1,2,ANZSCO_2022,2,Professionals
261316,Devops Engineer,Shortage,Shortage,Shortage,Shortage,Shortage,Shortage,Shortage,No Shortage,Shortage,1,2,ANZSCO_2022,2,Professionals
261317,Penetration Tester,No Shortage,No Shortage,No Shortage,No Shortage,No Shortage,No Shortage,No Shortage,No Shortage,No Shortage,1,2,ANZSCO_2022,2,Professionals
261399,Software And Applications Programmers NEC,No Shortage,No Shortage,No Shortage,No Shortage,No Shortage,No Shortage,No Shortage,No Shortage,No Shortage,1,2,ANZSCO_2022,2,Professionals
262111,Database Administrator,No Shortage,No Shortage,No Shortage,No Shortage,No Shortage,No Shortage,No Shortage,No Shortage,No Shortage,1,2,ANZSCO_2022,2,Professionals
262113,Systems Administrator,No Shortage,No Shortage,No Shortage,No Shortage,No Shortage,No Shortage,No Shortage,Shortage,No Shortage,1,2,ANZSCO_2022,2,Professionals
262114,Cyber Governance Risk And Compliance Specialist,Shortage,Shortage,Shortage,Shortage,Shortage,Shortage,Shortage,No Shortage,Shortage,1,2,ANZSCO_2022,2,Professionals
262115,Cyber Security Advice And Assessment Specialist,No Shortage,No Shortage,No Shortage,No Shortage,No Shortage,No Shortage,No Shortage,Shortage,Shortage,1,2,ANZSCO_2022,2,Professionals
262116,Cyber Security Analyst,No Shortage,No Shortage,No Shortage,Shortage,Shortage,No Shortage,No Shortage,No Shortage,Shortage,1,2,ANZSCO_2022,2,Professionals
262117,Cyber Security Architect,Shortage,Shortage,Shortage,Shortage,Shortage,Shortage,No Shortage,No Shortage,Shortage,1,2,ANZSCO_2022,2,Professionals
262118,Cyber Security Operations Coordinator,Shortage,Shortage,Shortage,Shortage,Shortage,Shortage,Shortage,Shortage,Shortage,1,2,ANZSCO_2022,2,Professionals
263111,Computer Network And Systems Engineer,No Shortage,No Shortage,No Shortage,No Shortage,No Shortage,No Shortage,No Shortage,Shortage,No Shortage,1,2,ANZSCO_2022,2,Professionals
263112,Network Administrator,No Shortage,No Shortage,No Shortage,No Shortage,No Shortage,No Shortage,No Shortage,No Shortage,No Shortage,1,2,ANZSCO_2022,2,Professionals
263113,Network Analyst,No Shortage,No Shortage,No Shortage,No Shortage,No Shortage,No Shortage,No Shortage,No Shortage,No Shortage,1,2,ANZSCO_2022,2,Professionals
263211,ICT Quality Assurance Engineer,No Shortage,No Shortage,No Shortage,No Shortage,No Shortage,No Shortage,No Shortage,No Shortage,No Shortage,1,2,ANZSCO_2022,2,Professionals
263212,ICT Support Engineer,No Shortage,No Shortage,No Shortage,No Shortage,No Shortage,No Shortage,No Shortage,No Shortage,No Shortage,1,2,ANZSCO_2022,2,Professionals
263213,ICT Systems Test Engineer,No Shortage,No Shortage,No Shortage,No Shortage,No Shortage,No Shortage,No Shortage,No Shortage,No Shortage,1,2,ANZSCO_2022,2,Professionals
263299,ICT Support And Test Engineers NEC,No Shortage,No Shortage,No Shortage,No Shortage,No Shortage,No Shortage,No Shortage,No Shortage,No Shortage,1,2,ANZSCO_2022,2,Professionals
263311,Telecommunications Engineer,No Shortage,No Shortage,No Shortage,No Shortage,No Shortage,No Shortage,No Shortage,No Shortage,No Shortage,1,2,ANZSCO_2022,2,Professionals
263312,Telecommunications Network Engineer,No Shortage,No Shortage,No Shortage,No Shortage,No Shortage,No Shortage,No Shortage,No Shortage,No Shortage,1,2,ANZSCO_2022,2,Professionals
271111,Barrister,No Shortage,No Shortage,No Shortage,No Shortage,No Shortage,No Shortage,No Shortage,No Shortage,No Shortage,1,2,ANZSCO_2022,2,Professionals
271214,Intellectual Property Lawyer,No Shortage,No Shortage,No Shortage,No Shortage,No Shortage,No Shortage,No Shortage,No Shortage,No Shortage,1,2,ANZSCO_2022,2,Professionals
271299,Judicial And Other Legal Professionals NEC,No Shortage,No Shortage,No Shortage,No Shortage,No Shortage,No Shortage,No Shortage,No Shortage,No Shortage,1,2,ANZSCO_2022,2,Professionals
271311,Solicitor,Shortage,Shortage,Shortage,Shortage,Shortage,Shortage,Shortage,Shortage,Shortage,1,2,ANZSCO_2022,2,Professionals
272111,Careers Counsellor,No Shortage,No Shortage,No Shortage,No Shortage,No Shortage,No Shortage,No Shortage,No Shortage,No Shortage,1,2,ANZSCO_2022,2,Professionals
272112,Drug And Alcohol Counsellor,No Shortage,No Shortage,No Shortage,No Shortage,No Shortage,No Shortage,No Shortage,No Shortage,No Shortage,1,2,ANZSCO_2022,2,Professionals
272113,Family And Marriage Counsellor,No Shortage,No Shortage,No Shortage,No Shortage,No Shortage,No Shortage,No Shortage,No Shortage,No Shortage,1,2,ANZSCO_2022,2,Professionals
272114,Rehabilitation Counsellor,Shortage,Shortage,Shortage,Shortage,Shortage,Shortage,Shortage,Shortage,Shortage,1,2,ANZSCO_2022,2,Professionals
272115,Student Counsellor,No Shortage,No Shortage,No Shortage,No Shortage,No Shortage,No Shortage,No Shortage,No Shortage,No Shortage,1,2,ANZSCO_2022,2,Professionals
272199,Counsellors NEC,No Shortage,No Shortage,No Shortage,No Shortage,No Shortage,No Shortage,No Shortage,No Shortage,No Shortage,1,2,ANZSCO_2022,2,Professionals
272211,Minister Of Religion,No Shortage,No Shortage,No Shortage,No Shortage,No Shortage,No Shortage,No Shortage,No Shortage,No Shortage,1,2,ANZSCO_2022,2,Professionals
272311,Clinical Psychologist,Shortage,Shortage,Shortage,Shortage,Shortage,Shortage,Shortage,Shortage,Shortage,1,2,ANZSCO_2022,2,Professionals
272312,Educational Psychologist,Shortage,Shortage,Shortage,Shortage,Shortage,Shortage,Shortage,Shortage,Shortage,1,2,ANZSCO_2022,2,Professionals
272313,Organisational Psychologist,Shortage,Shortage,Shortage,Shortage,Shortage,Shortage,Shortage,No Shortage,Shortage,1,2,ANZSCO_2022,2,Professionals
272314,Psychotherapist,No Shortage,No Shortage,No Shortage,No Shortage,No Shortage,No Shortage,No Shortage,No Shortage,No Shortage,1,2,ANZSCO_2022,2,Professionals
272399,Psychologists NEC,Shortage,Shortage,Shortage,Shortage,Shortage,Shortage,Shortage,Shortage,Shortage,1,2,ANZSCO_2022,2,Professionals
272411,Historian,No Shortage,No Shortage,No Shortage,No Shortage,No Shortage,No Shortage,No Shortage,No Shortage,No Shortage,1,2,ANZSCO_2022,2,Professionals
272412,Interpreter,No Shortage,No Shortage,No Shortage,No Shortage,No Shortage,No Shortage,No Shortage,No Shortage,No Shortage,1,2,ANZSCO_2022,2,Professionals
272413,Translator,No Shortage,No Shortage,No Shortage,No Shortage,No Shortage,No Shortage,No Shortage,No Shortage,No Shortage,1,2,ANZSCO_2022,2,Professionals
272414,Archaeologist,No Shortage,No Shortage,No Shortage,No Shortage,No Shortage,No Shortage,No Shortage,No Shortage,No Shortage,1,2,ANZSCO_2022,2,Professionals
272499,Social Professionals NEC,No Shortage,No Shortage,No Shortage,No Shortage,No Shortage,No Shortage,No Shortage,No Shortage,No Shortage,1,2,ANZSCO_2022,2,Professionals
272511,Social Worker,No Shortage,No Shortage,Regional Shortage,No Shortage,Shortage,No Shortage,No Shortage,Shortage,Shortage,1,2,ANZSCO_2022,2,Professionals
272611,Community Arts Worker,No Shortage,No Shortage,No Shortage,No Shortage,No Shortage,No Shortage,No Shortage,No Shortage,No Shortage,1,2,ANZSCO_2022,2,Professionals
272612,Recreation Officer / Recreation Coordinator,No Shortage,No Shortage,No Shortage,No Shortage,No Shortage,No Shortage,No Shortage,No Shortage,No Shortage,1,2,ANZSCO_2022,2,Professionals
272613,Welfare Worker,No Shortage,No Shortage,Regional Shortage,No Shortage,No Shortage,No Shortage,No Shortage,Shortage,No Shortage,1,2,ANZSCO_2022,2,Professionals
311112,Agricultural And Agritech Technician,Shortage,Shortage,Shortage,Shortage,Shortage,Shortage,Shortage,Shortage,Shortage,2,3,ANZSCO_2022,3,Technicians and Trades Workers
311113,Animal Husbandry Technician,No Shortage,No Shortage,No Shortage,No Shortage,No Shortage,No Shortage,No Shortage,No Shortage,No Shortage,2,3,ANZSCO_2022,3,Technicians and Trades Workers
311114,Aquaculture Or Fisheries Technician,No Shortage,No Shortage,No Shortage,No Shortage,No Shortage,No Shortage,No Shortage,No Shortage,No Shortage,2,3,ANZSCO_2022,3,Technicians and Trades Workers
311115,Irrigation Designer,Shortage,Shortage,Shortage,Shortage,Shortage,Shortage,Shortage,No Shortage,No Shortage,2,3,ANZSCO_2022,3,Technicians and Trades Workers
311211,Anaesthetic Technician,No Shortage,No Shortage,No Shortage,No Shortage,No Shortage,No Shortage,No Shortage,No Shortage,No Shortage,2,3,ANZSCO_2022,3,Technicians and Trades Workers
311212,Cardiac Technician,No Shortage,No Shortage,No Shortage,No Shortage,No Shortage,No Shortage,No Shortage,No Shortage,No Shortage,2,3,ANZSCO_2022,3,Technicians and Trades Workers
311213,Medical Laboratory Technician,No Shortage,No Shortage,No Shortage,No Shortage,No Shortage,No Shortage,No Shortage,No Shortage,No Shortage,2,3,ANZSCO_2022,3,Technicians and Trades Workers
311214,Operating Theatre Technician,No Shortage,No Shortage,No Shortage,No Shortage,No Shortage,No Shortage,No Shortage,No Shortage,No Shortage,3,3,ANZSCO_2022,3,Technicians and Trades Workers
311215,Pharmacy Technician,Regional Shortage,Regional Shortage,Regional Shortage,Regional Shortage,Regional Shortage,Regional Shortage,Regional Shortage,Shortage,Shortage,2,3,ANZSCO_2022,3,Technicians and Trades Workers
311216,Pathology Collector / Phlebotomist,No Shortage,No Shortage,No Shortage,No Shortage,No Shortage,No Shortage,No Shortage,No Shortage,No Shortage,3,3,ANZSCO_2022,3,Technicians and Trades Workers
311217,Respiratory Technician,No Shortage,No Shortage,No Shortage,No Shortage,No Shortage,No Shortage,No Shortage,No Shortage,No Shortage,2,3,ANZSCO_2022,3,Technicians and Trades Workers
311299,Medical Technicians NEC,No Shortage,No Shortage,No Shortage,No Shortage,No Shortage,No Shortage,No Shortage,No Shortage,No Shortage,2,3,ANZSCO_2022,3,Technicians and Trades Workers
311311,Fisheries Officer,No Shortage,No Shortage,No Shortage,No Shortage,No Shortage,No Shortage,No Shortage,No Shortage,No Shortage,2,3,ANZSCO_2022,3,Technicians and Trades Workers
311312,Meat Inspector,Shortage,Shortage,Shortage,Shortage,Shortage,Shortage,Shortage,No Shortage,No Shortage,2,3,ANZSCO_2022,3,Technicians and Trades Workers
311313,Biosecurity Officer,No Shortage,No Shortage,No Shortage,No Shortage,No Shortage,No Shortage,No Shortage,No Shortage,No Shortage,2,3,ANZSCO_2022,3,Technicians and Trades Workers
311314,Primary Products Quality Assurance Officer,No Shortage,No Shortage,No Shortage,No Shortage,No Shortage,No Shortage,No Shortage,No Shortage,No Shortage,2,3,ANZSCO_2022,3,Technicians and Trades Workers
311399,Primary Products Assurance And Inspection Officers NEC,No Shortage,No Shortage,No Shortage,No Shortage,No Shortage,No Shortage,No Shortage,No Shortage,No Shortage,2,3,ANZSCO_2022,3,Technicians and Trades Workers
311411,Chemistry Technician,No Shortage,No Shortage,No Shortage,No Shortage,No Shortage,No Shortage,No Shortage,No Shortage,No Shortage,2,3,ANZSCO_2022,3,Technicians and Trades Workers
311412,Earth Science Technician,No Shortage,No Shortage,No Shortage,No Shortage,No Shortage,No Shortage,No Shortage,No Shortage,No Shortage,2,3,ANZSCO_2022,3,Technicians and Trades Workers
311413,Life Science Technician,No Shortage,No Shortage,No Shortage,No Shortage,No Shortage,No Shortage,No Shortage,No Shortage,No Shortage,2,3,ANZSCO_2022,3,Technicians and Trades Workers
311414,School Laboratory Technician,No Shortage,No Shortage,No Shortage,No Shortage,No Shortage,No Shortage,No Shortage,No Shortage,No Shortage,2,3,ANZSCO_2022,3,Technicians and Trades Workers
311415,Hydrographer,No Shortage,No Shortage,No Shortage,No Shortage,No Shortage,No Shortage,No Shortage,No Shortage,No Shortage,2,3,ANZSCO_2022,3,Technicians and Trades Workers
311499,Science Technicians NEC,No Shortage,No Shortage,No Shortage,No Shortage,No Shortage,No Shortage,No Shortage,No Shortage,No Shortage,2,3,ANZSCO_2022,3,Technicians and Trades Workers
312111,Architectural Draftsperson,No Shortage,No Shortage,No Shortage,No Shortage,No Shortage,No Shortage,No Shortage,Shortage,No Shortage,2,3,ANZSCO_2022,3,Technicians and Trades Workers
312112,Building Associate,No Shortage,No Shortage,No Shortage,No Shortage,No Shortage,No Shortage,No Shortage,Shortage,No Shortage,2,3,ANZSCO_2022,3,Technicians and Trades Workers
312113,Building Inspector,Shortage,Shortage,Shortage,Shortage,Shortage,Shortage,Shortage,Shortage,Shortage,2,3,ANZSCO_2022,3,Technicians and Trades Workers
312114,Construction Estimator,Regional Shortage,Shortage,Regional Shortage,Regional Shortage,Regional Shortage,Shortage,Regional Shortage,No Shortage,No Shortage,2,3,ANZSCO_2022,3,Technicians and Trades Workers
312115,Plumbing Inspector,No Shortage,No Shortage,No Shortage,No Shortage,No Shortage,No Shortage,No Shortage,No Shortage,No Shortage,2,3,ANZSCO_2022,3,Technicians and Trades Workers
312116,Surveying Or Spatial Science Technician,Shortage,Shortage,Shortage,Shortage,Shortage,Shortage,Shortage,Shortage,Shortage,2,3,ANZSCO_2022,3,Technicians and Trades Workers
312199,"Architectural, Building And Surveying Technicians NEC",No Shortage,No Shortage,No Shortage,No Shortage,No Shortage,No Shortage,No Shortage,No Shortage,No Shortage,2,3,ANZSCO_2022,3,Technicians and Trades Workers
312211,Civil Engineering Draftsperson,Shortage,Shortage,Shortage,Shortage,Shortage,Shortage,Shortage,Shortage,Shortage,2,3,ANZSCO_2022,3,Technicians and Trades Workers
312212,Civil Engineering Technician,Shortage,Shortage,Shortage,Shortage,Shortage,Shortage,Shortage,Shortage,Shortage,2,3,ANZSCO_2022,3,Technicians and Trades Workers
312311,Electrical Engineering Draftsperson,No Shortage,No Shortage,No Shortage,No Shortage,No Shortage,No Shortage,No Shortage,No Shortage,No Shortage,2,3,ANZSCO_2022,3,Technicians and Trades Workers
312312,Electrical Engineering Technician,Metro Shortage,Metro Shortage,Metro Shortage,Metro Shortage,Metro Shortage,Metro Shortage,Metro Shortage,Metro Shortage,Shortage,2,3,ANZSCO_2022,3,Technicians and Trades Workers
312411,Electronic Engineering Draftsperson,No Shortage,Shortage,No Shortage,No Shortage,No Shortage,Shortage,No Shortage,No Shortage,No Shortage,2,3,ANZSCO_2022,3,Technicians and Trades Workers
312412,Electronic Engineering Technician,Shortage,Shortage,Shortage,Shortage,Shortage,Shortage,Shortage,Shortage,Shortage,2,3,ANZSCO_2022,3,Technicians and Trades Workers
312511,Mechanical Engineering Draftsperson,Shortage,Shortage,Shortage,Shortage,Shortage,Shortage,Shortage,Shortage,Shortage,2,3,ANZSCO_2022,3,Technicians and Trades Workers
312512,Mechanical Engineering Technician,Shortage,Shortage,Shortage,Shortage,Shortage,Shortage,Shortage,Shortage,Shortage,2,3,ANZSCO_2022,3,Technicians and Trades Workers
312611,Safety Inspector,No Shortage,No Shortage,No Shortage,No Shortage,No Shortage,No Shortage,No Shortage,No Shortage,No Shortage,2,3,ANZSCO_2022,3,Technicians and Trades Workers
312911,Maintenance Planner,No Shortage,No Shortage,No Shortage,No Shortage,No Shortage,No Shortage,No Shortage,No Shortage,No Shortage,2,3,ANZSCO_2022,3,Technicians and Trades Workers
312912,Metallurgical Or Materials Technician,Shortage,Shortage,Shortage,Shortage,Shortage,Shortage,Shortage,Shortage,Shortage,2,3,ANZSCO_2022,3,Technicians and Trades Workers
312913,Mine Deputy,No Shortage,No Shortage,No Shortage,No Shortage,No Shortage,Regional Shortage,No Shortage,No Shortage,No Shortage,2,3,ANZSCO_2022,3,Technicians and Trades Workers
312914,Other Draftsperson,No Shortage,No Shortage,No Shortage,No Shortage,No Shortage,No Shortage,No Shortage,No Shortage,No Shortage,2,3,ANZSCO_2022,3,Technicians and Trades Workers
312999,Building And Engineering Technicians NEC,No Shortage,No Shortage,No Shortage,No Shortage,No Shortage,No Shortage,No Shortage,No Shortage,No Shortage,2,3,ANZSCO_2022,3,Technicians and Trades Workers
313111,Hardware Technician,No Shortage,No Shortage,No Shortage,No Shortage,No Shortage,No Shortage,No Shortage,No Shortage,No Shortage,2,3,ANZSCO_2022,3,Technicians and Trades Workers
313112,ICT Customer Support Officer,No Shortage,No Shortage,No Shortage,No Shortage,No Shortage,No Shortage,No Shortage,No Shortage,No Shortage,2,3,ANZSCO_2022,3,Technicians and Trades Workers
313113,Web Administrator,No Shortage,No Shortage,No Shortage,No Shortage,No Shortage,No Shortage,No Shortage,No Shortage,No Shortage,2,3,ANZSCO_2022,3,Technicians and Trades Workers
313199,ICT Support Technicians NEC,No Shortage,No Shortage,No Shortage,No Shortage,No Shortage,No Shortage,No Shortage,Shortage,No Shortage,2,3,ANZSCO_2022,3,Technicians and Trades Workers
313211,Radiocommunications Technician,No Shortage,No Shortage,No Shortage,No Shortage,No Shortage,No Shortage,No Shortage,No Shortage,No Shortage,2,3,ANZSCO_2022,3,Technicians and Trades Workers
313212,Telecommunications Field Engineer,No Shortage,No Shortage,No Shortage,No Shortage,No Shortage,No Shortage,No Shortage,No Shortage,No Shortage,2,3,ANZSCO_2022,3,Technicians and Trades Workers
313213,Telecommunications Network Planner,No Shortage,No Shortage,No Shortage,No Shortage,No Shortage,No Shortage,No Shortage,No Shortage,No Shortage,2,3,ANZSCO_2022,3,Technicians and Trades Workers
313214,Telecommunications Technical Officer Or Technologist,No Shortage,No Shortage,No Shortage,No Shortage,No Shortage,No Shortage,No Shortage,No Shortage,No Shortage,2,3,ANZSCO_2022,3,Technicians and Trades Workers
321111,Automotive Electrician,Shortage,Shortage,Shortage,Shortage,Shortage,Shortage,Shortage,Shortage,Shortage,3,3,ANZSCO_2022,3,Technicians and Trades Workers
321211,Motor Mechanic (General),Shortage,Shortage,Shortage,Shortage,Shortage,Shortage,Shortage,Shortage,Shortage,3,3,ANZSCO_2022,3,Technicians and Trades Workers
321212,Diesel Motor Mechanic,Shortage,Shortage,Shortage,Shortage,Shortage,Shortage,Shortage,Shortage,Shortage,3,3,ANZSCO_2022,3,Technicians and Trades Workers
321213,Motorcycle Mechanic,Shortage,Shortage,Shortage,Shortage,Shortage,Shortage,Shortage,Shortage,Shortage,3,3,ANZSCO_2022,3,Technicians and Trades Workers
321214,Small Engine Mechanic,Shortage,Shortage,Shortage,Shortage,Shortage,Shortage,Shortage,Shortage,Shortage,3,3,ANZSCO_2022,3,Technicians and Trades Workers
322111,Blacksmith,No Shortage,No Shortage,No Shortage,No Shortage,No Shortage,No Shortage,No Shortage,No Shortage,No Shortage,3,3,ANZSCO_2022,3,Technicians and Trades Workers
322112,Electroplater,No Shortage,No Shortage,No Shortage,No Shortage,No Shortage,No Shortage,No Shortage,No Shortage,No Shortage,3,3,ANZSCO_2022,3,Technicians and Trades Workers
322113,Farrier,Shortage,Shortage,Shortage,Shortage,Shortage,Shortage,Shortage,No Shortage,Shortage,3,3,ANZSCO_2022,3,Technicians and Trades Workers
322114,Metal Casting Trades Worker,Shortage,Shortage,Shortage,Shortage,Shortage,Shortage,Shortage,No Shortage,No Shortage,3,3,ANZSCO_2022,3,Technicians and Trades Workers
322115,Metal Polisher,No Shortage,No Shortage,No Shortage,No Shortage,No Shortage,No Shortage,No Shortage,No Shortage,No Shortage,3,3,ANZSCO_2022,3,Technicians and Trades Workers
322211,Sheetmetal Worker,Shortage,Shortage,Shortage,Shortage,Shortage,Shortage,Shortage,Shortage,Shortage,3,3,ANZSCO_2022,3,Technicians and Trades Workers
322311,Metal Fabricator,Shortage,Shortage,Shortage,Shortage,Shortage,Shortage,Shortage,Shortage,Shortage,3,3,ANZSCO_2022,3,Technicians and Trades Workers
322312,Pressure Welder,Shortage,Shortage,Shortage,Shortage,Shortage,Shortage,No Shortage,No Shortage,No Shortage,3,3,ANZSCO_2022,3,Technicians and Trades Workers
322313,Welder (First Class),Shortage,Shortage,Shortage,Shortage,Shortage,Shortage,Shortage,Shortage,Shortage,3,3,ANZSCO_2022,3,Technicians and Trades Workers
323111,Aircraft Maintenance Engineer (Avionics),Shortage,Shortage,Shortage,Shortage,Shortage,Shortage,Shortage,Shortage,Shortage,3,3,ANZSCO_2022,3,Technicians and Trades Workers
323112,Aircraft Maintenance Engineer (Mechanical),Shortage,Shortage,Shortage,Shortage,Shortage,Shortage,Shortage,Shortage,Shortage,3,3,ANZSCO_2022,3,Technicians and Trades Workers
323113,Aircraft Maintenance Engineer (Structures),Shortage,Shortage,Shortage,Shortage,Shortage,Shortage,No Shortage,Shortage,No Shortage,3,3,ANZSCO_2022,3,Technicians and Trades Workers
323211,Fitter (General),Shortage,Shortage,Shortage,Shortage,Shortage,Shortage,Shortage,Shortage,Shortage,3,3,ANZSCO_2022,3,Technicians and Trades Workers
323212,Fitter And Turner,Shortage,Shortage,Shortage,Shortage,Shortage,Shortage,Shortage,Shortage,Shortage,3,3,ANZSCO_2022,3,Technicians and Trades Workers
323213,Fitter-Welder,Shortage,Shortage,Shortage,Shortage,Shortage,Shortage,Shortage,Shortage,Shortage,3,3,ANZSCO_2022,3,Technicians and Trades Workers
323214,Metal Machinist (First Class),Shortage,Shortage,Shortage,Shortage,Shortage,Shortage,Shortage,Shortage,Shortage,3,3,ANZSCO_2022,3,Technicians and Trades Workers
323215,"Textile, Clothing And Footwear Mechanic",No Shortage,No Shortage,No Shortage,No Shortage,No Shortage,No Shortage,No Shortage,No Shortage,No Shortage,3,3,ANZSCO_2022,3,Technicians and Trades Workers
323299,Metal Fitters And Machinists NEC,No Shortage,Shortage,No Shortage,No Shortage,No Shortage,No Shortage,No Shortage,Shortage,No Shortage,3,3,ANZSCO_2022,3,Technicians and Trades Workers
323311,Engraver,No Shortage,No Shortage,No Shortage,No Shortage,No Shortage,No Shortage,No Shortage,No Shortage,No Shortage,3,3,ANZSCO_2022,3,Technicians and Trades Workers
323312,Gunsmith,No Shortage,No Shortage,No Shortage,No Shortage,No Shortage,No Shortage,No Shortage,No Shortage,No Shortage,3,3,ANZSCO_2022,3,Technicians and Trades Workers
323313,Locksmith,Shortage,Shortage,Shortage,Shortage,Shortage,Shortage,Shortage,Shortage,Shortage,3,3,ANZSCO_2022,3,Technicians and Trades Workers
323314,Precision Instrument Maker And Repairer,Shortage,Shortage,Shortage,Shortage,Shortage,Shortage,Shortage,Shortage,Shortage,3,3,ANZSCO_2022,3,Technicians and Trades Workers
323315,Saw Doctor,Shortage,Shortage,Shortage,Shortage,Shortage,Shortage,Shortage,No Shortage,No Shortage,3,3,ANZSCO_2022,3,Technicians and Trades Workers
323316,Watch And Clock Maker And Repairer,No Shortage,No Shortage,No Shortage,No Shortage,No Shortage,No Shortage,No Shortage,No Shortage,No Shortage,3,3,ANZSCO_2022,3,Technicians and Trades Workers
323411,Engineering Patternmaker,Shortage,Shortage,Shortage,Shortage,Shortage,Shortage,Shortage,No Shortage,No Shortage,3,3,ANZSCO_2022,3,Technicians and Trades Workers
323412,Toolmaker,Shortage,Shortage,Shortage,Shortage,Shortage,Shortage,Shortage,No Shortage,Shortage,3,3,ANZSCO_2022,3,Technicians and Trades Workers
324111,Panelbeater,Shortage,Shortage,Shortage,Shortage,Shortage,Shortage,Shortage,Shortage,Shortage,3,3,ANZSCO_2022,3,Technicians and Trades Workers
324211,Vehicle Body Builder,Shortage,Shortage,Shortage,Shortage,Shortage,Shortage,Shortage,Shortage,Shortage,3,3,ANZSCO_2022,3,Technicians and Trades Workers
324212,Vehicle Trimmer,Shortage,Shortage,Shortage,Shortage,Shortage,Shortage,Shortage,Shortage,Shortage,3,3,ANZSCO_2022,3,Technicians and Trades Workers
324311,Vehicle Painter,Shortage,Shortage,Shortage,Shortage,Shortage,Shortage,Shortage,Shortage,Shortage,3,3,ANZSCO_2022,3,Technicians and Trades Workers
331111,Bricklayer,Shortage,Shortage,Shortage,Shortage,Shortage,Shortage,Shortage,Shortage,Shortage,3,3,ANZSCO_2022,3,Technicians and Trades Workers
331112,Stonemason,Shortage,Shortage,Shortage,Shortage,Shortage,Shortage,Shortage,Shortage,Shortage,3,3,ANZSCO_2022,3,Technicians and Trades Workers
331211,Carpenter And Joiner,Shortage,Shortage,Shortage,Shortage,Shortage,Shortage,Shortage,Shortage,Shortage,3,3,ANZSCO_2022,3,Technicians and Trades Workers
331212,Carpenter,Shortage,Shortage,Shortage,Shortage,Shortage,Shortage,Shortage,Shortage,Shortage,3,3,ANZSCO_2022,3,Technicians and Trades Workers
331213,Joiner,Shortage,Shortage,Shortage,Shortage,Shortage,Shortage,Shortage,Shortage,Shortage,3,3,ANZSCO_2022,3,Technicians and Trades Workers
332111,Floor Finisher,Shortage,Shortage,Shortage,Shortage,Shortage,Shortage,Shortage,Shortage,Shortage,3,3,ANZSCO_2022,3,Technicians and Trades Workers
332211,Painter,Shortage,Shortage,Shortage,Shortage,Shortage,Shortage,Shortage,Shortage,Shortage,3,3,ANZSCO_2022,3,Technicians and Trades Workers
333111,Glazier,Shortage,Shortage,Shortage,Shortage,Shortage,Shortage,Shortage,Shortage,Shortage,3,3,ANZSCO_2022,3,Technicians and Trades Workers
333211,Plasterer (Wall And Ceiling),Shortage,Shortage,Shortage,Shortage,Shortage,Shortage,Shortage,Shortage,Shortage,3,3,ANZSCO_2022,3,Technicians and Trades Workers
333212,Renderer (Solid Plaster),Shortage,Shortage,Shortage,Shortage,Shortage,Shortage,Shortage,Shortage,Shortage,3,3,ANZSCO_2022,3,Technicians and Trades Workers
333311,Roof Tiler,Shortage,Shortage,Shortage,Shortage,Shortage,Shortage,Shortage,Shortage,Shortage,3,3,ANZSCO_2022,3,Technicians and Trades Workers
333411,Wall And Floor Tiler,Shortage,Shortage,Shortage,Shortage,Shortage,Shortage,Shortage,Shortage,Shortage,3,3,ANZSCO_2022,3,Technicians and Trades Workers
334112,Airconditioning And Mechanical Services Plumber,Shortage,Shortage,Shortage,Shortage,Shortage,Shortage,Shortage,Shortage,Shortage,3,3,ANZSCO_2022,3,Technicians and Trades Workers
334113,Drainer,Shortage,Shortage,Shortage,Shortage,Shortage,Shortage,Shortage,Shortage,Shortage,3,3,ANZSCO_2022,3,Technicians and Trades Workers
334114,Gasfitter,Shortage,Shortage,Shortage,Shortage,Shortage,Shortage,Shortage,Shortage,Shortage,3,3,ANZSCO_2022,3,Technicians and Trades Workers
334115,Roof Plumber,Shortage,Shortage,Shortage,Shortage,Shortage,Shortage,Shortage,Shortage,Shortage,3,3,ANZSCO_2022,3,Technicians and Trades Workers
334116,Plumber (General),Shortage,Shortage,Shortage,Shortage,Shortage,Shortage,Shortage,Shortage,Shortage,3,3,ANZSCO_2022,3,Technicians and Trades Workers
334117,Fire Protection Plumber,Shortage,Shortage,Shortage,Shortage,Shortage,Shortage,Shortage,Shortage,Shortage,3,3,ANZSCO_2022,3,Technicians and Trades Workers
341111,Electrician (General),Shortage,Shortage,Shortage,Shortage,Shortage,Shortage,Shortage,Shortage,Shortage,3,3,ANZSCO_2022,3,Technicians and Trades Workers
341112,Electrician (Special Class),Shortage,Shortage,Shortage,Shortage,Shortage,Shortage,No Shortage,Shortage,No Shortage,3,3,ANZSCO_2022,3,Technicians and Trades Workers
341113,Lift Mechanic,No Shortage,No Shortage,No Shortage,No Shortage,No Shortage,No Shortage,No Shortage,No Shortage,No Shortage,3,3,ANZSCO_2022,3,Technicians and Trades Workers
342111,Airconditioning And Refrigeration Mechanic,Shortage,Shortage,Shortage,Shortage,Shortage,Shortage,Shortage,Shortage,Shortage,3,3,ANZSCO_2022,3,Technicians and Trades Workers
342211,Electrical Linesworker / Electrical Line Mechanic,Shortage,Shortage,Shortage,Shortage,Shortage,Shortage,Shortage,Shortage,Shortage,3,3,ANZSCO_2022,3,Technicians and Trades Workers
342212,Technical Cable Jointer,Shortage,Shortage,Shortage,Shortage,Shortage,Shortage,Shortage,Shortage,Shortage,3,3,ANZSCO_2022,3,Technicians and Trades Workers
342311,Business Machine Mechanic,No Shortage,No Shortage,No Shortage,No Shortage,No Shortage,No Shortage,No Shortage,No Shortage,No Shortage,3,3,ANZSCO_2022,3,Technicians and Trades Workers
342312,Communications Operator,No Shortage,No Shortage,No Shortage,No Shortage,No Shortage,No Shortage,No Shortage,No Shortage,No Shortage,3,3,ANZSCO_2022,3,Technicians and Trades Workers
342313,Electronic Equipment Trades Worker,Regional Shortage,Regional Shortage,Regional Shortage,Regional Shortage,Regional Shortage,Regional Shortage,Regional Shortage,Regional Shortage,Shortage,3,3,ANZSCO_2022,3,Technicians and Trades Workers
342314,Electronic Instrument Trades Worker (General),Shortage,Shortage,Shortage,Shortage,Shortage,Shortage,Shortage,Shortage,Shortage,3,3,ANZSCO_2022,3,Technicians and Trades Workers
342315,Electronic Instrument Trades Worker (Special Class),Shortage,Shortage,Shortage,Shortage,Shortage,Shortage,Shortage,Shortage,No Shortage,3,3,ANZSCO_2022,3,Technicians and Trades Workers
342411,Cabler (Data And Telecommunications),Shortage,Shortage,Shortage,Shortage,Shortage,Shortage,Shortage,Shortage,Shortage,3,3,ANZSCO_2022,3,Technicians and Trades Workers
342412,Telecommunications Cable Jointer,Shortage,Shortage,Shortage,Shortage,Shortage,Shortage,Shortage,No Shortage,Shortage,3,3,ANZSCO_2022,3,Technicians and Trades Workers
342413,Telecommunications Linesworker / Telecommunications Line Mechanic,Shortage,Shortage,Shortage,Shortage,Shortage,Shortage,Shortage,Shortage,Shortage,3,3,ANZSCO_2022,3,Technicians and Trades Workers
342414,Telecommunications Technician,Shortage,Shortage,Shortage,Shortage,Shortage,Shortage,Shortage,Shortage,Shortage,3,3,ANZSCO_2022,3,Technicians and Trades Workers
351111,Baker,Shortage,Shortage,Shortage,Shortage,Shortage,Shortage,Shortage,Shortage,Shortage,3,3,ANZSCO_2022,3,Technicians and Trades Workers
351112,Pastrycook,Regional Shortage,Regional Shortage,Regional Shortage,Regional Shortage,Regional Shortage,Regional Shortage,Regional Shortage,Regional Shortage,Shortage,3,3,ANZSCO_2022,3,Technicians and Trades Workers
351211,Butcher Or Smallgoods Maker,Shortage,Shortage,Shortage,Shortage,Shortage,Shortage,Shortage,Shortage,Shortage,3,3,ANZSCO_2022,3,Technicians and Trades Workers
351311,Chef,Regional Shortage,Regional Shortage,Regional Shortage,Regional Shortage,Regional Shortage,Regional Shortage,Regional Shortage,Shortage,Shortage,2,3,ANZSCO_2022,3,Technicians and Trades Workers
351411,Cook,Shortage,Shortage,Shortage,Shortage,Shortage,Shortage,Shortage,Shortage,Shortage,3,3,ANZSCO_2022,3,Technicians and Trades Workers
361111,Dog Handler Or Trainer,No Shortage,No Shortage,No Shortage,No Shortage,No Shortage,No Shortage,No Shortage,No Shortage,No Shortage,3,3,ANZSCO_2022,3,Technicians and Trades Workers
361112,Horse Trainer,Shortage,Shortage,Shortage,Shortage,Shortage,Shortage,Shortage,Shortage,Shortage,3,3,ANZSCO_2022,3,Technicians and Trades Workers
361113,Pet Groomer,No Shortage,No Shortage,No Shortage,No Shortage,No Shortage,No Shortage,No Shortage,No Shortage,No Shortage,4,3,ANZSCO_2022,3,Technicians and Trades Workers
361114,Zookeeper,No Shortage,No Shortage,No Shortage,No Shortage,No Shortage,No Shortage,No Shortage,No Shortage,No Shortage,3,3,ANZSCO_2022,3,Technicians and Trades Workers
361115,Kennel Hand,No Shortage,No Shortage,No Shortage,No Shortage,No Shortage,No Shortage,No Shortage,No Shortage,No Shortage,4,3,ANZSCO_2022,3,Technicians and Trades Workers
361116,Track Rider,No Shortage,No Shortage,No Shortage,No Shortage,No Shortage,No Shortage,No Shortage,No Shortage,No Shortage,3,3,ANZSCO_2022,3,Technicians and Trades Workers
361199,Animal Attendants And Trainers NEC,No Shortage,No Shortage,No Shortage,No Shortage,No Shortage,No Shortage,No Shortage,No Shortage,No Shortage,4,3,ANZSCO_2022,3,Technicians and Trades Workers
361311,Veterinary Nurse,Shortage,Shortage,Shortage,Shortage,Shortage,Shortage,Shortage,Shortage,Shortage,3,3,ANZSCO_2022,3,Technicians and Trades Workers
362111,Florist,No Shortage,No Shortage,No Shortage,No Shortage,No Shortage,No Shortage,No Shortage,No Shortage,No Shortage,3,3,ANZSCO_2022,3,Technicians and Trades Workers
362312,Sports Turf Manager,Shortage,Shortage,Shortage,Shortage,Shortage,Shortage,Shortage,Shortage,Shortage,2,3,ANZSCO_2022,3,Technicians and Trades Workers
362313,Sports Turf Trades Worker,No Shortage,No Shortage,No Shortage,No Shortage,Shortage,No Shortage,No Shortage,No Shortage,No Shortage,3,3,ANZSCO_2022,3,Technicians and Trades Workers
362411,Nurseryperson,No Shortage,No Shortage,No Shortage,No Shortage,No Shortage,No Shortage,No Shortage,No Shortage,No Shortage,3,3,ANZSCO_2022,3,Technicians and Trades Workers
362511,Arborist,Shortage,Shortage,Shortage,Shortage,Shortage,Shortage,Shortage,Shortage,Shortage,2,3,ANZSCO_2022,3,Technicians and Trades Workers
362512,Tree Worker,Shortage,Shortage,Shortage,Shortage,Shortage,Shortage,Shortage,Shortage,Shortage,3,3,ANZSCO_2022,3,Technicians and Trades Workers
362611,Gardener (General),No Shortage,No Shortage,No Shortage,No Shortage,No Shortage,No Shortage,No Shortage,No Shortage,No Shortage,3,3,ANZSCO_2022,3,Technicians and Trades Workers
362711,Landscape Gardener,Shortage,Shortage,Shortage,Shortage,Shortage,Shortage,Shortage,Shortage,Shortage,3,3,ANZSCO_2022,3,Technicians and Trades Workers
362712,Irrigation Technician,Shortage,Shortage,Shortage,Shortage,Shortage,Shortage,Shortage,Shortage,Shortage,3,3,ANZSCO_2022,3,Technicians and Trades Workers
363111,Aquaculture Supervisor,No Shortage,No Shortage,No Shortage,No Shortage,No Shortage,No Shortage,No Shortage,No Shortage,No Shortage,3,3,ANZSCO_2022,3,Technicians and Trades Workers
363112,Fishing Leading Hand,No Shortage,No Shortage,No Shortage,No Shortage,No Shortage,No Shortage,No Shortage,No Shortage,No Shortage,3,3,ANZSCO_2022,3,Technicians and Trades Workers
363113,Forestry Operations Supervisor,No Shortage,No Shortage,No Shortage,No Shortage,No Shortage,No Shortage,No Shortage,No Shortage,No Shortage,3,3,ANZSCO_2022,3,Technicians and Trades Workers
363114,Horticultural Supervisor Or Specialist,No Shortage,No Shortage,No Shortage,No Shortage,No Shortage,No Shortage,No Shortage,No Shortage,No Shortage,3,3,ANZSCO_2022,3,Technicians and Trades Workers
363115,Senior Broadacre Crop And Livestock Farm Worker,No Shortage,No Shortage,No Shortage,No Shortage,No Shortage,No Shortage,No Shortage,No Shortage,No Shortage,3,3,ANZSCO_2022,3,Technicians and Trades Workers
363116,Senior Broadacre Crop Farm Worker,No Shortage,No Shortage,No Shortage,No Shortage,No Shortage,No Shortage,No Shortage,No Shortage,No Shortage,3,3,ANZSCO_2022,3,Technicians and Trades Workers
363117,Vineyard Supervisor,No Shortage,No Shortage,No Shortage,No Shortage,No Shortage,No Shortage,No Shortage,No Shortage,No Shortage,3,3,ANZSCO_2022,3,Technicians and Trades Workers
363199,"Senior Aquaculture, Crop And Forestry Workers NEC",No Shortage,No Shortage,No Shortage,No Shortage,No Shortage,No Shortage,No Shortage,No Shortage,No Shortage,3,3,ANZSCO_2022,3,Technicians and Trades Workers
363211,Senior Beef Cattle Station Worker,No Shortage,No Shortage,No Shortage,No Shortage,No Shortage,No Shortage,No Shortage,No Shortage,No Shortage,3,3,ANZSCO_2022,3,Technicians and Trades Workers
363212,Senior Cattle And Sheep Farm Worker,No Shortage,No Shortage,No Shortage,No Shortage,No Shortage,No Shortage,No Shortage,No Shortage,No Shortage,3,3,ANZSCO_2022,3,Technicians and Trades Workers
363213,Senior Dairy Cattle Farm Worker,No Shortage,No Shortage,No Shortage,No Shortage,No Shortage,No Shortage,No Shortage,No Shortage,No Shortage,3,3,ANZSCO_2022,3,Technicians and Trades Workers
363214,Senior Piggery Stockperson,No Shortage,No Shortage,No Shortage,No Shortage,No Shortage,No Shortage,No Shortage,No Shortage,No Shortage,3,3,ANZSCO_2022,3,Technicians and Trades Workers
363215,Senior Sheep Farm Worker,No Shortage,No Shortage,No Shortage,No Shortage,No Shortage,No Shortage,No Shortage,No Shortage,No Shortage,3,3,ANZSCO_2022,3,Technicians and Trades Workers
363299,Senior Livestock Farm Workers NEC,No Shortage,No Shortage,No Shortage,No Shortage,No Shortage,No Shortage,No Shortage,No Shortage,No Shortage,3,3,ANZSCO_2022,3,Technicians and Trades Workers
363311,Shearer,No Shortage,No Shortage,No Shortage,No Shortage,No Shortage,No Shortage,No Shortage,No Shortage,No Shortage,3,3,ANZSCO_2022,3,Technicians and Trades Workers
363312,Wool Classer,No Shortage,No Shortage,No Shortage,No Shortage,No Shortage,No Shortage,No Shortage,No Shortage,No Shortage,3,3,ANZSCO_2022,3,Technicians and Trades Workers
391111,Hairdresser,Shortage,Shortage,Shortage,Shortage,Shortage,Shortage,Shortage,Shortage,Shortage,3,3,ANZSCO_2022,3,Technicians and Trades Workers
392111,Print Finisher,No Shortage,No Shortage,No Shortage,No Shortage,No Shortage,No Shortage,No Shortage,No Shortage,No Shortage,3,3,ANZSCO_2022,3,Technicians and Trades Workers
392112,Screen Printer,No Shortage,No Shortage,No Shortage,No Shortage,No Shortage,No Shortage,No Shortage,No Shortage,No Shortage,3,3,ANZSCO_2022,3,Technicians and Trades Workers
392211,Graphic Pre-Press Trades Worker,Shortage,Shortage,Shortage,Shortage,Shortage,Shortage,Shortage,No Shortage,Shortage,3,3,ANZSCO_2022,3,Technicians and Trades Workers
392311,Printing Machinist,No Shortage,No Shortage,No Shortage,No Shortage,No Shortage,No Shortage,No Shortage,No Shortage,No Shortage,3,3,ANZSCO_2022,3,Technicians and Trades Workers
392312,Small Offset Printer,No Shortage,No Shortage,No Shortage,No Shortage,No Shortage,No Shortage,No Shortage,No Shortage,No Shortage,3,3,ANZSCO_2022,3,Technicians and Trades Workers
393111,Canvas Goods Fabricator,No Shortage,No Shortage,No Shortage,No Shortage,No Shortage,No Shortage,No Shortage,No Shortage,No Shortage,3,3,ANZSCO_2022,3,Technicians and Trades Workers
393112,Leather Goods Maker,No Shortage,No Shortage,No Shortage,No Shortage,No Shortage,No Shortage,No Shortage,No Shortage,No Shortage,3,3,ANZSCO_2022,3,Technicians and Trades Workers
393113,Sail Maker,No Shortage,No Shortage,No Shortage,No Shortage,No Shortage,No Shortage,No Shortage,No Shortage,No Shortage,3,3,ANZSCO_2022,3,Technicians and Trades Workers
393114,Shoemaker,No Shortage,No Shortage,No Shortage,No Shortage,No Shortage,No Shortage,No Shortage,No Shortage,No Shortage,3,3,ANZSCO_2022,3,Technicians and Trades Workers
393211,Apparel Cutter,No Shortage,No Shortage,No Shortage,No Shortage,No Shortage,No Shortage,No Shortage,No Shortage,No Shortage,3,3,ANZSCO_2022,3,Technicians and Trades Workers
393212,Clothing Patternmaker,No Shortage,No Shortage,No Shortage,No Shortage,No Shortage,No Shortage,No Shortage,No Shortage,No Shortage,3,3,ANZSCO_2022,3,Technicians and Trades Workers
393213,Dressmaker Or Tailor,No Shortage,No Shortage,No Shortage,No Shortage,No Shortage,No Shortage,No Shortage,No Shortage,No Shortage,3,3,ANZSCO_2022,3,Technicians and Trades Workers
393299,Clothing Trades Workers NEC,No Shortage,No Shortage,No Shortage,No Shortage,No Shortage,No Shortage,No Shortage,No Shortage,No Shortage,3,3,ANZSCO_2022,3,Technicians and Trades Workers
393311,Upholsterer,Shortage,Shortage,Shortage,Shortage,Shortage,Shortage,Shortage,Shortage,Shortage,3,3,ANZSCO_2022,3,Technicians and Trades Workers
394112,Cabinet Maker,Shortage,Shortage,Shortage,Shortage,Shortage,Shortage,Shortage,Shortage,Shortage,3,3,ANZSCO_2022,3,Technicians and Trades Workers
394113,Furniture Maker,Shortage,Shortage,Shortage,Shortage,Shortage,Shortage,Shortage,Shortage,Shortage,3,3,ANZSCO_2022,3,Technicians and Trades Workers
394211,Furniture Finisher,No Shortage,No Shortage,No Shortage,No Shortage,No Shortage,No Shortage,No Shortage,No Shortage,No Shortage,3,3,ANZSCO_2022,3,Technicians and Trades Workers
394212,Picture Framer,No Shortage,No Shortage,No Shortage,No Shortage,No Shortage,No Shortage,No Shortage,No Shortage,No Shortage,3,3,ANZSCO_2022,3,Technicians and Trades Workers
394213,Wood Machinist,Shortage,Shortage,Shortage,Shortage,Shortage,Shortage,Shortage,No Shortage,No Shortage,3,3,ANZSCO_2022,3,Technicians and Trades Workers
394214,Wood Turner,No Shortage,No Shortage,No Shortage,No Shortage,No Shortage,No Shortage,No Shortage,No Shortage,No Shortage,3,3,ANZSCO_2022,3,Technicians and Trades Workers
394299,Wood Machinists And Other Wood Trades Workers NEC,No Shortage,No Shortage,No Shortage,No Shortage,No Shortage,No Shortage,No Shortage,No Shortage,No Shortage,3,3,ANZSCO_2022,3,Technicians and Trades Workers
399111,Boat Builder And Repairer,Shortage,Shortage,Shortage,Shortage,Shortage,Shortage,Shortage,Shortage,Shortage,3,3,ANZSCO_2022,3,Technicians and Trades Workers
399112,Shipwright,Shortage,Shortage,Shortage,Shortage,Shortage,Shortage,Shortage,Shortage,No Shortage,3,3,ANZSCO_2022,3,Technicians and Trades Workers
399211,Chemical Plant Operator,No Shortage,No Shortage,No Shortage,No Shortage,No Shortage,No Shortage,No Shortage,No Shortage,No Shortage,3,3,ANZSCO_2022,3,Technicians and Trades Workers
399212,Gas Or Petroleum Operator,No Shortage,No Shortage,No Shortage,No Shortage,No Shortage,No Shortage,No Shortage,No Shortage,No Shortage,3,3,ANZSCO_2022,3,Technicians and Trades Workers
399213,Power Generation Plant Operator,No Shortage,No Shortage,No Shortage,No Shortage,No Shortage,No Shortage,No Shortage,No Shortage,No Shortage,3,3,ANZSCO_2022,3,Technicians and Trades Workers
399311,Gallery Or Museum Technician,No Shortage,No Shortage,No Shortage,No Shortage,No Shortage,No Shortage,No Shortage,No Shortage,No Shortage,2,3,ANZSCO_2022,3,Technicians and Trades Workers
399312,Library Technician,No Shortage,No Shortage,No Shortage,No Shortage,No Shortage,No Shortage,No Shortage,No Shortage,No Shortage,2,3,ANZSCO_2022,3,Technicians and Trades Workers
399411,Jeweller,Shortage,Shortage,Shortage,Shortage,Shortage,Shortage,Shortage,Shortage,Shortage,3,3,ANZSCO_2022,3,Technicians and Trades Workers
399511,Broadcast Transmitter Operator,No Shortage,No Shortage,No Shortage,No Shortage,No Shortage,No Shortage,No Shortage,No Shortage,No Shortage,3,3,ANZSCO_2022,3,Technicians and Trades Workers
399512,"Camera Operator (Film, Television Or Video)",No Shortage,No Shortage,No Shortage,No Shortage,No Shortage,No Shortage,No Shortage,No Shortage,No Shortage,3,3,ANZSCO_2022,3,Technicians and Trades Workers
399513,Light Technician,Shortage,Shortage,Shortage,Shortage,Shortage,Shortage,Shortage,Shortage,Shortage,3,3,ANZSCO_2022,3,Technicians and Trades Workers
399514,Make Up Artist,No Shortage,No Shortage,No Shortage,No Shortage,No Shortage,No Shortage,No Shortage,No Shortage,No Shortage,3,3,ANZSCO_2022,3,Technicians and Trades Workers
399515,Musical Instrument Maker Or Repairer,No Shortage,No Shortage,No Shortage,No Shortage,No Shortage,No Shortage,No Shortage,No Shortage,No Shortage,3,3,ANZSCO_2022,3,Technicians and Trades Workers
399516,Sound Technician,Shortage,Shortage,Shortage,Shortage,Shortage,Shortage,Shortage,Shortage,Shortage,3,3,ANZSCO_2022,3,Technicians and Trades Workers
399517,Television Equipment Operator,No Shortage,No Shortage,No Shortage,No Shortage,No Shortage,No Shortage,No Shortage,No Shortage,No Shortage,3,3,ANZSCO_2022,3,Technicians and Trades Workers
399599,Performing Arts Technicians NEC,No Shortage,Shortage,No Shortage,No Shortage,No Shortage,Shortage,No Shortage,No Shortage,No Shortage,3,3,ANZSCO_2022,3,Technicians and Trades Workers
399611,Signwriter,No Shortage,No Shortage,No Shortage,No Shortage,No Shortage,No Shortage,No Shortage,No Shortage,No Shortage,3,3,ANZSCO_2022,3,Technicians and Trades Workers
399911,Diver,No Shortage,No Shortage,No Shortage,No Shortage,No Shortage,No Shortage,No Shortage,No Shortage,No Shortage,3,3,ANZSCO_2022,3,Technicians and Trades Workers
399912,Interior Decorator,No Shortage,No Shortage,No Shortage,No Shortage,No Shortage,No Shortage,No Shortage,No Shortage,No Shortage,2,3,ANZSCO_2022,3,Technicians and Trades Workers
399913,Optical Dispenser / Dispensing Optician,No Shortage,No Shortage,No Shortage,No Shortage,No Shortage,No Shortage,No Shortage,No Shortage,No Shortage,3,3,ANZSCO_2022,3,Technicians and Trades Workers
399914,Optical Mechanic,No Shortage,No Shortage,No Shortage,No Shortage,No Shortage,No Shortage,No Shortage,No Shortage,No Shortage,3,3,ANZSCO_2022,3,Technicians and Trades Workers
399915,Photographer's Assistant,No Shortage,No Shortage,No Shortage,No Shortage,No Shortage,No Shortage,No Shortage,No Shortage,No Shortage,4,3,ANZSCO_2022,3,Technicians and Trades Workers
399916,Plastics Technician,No Shortage,Shortage,No Shortage,No Shortage,No Shortage,No Shortage,No Shortage,No Shortage,No Shortage,3,3,ANZSCO_2022,3,Technicians and Trades Workers
399918,Fire Protection Equipment Technician,Regional Shortage,Regional Shortage,Regional Shortage,Regional Shortage,Regional Shortage,Regional Shortage,Regional Shortage,Regional Shortage,Shortage,3,3,ANZSCO_2022,3,Technicians and Trades Workers
399999,Technicians And Trades Workers NEC,No Shortage,Shortage,No Shortage,No Shortage,No Shortage,No Shortage,No Shortage,Shortage,No Shortage,3,3,ANZSCO_2022,3,Technicians and Trades Workers
411111,Ambulance Officer,Shortage,Shortage,Shortage,Shortage,Shortage,Shortage,Shortage,Shortage,Shortage,2,4,ANZSCO_2022,4,Community and Personal Service Workers
411112,Intensive Care Ambulance Paramedic,Shortage,Shortage,Shortage,Shortage,Shortage,Shortage,Shortage,Shortage,Shortage,1,4,ANZSCO_2022,4,Community and Personal Service Workers
411211,Dental Hygienist,Shortage,Shortage,Shortage,Shortage,Shortage,Shortage,Shortage,Shortage,Shortage,1,4,ANZSCO_2022,4,Community and Personal Service Workers
411212,Dental Prosthetist,Shortage,Shortage,Shortage,Shortage,Shortage,Shortage,Shortage,No Shortage,Shortage,2,4,ANZSCO_2022,4,Community and Personal Service Workers
411213,Dental Technician,Shortage,Shortage,Shortage,Shortage,Shortage,Shortage,Shortage,Shortage,Shortage,2,4,ANZSCO_2022,4,Community and Personal Service Workers
411214,Dental Therapist,Shortage,Shortage,Shortage,Shortage,Shortage,Shortage,Shortage,Shortage,Shortage,1,4,ANZSCO_2022,4,Community and Personal Service Workers
411311,Diversional Therapist,No Shortage,No Shortage,No Shortage,No Shortage,No Shortage,No Shortage,No Shortage,No Shortage,No Shortage,3,4,ANZSCO_2022,4,Community and Personal Service Workers
411411,Enrolled Nurse,Regional Shortage,Regional Shortage,Regional Shortage,Regional Shortage,Regional Shortage,Regional Shortage,Regional Shortage,Regional Shortage,Shortage,2,4,ANZSCO_2022,4,Community and Personal Service Workers
411412,Mothercraft Nurse,No Shortage,No Shortage,No Shortage,No Shortage,No Shortage,No Shortage,No Shortage,No Shortage,No Shortage,2,4,ANZSCO_2022,4,Community and Personal Service Workers
411511,Aboriginal And Torres Strait Islander Health Worker,Shortage,Shortage,Shortage,Shortage,Shortage,Shortage,Shortage,Shortage,Shortage,2,4,ANZSCO_2022,4,Community and Personal Service Workers
411611,Massage Therapist,No Shortage,No Shortage,No Shortage,No Shortage,No Shortage,No Shortage,No Shortage,No Shortage,No Shortage,2,4,ANZSCO_2022,4,Community and Personal Service Workers
411711,Community Worker,No Shortage,No Shortage,No Shortage,No Shortage,No Shortage,Shortage,No Shortage,Shortage,No Shortage,2,4,ANZSCO_2022,4,Community and Personal Service Workers
411712,Disabilities Services Officer,No Shortage,Regional Shortage,No Shortage,No Shortage,No Shortage,Shortage,No Shortage,Shortage,No Shortage,2,4,ANZSCO_2022,4,Community and Personal Service Workers
411713,Family Support Worker,No Shortage,No Shortage,No Shortage,No Shortage,No Shortage,No Shortage,No Shortage,No Shortage,No Shortage,2,4,ANZSCO_2022,4,Community and Personal Service Workers
411714,Parole Or Probation Officer,No Shortage,No Shortage,No Shortage,No Shortage,No Shortage,No Shortage,No Shortage,No Shortage,No Shortage,2,4,ANZSCO_2022,4,Community and Personal Service Workers
411715,Residential Care Officer,No Shortage,No Shortage,No Shortage,No Shortage,No Shortage,Shortage,No Shortage,Shortage,No Shortage,2,4,ANZSCO_2022,4,Community and Personal Service Workers
411716,Youth Worker,No Shortage,No Shortage,No Shortage,No Shortage,No Shortage,Shortage,No Shortage,Shortage,No Shortage,2,4,ANZSCO_2022,4,Community and Personal Service Workers
421111,Child Care Worker,Shortage,Shortage,Shortage,Shortage,Shortage,Shortage,Shortage,Shortage,Shortage,3,4,ANZSCO_2022,4,Community and Personal Service Workers
421112,Family Day Care Worker,No Shortage,Regional Shortage,No Shortage,No Shortage,Regional Shortage,No Shortage,No Shortage,No Shortage,Shortage,4,4,ANZSCO_2022,4,Community and Personal Service Workers
421113,Nanny,No Shortage,No Shortage,No Shortage,No Shortage,No Shortage,No Shortage,No Shortage,No Shortage,No Shortage,4,4,ANZSCO_2022,4,Community and Personal Service Workers
421114,Out Of School Hours Care Worker,Regional Shortage,Regional Shortage,Regional Shortage,Regional Shortage,Regional Shortage,Regional Shortage,Regional Shortage,Regional Shortage,Shortage,3,4,ANZSCO_2022,4,Community and Personal Service Workers
422111,Aboriginal And Torres Strait Islander Education Worker,No Shortage,No Shortage,No Shortage,No Shortage,No Shortage,No Shortage,No Shortage,No Shortage,No Shortage,4,4,ANZSCO_2022,4,Community and Personal Service Workers
422112,Integration Aide,No Shortage,No Shortage,No Shortage,No Shortage,No Shortage,No Shortage,No Shortage,No Shortage,No Shortage,4,4,ANZSCO_2022,4,Community and Personal Service Workers
422115,Preschool Aide,No Shortage,No Shortage,No Shortage,No Shortage,No Shortage,No Shortage,No Shortage,No Shortage,No Shortage,4,4,ANZSCO_2022,4,Community and Personal Service Workers
422116,Teachers' Aide,No Shortage,No Shortage,No Shortage,No Shortage,No Shortage,No Shortage,No Shortage,No Shortage,No Shortage,4,4,ANZSCO_2022,4,Community and Personal Service Workers
423111,Aged Or Disabled Carer,Shortage,Shortage,Shortage,Shortage,Shortage,Shortage,Shortage,Shortage,Shortage,4,4,ANZSCO_2022,4,Community and Personal Service Workers
423211,Dental Assistant,No Shortage,No Shortage,No Shortage,No Shortage,No Shortage,No Shortage,No Shortage,No Shortage,No Shortage,4,4,ANZSCO_2022,4,Community and Personal Service Workers
423311,Hospital Orderly,No Shortage,No Shortage,No Shortage,No Shortage,No Shortage,No Shortage,No Shortage,No Shortage,No Shortage,4,4,ANZSCO_2022,4,Community and Personal Service Workers
423312,Nursing Support Worker,No Shortage,No Shortage,No Shortage,No Shortage,No Shortage,No Shortage,No Shortage,No Shortage,No Shortage,4,4,ANZSCO_2022,4,Community and Personal Service Workers
423313,Personal Care Assistant,No Shortage,No Shortage,No Shortage,No Shortage,No Shortage,Shortage,No Shortage,Shortage,No Shortage,4,4,ANZSCO_2022,4,Community and Personal Service Workers
423314,Therapy Aide,No Shortage,No Shortage,No Shortage,No Shortage,No Shortage,No Shortage,No Shortage,No Shortage,No Shortage,4,4,ANZSCO_2022,4,Community and Personal Service Workers
423411,Child Or Youth Residential Care Assistant,No Shortage,No Shortage,No Shortage,No Shortage,No Shortage,No Shortage,No Shortage,No Shortage,No Shortage,3,4,ANZSCO_2022,4,Community and Personal Service Workers
423412,Hostel Parent,No Shortage,No Shortage,No Shortage,No Shortage,No Shortage,No Shortage,No Shortage,No Shortage,No Shortage,4,4,ANZSCO_2022,4,Community and Personal Service Workers
423413,Refuge Worker,No Shortage,No Shortage,No Shortage,No Shortage,No Shortage,No Shortage,No Shortage,No Shortage,No Shortage,3,4,ANZSCO_2022,4,Community and Personal Service Workers
431111,Bar Attendant,No Shortage,No Shortage,No Shortage,No Shortage,No Shortage,No Shortage,No Shortage,Shortage,No Shortage,4,4,ANZSCO_2022,4,Community and Personal Service Workers
431112,Barista,No Shortage,No Shortage,No Shortage,No Shortage,No Shortage,No Shortage,No Shortage,No Shortage,No Shortage,4,4,ANZSCO_2022,4,Community and Personal Service Workers
431311,Gaming Worker,No Shortage,No Shortage,No Shortage,No Shortage,No Shortage,No Shortage,No Shortage,No Shortage,No Shortage,4,4,ANZSCO_2022,4,Community and Personal Service Workers
431411,Hotel Service Manager,No Shortage,No Shortage,No Shortage,No Shortage,No Shortage,Shortage,No Shortage,Shortage,No Shortage,2,4,ANZSCO_2022,4,Community and Personal Service Workers
431511,Waiter,No Shortage,No Shortage,No Shortage,No Shortage,No Shortage,No Shortage,No Shortage,Shortage,No Shortage,4,4,ANZSCO_2022,4,Community and Personal Service Workers
441211,Emergency Service Worker,No Shortage,Shortage,No Shortage,No Shortage,Shortage,No Shortage,No Shortage,No Shortage,No Shortage,3,4,ANZSCO_2022,4,Community and Personal Service Workers
441212,Fire Fighter,No Shortage,Shortage,No Shortage,No Shortage,No Shortage,No Shortage,No Shortage,No Shortage,No Shortage,3,4,ANZSCO_2022,4,Community and Personal Service Workers
441312,Police Officer,No Shortage,No Shortage,No Shortage,No Shortage,No Shortage,No Shortage,No Shortage,No Shortage,No Shortage,2,4,ANZSCO_2022,4,Community and Personal Service Workers
442111,Prison Officer,No Shortage,No Shortage,No Shortage,No Shortage,No Shortage,No Shortage,No Shortage,No Shortage,No Shortage,4,4,ANZSCO_2022,4,Community and Personal Service Workers
442213,Crowd Controller,No Shortage,No Shortage,No Shortage,No Shortage,No Shortage,No Shortage,No Shortage,No Shortage,No Shortage,4,4,ANZSCO_2022,4,Community and Personal Service Workers
442214,Private Investigator,No Shortage,No Shortage,No Shortage,No Shortage,No Shortage,No Shortage,No Shortage,No Shortage,No Shortage,4,4,ANZSCO_2022,4,Community and Personal Service Workers
442216,Security Consultant,No Shortage,No Shortage,No Shortage,No Shortage,No Shortage,No Shortage,No Shortage,No Shortage,No Shortage,3,4,ANZSCO_2022,4,Community and Personal Service Workers
442217,Security Officer,No Shortage,Shortage,No Shortage,No Shortage,Shortage,No Shortage,No Shortage,Shortage,No Shortage,4,4,ANZSCO_2022,4,Community and Personal Service Workers
451111,Beauty Therapist,Shortage,Shortage,Shortage,Shortage,Shortage,Shortage,Shortage,Shortage,Shortage,3,4,ANZSCO_2022,4,Community and Personal Service Workers
451211,Driving Instructor,No Shortage,No Shortage,No Shortage,No Shortage,No Shortage,No Shortage,No Shortage,No Shortage,No Shortage,3,4,ANZSCO_2022,4,Community and Personal Service Workers
451311,Funeral Director,No Shortage,No Shortage,No Shortage,No Shortage,No Shortage,No Shortage,No Shortage,No Shortage,No Shortage,2,4,ANZSCO_2022,4,Community and Personal Service Workers
451399,Funeral Workers NEC,No Shortage,No Shortage,No Shortage,No Shortage,No Shortage,No Shortage,No Shortage,No Shortage,No Shortage,3,4,ANZSCO_2022,4,Community and Personal Service Workers
451411,Gallery Or Museum Guide,No Shortage,No Shortage,No Shortage,No Shortage,No Shortage,No Shortage,No Shortage,No Shortage,No Shortage,4,4,ANZSCO_2022,4,Community and Personal Service Workers
451412,Tour Guide,Shortage,Shortage,Shortage,Shortage,Shortage,Shortage,Shortage,Shortage,Shortage,3,4,ANZSCO_2022,4,Community and Personal Service Workers
451511,Natural Remedy Consultant,No Shortage,No Shortage,No Shortage,No Shortage,No Shortage,No Shortage,No Shortage,No Shortage,No Shortage,4,4,ANZSCO_2022,4,Community and Personal Service Workers
451512,Weight Loss Consultant,No Shortage,No Shortage,No Shortage,No Shortage,No Shortage,No Shortage,No Shortage,No Shortage,No Shortage,4,4,ANZSCO_2022,4,Community and Personal Service Workers
451513,Herbalist (Western),No Shortage,No Shortage,No Shortage,No Shortage,No Shortage,No Shortage,No Shortage,No Shortage,No Shortage,4,4,ANZSCO_2022,4,Community and Personal Service Workers
451611,Tourist Information Officer,No Shortage,No Shortage,No Shortage,No Shortage,No Shortage,No Shortage,No Shortage,No Shortage,No Shortage,4,4,ANZSCO_2022,4,Community and Personal Service Workers
451612,Travel Consultant,Shortage,Shortage,Shortage,Shortage,Shortage,Shortage,Shortage,Shortage,Shortage,3,4,ANZSCO_2022,4,Community and Personal Service Workers
451711,Flight Attendant,Regional Shortage,Regional Shortage,Regional Shortage,Regional Shortage,Regional Shortage,Regional Shortage,Regional Shortage,Regional Shortage,Shortage,3,4,ANZSCO_2022,4,Community and Personal Service Workers
451799,Travel Attendants NEC,No Shortage,No Shortage,No Shortage,No Shortage,No Shortage,No Shortage,No Shortage,No Shortage,No Shortage,4,4,ANZSCO_2022,4,Community and Personal Service Workers
451811,Civil Celebrant,No Shortage,No Shortage,No Shortage,No Shortage,No Shortage,No Shortage,No Shortage,No Shortage,No Shortage,3,4,ANZSCO_2022,4,Community and Personal Service Workers
451814,Body Artist,No Shortage,No Shortage,No Shortage,No Shortage,No Shortage,No Shortage,No Shortage,No Shortage,No Shortage,4,4,ANZSCO_2022,4,Community and Personal Service Workers
451815,First Aid Trainer,No Shortage,No Shortage,No Shortage,No Shortage,No Shortage,No Shortage,No Shortage,No Shortage,No Shortage,3,4,ANZSCO_2022,4,Community and Personal Service Workers
451816,Religious Assistant,No Shortage,No Shortage,No Shortage,No Shortage,No Shortage,No Shortage,No Shortage,No Shortage,No Shortage,4,4,ANZSCO_2022,4,Community and Personal Service Workers
451899,Personal Service Workers NEC,No Shortage,No Shortage,No Shortage,No Shortage,No Shortage,No Shortage,No Shortage,No Shortage,No Shortage,4,4,ANZSCO_2022,4,Community and Personal Service Workers
452111,Fitness Instructor,No Shortage,No Shortage,No Shortage,No Shortage,No Shortage,No Shortage,No Shortage,No Shortage,No Shortage,4,4,ANZSCO_2022,4,Community and Personal Service Workers
452211,Bungy Jump Master,No Shortage,No Shortage,No Shortage,No Shortage,No Shortage,No Shortage,No Shortage,No Shortage,No Shortage,2,4,ANZSCO_2022,4,Community and Personal Service Workers
452212,Fishing Guide,No Shortage,No Shortage,No Shortage,No Shortage,No Shortage,No Shortage,No Shortage,No Shortage,No Shortage,3,4,ANZSCO_2022,4,Community and Personal Service Workers
452213,Hunting Guide,No Shortage,No Shortage,No Shortage,No Shortage,No Shortage,No Shortage,No Shortage,No Shortage,No Shortage,3,4,ANZSCO_2022,4,Community and Personal Service Workers
452214,Mountain Or Glacier Guide,No Shortage,No Shortage,No Shortage,No Shortage,No Shortage,No Shortage,No Shortage,No Shortage,No Shortage,2,4,ANZSCO_2022,4,Community and Personal Service Workers
452215,Outdoor Adventure Instructor,Shortage,Shortage,Shortage,Shortage,Shortage,Shortage,Shortage,Shortage,Shortage,3,4,ANZSCO_2022,4,Community and Personal Service Workers
452216,Trekking Guide,No Shortage,No Shortage,No Shortage,No Shortage,No Shortage,No Shortage,No Shortage,No Shortage,No Shortage,3,4,ANZSCO_2022,4,Community and Personal Service Workers
452217,Whitewater Rafting Guide,No Shortage,No Shortage,No Shortage,No Shortage,No Shortage,No Shortage,No Shortage,No Shortage,No Shortage,3,4,ANZSCO_2022,4,Community and Personal Service Workers
452299,Outdoor Adventure Guides NEC,Shortage,Shortage,Shortage,Shortage,Shortage,Shortage,Shortage,No Shortage,No Shortage,3,4,ANZSCO_2022,4,Community and Personal Service Workers
452311,Diving Instructor (Open Water),No Shortage,No Shortage,No Shortage,No Shortage,No Shortage,No Shortage,No Shortage,No Shortage,No Shortage,3,4,ANZSCO_2022,4,Community and Personal Service Workers
452312,Gymnastics Coach Or Instructor,Shortage,Shortage,Shortage,Shortage,Shortage,Shortage,Shortage,Shortage,Shortage,4,4,ANZSCO_2022,4,Community and Personal Service Workers
452313,Horse Riding Coach Or Instructor,No Shortage,No Shortage,No Shortage,No Shortage,No Shortage,No Shortage,No Shortage,No Shortage,No Shortage,3,4,ANZSCO_2022,4,Community and Personal Service Workers
452314,Snowsport Instructor,No Shortage,No Shortage,No Shortage,No Shortage,No Shortage,No Shortage,No Shortage,No Shortage,No Shortage,3,4,ANZSCO_2022,4,Community and Personal Service Workers
452315,Swimming Coach Or Instructor,Shortage,Shortage,Shortage,Shortage,Shortage,Shortage,Shortage,Shortage,Shortage,4,4,ANZSCO_2022,4,Community and Personal Service Workers
452316,Tennis Coach,No Shortage,No Shortage,No Shortage,No Shortage,No Shortage,No Shortage,No Shortage,No Shortage,No Shortage,4,4,ANZSCO_2022,4,Community and Personal Service Workers
452317,Other Sports Coach Or Instructor,No Shortage,No Shortage,No Shortage,No Shortage,No Shortage,No Shortage,No Shortage,No Shortage,No Shortage,4,4,ANZSCO_2022,4,Community and Personal Service Workers
452318,Dog And Horse Racing Official,No Shortage,No Shortage,No Shortage,No Shortage,No Shortage,No Shortage,No Shortage,No Shortage,No Shortage,3,4,ANZSCO_2022,4,Community and Personal Service Workers
452321,Sports Development Officer,No Shortage,No Shortage,No Shortage,No Shortage,No Shortage,No Shortage,No Shortage,No Shortage,No Shortage,2,4,ANZSCO_2022,4,Community and Personal Service Workers
452322,Sports Umpire,No Shortage,No Shortage,No Shortage,No Shortage,No Shortage,No Shortage,No Shortage,No Shortage,No Shortage,3,4,ANZSCO_2022,4,Community and Personal Service Workers
452323,Other Sports Official,No Shortage,No Shortage,No Shortage,No Shortage,No Shortage,No Shortage,No Shortage,No Shortage,No Shortage,3,4,ANZSCO_2022,4,Community and Personal Service Workers
452413,Jockey,No Shortage,No Shortage,No Shortage,No Shortage,No Shortage,No Shortage,No Shortage,No Shortage,No Shortage,3,4,ANZSCO_2022,4,Community and Personal Service Workers
452414,Lifeguard,No Shortage,No Shortage,No Shortage,No Shortage,No Shortage,No Shortage,No Shortage,No Shortage,No Shortage,3,4,ANZSCO_2022,4,Community and Personal Service Workers
511111,Contract Administrator,No Shortage,No Shortage,No Shortage,No Shortage,Shortage,Shortage,No Shortage,No Shortage,No Shortage,2,5,ANZSCO_2022,5,Clerical and Administrative Workers
511112,Program Or Project Administrator,No Shortage,No Shortage,No Shortage,No Shortage,No Shortage,Shortage,No Shortage,Shortage,No Shortage,2,5,ANZSCO_2022,5,Clerical and Administrative Workers
512111,Office Manager,No Shortage,No Shortage,No Shortage,No Shortage,No Shortage,No Shortage,No Shortage,No Shortage,No Shortage,2,5,ANZSCO_2022,5,Clerical and Administrative Workers
512211,Health Practice Manager,No Shortage,No Shortage,No Shortage,No Shortage,No Shortage,No Shortage,No Shortage,No Shortage,No Shortage,2,5,ANZSCO_2022,5,Clerical and Administrative Workers
512299,Practice Managers NEC,No Shortage,No Shortage,No Shortage,No Shortage,No Shortage,No Shortage,No Shortage,No Shortage,No Shortage,2,5,ANZSCO_2022,5,Clerical and Administrative Workers
521111,Personal Assistant,No Shortage,No Shortage,No Shortage,No Shortage,No Shortage,No Shortage,No Shortage,No Shortage,No Shortage,2,5,ANZSCO_2022,5,Clerical and Administrative Workers
521211,Secretary (General),No Shortage,No Shortage,No Shortage,No Shortage,No Shortage,No Shortage,No Shortage,No Shortage,No Shortage,2,5,ANZSCO_2022,5,Clerical and Administrative Workers
521212,Legal Secretary,No Shortage,No Shortage,No Shortage,No Shortage,No Shortage,No Shortage,No Shortage,No Shortage,No Shortage,2,5,ANZSCO_2022,5,Clerical and Administrative Workers
531111,General Clerk,No Shortage,No Shortage,No Shortage,No Shortage,No Shortage,No Shortage,No Shortage,No Shortage,No Shortage,4,5,ANZSCO_2022,5,Clerical and Administrative Workers
532111,Data Entry Operator,No Shortage,No Shortage,No Shortage,No Shortage,No Shortage,No Shortage,No Shortage,No Shortage,No Shortage,4,5,ANZSCO_2022,5,Clerical and Administrative Workers
532112,Machine Shorthand Reporter,No Shortage,No Shortage,No Shortage,No Shortage,No Shortage,No Shortage,No Shortage,No Shortage,No Shortage,4,5,ANZSCO_2022,5,Clerical and Administrative Workers
532113,Word Processing Operator,No Shortage,No Shortage,No Shortage,No Shortage,No Shortage,No Shortage,No Shortage,No Shortage,No Shortage,4,5,ANZSCO_2022,5,Clerical and Administrative Workers
541111,Call Or Contact Centre Team Leader,No Shortage,No Shortage,No Shortage,No Shortage,No Shortage,No Shortage,No Shortage,No Shortage,No Shortage,3,5,ANZSCO_2022,5,Clerical and Administrative Workers
541112,Call Or Contact Centre Operator,No Shortage,No Shortage,No Shortage,No Shortage,No Shortage,No Shortage,No Shortage,No Shortage,No Shortage,4,5,ANZSCO_2022,5,Clerical and Administrative Workers
541211,Information Officer,No Shortage,No Shortage,No Shortage,No Shortage,No Shortage,No Shortage,No Shortage,No Shortage,No Shortage,4,5,ANZSCO_2022,5,Clerical and Administrative Workers
542111,Receptionist (General),No Shortage,No Shortage,No Shortage,No Shortage,No Shortage,No Shortage,No Shortage,No Shortage,No Shortage,4,5,ANZSCO_2022,5,Clerical and Administrative Workers
542112,Admissions Clerk,No Shortage,No Shortage,No Shortage,No Shortage,No Shortage,No Shortage,No Shortage,No Shortage,No Shortage,4,5,ANZSCO_2022,5,Clerical and Administrative Workers
542113,Hotel Or Motel Receptionist,No Shortage,No Shortage,No Shortage,No Shortage,No Shortage,No Shortage,No Shortage,No Shortage,No Shortage,4,5,ANZSCO_2022,5,Clerical and Administrative Workers
542114,Medical Receptionist,No Shortage,No Shortage,No Shortage,No Shortage,No Shortage,No Shortage,No Shortage,No Shortage,No Shortage,4,5,ANZSCO_2022,5,Clerical and Administrative Workers
551111,Accounts Clerk,No Shortage,No Shortage,No Shortage,No Shortage,No Shortage,No Shortage,No Shortage,No Shortage,No Shortage,4,5,ANZSCO_2022,5,Clerical and Administrative Workers
551112,Cost Clerk,No Shortage,No Shortage,No Shortage,No Shortage,No Shortage,No Shortage,No Shortage,No Shortage,No Shortage,4,5,ANZSCO_2022,5,Clerical and Administrative Workers
551211,Bookkeeper,No Shortage,No Shortage,No Shortage,No Shortage,No Shortage,No Shortage,No Shortage,No Shortage,No Shortage,3,5,ANZSCO_2022,5,Clerical and Administrative Workers
551311,Payroll Clerk,No Shortage,No Shortage,No Shortage,No Shortage,No Shortage,No Shortage,No Shortage,No Shortage,No Shortage,4,5,ANZSCO_2022,5,Clerical and Administrative Workers
552111,Bank Worker,No Shortage,No Shortage,No Shortage,No Shortage,No Shortage,No Shortage,No Shortage,No Shortage,No Shortage,3,5,ANZSCO_2022,5,Clerical and Administrative Workers
552211,Credit Or Loans Officer,No Shortage,No Shortage,No Shortage,No Shortage,No Shortage,No Shortage,No Shortage,No Shortage,No Shortage,3,5,ANZSCO_2022,5,Clerical and Administrative Workers
552311,Bookmaker,No Shortage,No Shortage,No Shortage,No Shortage,No Shortage,No Shortage,No Shortage,No Shortage,No Shortage,4,5,ANZSCO_2022,5,Clerical and Administrative Workers
552312,Insurance Consultant,No Shortage,No Shortage,No Shortage,No Shortage,No Shortage,No Shortage,No Shortage,No Shortage,No Shortage,4,5,ANZSCO_2022,5,Clerical and Administrative Workers
552313,Money Market Clerk,No Shortage,No Shortage,No Shortage,No Shortage,No Shortage,No Shortage,No Shortage,No Shortage,No Shortage,4,5,ANZSCO_2022,5,Clerical and Administrative Workers
552314,Statistical Clerk,No Shortage,No Shortage,No Shortage,No Shortage,No Shortage,No Shortage,No Shortage,No Shortage,No Shortage,4,5,ANZSCO_2022,5,Clerical and Administrative Workers
591112,Production Clerk,No Shortage,No Shortage,No Shortage,No Shortage,No Shortage,No Shortage,No Shortage,No Shortage,No Shortage,4,5,ANZSCO_2022,5,Clerical and Administrative Workers
591113,Purchasing Officer,No Shortage,No Shortage,No Shortage,No Shortage,No Shortage,No Shortage,No Shortage,No Shortage,No Shortage,4,5,ANZSCO_2022,5,Clerical and Administrative Workers
591115,Stock Clerk,No Shortage,No Shortage,No Shortage,No Shortage,No Shortage,No Shortage,No Shortage,No Shortage,No Shortage,4,5,ANZSCO_2022,5,Clerical and Administrative Workers
591116,Warehouse Administrator,No Shortage,No Shortage,No Shortage,No Shortage,No Shortage,No Shortage,No Shortage,No Shortage,No Shortage,4,5,ANZSCO_2022,5,Clerical and Administrative Workers
591117,Order Clerk,No Shortage,No Shortage,No Shortage,No Shortage,No Shortage,No Shortage,No Shortage,No Shortage,No Shortage,4,5,ANZSCO_2022,5,Clerical and Administrative Workers
591211,Despatching And Receiving Clerk,No Shortage,No Shortage,No Shortage,No Shortage,No Shortage,No Shortage,No Shortage,No Shortage,No Shortage,4,5,ANZSCO_2022,5,Clerical and Administrative Workers
591212,Import-Export Clerk,No Shortage,No Shortage,No Shortage,No Shortage,No Shortage,No Shortage,No Shortage,No Shortage,No Shortage,4,5,ANZSCO_2022,5,Clerical and Administrative Workers
599111,Conveyancer,Shortage,Shortage,Shortage,Shortage,Shortage,Shortage,Shortage,Shortage,Shortage,2,5,ANZSCO_2022,5,Clerical and Administrative Workers
599112,Legal Executive,No Shortage,No Shortage,No Shortage,No Shortage,No Shortage,No Shortage,No Shortage,No Shortage,No Shortage,2,5,ANZSCO_2022,5,Clerical and Administrative Workers
599211,Clerk Of Court,No Shortage,No Shortage,No Shortage,No Shortage,No Shortage,No Shortage,No Shortage,No Shortage,No Shortage,3,5,ANZSCO_2022,5,Clerical and Administrative Workers
599212,Court Bailiff Or Sheriff,No Shortage,No Shortage,No Shortage,No Shortage,No Shortage,No Shortage,No Shortage,No Shortage,No Shortage,3,5,ANZSCO_2022,5,Clerical and Administrative Workers
599213,Court Orderly,No Shortage,No Shortage,No Shortage,No Shortage,No Shortage,No Shortage,No Shortage,No Shortage,No Shortage,3,5,ANZSCO_2022,5,Clerical and Administrative Workers
599214,Law Clerk,No Shortage,No Shortage,No Shortage,No Shortage,No Shortage,No Shortage,No Shortage,No Shortage,No Shortage,3,5,ANZSCO_2022,5,Clerical and Administrative Workers
599215,Trust Officer,No Shortage,No Shortage,No Shortage,No Shortage,No Shortage,No Shortage,No Shortage,No Shortage,No Shortage,3,5,ANZSCO_2022,5,Clerical and Administrative Workers
599311,Debt Collector,No Shortage,No Shortage,No Shortage,No Shortage,No Shortage,No Shortage,No Shortage,No Shortage,No Shortage,4,5,ANZSCO_2022,5,Clerical and Administrative Workers
599411,Human Resource Clerk,No Shortage,No Shortage,No Shortage,No Shortage,No Shortage,No Shortage,No Shortage,No Shortage,No Shortage,4,5,ANZSCO_2022,5,Clerical and Administrative Workers
599511,Customs Officer,No Shortage,No Shortage,No Shortage,No Shortage,No Shortage,No Shortage,No Shortage,No Shortage,No Shortage,4,5,ANZSCO_2022,5,Clerical and Administrative Workers
599512,Immigration Officer,No Shortage,No Shortage,No Shortage,No Shortage,No Shortage,No Shortage,No Shortage,No Shortage,No Shortage,4,5,ANZSCO_2022,5,Clerical and Administrative Workers
599513,Motor Vehicle Licence Examiner,No Shortage,No Shortage,No Shortage,No Shortage,No Shortage,No Shortage,No Shortage,No Shortage,No Shortage,4,5,ANZSCO_2022,5,Clerical and Administrative Workers
599514,"Invasive Pest, Weed And Disease Inspector",No Shortage,No Shortage,No Shortage,No Shortage,No Shortage,No Shortage,No Shortage,No Shortage,No Shortage,4,5,ANZSCO_2022,5,Clerical and Administrative Workers
599515,Social Security Assessor,No Shortage,No Shortage,No Shortage,No Shortage,No Shortage,No Shortage,No Shortage,No Shortage,No Shortage,4,5,ANZSCO_2022,5,Clerical and Administrative Workers
599516,Taxation Inspector,No Shortage,No Shortage,No Shortage,No Shortage,No Shortage,No Shortage,No Shortage,No Shortage,No Shortage,4,5,ANZSCO_2022,5,Clerical and Administrative Workers
599517,Train Examiner,No Shortage,No Shortage,No Shortage,No Shortage,No Shortage,No Shortage,No Shortage,No Shortage,No Shortage,4,5,ANZSCO_2022,5,Clerical and Administrative Workers
599518,Transport Operations Inspector,No Shortage,No Shortage,No Shortage,No Shortage,No Shortage,No Shortage,No Shortage,No Shortage,No Shortage,4,5,ANZSCO_2022,5,Clerical and Administrative Workers
599521,Water Inspector,No Shortage,No Shortage,No Shortage,No Shortage,No Shortage,No Shortage,No Shortage,No Shortage,No Shortage,4,5,ANZSCO_2022,5,Clerical and Administrative Workers
599599,Inspectors And Regulatory Officers NEC,No Shortage,No Shortage,No Shortage,No Shortage,No Shortage,No Shortage,No Shortage,No Shortage,No Shortage,4,5,ANZSCO_2022,5,Clerical and Administrative Workers
599611,Insurance Investigator,No Shortage,No Shortage,No Shortage,No Shortage,No Shortage,No Shortage,No Shortage,No Shortage,No Shortage,3,5,ANZSCO_2022,5,Clerical and Administrative Workers
599612,Insurance Loss Adjuster,No Shortage,No Shortage,No Shortage,No Shortage,No Shortage,No Shortage,No Shortage,No Shortage,No Shortage,3,5,ANZSCO_2022,5,Clerical and Administrative Workers
599613,Insurance Risk Surveyor,No Shortage,No Shortage,No Shortage,No Shortage,No Shortage,No Shortage,No Shortage,No Shortage,No Shortage,2,5,ANZSCO_2022,5,Clerical and Administrative Workers
599711,Library Assistant,No Shortage,No Shortage,No Shortage,No Shortage,No Shortage,No Shortage,No Shortage,No Shortage,No Shortage,4,5,ANZSCO_2022,5,Clerical and Administrative Workers
599912,"Production Assistant (Film, Television, Radio Or Stage)",No Shortage,No Shortage,No Shortage,No Shortage,No Shortage,No Shortage,No Shortage,No Shortage,No Shortage,4,5,ANZSCO_2022,5,Clerical and Administrative Workers
599913,Proof Reader,No Shortage,No Shortage,No Shortage,No Shortage,No Shortage,No Shortage,No Shortage,No Shortage,No Shortage,4,5,ANZSCO_2022,5,Clerical and Administrative Workers
599914,Radio Despatcher,No Shortage,No Shortage,No Shortage,No Shortage,No Shortage,No Shortage,No Shortage,No Shortage,No Shortage,4,5,ANZSCO_2022,5,Clerical and Administrative Workers
599915,Clinical Coder,Shortage,Shortage,Shortage,Shortage,Shortage,Shortage,Shortage,Shortage,Shortage,3,5,ANZSCO_2022,5,Clerical and Administrative Workers
599916,Facilities Administrator,No Shortage,No Shortage,No Shortage,No Shortage,No Shortage,No Shortage,No Shortage,No Shortage,No Shortage,4,5,ANZSCO_2022,5,Clerical and Administrative Workers
599999,Clerical And Administrative Workers NEC,No Shortage,No Shortage,No Shortage,No Shortage,No Shortage,No Shortage,No Shortage,No Shortage,No Shortage,4,5,ANZSCO_2022,5,Clerical and Administrative Workers
611111,Auctioneer,No Shortage,No Shortage,No Shortage,No Shortage,No Shortage,No Shortage,No Shortage,No Shortage,No Shortage,3,6,ANZSCO_2022,6,Sales Workers
611112,Stock And Station Agent,No Shortage,No Shortage,No Shortage,No Shortage,No Shortage,No Shortage,No Shortage,No Shortage,No Shortage,3,6,ANZSCO_2022,6,Sales Workers
611211,Insurance Agent,No Shortage,No Shortage,No Shortage,No Shortage,No Shortage,No Shortage,No Shortage,No Shortage,No Shortage,3,6,ANZSCO_2022,6,Sales Workers
611311,Sales Representative (Building And Plumbing Supplies),No Shortage,No Shortage,No Shortage,No Shortage,No Shortage,No Shortage,No Shortage,No Shortage,No Shortage,4,6,ANZSCO_2022,6,Sales Workers
611312,Sales Representative (Business Services),No Shortage,No Shortage,No Shortage,No Shortage,No Shortage,No Shortage,No Shortage,No Shortage,No Shortage,4,6,ANZSCO_2022,6,Sales Workers
611313,Sales Representative (Motor Vehicle Parts And Accessories),No Shortage,No Shortage,No Shortage,No Shortage,No Shortage,No Shortage,No Shortage,No Shortage,No Shortage,4,6,ANZSCO_2022,6,Sales Workers
611314,Sales Representative (Personal And Household Goods),No Shortage,No Shortage,No Shortage,No Shortage,No Shortage,No Shortage,No Shortage,No Shortage,No Shortage,4,6,ANZSCO_2022,6,Sales Workers
611399,Sales Representatives NEC,No Shortage,No Shortage,No Shortage,No Shortage,No Shortage,No Shortage,No Shortage,No Shortage,No Shortage,4,6,ANZSCO_2022,6,Sales Workers
612111,Business Broker,No Shortage,No Shortage,No Shortage,No Shortage,No Shortage,No Shortage,No Shortage,No Shortage,No Shortage,3,6,ANZSCO_2022,6,Sales Workers
612112,Property Manager,No Shortage,No Shortage,No Shortage,No Shortage,No Shortage,Shortage,No Shortage,Shortage,No Shortage,3,6,ANZSCO_2022,6,Sales Workers
612113,Real Estate Agency Principal / Real Estate Agency Licensee,No Shortage,No Shortage,No Shortage,No Shortage,No Shortage,No Shortage,No Shortage,No Shortage,No Shortage,2,6,ANZSCO_2022,6,Sales Workers
612114,Real Estate Agent,No Shortage,No Shortage,No Shortage,No Shortage,No Shortage,No Shortage,No Shortage,No Shortage,No Shortage,3,6,ANZSCO_2022,6,Sales Workers
612115,Real Estate Representative,No Shortage,No Shortage,No Shortage,No Shortage,No Shortage,No Shortage,No Shortage,No Shortage,No Shortage,3,6,ANZSCO_2022,6,Sales Workers
621311,Motor Vehicle Or Caravan Salesperson,No Shortage,No Shortage,No Shortage,No Shortage,No Shortage,No Shortage,No Shortage,No Shortage,No Shortage,4,6,ANZSCO_2022,6,Sales Workers
621312,Motor Vehicle Parts Interpreter / Automotive Parts Salesperson,No Shortage,No Shortage,No Shortage,Shortage,No Shortage,No Shortage,Shortage,Shortage,Shortage,4,6,ANZSCO_2022,6,Sales Workers
621411,Pharmacy Sales Assistant,No Shortage,No Shortage,No Shortage,No Shortage,No Shortage,No Shortage,No Shortage,No Shortage,No Shortage,4,6,ANZSCO_2022,6,Sales Workers
621511,Retail Supervisor,No Shortage,No Shortage,No Shortage,No Shortage,No Shortage,No Shortage,No Shortage,No Shortage,No Shortage,4,6,ANZSCO_2022,6,Sales Workers
639211,Retail Buyer,No Shortage,No Shortage,No Shortage,No Shortage,No Shortage,No Shortage,No Shortage,No Shortage,No Shortage,3,6,ANZSCO_2022,6,Sales Workers
639212,Wool Buyer,No Shortage,No Shortage,No Shortage,No Shortage,No Shortage,No Shortage,No Shortage,No Shortage,No Shortage,3,6,ANZSCO_2022,6,Sales Workers
639511,Visual Merchandiser,No Shortage,No Shortage,No Shortage,No Shortage,No Shortage,No Shortage,No Shortage,No Shortage,No Shortage,4,6,ANZSCO_2022,6,Sales Workers
639911,Other Sales Support Worker,No Shortage,No Shortage,No Shortage,No Shortage,No Shortage,No Shortage,No Shortage,No Shortage,No Shortage,4,6,ANZSCO_2022,6,Sales Workers
711111,Clay Products Machine Operator,No Shortage,No Shortage,No Shortage,No Shortage,No Shortage,No Shortage,No Shortage,No Shortage,No Shortage,4,7,ANZSCO_2022,7,Machinery Operators and Drivers
711112,Concrete Products Machine Operator,No Shortage,No Shortage,No Shortage,No Shortage,No Shortage,No Shortage,No Shortage,No Shortage,No Shortage,4,7,ANZSCO_2022,7,Machinery Operators and Drivers
711113,Glass Production Machine Operator,No Shortage,No Shortage,No Shortage,No Shortage,No Shortage,No Shortage,No Shortage,No Shortage,No Shortage,4,7,ANZSCO_2022,7,Machinery Operators and Drivers
711114,Stone Processing Machine Operator,No Shortage,No Shortage,No Shortage,No Shortage,No Shortage,No Shortage,No Shortage,No Shortage,No Shortage,4,7,ANZSCO_2022,7,Machinery Operators and Drivers
711199,"Clay, Concrete, Glass And Stone Processing Machine Operators NEC",No Shortage,No Shortage,No Shortage,No Shortage,No Shortage,No Shortage,No Shortage,No Shortage,No Shortage,4,7,ANZSCO_2022,7,Machinery Operators and Drivers
711211,Industrial Spraypainter,Shortage,Shortage,Shortage,Shortage,Shortage,Shortage,Shortage,Shortage,Shortage,4,7,ANZSCO_2022,7,Machinery Operators and Drivers
711311,Paper Products Machine Operator,No Shortage,No Shortage,No Shortage,No Shortage,No Shortage,No Shortage,No Shortage,No Shortage,No Shortage,4,7,ANZSCO_2022,7,Machinery Operators and Drivers
711313,Sawmilling Operator,Shortage,Shortage,Shortage,Shortage,Shortage,Shortage,Shortage,No Shortage,Shortage,4,7,ANZSCO_2022,7,Machinery Operators and Drivers
711314,Other Wood Processing Machine Operator,Shortage,Shortage,Shortage,Shortage,Shortage,Shortage,Shortage,Shortage,Shortage,4,7,ANZSCO_2022,7,Machinery Operators and Drivers
711411,Photographic Developer And Printer,No Shortage,No Shortage,No Shortage,No Shortage,No Shortage,No Shortage,No Shortage,No Shortage,No Shortage,4,7,ANZSCO_2022,7,Machinery Operators and Drivers
711511,Plastic Cablemaking Machine Operator,No Shortage,No Shortage,No Shortage,No Shortage,No Shortage,No Shortage,No Shortage,No Shortage,No Shortage,4,7,ANZSCO_2022,7,Machinery Operators and Drivers
711512,Plastic Compounding And Reclamation Machine Operator,No Shortage,No Shortage,No Shortage,No Shortage,No Shortage,No Shortage,No Shortage,No Shortage,No Shortage,4,7,ANZSCO_2022,7,Machinery Operators and Drivers
711513,Plastics Fabricator Or Welder,No Shortage,No Shortage,No Shortage,No Shortage,No Shortage,No Shortage,No Shortage,No Shortage,No Shortage,4,7,ANZSCO_2022,7,Machinery Operators and Drivers
711514,Plastics Production Machine Operator (General),No Shortage,No Shortage,No Shortage,No Shortage,No Shortage,No Shortage,No Shortage,No Shortage,No Shortage,4,7,ANZSCO_2022,7,Machinery Operators and Drivers
711515,Reinforced Plastic And Composite Production Worker,Shortage,Shortage,Shortage,Shortage,Shortage,Shortage,Shortage,No Shortage,No Shortage,4,7,ANZSCO_2022,7,Machinery Operators and Drivers
711516,Rubber Production Machine Operator,No Shortage,No Shortage,No Shortage,No Shortage,No Shortage,No Shortage,No Shortage,No Shortage,No Shortage,4,7,ANZSCO_2022,7,Machinery Operators and Drivers
711599,Plastics And Rubber Production Machine Operators NEC,No Shortage,No Shortage,No Shortage,No Shortage,No Shortage,No Shortage,No Shortage,No Shortage,No Shortage,4,7,ANZSCO_2022,7,Machinery Operators and Drivers
711611,Sewing Machinist,No Shortage,No Shortage,No Shortage,No Shortage,No Shortage,No Shortage,No Shortage,No Shortage,No Shortage,4,7,ANZSCO_2022,7,Machinery Operators and Drivers
711711,Footwear Production Machine Operator,No Shortage,No Shortage,No Shortage,No Shortage,No Shortage,No Shortage,No Shortage,No Shortage,No Shortage,4,7,ANZSCO_2022,7,Machinery Operators and Drivers
711712,Hide And Skin Processing Machine Operator,No Shortage,No Shortage,No Shortage,No Shortage,No Shortage,No Shortage,No Shortage,No Shortage,No Shortage,4,7,ANZSCO_2022,7,Machinery Operators and Drivers
711713,Knitting Machine Operator,No Shortage,No Shortage,No Shortage,No Shortage,No Shortage,No Shortage,No Shortage,No Shortage,No Shortage,4,7,ANZSCO_2022,7,Machinery Operators and Drivers
711714,Textile Dyeing And Finishing Machine Operator,No Shortage,No Shortage,No Shortage,No Shortage,No Shortage,No Shortage,No Shortage,No Shortage,No Shortage,4,7,ANZSCO_2022,7,Machinery Operators and Drivers
711715,Weaving Machine Operator,No Shortage,No Shortage,No Shortage,No Shortage,No Shortage,No Shortage,No Shortage,No Shortage,No Shortage,4,7,ANZSCO_2022,7,Machinery Operators and Drivers
711716,Yarn Carding And Spinning Machine Operator,No Shortage,No Shortage,No Shortage,No Shortage,No Shortage,No Shortage,No Shortage,No Shortage,No Shortage,4,7,ANZSCO_2022,7,Machinery Operators and Drivers
711799,Textile And Footwear Production Machine Operators NEC,No Shortage,No Shortage,No Shortage,No Shortage,No Shortage,No Shortage,No Shortage,No Shortage,No Shortage,4,7,ANZSCO_2022,7,Machinery Operators and Drivers
711911,Chemical Production Machine Operator,No Shortage,No Shortage,No Shortage,No Shortage,No Shortage,No Shortage,No Shortage,No Shortage,No Shortage,4,7,ANZSCO_2022,7,Machinery Operators and Drivers
711912,Motion Picture Projectionist,No Shortage,No Shortage,No Shortage,No Shortage,No Shortage,No Shortage,No Shortage,No Shortage,No Shortage,4,7,ANZSCO_2022,7,Machinery Operators and Drivers
711913,Sand Blaster,No Shortage,No Shortage,No Shortage,No Shortage,No Shortage,No Shortage,No Shortage,No Shortage,No Shortage,4,7,ANZSCO_2022,7,Machinery Operators and Drivers
711914,Sterilisation Technician,No Shortage,No Shortage,No Shortage,No Shortage,No Shortage,No Shortage,No Shortage,No Shortage,No Shortage,4,7,ANZSCO_2022,7,Machinery Operators and Drivers
711999,Machine Operators NEC,No Shortage,No Shortage,No Shortage,No Shortage,No Shortage,No Shortage,No Shortage,No Shortage,No Shortage,4,7,ANZSCO_2022,7,Machinery Operators and Drivers
712111,"Crane, Hoist Or Lift Operator",Shortage,Shortage,Shortage,Shortage,Shortage,Shortage,Shortage,Shortage,Shortage,4,7,ANZSCO_2022,7,Machinery Operators and Drivers
712211,Driller,Shortage,Shortage,Shortage,Shortage,Shortage,Shortage,Shortage,Shortage,Shortage,4,7,ANZSCO_2022,7,Machinery Operators and Drivers
712212,Miner,Regional Shortage,Regional Shortage,Regional Shortage,Regional Shortage,Regional Shortage,Regional Shortage,Regional Shortage,No Shortage,No Shortage,4,7,ANZSCO_2022,7,Machinery Operators and Drivers
712213,Shot Firer,No Shortage,No Shortage,No Shortage,No Shortage,No Shortage,No Shortage,No Shortage,No Shortage,No Shortage,4,7,ANZSCO_2022,7,Machinery Operators and Drivers
712311,Engineering Production Worker,No Shortage,No Shortage,No Shortage,No Shortage,No Shortage,No Shortage,No Shortage,No Shortage,No Shortage,4,7,ANZSCO_2022,7,Machinery Operators and Drivers
712911,Boiler Or Engine Operator,No Shortage,No Shortage,No Shortage,No Shortage,No Shortage,No Shortage,No Shortage,No Shortage,No Shortage,4,7,ANZSCO_2022,7,Machinery Operators and Drivers
712912,Bulk Materials Handling Plant Operator,No Shortage,No Shortage,No Shortage,No Shortage,No Shortage,No Shortage,No Shortage,No Shortage,No Shortage,4,7,ANZSCO_2022,7,Machinery Operators and Drivers
712913,Cement Production Plant Operator,No Shortage,No Shortage,No Shortage,No Shortage,No Shortage,No Shortage,No Shortage,No Shortage,No Shortage,4,7,ANZSCO_2022,7,Machinery Operators and Drivers
712914,Concrete Batching Plant Operator,No Shortage,No Shortage,No Shortage,No Shortage,No Shortage,No Shortage,No Shortage,No Shortage,No Shortage,4,7,ANZSCO_2022,7,Machinery Operators and Drivers
712915,Concrete Pump Operator,No Shortage,No Shortage,No Shortage,No Shortage,No Shortage,No Shortage,No Shortage,No Shortage,No Shortage,4,7,ANZSCO_2022,7,Machinery Operators and Drivers
712916,Paper And Pulp Mill Operator,No Shortage,No Shortage,No Shortage,No Shortage,No Shortage,No Shortage,No Shortage,No Shortage,No Shortage,4,7,ANZSCO_2022,7,Machinery Operators and Drivers
712917,Railway Signal Operator,No Shortage,No Shortage,No Shortage,No Shortage,No Shortage,No Shortage,No Shortage,No Shortage,No Shortage,4,7,ANZSCO_2022,7,Machinery Operators and Drivers
712918,Train Controller,No Shortage,Shortage,No Shortage,No Shortage,No Shortage,Shortage,No Shortage,No Shortage,No Shortage,4,7,ANZSCO_2022,7,Machinery Operators and Drivers
712921,Waste Water Or Water Plant Operator,No Shortage,Shortage,Shortage,No Shortage,No Shortage,No Shortage,No Shortage,No Shortage,No Shortage,4,7,ANZSCO_2022,7,Machinery Operators and Drivers
712922,Weighbridge Operator,No Shortage,No Shortage,No Shortage,No Shortage,No Shortage,No Shortage,No Shortage,No Shortage,No Shortage,4,7,ANZSCO_2022,7,Machinery Operators and Drivers
712999,Stationary Plant Operators NEC,No Shortage,No Shortage,No Shortage,No Shortage,No Shortage,No Shortage,No Shortage,No Shortage,No Shortage,4,7,ANZSCO_2022,7,Machinery Operators and Drivers
721111,Agricultural And Horticultural Mobile Plant Operator,Regional Shortage,Regional Shortage,Regional Shortage,Regional Shortage,Regional Shortage,Regional Shortage,Regional Shortage,Regional Shortage,Shortage,4,7,ANZSCO_2022,7,Machinery Operators and Drivers
721112,Logging Plant Operator,No Shortage,No Shortage,No Shortage,No Shortage,No Shortage,No Shortage,No Shortage,No Shortage,No Shortage,4,7,ANZSCO_2022,7,Machinery Operators and Drivers
721211,Earthmoving Plant Operator (General),Regional Shortage,Regional Shortage,Regional Shortage,Regional Shortage,Regional Shortage,Regional Shortage,Regional Shortage,Regional Shortage,Shortage,4,7,ANZSCO_2022,7,Machinery Operators and Drivers
721212,Backhoe Operator,No Shortage,No Shortage,No Shortage,No Shortage,No Shortage,No Shortage,No Shortage,No Shortage,No Shortage,4,7,ANZSCO_2022,7,Machinery Operators and Drivers
721213,Bulldozer Operator,Shortage,Shortage,Shortage,Shortage,Shortage,Shortage,Shortage,Shortage,No Shortage,4,7,ANZSCO_2022,7,Machinery Operators and Drivers
721214,Excavator Operator,Shortage,Shortage,Shortage,Shortage,Shortage,Shortage,Shortage,Shortage,Shortage,4,7,ANZSCO_2022,7,Machinery Operators and Drivers
721215,Grader Operator,Shortage,Shortage,Shortage,Shortage,Shortage,Shortage,Shortage,Shortage,Shortage,4,7,ANZSCO_2022,7,Machinery Operators and Drivers
721216,Loader Operator,Shortage,Shortage,Shortage,Shortage,Shortage,Shortage,Shortage,Shortage,Shortage,4,7,ANZSCO_2022,7,Machinery Operators and Drivers
721311,Forklift Driver,No Shortage,No Shortage,No Shortage,No Shortage,No Shortage,No Shortage,No Shortage,No Shortage,No Shortage,4,7,ANZSCO_2022,7,Machinery Operators and Drivers
721911,Aircraft Baggage Handler And Airline Ground Crew,No Shortage,No Shortage,No Shortage,No Shortage,No Shortage,Shortage,No Shortage,Shortage,No Shortage,4,7,ANZSCO_2022,7,Machinery Operators and Drivers
721912,Linemarker,Shortage,Shortage,Shortage,Shortage,Shortage,Shortage,Shortage,Shortage,Shortage,4,7,ANZSCO_2022,7,Machinery Operators and Drivers
721913,Paving Plant Operator,No Shortage,No Shortage,No Shortage,No Shortage,No Shortage,No Shortage,No Shortage,No Shortage,No Shortage,4,7,ANZSCO_2022,7,Machinery Operators and Drivers
721914,Railway Track Plant Operator,Shortage,Shortage,Shortage,Shortage,Shortage,Shortage,Shortage,No Shortage,No Shortage,4,7,ANZSCO_2022,7,Machinery Operators and Drivers
721915,Road Roller Operator,Shortage,Shortage,Shortage,Shortage,Shortage,Shortage,Shortage,Shortage,No Shortage,4,7,ANZSCO_2022,7,Machinery Operators and Drivers
721916,Streetsweeper Operator,No Shortage,No Shortage,No Shortage,No Shortage,No Shortage,No Shortage,No Shortage,No Shortage,No Shortage,4,7,ANZSCO_2022,7,Machinery Operators and Drivers
721999,Mobile Plant Operators NEC,No Shortage,No Shortage,No Shortage,No Shortage,No Shortage,No Shortage,No Shortage,No Shortage,No Shortage,4,7,ANZSCO_2022,7,Machinery Operators and Drivers
731111,Chauffeur,No Shortage,No Shortage,No Shortage,No Shortage,No Shortage,No Shortage,No Shortage,No Shortage,No Shortage,4,7,ANZSCO_2022,7,Machinery Operators and Drivers
731112,Taxi Driver,No Shortage,No Shortage,No Shortage,No Shortage,No Shortage,No Shortage,No Shortage,No Shortage,No Shortage,4,7,ANZSCO_2022,7,Machinery Operators and Drivers
731199,Automobile Drivers NEC,No Shortage,No Shortage,No Shortage,No Shortage,No Shortage,No Shortage,No Shortage,No Shortage,No Shortage,4,7,ANZSCO_2022,7,Machinery Operators and Drivers
731211,Bus Driver,Shortage,Shortage,Shortage,Shortage,Shortage,Shortage,Shortage,Shortage,Shortage,4,7,ANZSCO_2022,7,Machinery Operators and Drivers
731212,Charter And Tour Bus Driver,Shortage,Shortage,Shortage,Shortage,Shortage,Shortage,Shortage,Shortage,Shortage,4,7,ANZSCO_2022,7,Machinery Operators and Drivers
731213,Passenger Coach Driver,No Shortage,No Shortage,No Shortage,No Shortage,No Shortage,No Shortage,No Shortage,No Shortage,No Shortage,4,7,ANZSCO_2022,7,Machinery Operators and Drivers
731311,Train Driver,Regional Shortage,Regional Shortage,Regional Shortage,Regional Shortage,Regional Shortage,Regional Shortage,Regional Shortage,Regional Shortage,Shortage,4,7,ANZSCO_2022,7,Machinery Operators and Drivers
731312,Tram Driver,No Shortage,No Shortage,No Shortage,No Shortage,No Shortage,No Shortage,No Shortage,No Shortage,No Shortage,4,7,ANZSCO_2022,7,Machinery Operators and Drivers
732111,Delivery Driver,No Shortage,No Shortage,No Shortage,No Shortage,No Shortage,No Shortage,No Shortage,No Shortage,No Shortage,4,7,ANZSCO_2022,7,Machinery Operators and Drivers
733111,Truck Driver (General),Shortage,Shortage,Shortage,Shortage,Shortage,Shortage,Shortage,Shortage,Shortage,4,7,ANZSCO_2022,7,Machinery Operators and Drivers
733112,Aircraft Refueller,No Shortage,No Shortage,No Shortage,No Shortage,No Shortage,No Shortage,No Shortage,No Shortage,No Shortage,4,7,ANZSCO_2022,7,Machinery Operators and Drivers
733113,Furniture Removalist,No Shortage,No Shortage,No Shortage,No Shortage,No Shortage,No Shortage,No Shortage,No Shortage,No Shortage,4,7,ANZSCO_2022,7,Machinery Operators and Drivers
733114,Tanker Driver,No Shortage,No Shortage,No Shortage,No Shortage,No Shortage,No Shortage,No Shortage,No Shortage,No Shortage,4,7,ANZSCO_2022,7,Machinery Operators and Drivers
733115,Tow Truck Driver,No Shortage,No Shortage,No Shortage,No Shortage,No Shortage,No Shortage,No Shortage,No Shortage,No Shortage,4,7,ANZSCO_2022,7,Machinery Operators and Drivers
741111,Storeperson,No Shortage,No Shortage,No Shortage,No Shortage,No Shortage,No Shortage,No Shortage,No Shortage,No Shortage,4,7,ANZSCO_2022,7,Machinery Operators and Drivers
811611,Carpet Cleaner,No Shortage,No Shortage,No Shortage,No Shortage,No Shortage,No Shortage,No Shortage,No Shortage,No Shortage,4,8,ANZSCO_2022,8,Labourers
821311,Fencer,No Shortage,No Shortage,No Shortage,No Shortage,No Shortage,No Shortage,No Shortage,No Shortage,No Shortage,4,8,ANZSCO_2022,8,Labourers
821411,Building Insulation Installer,No Shortage,No Shortage,No Shortage,No Shortage,No Shortage,No Shortage,No Shortage,No Shortage,No Shortage,4,8,ANZSCO_2022,8,Labourers
821412,Home Improvement Installer,No Shortage,No Shortage,No Shortage,No Shortage,No Shortage,No Shortage,No Shortage,No Shortage,No Shortage,4,8,ANZSCO_2022,8,Labourers
821611,Railway Track Worker,Shortage,Shortage,Shortage,Shortage,Shortage,Shortage,Shortage,Shortage,Shortage,4,8,ANZSCO_2022,8,Labourers
821711,Construction Rigger,No Shortage,No Shortage,No Shortage,No Shortage,No Shortage,No Shortage,No Shortage,No Shortage,No Shortage,4,8,ANZSCO_2022,8,Labourers
821712,Scaffolder,Shortage,Shortage,Shortage,Shortage,Shortage,Shortage,Shortage,Shortage,Shortage,4,8,ANZSCO_2022,8,Labourers
821713,Steel Fixer,Shortage,Shortage,Shortage,Shortage,Shortage,Shortage,Shortage,Shortage,Shortage,4,8,ANZSCO_2022,8,Labourers
821714,Structural Steel Erector,Shortage,Shortage,Shortage,Shortage,Shortage,Shortage,No Shortage,Shortage,Shortage,4,8,ANZSCO_2022,8,Labourers
821911,Crane Chaser,No Shortage,No Shortage,No Shortage,No Shortage,No Shortage,No Shortage,No Shortage,No Shortage,No Shortage,4,8,ANZSCO_2022,8,Labourers
831211,Meat Boner And Slicer,No Shortage,Shortage,No Shortage,No Shortage,No Shortage,Shortage,No Shortage,No Shortage,No Shortage,4,8,ANZSCO_2022,8,Labourers
831212,Slaughterer,No Shortage,Shortage,No Shortage,No Shortage,No Shortage,Shortage,No Shortage,No Shortage,No Shortage,4,8,ANZSCO_2022,8,Labourers
839311,Product Examiner,No Shortage,No Shortage,No Shortage,No Shortage,No Shortage,No Shortage,No Shortage,No Shortage,No Shortage,4,8,ANZSCO_2022,8,Labourers
839312,Product Grader,No Shortage,No Shortage,No Shortage,No Shortage,No Shortage,No Shortage,No Shortage,No Shortage,No Shortage,4,8,ANZSCO_2022,8,Labourers
839313,Product Tester,No Shortage,No Shortage,No Shortage,No Shortage,No Shortage,No Shortage,No Shortage,No Shortage,No Shortage,4,8,ANZSCO_2022,8,Labourers
842211,Cotton Farm Worker,No Shortage,No Shortage,No Shortage,No Shortage,No Shortage,No Shortage,No Shortage,No Shortage,No Shortage,4,8,ANZSCO_2022,8,Labourers
842214,"Grain, Oilseed, Pulse And Pasture Farm Worker",No Shortage,No Shortage,No Shortage,No Shortage,No Shortage,No Shortage,No Shortage,No Shortage,No Shortage,4,8,ANZSCO_2022,8,Labourers
842217,Sugar Cane Farm Worker,No Shortage,No Shortage,No Shortage,No Shortage,No Shortage,No Shortage,No Shortage,No Shortage,No Shortage,4,8,ANZSCO_2022,8,Labourers
842222,Vineyard Worker,No Shortage,No Shortage,No Shortage,No Shortage,No Shortage,No Shortage,No Shortage,No Shortage,No Shortage,4,8,ANZSCO_2022,8,Labourers
842311,Beef Cattle Farm Worker,No Shortage,No Shortage,No Shortage,No Shortage,No Shortage,No Shortage,No Shortage,No Shortage,No Shortage,4,8,ANZSCO_2022,8,Labourers
842312,Cattle And Sheep Farm Worker,No Shortage,No Shortage,No Shortage,No Shortage,No Shortage,No Shortage,No Shortage,No Shortage,No Shortage,4,8,ANZSCO_2022,8,Labourers
842313,Dairy Cattle Farm Worker,No Shortage,No Shortage,No Shortage,No Shortage,No Shortage,No Shortage,No Shortage,No Shortage,No Shortage,4,8,ANZSCO_2022,8,Labourers
842314,Livestock Husbandry Worker,No Shortage,No Shortage,No Shortage,No Shortage,No Shortage,No Shortage,No Shortage,No Shortage,No Shortage,4,8,ANZSCO_2022,8,Labourers
842315,Piggery Farm Worker,No Shortage,No Shortage,No Shortage,No Shortage,No Shortage,No Shortage,No Shortage,No Shortage,No Shortage,4,8,ANZSCO_2022,8,Labourers
842316,Poultry Farm Worker,No Shortage,No Shortage,No Shortage,No Shortage,No Shortage,No Shortage,No Shortage,No Shortage,No Shortage,4,8,ANZSCO_2022,8,Labourers
842317,Sheep Farm Worker,No Shortage,No Shortage,No Shortage,No Shortage,No Shortage,No Shortage,No Shortage,No Shortage,No Shortage,4,8,ANZSCO_2022,8,Labourers
843111,Forestry Worker,No Shortage,No Shortage,No Shortage,No Shortage,No Shortage,No Shortage,No Shortage,No Shortage,No Shortage,4,8,ANZSCO_2022,8,Labourers
843112,Logging Assistant,No Shortage,No Shortage,No Shortage,No Shortage,No Shortage,No Shortage,No Shortage,No Shortage,No Shortage,4,8,ANZSCO_2022,8,Labourers
843113,Tree Faller,No Shortage,No Shortage,No Shortage,No Shortage,No Shortage,No Shortage,No Shortage,No Shortage,No Shortage,4,8,ANZSCO_2022,8,Labourers
843411,Pest Control Technician,No Shortage,No Shortage,No Shortage,No Shortage,No Shortage,No Shortage,No Shortage,No Shortage,No Shortage,4,8,ANZSCO_2022,8,Labourers
899211,Deck Hand,Shortage,Shortage,Shortage,Shortage,Shortage,Shortage,Shortage,Shortage,Shortage,4,8,ANZSCO_2022,8,Labourers
899212,Fishing Hand,No Shortage,No Shortage,No Shortage,No Shortage,No Shortage,No Shortage,No Shortage,No Shortage,No Shortage,4,8,ANZSCO_2022,8,Labourers
899411,Motor Vehicle Parts And Accessories Fitter (General),Shortage,Shortage,Shortage,Shortage,Shortage,Shortage,Shortage,Shortage,Shortage,4,8,ANZSCO_2022,8,Labourers
899412,Autoglazier,Shortage,Shortage,Shortage,Shortage,Shortage,Shortage,Shortage,Shortage,Shortage,4,8,ANZSCO_2022,8,Labourers
899413,Exhaust And Muffler Repairer,No Shortage,No Shortage,No Shortage,No Shortage,No Shortage,No Shortage,No Shortage,No Shortage,No Shortage,4,8,ANZSCO_2022,8,Labourers
899414,Radiator Repairer,No Shortage,No Shortage,No Shortage,No Shortage,No Shortage,No Shortage,No Shortage,No Shortage,No Shortage,4,8,ANZSCO_2022,8,Labourers
899415,Tyre Fitter,No Shortage,No Shortage,No Shortage,No Shortage,No Shortage,No Shortage,No Shortage,No Shortage,No Shortage,4,8,ANZSCO_2022,8,Labourers
899511,Printer's Assistant,No Shortage,No Shortage,No Shortage,No Shortage,No Shortage,No Shortage,No Shortage,No Shortage,No Shortage,4,8,ANZSCO_2022,8,Labourers
899512,Printing Table Worker,No Shortage,No Shortage,No Shortage,No Shortage,No Shortage,No Shortage,No Shortage,No Shortage,No Shortage,4,8,ANZSCO_2022,8,Labourers
111131,Corporate Services Manager,No Shortage,No Shortage,No Shortage,No Shortage,No Shortage,No Shortage,No Shortage,No Shortage,No Shortage,1,1,OSCA_2024,1,Managers
111231,Finance Manager,No Shortage,No Shortage,No Shortage,No Shortage,No Shortage,No Shortage,No Shortage,No Shortage,No Shortage,1,1,OSCA_2024,1,Managers
111331,Human Resources Manager,No Shortage,No Shortage,No Shortage,No Shortage,No Shortage,No Shortage,No Shortage,No Shortage,No Shortage,1,1,OSCA_2024,1,Managers
111431,Policy And Planning Manager,No Shortage,No Shortage,No Shortage,No Shortage,No Shortage,No Shortage,No Shortage,No Shortage,No Shortage,1,1,OSCA_2024,1,Managers
111531,Research And Development Manager,No Shortage,No Shortage,No Shortage,No Shortage,No Shortage,No Shortage,No Shortage,Shortage,No Shortage,1,1,OSCA_2024,1,Managers
111631,Quality Assurance Manager,No Shortage,No Shortage,No Shortage,No Shortage,No Shortage,No Shortage,No Shortage,No Shortage,No Shortage,1,1,OSCA_2024,1,Managers
111632,Regulatory Affairs Manager,No Shortage,No Shortage,No Shortage,No Shortage,No Shortage,No Shortage,No Shortage,No Shortage,No Shortage,1,1,OSCA_2024,1,Managers
111633,Work Health And Safety Manager,No Shortage,No Shortage,No Shortage,No Shortage,No Shortage,No Shortage,No Shortage,No Shortage,No Shortage,1,1,OSCA_2024,1,Managers
112131,Advertising Manager,No Shortage,No Shortage,No Shortage,No Shortage,No Shortage,No Shortage,No Shortage,No Shortage,No Shortage,1,1,OSCA_2024,1,Managers
112132,Business Development Manager,No Shortage,No Shortage,No Shortage,No Shortage,No Shortage,No Shortage,No Shortage,No Shortage,No Shortage,1,1,OSCA_2024,1,Managers
112133,Sales And Marketing Manager,No Shortage,No Shortage,No Shortage,No Shortage,No Shortage,No Shortage,No Shortage,No Shortage,No Shortage,1,1,OSCA_2024,1,Managers
112231,Communications Manager (Public Relations),No Shortage,No Shortage,No Shortage,No Shortage,No Shortage,No Shortage,No Shortage,No Shortage,No Shortage,1,1,OSCA_2024,1,Managers
113131,Chief Information Officer,No Shortage,No Shortage,No Shortage,No Shortage,No Shortage,No Shortage,No Shortage,No Shortage,No Shortage,1,1,OSCA_2024,1,Managers
113132,Chief Information Security Officer,No Shortage,No Shortage,No Shortage,No Shortage,No Shortage,No Shortage,No Shortage,No Shortage,No Shortage,1,1,OSCA_2024,1,Managers
113231,ICT Operations Manager,No Shortage,No Shortage,No Shortage,No Shortage,No Shortage,No Shortage,No Shortage,No Shortage,No Shortage,1,1,OSCA_2024,1,Managers
113232,ICT Project Manager,No Shortage,No Shortage,No Shortage,No Shortage,No Shortage,No Shortage,No Shortage,Shortage,No Shortage,1,1,OSCA_2024,1,Managers
113233,ICT Service Delivery Manager,No Shortage,No Shortage,No Shortage,No Shortage,No Shortage,No Shortage,No Shortage,No Shortage,No Shortage,1,1,OSCA_2024,1,Managers
113299,ICT Managers NEC,No Shortage,No Shortage,No Shortage,No Shortage,No Shortage,No Shortage,No Shortage,No Shortage,No Shortage,1,1,OSCA_2024,1,Managers
121131,Chief Executive Or Managing Director,No Shortage,No Shortage,No Shortage,No Shortage,No Shortage,No Shortage,No Shortage,No Shortage,No Shortage,1,1,OSCA_2024,1,Managers
121231,Corporate General Manager,No Shortage,No Shortage,No Shortage,No Shortage,No Shortage,No Shortage,No Shortage,No Shortage,No Shortage,1,1,OSCA_2024,1,Managers
131131,Construction Project Manager,Shortage,Shortage,Shortage,Shortage,Shortage,Shortage,Shortage,Shortage,Shortage,1,1,OSCA_2024,1,Managers
131231,Engineering Manager,No Shortage,No Shortage,No Shortage,No Shortage,No Shortage,No Shortage,No Shortage,No Shortage,No Shortage,1,1,OSCA_2024,1,Managers
131331,Project Builder,No Shortage,No Shortage,No Shortage,No Shortage,No Shortage,Shortage,No Shortage,Shortage,No Shortage,1,1,OSCA_2024,1,Managers
131431,Property Developer,No Shortage,No Shortage,No Shortage,No Shortage,No Shortage,No Shortage,No Shortage,No Shortage,No Shortage,1,1,OSCA_2024,1,Managers
131931,Surveying Manager,No Shortage,No Shortage,No Shortage,No Shortage,No Shortage,No Shortage,No Shortage,No Shortage,No Shortage,1,1,OSCA_2024,1,Managers
131999,Construction And Engineering Managers NEC,No Shortage,No Shortage,No Shortage,No Shortage,No Shortage,No Shortage,No Shortage,No Shortage,No Shortage,1,1,OSCA_2024,1,Managers
132131,Manufacturer,No Shortage,No Shortage,No Shortage,No Shortage,No Shortage,No Shortage,No Shortage,No Shortage,No Shortage,1,1,OSCA_2024,1,Managers
132231,Forest Manager,No Shortage,No Shortage,No Shortage,No Shortage,No Shortage,No Shortage,No Shortage,No Shortage,No Shortage,1,1,OSCA_2024,1,Managers
132232,Production Manager (Manufacturing),No Shortage,No Shortage,No Shortage,No Shortage,No Shortage,No Shortage,No Shortage,No Shortage,No Shortage,1,1,OSCA_2024,1,Managers
132233,Production Manager (Mining),No Shortage,No Shortage,No Shortage,No Shortage,No Shortage,No Shortage,No Shortage,Shortage,No Shortage,1,1,OSCA_2024,1,Managers
133131,Importer Or Exporter,No Shortage,No Shortage,No Shortage,No Shortage,No Shortage,No Shortage,No Shortage,No Shortage,No Shortage,1,1,OSCA_2024,1,Managers
133132,Wholesaler,No Shortage,No Shortage,No Shortage,No Shortage,No Shortage,No Shortage,No Shortage,No Shortage,No Shortage,1,1,OSCA_2024,1,Managers
133231,Procurement Manager,No Shortage,No Shortage,No Shortage,No Shortage,No Shortage,No Shortage,No Shortage,No Shortage,No Shortage,1,1,OSCA_2024,1,Managers
133331,Supply And Distribution Manager,No Shortage,No Shortage,No Shortage,No Shortage,No Shortage,No Shortage,No Shortage,No Shortage,No Shortage,1,1,OSCA_2024,1,Managers
141131,Assistant School Principal,No Shortage,No Shortage,No Shortage,No Shortage,No Shortage,No Shortage,No Shortage,No Shortage,No Shortage,1,1,OSCA_2024,1,Managers
141132,School Principal,No Shortage,No Shortage,No Shortage,No Shortage,No Shortage,No Shortage,No Shortage,No Shortage,No Shortage,1,1,OSCA_2024,1,Managers
141231,Children's Education And Care Service Director,No Shortage,No Shortage,No Shortage,No Shortage,No Shortage,Shortage,No Shortage,Shortage,No Shortage,1,1,OSCA_2024,1,Managers
141331,Aged Care Manager,No Shortage,No Shortage,No Shortage,No Shortage,Regional Shortage,No Shortage,No Shortage,No Shortage,No Shortage,1,1,OSCA_2024,1,Managers
141332,Director Of Nursing / Midwifery,No Shortage,No Shortage,No Shortage,No Shortage,Regional Shortage,Shortage,No Shortage,No Shortage,No Shortage,1,1,OSCA_2024,1,Managers
141333,Medical Administrator,No Shortage,No Shortage,No Shortage,No Shortage,No Shortage,No Shortage,No Shortage,No Shortage,No Shortage,1,1,OSCA_2024,1,Managers
141334,Paramedic Manager,No Shortage,No Shortage,Regional Shortage,No Shortage,No Shortage,No Shortage,No Shortage,Shortage,No Shortage,1,1,OSCA_2024,1,Managers
141335,Welfare Centre Manager,No Shortage,No Shortage,No Shortage,No Shortage,No Shortage,No Shortage,No Shortage,No Shortage,No Shortage,1,1,OSCA_2024,1,Managers
141399,Health And Welfare Service Managers NEC,No Shortage,No Shortage,Regional Shortage,No Shortage,No Shortage,No Shortage,No Shortage,Shortage,No Shortage,1,1,OSCA_2024,1,Managers
141431,Faculty Manager,No Shortage,No Shortage,No Shortage,No Shortage,No Shortage,No Shortage,No Shortage,No Shortage,No Shortage,1,1,OSCA_2024,1,Managers
141432,Regional Education Manager,No Shortage,No Shortage,No Shortage,No Shortage,No Shortage,No Shortage,No Shortage,No Shortage,No Shortage,1,1,OSCA_2024,1,Managers
141499,Education Managers NEC,No Shortage,No Shortage,No Shortage,No Shortage,No Shortage,No Shortage,No Shortage,No Shortage,No Shortage,1,1,OSCA_2024,1,Managers
149131,Arts Administrator Or Manager,No Shortage,No Shortage,No Shortage,No Shortage,No Shortage,No Shortage,No Shortage,No Shortage,No Shortage,1,1,OSCA_2024,1,Managers
149132,Library Services Manager,No Shortage,No Shortage,No Shortage,No Shortage,No Shortage,No Shortage,No Shortage,No Shortage,No Shortage,1,1,OSCA_2024,1,Managers
149133,Sports Administrator,No Shortage,No Shortage,No Shortage,No Shortage,No Shortage,No Shortage,No Shortage,No Shortage,No Shortage,1,1,OSCA_2024,1,Managers
149199,"Arts, Culture And Sports Administrators NEC",No Shortage,No Shortage,No Shortage,No Shortage,No Shortage,No Shortage,No Shortage,No Shortage,No Shortage,1,1,OSCA_2024,1,Managers
149331,Environmental Manager,No Shortage,No Shortage,No Shortage,Shortage,No Shortage,Shortage,No Shortage,No Shortage,No Shortage,1,1,OSCA_2024,1,Managers
149332,Exploration Manager,No Shortage,No Shortage,No Shortage,No Shortage,No Shortage,No Shortage,No Shortage,No Shortage,No Shortage,1,1,OSCA_2024,1,Managers
149333,Laboratory Manager,No Shortage,No Shortage,No Shortage,No Shortage,No Shortage,No Shortage,No Shortage,No Shortage,No Shortage,1,1,OSCA_2024,1,Managers
149399,Scientific And Environmental Managers NEC,No Shortage,No Shortage,No Shortage,No Shortage,No Shortage,No Shortage,No Shortage,No Shortage,No Shortage,1,1,OSCA_2024,1,Managers
149931,Airport Manager,No Shortage,No Shortage,No Shortage,No Shortage,No Shortage,No Shortage,No Shortage,No Shortage,No Shortage,1,1,OSCA_2024,1,Managers
149932,Correctional Facility Manager,No Shortage,No Shortage,No Shortage,No Shortage,No Shortage,No Shortage,No Shortage,No Shortage,No Shortage,1,1,OSCA_2024,1,Managers
149933,Emergency Management Officer,No Shortage,No Shortage,No Shortage,No Shortage,No Shortage,No Shortage,No Shortage,No Shortage,No Shortage,1,1,OSCA_2024,1,Managers
149999,Specialist Managers NEC,No Shortage,No Shortage,No Shortage,No Shortage,No Shortage,No Shortage,No Shortage,No Shortage,No Shortage,1,1,OSCA_2024,1,Managers
151131,Cotton Grower,No Shortage,No Shortage,No Shortage,No Shortage,No Shortage,No Shortage,No Shortage,No Shortage,No Shortage,1,1,OSCA_2024,1,Managers
151132,"Grain, Oilseed, Pulse Or Pasture Grower",No Shortage,No Shortage,No Shortage,No Shortage,No Shortage,Shortage,No Shortage,No Shortage,No Shortage,1,1,OSCA_2024,1,Managers
151133,Sugar Cane Grower,No Shortage,No Shortage,No Shortage,No Shortage,No Shortage,No Shortage,No Shortage,No Shortage,No Shortage,1,1,OSCA_2024,1,Managers
151199,Broadacre Crop Growers NEC,No Shortage,No Shortage,No Shortage,No Shortage,No Shortage,No Shortage,No Shortage,No Shortage,No Shortage,1,1,OSCA_2024,1,Managers
151231,Flower Grower,No Shortage,No Shortage,No Shortage,No Shortage,No Shortage,No Shortage,No Shortage,No Shortage,No Shortage,1,1,OSCA_2024,1,Managers
151232,Fruit Grower,No Shortage,No Shortage,No Shortage,No Shortage,No Shortage,Shortage,No Shortage,No Shortage,No Shortage,1,1,OSCA_2024,1,Managers
151233,Nut Grower,No Shortage,No Shortage,No Shortage,No Shortage,No Shortage,No Shortage,No Shortage,No Shortage,No Shortage,1,1,OSCA_2024,1,Managers
151234,Production Nursery Grower,No Shortage,No Shortage,No Shortage,No Shortage,No Shortage,No Shortage,No Shortage,No Shortage,No Shortage,1,1,OSCA_2024,1,Managers
151235,Turf Grower,No Shortage,No Shortage,No Shortage,No Shortage,No Shortage,No Shortage,No Shortage,No Shortage,No Shortage,1,1,OSCA_2024,1,Managers
151236,Vegetable Grower,No Shortage,No Shortage,No Shortage,No Shortage,No Shortage,Shortage,No Shortage,No Shortage,No Shortage,1,1,OSCA_2024,1,Managers
151237,Wine Grape Grower,No Shortage,No Shortage,No Shortage,No Shortage,No Shortage,No Shortage,No Shortage,No Shortage,No Shortage,1,1,OSCA_2024,1,Managers
151299,Horticultural Crop Growers NEC,No Shortage,No Shortage,No Shortage,No Shortage,No Shortage,No Shortage,No Shortage,No Shortage,No Shortage,1,1,OSCA_2024,1,Managers
151331,Aquaculture Farmer,No Shortage,No Shortage,No Shortage,No Shortage,No Shortage,No Shortage,No Shortage,No Shortage,No Shortage,1,1,OSCA_2024,1,Managers
151332,Broadacre Crop And Livestock Farmer,No Shortage,No Shortage,No Shortage,No Shortage,No Shortage,No Shortage,No Shortage,No Shortage,No Shortage,1,1,OSCA_2024,1,Managers
151399,Mixed Production And Aquaculture Farmers NEC,No Shortage,No Shortage,No Shortage,No Shortage,No Shortage,No Shortage,No Shortage,No Shortage,No Shortage,1,1,OSCA_2024,1,Managers
152131,Beef Cattle Farmer,No Shortage,No Shortage,No Shortage,No Shortage,No Shortage,No Shortage,No Shortage,Shortage,No Shortage,1,1,OSCA_2024,1,Managers
152231,Dairy Cattle Farmer,No Shortage,No Shortage,No Shortage,No Shortage,No Shortage,No Shortage,No Shortage,No Shortage,No Shortage,1,1,OSCA_2024,1,Managers
152331,Mixed Cattle And Sheep Farmer,No Shortage,No Shortage,No Shortage,No Shortage,No Shortage,No Shortage,No Shortage,No Shortage,No Shortage,1,1,OSCA_2024,1,Managers
152431,Sheep Farmer,No Shortage,No Shortage,No Shortage,No Shortage,No Shortage,No Shortage,No Shortage,No Shortage,No Shortage,1,1,OSCA_2024,1,Managers
152931,Apiarist,No Shortage,No Shortage,No Shortage,No Shortage,No Shortage,No Shortage,No Shortage,No Shortage,No Shortage,1,1,OSCA_2024,1,Managers
152932,Goat Farmer,No Shortage,No Shortage,No Shortage,No Shortage,No Shortage,No Shortage,No Shortage,No Shortage,No Shortage,1,1,OSCA_2024,1,Managers
152933,Horse Breeder,No Shortage,No Shortage,No Shortage,No Shortage,No Shortage,No Shortage,No Shortage,No Shortage,No Shortage,1,1,OSCA_2024,1,Managers
152934,Pig Farmer,No Shortage,No Shortage,No Shortage,No Shortage,No Shortage,No Shortage,No Shortage,No Shortage,No Shortage,1,1,OSCA_2024,1,Managers
152935,Poultry Farmer,No Shortage,No Shortage,No Shortage,No Shortage,No Shortage,No Shortage,No Shortage,No Shortage,No Shortage,1,1,OSCA_2024,1,Managers
152999,Livestock Farmers NEC,No Shortage,No Shortage,No Shortage,No Shortage,No Shortage,No Shortage,No Shortage,No Shortage,No Shortage,1,1,OSCA_2024,1,Managers
161131,Accommodation Service Manager,No Shortage,No Shortage,No Shortage,No Shortage,No Shortage,Shortage,No Shortage,Shortage,No Shortage,2,1,OSCA_2024,1,Managers
161231,Cafe Or Restaurant Manager,No Shortage,No Shortage,No Shortage,No Shortage,Regional Shortage,No Shortage,Regional Shortage,Shortage,Shortage,2,1,OSCA_2024,1,Managers
161232,Catering Manager,No Shortage,No Shortage,No Shortage,No Shortage,Regional Shortage,No Shortage,Regional Shortage,Shortage,Shortage,2,1,OSCA_2024,1,Managers
161331,Amusement Centre Manager,No Shortage,No Shortage,No Shortage,No Shortage,No Shortage,No Shortage,No Shortage,No Shortage,No Shortage,2,1,OSCA_2024,1,Managers
161332,Betting Agency Manager,No Shortage,No Shortage,No Shortage,No Shortage,No Shortage,No Shortage,No Shortage,No Shortage,No Shortage,2,1,OSCA_2024,1,Managers
161333,Cinema Or Theatre Manager,No Shortage,No Shortage,No Shortage,No Shortage,No Shortage,No Shortage,No Shortage,No Shortage,No Shortage,2,1,OSCA_2024,1,Managers
161334,Fitness Centre Manager,No Shortage,No Shortage,No Shortage,No Shortage,No Shortage,No Shortage,No Shortage,No Shortage,No Shortage,2,1,OSCA_2024,1,Managers
161335,Sports Centre Manager,No Shortage,No Shortage,No Shortage,No Shortage,No Shortage,No Shortage,No Shortage,No Shortage,No Shortage,2,1,OSCA_2024,1,Managers
161399,"Entertainment, Fitness And Sports Venue Managers NEC",No Shortage,No Shortage,No Shortage,No Shortage,No Shortage,No Shortage,No Shortage,No Shortage,No Shortage,2,1,OSCA_2024,1,Managers
161431,Hotel Or Motel Manager,No Shortage,No Shortage,No Shortage,No Shortage,No Shortage,No Shortage,No Shortage,No Shortage,No Shortage,2,1,OSCA_2024,1,Managers
161531,Licensed Club Manager,No Shortage,No Shortage,No Shortage,No Shortage,No Shortage,No Shortage,No Shortage,No Shortage,No Shortage,2,1,OSCA_2024,1,Managers
161631,Senior Chef,Regional Shortage,Regional Shortage,Regional Shortage,Regional Shortage,Regional Shortage,Regional Shortage,Regional Shortage,Shortage,Shortage,2,1,OSCA_2024,1,Managers
161931,Caravan Park And Camping Ground Manager,No Shortage,No Shortage,No Shortage,No Shortage,No Shortage,No Shortage,No Shortage,No Shortage,No Shortage,2,1,OSCA_2024,1,Managers
161932,Hosted Accommodation Operator,No Shortage,No Shortage,No Shortage,No Shortage,No Shortage,No Shortage,No Shortage,No Shortage,No Shortage,2,1,OSCA_2024,1,Managers
161933,Travel Agency Manager,No Shortage,No Shortage,No Shortage,No Shortage,No Shortage,No Shortage,No Shortage,No Shortage,No Shortage,2,1,OSCA_2024,1,Managers
161999,"Hospitality, Tourism And Venue Managers NEC",No Shortage,No Shortage,No Shortage,No Shortage,No Shortage,No Shortage,No Shortage,No Shortage,No Shortage,2,1,OSCA_2024,1,Managers
162131,Retail Manager (General),No Shortage,No Shortage,No Shortage,No Shortage,No Shortage,No Shortage,Regional Shortage,Regional Shortage,No Shortage,2,1,OSCA_2024,1,Managers
162132,Antique Dealer,No Shortage,No Shortage,No Shortage,No Shortage,No Shortage,No Shortage,No Shortage,No Shortage,No Shortage,2,1,OSCA_2024,1,Managers
162133,Post Office Manager,No Shortage,No Shortage,No Shortage,No Shortage,No Shortage,No Shortage,No Shortage,No Shortage,No Shortage,2,1,OSCA_2024,1,Managers
171131,Financial Institution Manager,No Shortage,No Shortage,No Shortage,No Shortage,No Shortage,No Shortage,No Shortage,No Shortage,No Shortage,2,1,OSCA_2024,1,Managers
171231,Office Manager,No Shortage,No Shortage,No Shortage,No Shortage,No Shortage,No Shortage,No Shortage,No Shortage,No Shortage,2,1,OSCA_2024,1,Managers
171232,Payroll Manager,No Shortage,No Shortage,No Shortage,No Shortage,No Shortage,No Shortage,No Shortage,No Shortage,No Shortage,2,1,OSCA_2024,1,Managers
171331,Health Practice Manager,No Shortage,No Shortage,No Shortage,No Shortage,No Shortage,No Shortage,No Shortage,No Shortage,No Shortage,2,1,OSCA_2024,1,Managers
171332,Legal Practice Manager,No Shortage,No Shortage,No Shortage,No Shortage,No Shortage,No Shortage,No Shortage,No Shortage,No Shortage,2,1,OSCA_2024,1,Managers
171333,Veterinary Practice Manager,No Shortage,No Shortage,No Shortage,No Shortage,No Shortage,No Shortage,No Shortage,No Shortage,No Shortage,2,1,OSCA_2024,1,Managers
171399,Practice Managers NEC,No Shortage,No Shortage,No Shortage,No Shortage,No Shortage,No Shortage,No Shortage,No Shortage,No Shortage,2,1,OSCA_2024,1,Managers
171431,Real Estate Agency Principal,No Shortage,No Shortage,No Shortage,No Shortage,No Shortage,No Shortage,No Shortage,No Shortage,No Shortage,2,1,OSCA_2024,1,Managers
172131,Call Or Contact Centre Manager,No Shortage,No Shortage,No Shortage,No Shortage,No Shortage,No Shortage,No Shortage,No Shortage,No Shortage,2,1,OSCA_2024,1,Managers
172132,Customer Service Manager,No Shortage,No Shortage,No Shortage,No Shortage,No Shortage,No Shortage,No Shortage,Shortage,No Shortage,2,1,OSCA_2024,1,Managers
172231,Event Manager,No Shortage,No Shortage,No Shortage,No Shortage,No Shortage,No Shortage,No Shortage,No Shortage,No Shortage,2,1,OSCA_2024,1,Managers
172331,Facilities Manager,No Shortage,No Shortage,No Shortage,No Shortage,No Shortage,No Shortage,No Shortage,No Shortage,No Shortage,2,1,OSCA_2024,1,Managers
172431,Hair Or Beauty Salon Manager,No Shortage,No Shortage,No Shortage,No Shortage,No Shortage,No Shortage,No Shortage,No Shortage,No Shortage,2,1,OSCA_2024,1,Managers
172499,"Hair, Body And Beauty Service Managers NEC",No Shortage,No Shortage,No Shortage,No Shortage,No Shortage,No Shortage,No Shortage,No Shortage,No Shortage,2,1,OSCA_2024,1,Managers
172531,Fleet Manager,No Shortage,No Shortage,No Shortage,No Shortage,No Shortage,Shortage,No Shortage,Shortage,No Shortage,2,1,OSCA_2024,1,Managers
172532,Railway Station Manager,No Shortage,No Shortage,No Shortage,No Shortage,No Shortage,No Shortage,No Shortage,No Shortage,No Shortage,2,1,OSCA_2024,1,Managers
172533,Transport Company Manager,No Shortage,No Shortage,No Shortage,No Shortage,No Shortage,Shortage,No Shortage,No Shortage,No Shortage,2,1,OSCA_2024,1,Managers
172931,Boarding Kennel Or Cattery Operator,No Shortage,No Shortage,No Shortage,No Shortage,No Shortage,No Shortage,No Shortage,No Shortage,No Shortage,2,1,OSCA_2024,1,Managers
172932,Equipment Hire Manager,No Shortage,No Shortage,No Shortage,No Shortage,No Shortage,No Shortage,No Shortage,No Shortage,No Shortage,2,1,OSCA_2024,1,Managers
172933,Retirement Village Manager,No Shortage,No Shortage,No Shortage,No Shortage,No Shortage,No Shortage,No Shortage,No Shortage,No Shortage,2,1,OSCA_2024,1,Managers
172934,Security Manager (Non-ICT),No Shortage,No Shortage,No Shortage,No Shortage,No Shortage,No Shortage,No Shortage,No Shortage,No Shortage,2,1,OSCA_2024,1,Managers
172999,Service Managers NEC,No Shortage,No Shortage,No Shortage,No Shortage,No Shortage,No Shortage,No Shortage,No Shortage,No Shortage,2,1,OSCA_2024,1,Managers
211131,Accountant (General),No Shortage,No Shortage,No Shortage,No Shortage,No Shortage,No Shortage,No Shortage,No Shortage,No Shortage,1,2,OSCA_2024,2,Professionals
211132,Corporate Treasurer,No Shortage,No Shortage,No Shortage,No Shortage,No Shortage,No Shortage,No Shortage,No Shortage,No Shortage,1,2,OSCA_2024,2,Professionals
211133,Forensic Accountant,No Shortage,No Shortage,No Shortage,No Shortage,No Shortage,No Shortage,No Shortage,No Shortage,No Shortage,1,2,OSCA_2024,2,Professionals
211134,Management Accountant,No Shortage,No Shortage,No Shortage,No Shortage,No Shortage,No Shortage,No Shortage,No Shortage,No Shortage,1,2,OSCA_2024,2,Professionals
211135,Taxation Accountant,Shortage,Shortage,Shortage,Shortage,Shortage,Shortage,Shortage,Shortage,Shortage,1,2,OSCA_2024,2,Professionals
211231,External Auditor,Shortage,Shortage,Shortage,Shortage,Shortage,Shortage,Shortage,Shortage,Shortage,1,2,OSCA_2024,2,Professionals
211232,Internal Auditor,No Shortage,No Shortage,No Shortage,No Shortage,No Shortage,No Shortage,No Shortage,No Shortage,No Shortage,1,2,OSCA_2024,2,Professionals
212131,Financial Adviser,No Shortage,No Shortage,No Shortage,No Shortage,No Shortage,No Shortage,No Shortage,No Shortage,No Shortage,1,2,OSCA_2024,2,Professionals
212231,Financial Market Dealer,No Shortage,No Shortage,No Shortage,No Shortage,No Shortage,No Shortage,No Shortage,No Shortage,No Shortage,1,2,OSCA_2024,2,Professionals
212232,Stockbroker,No Shortage,No Shortage,No Shortage,No Shortage,No Shortage,No Shortage,No Shortage,No Shortage,No Shortage,1,2,OSCA_2024,2,Professionals
212331,Capital Markets Specialist,No Shortage,No Shortage,No Shortage,No Shortage,No Shortage,No Shortage,No Shortage,No Shortage,No Shortage,1,2,OSCA_2024,2,Professionals
212332,Investment Analyst,No Shortage,No Shortage,No Shortage,No Shortage,No Shortage,No Shortage,No Shortage,No Shortage,No Shortage,1,2,OSCA_2024,2,Professionals
212333,Investment Manager,No Shortage,No Shortage,No Shortage,No Shortage,No Shortage,No Shortage,No Shortage,No Shortage,No Shortage,1,2,OSCA_2024,2,Professionals
212931,Credit Risk Manager,No Shortage,No Shortage,No Shortage,No Shortage,No Shortage,No Shortage,No Shortage,No Shortage,No Shortage,1,2,OSCA_2024,2,Professionals
212999,Financial Services And Investment Specialists NEC,No Shortage,No Shortage,No Shortage,No Shortage,No Shortage,No Shortage,No Shortage,No Shortage,No Shortage,1,2,OSCA_2024,2,Professionals
221131,Advertising Specialist,No Shortage,No Shortage,No Shortage,No Shortage,No Shortage,No Shortage,No Shortage,No Shortage,No Shortage,1,2,OSCA_2024,2,Professionals
221231,Communications Officer (Public Relations),No Shortage,No Shortage,No Shortage,No Shortage,No Shortage,No Shortage,No Shortage,No Shortage,No Shortage,1,2,OSCA_2024,2,Professionals
221331,Electorate Officer,No Shortage,No Shortage,No Shortage,No Shortage,No Shortage,No Shortage,No Shortage,No Shortage,No Shortage,1,2,OSCA_2024,2,Professionals
221332,Liaison Officer,No Shortage,No Shortage,No Shortage,No Shortage,No Shortage,No Shortage,No Shortage,No Shortage,No Shortage,1,2,OSCA_2024,2,Professionals
221431,ICT Business Development Manager,No Shortage,No Shortage,No Shortage,No Shortage,No Shortage,No Shortage,No Shortage,No Shortage,No Shortage,1,2,OSCA_2024,2,Professionals
221531,Content Creator (Marketing),No Shortage,No Shortage,No Shortage,No Shortage,No Shortage,No Shortage,No Shortage,No Shortage,No Shortage,1,2,OSCA_2024,2,Professionals
221532,Digital Marketing Analyst,No Shortage,No Shortage,No Shortage,No Shortage,No Shortage,No Shortage,No Shortage,No Shortage,No Shortage,1,2,OSCA_2024,2,Professionals
221533,Market Research Analyst,No Shortage,No Shortage,No Shortage,No Shortage,No Shortage,No Shortage,No Shortage,No Shortage,No Shortage,1,2,OSCA_2024,2,Professionals
221534,Marketing Specialist,No Shortage,No Shortage,No Shortage,No Shortage,No Shortage,No Shortage,No Shortage,No Shortage,No Shortage,1,2,OSCA_2024,2,Professionals
221631,ICT Account Manager,No Shortage,No Shortage,No Shortage,No Shortage,No Shortage,No Shortage,No Shortage,No Shortage,No Shortage,1,2,OSCA_2024,2,Professionals
221632,ICT Sales Representative,No Shortage,No Shortage,No Shortage,No Shortage,No Shortage,No Shortage,No Shortage,No Shortage,No Shortage,1,2,OSCA_2024,2,Professionals
221633,Sales Representative (Industrial Products),No Shortage,No Shortage,No Shortage,No Shortage,No Shortage,No Shortage,No Shortage,No Shortage,No Shortage,1,2,OSCA_2024,2,Professionals
221634,Sales Representative (Medical And Pharmaceutical Products),No Shortage,No Shortage,No Shortage,No Shortage,No Shortage,No Shortage,No Shortage,No Shortage,No Shortage,1,2,OSCA_2024,2,Professionals
221699,Technical Sales Representatives NEC,No Shortage,No Shortage,No Shortage,No Shortage,No Shortage,No Shortage,No Shortage,No Shortage,No Shortage,1,2,OSCA_2024,2,Professionals
222131,Human Resources Adviser,No Shortage,No Shortage,No Shortage,No Shortage,Shortage,No Shortage,No Shortage,Shortage,No Shortage,1,2,OSCA_2024,2,Professionals
222132,Workplace Relations Adviser,No Shortage,No Shortage,No Shortage,No Shortage,No Shortage,No Shortage,No Shortage,No Shortage,No Shortage,1,2,OSCA_2024,2,Professionals
222231,Recruitment Consultant,No Shortage,No Shortage,No Shortage,No Shortage,No Shortage,No Shortage,No Shortage,No Shortage,No Shortage,1,2,OSCA_2024,2,Professionals
222331,Rehabilitation Consultant,No Shortage,No Shortage,No Shortage,No Shortage,No Shortage,No Shortage,No Shortage,No Shortage,No Shortage,1,2,OSCA_2024,2,Professionals
222332,Work Health And Safety Adviser,No Shortage,No Shortage,No Shortage,No Shortage,No Shortage,No Shortage,No Shortage,No Shortage,No Shortage,1,2,OSCA_2024,2,Professionals
222431,Training And Development Professional,No Shortage,No Shortage,No Shortage,No Shortage,No Shortage,No Shortage,No Shortage,No Shortage,No Shortage,1,2,OSCA_2024,2,Professionals
223131,Actuary,Shortage,Shortage,Shortage,Shortage,Shortage,Shortage,Shortage,No Shortage,Shortage,1,2,OSCA_2024,2,Professionals
223132,Mathematician,No Shortage,No Shortage,No Shortage,No Shortage,No Shortage,No Shortage,No Shortage,No Shortage,No Shortage,1,2,OSCA_2024,2,Professionals
223133,Statistician,No Shortage,No Shortage,No Shortage,No Shortage,No Shortage,No Shortage,No Shortage,No Shortage,No Shortage,1,2,OSCA_2024,2,Professionals
223231,Data Analyst,No Shortage,No Shortage,No Shortage,No Shortage,No Shortage,No Shortage,No Shortage,No Shortage,No Shortage,1,2,OSCA_2024,2,Professionals
223232,Data Architect,No Shortage,No Shortage,No Shortage,No Shortage,No Shortage,No Shortage,No Shortage,No Shortage,No Shortage,1,2,OSCA_2024,2,Professionals
223233,Data Engineer,No Shortage,No Shortage,No Shortage,No Shortage,No Shortage,No Shortage,No Shortage,No Shortage,No Shortage,1,2,OSCA_2024,2,Professionals
223234,Data Scientist,No Shortage,No Shortage,No Shortage,No Shortage,No Shortage,No Shortage,No Shortage,No Shortage,No Shortage,1,2,OSCA_2024,2,Professionals
223331,Intelligence Analyst,No Shortage,No Shortage,No Shortage,No Shortage,No Shortage,No Shortage,No Shortage,No Shortage,No Shortage,1,2,OSCA_2024,2,Professionals
223332,Policy Analyst,No Shortage,No Shortage,No Shortage,No Shortage,No Shortage,No Shortage,No Shortage,No Shortage,No Shortage,1,2,OSCA_2024,2,Professionals
223431,Enterprise Architect,No Shortage,No Shortage,No Shortage,No Shortage,No Shortage,No Shortage,No Shortage,Shortage,No Shortage,1,2,OSCA_2024,2,Professionals
223432,Management Consultant,No Shortage,No Shortage,No Shortage,No Shortage,No Shortage,No Shortage,No Shortage,No Shortage,No Shortage,1,2,OSCA_2024,2,Professionals
223433,Organisation And Methods Analyst,No Shortage,No Shortage,No Shortage,No Shortage,No Shortage,No Shortage,No Shortage,No Shortage,No Shortage,1,2,OSCA_2024,2,Professionals
223434,Supply Chain Analyst,No Shortage,No Shortage,No Shortage,No Shortage,No Shortage,No Shortage,No Shortage,No Shortage,No Shortage,1,2,OSCA_2024,2,Professionals
223531,Asset Manager (Property),No Shortage,No Shortage,No Shortage,No Shortage,No Shortage,No Shortage,No Shortage,No Shortage,No Shortage,1,2,OSCA_2024,2,Professionals
223532,Valuer,No Shortage,No Shortage,No Shortage,No Shortage,No Shortage,No Shortage,No Shortage,No Shortage,No Shortage,1,2,OSCA_2024,2,Professionals
223931,Company Secretary,No Shortage,No Shortage,No Shortage,No Shortage,No Shortage,No Shortage,No Shortage,No Shortage,No Shortage,1,2,OSCA_2024,2,Professionals
223932,Cost Controller,No Shortage,No Shortage,No Shortage,No Shortage,No Shortage,No Shortage,No Shortage,No Shortage,No Shortage,1,2,OSCA_2024,2,Professionals
223933,Health Information Manager,No Shortage,No Shortage,No Shortage,No Shortage,No Shortage,No Shortage,No Shortage,No Shortage,No Shortage,1,2,OSCA_2024,2,Professionals
223934,Patents Examiner,No Shortage,No Shortage,No Shortage,No Shortage,No Shortage,No Shortage,No Shortage,No Shortage,No Shortage,1,2,OSCA_2024,2,Professionals
223935,Records Or Information Manager,No Shortage,No Shortage,No Shortage,No Shortage,No Shortage,No Shortage,No Shortage,No Shortage,No Shortage,1,2,OSCA_2024,2,Professionals
223999,Information And Organisation Professionals NEC,No Shortage,No Shortage,No Shortage,No Shortage,No Shortage,No Shortage,No Shortage,No Shortage,No Shortage,1,2,OSCA_2024,2,Professionals
231131,Actor,No Shortage,No Shortage,No Shortage,No Shortage,No Shortage,No Shortage,No Shortage,No Shortage,No Shortage,1,2,OSCA_2024,2,Professionals
231132,Circus Performer Or Trainer,No Shortage,No Shortage,No Shortage,No Shortage,No Shortage,No Shortage,No Shortage,No Shortage,No Shortage,1,2,OSCA_2024,2,Professionals
231133,Content Creator (Social Media),No Shortage,No Shortage,No Shortage,No Shortage,No Shortage,No Shortage,No Shortage,No Shortage,No Shortage,1,2,OSCA_2024,2,Professionals
231134,Dancer Or Choreographer,No Shortage,No Shortage,No Shortage,No Shortage,No Shortage,No Shortage,No Shortage,No Shortage,No Shortage,1,2,OSCA_2024,2,Professionals
231135,Entertainer Or Variety Performer,No Shortage,No Shortage,No Shortage,No Shortage,No Shortage,No Shortage,No Shortage,No Shortage,No Shortage,1,2,OSCA_2024,2,Professionals
231199,"Actors, Dancers And Other Entertainers NEC",No Shortage,No Shortage,No Shortage,No Shortage,No Shortage,No Shortage,No Shortage,No Shortage,No Shortage,1,2,OSCA_2024,2,Professionals
231231,Author,No Shortage,No Shortage,No Shortage,No Shortage,No Shortage,No Shortage,No Shortage,No Shortage,No Shortage,1,2,OSCA_2024,2,Professionals
231232,Book Or Script Editor,No Shortage,No Shortage,No Shortage,No Shortage,No Shortage,No Shortage,No Shortage,No Shortage,No Shortage,1,2,OSCA_2024,2,Professionals
231331,Copywriter,No Shortage,No Shortage,No Shortage,No Shortage,No Shortage,No Shortage,No Shortage,No Shortage,No Shortage,1,2,OSCA_2024,2,Professionals
231332,Journalist,No Shortage,No Shortage,No Shortage,No Shortage,No Shortage,No Shortage,No Shortage,No Shortage,No Shortage,1,2,OSCA_2024,2,Professionals
231333,Print Or Digital Content Editor,No Shortage,No Shortage,No Shortage,No Shortage,No Shortage,No Shortage,No Shortage,No Shortage,No Shortage,1,2,OSCA_2024,2,Professionals
231334,Technical Writer,No Shortage,No Shortage,No Shortage,No Shortage,No Shortage,No Shortage,No Shortage,No Shortage,No Shortage,1,2,OSCA_2024,2,Professionals
231399,Journalists And Other Writers NEC,No Shortage,No Shortage,No Shortage,No Shortage,No Shortage,No Shortage,No Shortage,No Shortage,No Shortage,1,2,OSCA_2024,2,Professionals
231431,Artistic Director,No Shortage,No Shortage,No Shortage,No Shortage,No Shortage,No Shortage,No Shortage,No Shortage,No Shortage,1,2,OSCA_2024,2,Professionals
231432,Audio Or Live Performance Director,No Shortage,No Shortage,No Shortage,No Shortage,No Shortage,No Shortage,No Shortage,No Shortage,No Shortage,1,2,OSCA_2024,2,Professionals
231433,Cinematographer,No Shortage,No Shortage,No Shortage,No Shortage,No Shortage,No Shortage,No Shortage,No Shortage,No Shortage,1,2,OSCA_2024,2,Professionals
231434,Film And Video Editor,Shortage,Shortage,Shortage,Shortage,Shortage,Shortage,Shortage,Shortage,Shortage,1,2,OSCA_2024,2,Professionals
231435,Production Manager (Screen Or Live Performance),No Shortage,No Shortage,No Shortage,No Shortage,No Shortage,Shortage,No Shortage,No Shortage,No Shortage,1,2,OSCA_2024,2,Professionals
231436,Screen Director,No Shortage,No Shortage,No Shortage,No Shortage,No Shortage,No Shortage,No Shortage,No Shortage,No Shortage,1,2,OSCA_2024,2,Professionals
231437,Screen Or Live Performance Designer,No Shortage,No Shortage,No Shortage,No Shortage,No Shortage,No Shortage,No Shortage,No Shortage,No Shortage,1,2,OSCA_2024,2,Professionals
231438,Technical Director,No Shortage,No Shortage,No Shortage,No Shortage,No Shortage,No Shortage,No Shortage,No Shortage,No Shortage,1,2,OSCA_2024,2,Professionals
231499,Media Directors And Designers NEC,No Shortage,No Shortage,No Shortage,No Shortage,No Shortage,No Shortage,No Shortage,No Shortage,No Shortage,1,2,OSCA_2024,2,Professionals
231531,Audio Producer,No Shortage,No Shortage,No Shortage,No Shortage,No Shortage,Shortage,No Shortage,No Shortage,No Shortage,1,2,OSCA_2024,2,Professionals
231532,Live Performance Producer,No Shortage,No Shortage,No Shortage,No Shortage,No Shortage,Shortage,No Shortage,No Shortage,No Shortage,1,2,OSCA_2024,2,Professionals
231533,Screen Producer,No Shortage,No Shortage,No Shortage,No Shortage,No Shortage,No Shortage,No Shortage,No Shortage,No Shortage,1,2,OSCA_2024,2,Professionals
231631,Composer,No Shortage,No Shortage,No Shortage,No Shortage,No Shortage,No Shortage,No Shortage,No Shortage,No Shortage,1,2,OSCA_2024,2,Professionals
231632,Music Director,No Shortage,No Shortage,No Shortage,No Shortage,No Shortage,No Shortage,No Shortage,No Shortage,No Shortage,1,2,OSCA_2024,2,Professionals
231633,Musician (Instrumental),No Shortage,No Shortage,No Shortage,No Shortage,No Shortage,No Shortage,No Shortage,No Shortage,No Shortage,1,2,OSCA_2024,2,Professionals
231634,Singer,No Shortage,No Shortage,No Shortage,No Shortage,No Shortage,No Shortage,No Shortage,No Shortage,No Shortage,1,2,OSCA_2024,2,Professionals
231699,Music Professionals NEC,No Shortage,No Shortage,No Shortage,No Shortage,No Shortage,No Shortage,No Shortage,No Shortage,No Shortage,1,2,OSCA_2024,2,Professionals
231731,Painter (Visual Arts),No Shortage,No Shortage,No Shortage,No Shortage,No Shortage,No Shortage,No Shortage,No Shortage,No Shortage,1,2,OSCA_2024,2,Professionals
231732,Potter Or Ceramic Artist,No Shortage,No Shortage,No Shortage,No Shortage,No Shortage,No Shortage,No Shortage,No Shortage,No Shortage,1,2,OSCA_2024,2,Professionals
231733,Sculptor,No Shortage,No Shortage,No Shortage,No Shortage,No Shortage,No Shortage,No Shortage,No Shortage,No Shortage,1,2,OSCA_2024,2,Professionals
231799,Visual Arts And Crafts Professionals NEC,No Shortage,No Shortage,No Shortage,No Shortage,No Shortage,No Shortage,No Shortage,No Shortage,No Shortage,1,2,OSCA_2024,2,Professionals
231931,Community Arts Worker,No Shortage,No Shortage,No Shortage,No Shortage,No Shortage,No Shortage,No Shortage,No Shortage,No Shortage,1,2,OSCA_2024,2,Professionals
231932,Media Presenter,No Shortage,No Shortage,No Shortage,No Shortage,No Shortage,No Shortage,No Shortage,No Shortage,No Shortage,1,2,OSCA_2024,2,Professionals
232131,Librarian,No Shortage,No Shortage,No Shortage,No Shortage,No Shortage,No Shortage,No Shortage,No Shortage,No Shortage,1,2,OSCA_2024,2,Professionals
232231,Religious Leader,No Shortage,No Shortage,No Shortage,No Shortage,No Shortage,No Shortage,No Shortage,No Shortage,No Shortage,1,2,OSCA_2024,2,Professionals
232331,Archaeologist,No Shortage,No Shortage,No Shortage,No Shortage,No Shortage,No Shortage,No Shortage,No Shortage,No Shortage,1,2,OSCA_2024,2,Professionals
232332,Archivist,No Shortage,No Shortage,No Shortage,No Shortage,No Shortage,No Shortage,No Shortage,No Shortage,No Shortage,1,2,OSCA_2024,2,Professionals
232333,Economist,No Shortage,No Shortage,No Shortage,No Shortage,No Shortage,No Shortage,No Shortage,No Shortage,No Shortage,1,2,OSCA_2024,2,Professionals
232334,Gallery Or Museum Curator,No Shortage,No Shortage,No Shortage,No Shortage,No Shortage,No Shortage,No Shortage,No Shortage,No Shortage,1,2,OSCA_2024,2,Professionals
232335,Heritage Consultant,No Shortage,No Shortage,No Shortage,No Shortage,No Shortage,No Shortage,No Shortage,No Shortage,No Shortage,1,2,OSCA_2024,2,Professionals
232336,Historian,No Shortage,No Shortage,No Shortage,No Shortage,No Shortage,No Shortage,No Shortage,No Shortage,No Shortage,1,2,OSCA_2024,2,Professionals
232399,Social Science And Related Professionals NEC,No Shortage,No Shortage,No Shortage,No Shortage,No Shortage,No Shortage,No Shortage,No Shortage,No Shortage,1,2,OSCA_2024,2,Professionals
241131,Architect,No Shortage,No Shortage,No Shortage,No Shortage,No Shortage,No Shortage,No Shortage,No Shortage,No Shortage,1,2,OSCA_2024,2,Professionals
241132,Landscape Architect,No Shortage,No Shortage,No Shortage,No Shortage,No Shortage,No Shortage,No Shortage,Shortage,No Shortage,1,2,OSCA_2024,2,Professionals
241133,Urban Designer,Regional Shortage,Regional Shortage,Regional Shortage,Regional Shortage,Regional Shortage,Regional Shortage,Regional Shortage,Shortage,Shortage,1,2,OSCA_2024,2,Professionals
241231,Cartographer,No Shortage,No Shortage,No Shortage,No Shortage,No Shortage,No Shortage,No Shortage,No Shortage,No Shortage,1,2,OSCA_2024,2,Professionals
241232,Engineering Surveyor,Shortage,Shortage,Shortage,Shortage,Shortage,Shortage,Shortage,Shortage,Shortage,1,2,OSCA_2024,2,Professionals
241233,Geospatial Specialist,Shortage,Shortage,Shortage,Shortage,Shortage,Shortage,Shortage,Shortage,Shortage,1,2,OSCA_2024,2,Professionals
241234,Land Surveyor,Shortage,Shortage,Shortage,Shortage,Shortage,Shortage,Shortage,Shortage,Shortage,1,2,OSCA_2024,2,Professionals
241235,Mine Surveyor,Shortage,Shortage,Shortage,Shortage,Shortage,Shortage,Shortage,Shortage,Shortage,1,2,OSCA_2024,2,Professionals
241299,Geospatial Information Professionals And Surveyors NEC,Shortage,Shortage,Shortage,Shortage,Shortage,Shortage,Shortage,Shortage,Shortage,1,2,OSCA_2024,2,Professionals
241331,Urban And Regional Planner,Regional Shortage,Regional Shortage,Regional Shortage,Regional Shortage,Regional Shortage,Regional Shortage,Regional Shortage,Shortage,Shortage,1,2,OSCA_2024,2,Professionals
241931,Building Surveyor,Shortage,Shortage,Shortage,Shortage,Shortage,Shortage,Shortage,Shortage,Shortage,1,2,OSCA_2024,2,Professionals
241932,Quantity Surveyor,Shortage,Shortage,Shortage,Shortage,Shortage,Shortage,Shortage,Shortage,Shortage,1,2,OSCA_2024,2,Professionals
242131,Multimedia Designer,No Shortage,No Shortage,No Shortage,No Shortage,No Shortage,No Shortage,No Shortage,No Shortage,No Shortage,1,2,OSCA_2024,2,Professionals
242132,Ui / Ux Designer,No Shortage,No Shortage,No Shortage,No Shortage,No Shortage,No Shortage,No Shortage,No Shortage,No Shortage,1,2,OSCA_2024,2,Professionals
242133,Web Designer,No Shortage,No Shortage,No Shortage,No Shortage,No Shortage,No Shortage,No Shortage,No Shortage,No Shortage,1,2,OSCA_2024,2,Professionals
242231,Fashion Designer,No Shortage,No Shortage,No Shortage,No Shortage,No Shortage,No Shortage,No Shortage,No Shortage,No Shortage,1,2,OSCA_2024,2,Professionals
242232,Industrial Designer,No Shortage,No Shortage,No Shortage,No Shortage,No Shortage,No Shortage,No Shortage,No Shortage,No Shortage,1,2,OSCA_2024,2,Professionals
242233,Jewellery Designer,No Shortage,No Shortage,No Shortage,No Shortage,No Shortage,No Shortage,No Shortage,No Shortage,No Shortage,1,2,OSCA_2024,2,Professionals
242234,Textile Designer,No Shortage,No Shortage,No Shortage,No Shortage,No Shortage,No Shortage,No Shortage,No Shortage,No Shortage,1,2,OSCA_2024,2,Professionals
242331,Animator Or Visual Effects Artist,No Shortage,No Shortage,No Shortage,No Shortage,No Shortage,No Shortage,No Shortage,No Shortage,No Shortage,1,2,OSCA_2024,2,Professionals
242332,Graphic Designer,No Shortage,No Shortage,No Shortage,No Shortage,No Shortage,No Shortage,No Shortage,No Shortage,No Shortage,1,2,OSCA_2024,2,Professionals
242333,Illustrator,No Shortage,No Shortage,No Shortage,No Shortage,No Shortage,No Shortage,No Shortage,No Shortage,No Shortage,1,2,OSCA_2024,2,Professionals
242431,Interior Designer,No Shortage,No Shortage,No Shortage,No Shortage,No Shortage,No Shortage,No Shortage,No Shortage,No Shortage,1,2,OSCA_2024,2,Professionals
243131,Chemical Engineer,No Shortage,No Shortage,No Shortage,Shortage,No Shortage,No Shortage,No Shortage,Shortage,No Shortage,1,2,OSCA_2024,2,Professionals
243132,Extractive Metallurgist,Shortage,Shortage,Shortage,Shortage,Shortage,Shortage,Shortage,Shortage,No Shortage,1,2,OSCA_2024,2,Professionals
243133,Materials Engineer,No Shortage,No Shortage,Shortage,Shortage,No Shortage,No Shortage,Shortage,No Shortage,No Shortage,1,2,OSCA_2024,2,Professionals
243231,Civil Engineer,Shortage,Shortage,Shortage,Shortage,Shortage,Shortage,Shortage,Shortage,Shortage,1,2,OSCA_2024,2,Professionals
243232,Geotechnical Engineer,Shortage,Shortage,Shortage,Shortage,Shortage,Shortage,Shortage,Shortage,Shortage,1,2,OSCA_2024,2,Professionals
243233,Rail Engineer,Shortage,Shortage,Shortage,Shortage,Shortage,Shortage,Shortage,Shortage,Shortage,1,2,OSCA_2024,2,Professionals
243234,Structural Engineer,Shortage,Shortage,Shortage,Shortage,Shortage,Shortage,Shortage,Shortage,Shortage,1,2,OSCA_2024,2,Professionals
243235,Transport Engineer,Shortage,Shortage,Shortage,Shortage,Shortage,Shortage,Shortage,Shortage,Shortage,1,2,OSCA_2024,2,Professionals
243236,Water Engineer,Shortage,Shortage,Shortage,Shortage,Shortage,Shortage,Shortage,Shortage,Shortage,1,2,OSCA_2024,2,Professionals
243331,Electrical Engineer,Shortage,Shortage,No Shortage,No Shortage,Shortage,Shortage,No Shortage,Shortage,No Shortage,1,2,OSCA_2024,2,Professionals
243332,Rail Signalling Engineer,Shortage,Shortage,No Shortage,No Shortage,Shortage,Shortage,No Shortage,Shortage,No Shortage,1,2,OSCA_2024,2,Professionals
243431,Electronics Engineer,No Shortage,No Shortage,No Shortage,Shortage,Shortage,No Shortage,No Shortage,No Shortage,Shortage,1,2,OSCA_2024,2,Professionals
243531,Industrial Engineer,No Shortage,No Shortage,No Shortage,Shortage,Shortage,No Shortage,No Shortage,Shortage,Shortage,1,2,OSCA_2024,2,Professionals
243532,Mechanical Engineer,No Shortage,No Shortage,No Shortage,No Shortage,Shortage,Shortage,No Shortage,Shortage,No Shortage,1,2,OSCA_2024,2,Professionals
243533,Production Or Plant Engineer,No Shortage,No Shortage,No Shortage,No Shortage,No Shortage,No Shortage,No Shortage,No Shortage,No Shortage,1,2,OSCA_2024,2,Professionals
243631,Mining Engineer (Excluding Petroleum),Shortage,Shortage,Shortage,Shortage,Shortage,Shortage,Shortage,Shortage,Shortage,1,2,OSCA_2024,2,Professionals
243632,Petroleum Engineer,Shortage,Shortage,Shortage,Shortage,Shortage,Shortage,Shortage,Shortage,No Shortage,1,2,OSCA_2024,2,Professionals
243931,Acoustic Engineer,No Shortage,No Shortage,No Shortage,Shortage,Shortage,No Shortage,No Shortage,No Shortage,No Shortage,1,2,OSCA_2024,2,Professionals
243932,Aerospace Engineer,Shortage,Shortage,Shortage,Shortage,Shortage,Shortage,No Shortage,Shortage,Shortage,1,2,OSCA_2024,2,Professionals
243933,Biomedical Engineer,Shortage,Shortage,Shortage,Shortage,Shortage,No Shortage,Shortage,No Shortage,Shortage,1,2,OSCA_2024,2,Professionals
243934,Engineering Technologist,Shortage,Shortage,Shortage,Shortage,Shortage,Shortage,Shortage,No Shortage,Shortage,1,2,OSCA_2024,2,Professionals
243935,Environmental Engineer,Shortage,Shortage,Shortage,Shortage,Shortage,Shortage,Shortage,Shortage,Shortage,1,2,OSCA_2024,2,Professionals
243936,Fire Safety Engineer,No Shortage,No Shortage,No Shortage,Shortage,Shortage,No Shortage,No Shortage,No Shortage,No Shortage,1,2,OSCA_2024,2,Professionals
243937,Mechatronics Engineer,No Shortage,No Shortage,No Shortage,Shortage,Shortage,No Shortage,No Shortage,No Shortage,No Shortage,1,2,OSCA_2024,2,Professionals
243938,Naval Architect,Shortage,Shortage,Shortage,Shortage,Shortage,Shortage,Shortage,Shortage,Shortage,1,2,OSCA_2024,2,Professionals
243999,Engineering Professionals NEC,No Shortage,No Shortage,No Shortage,Shortage,Shortage,No Shortage,No Shortage,No Shortage,No Shortage,1,2,OSCA_2024,2,Professionals
244131,Agricultural Consultant,Shortage,Shortage,Shortage,Shortage,Shortage,Shortage,Shortage,Shortage,Shortage,1,2,OSCA_2024,2,Professionals
244132,Agricultural Research Scientist,Shortage,Shortage,Shortage,Shortage,Shortage,Shortage,Shortage,Shortage,Shortage,1,2,OSCA_2024,2,Professionals
244133,Agronomist,Shortage,Shortage,Shortage,Shortage,Shortage,Shortage,Shortage,Shortage,Shortage,1,2,OSCA_2024,2,Professionals
244134,Aquaculture Or Fisheries Scientist,Shortage,Shortage,Shortage,Shortage,Shortage,Shortage,Shortage,Shortage,Shortage,1,2,OSCA_2024,2,Professionals
244135,Forester,Shortage,Shortage,Shortage,Shortage,Shortage,Shortage,Shortage,Shortage,Shortage,1,2,OSCA_2024,2,Professionals
244231,Chemist,No Shortage,No Shortage,No Shortage,No Shortage,No Shortage,No Shortage,No Shortage,No Shortage,No Shortage,1,2,OSCA_2024,2,Professionals
244232,Food Technologist,No Shortage,Shortage,No Shortage,No Shortage,No Shortage,No Shortage,No Shortage,No Shortage,No Shortage,1,2,OSCA_2024,2,Professionals
244233,Winemaker,No Shortage,No Shortage,No Shortage,No Shortage,No Shortage,No Shortage,No Shortage,No Shortage,No Shortage,1,2,OSCA_2024,2,Professionals
244331,Aboriginal And Torres Strait Islander Land And Sea Ranger,No Shortage,No Shortage,No Shortage,No Shortage,No Shortage,No Shortage,No Shortage,No Shortage,No Shortage,1,2,OSCA_2024,2,Professionals
244332,Conservation Officer,No Shortage,No Shortage,No Shortage,No Shortage,No Shortage,No Shortage,No Shortage,No Shortage,No Shortage,1,2,OSCA_2024,2,Professionals
244333,Ecologist,Shortage,Shortage,Shortage,Shortage,Shortage,Shortage,Shortage,Shortage,Shortage,1,2,OSCA_2024,2,Professionals
244334,Park Ranger,No Shortage,No Shortage,No Shortage,No Shortage,No Shortage,No Shortage,No Shortage,No Shortage,No Shortage,1,2,OSCA_2024,2,Professionals
244431,Environmental Consultant,No Shortage,No Shortage,No Shortage,No Shortage,Shortage,No Shortage,No Shortage,Shortage,No Shortage,1,2,OSCA_2024,2,Professionals
244432,Environmental Research Scientist,Shortage,Shortage,Shortage,Shortage,Shortage,Shortage,Shortage,Shortage,Shortage,1,2,OSCA_2024,2,Professionals
244499,Environmental Consultants And Scientists NEC,No Shortage,No Shortage,No Shortage,No Shortage,No Shortage,No Shortage,No Shortage,No Shortage,No Shortage,1,2,OSCA_2024,2,Professionals
244531,Geologist,Shortage,No Shortage,No Shortage,No Shortage,No Shortage,Shortage,No Shortage,Shortage,No Shortage,1,2,OSCA_2024,2,Professionals
244532,Geophysicist,Shortage,Shortage,Shortage,Shortage,Shortage,Shortage,Shortage,Shortage,Shortage,1,2,OSCA_2024,2,Professionals
244533,Hydrologist,Shortage,Shortage,Shortage,Shortage,Shortage,Shortage,Shortage,Shortage,Shortage,1,2,OSCA_2024,2,Professionals
244631,Biotechnologist,No Shortage,No Shortage,No Shortage,No Shortage,No Shortage,No Shortage,No Shortage,No Shortage,No Shortage,1,2,OSCA_2024,2,Professionals
244632,Botanist,No Shortage,No Shortage,No Shortage,No Shortage,No Shortage,No Shortage,No Shortage,No Shortage,No Shortage,1,2,OSCA_2024,2,Professionals
244633,Entomologist,No Shortage,No Shortage,No Shortage,No Shortage,No Shortage,No Shortage,No Shortage,No Shortage,No Shortage,1,2,OSCA_2024,2,Professionals
244634,Marine Biologist,No Shortage,No Shortage,No Shortage,No Shortage,No Shortage,No Shortage,No Shortage,No Shortage,No Shortage,1,2,OSCA_2024,2,Professionals
244635,Microbiologist,No Shortage,No Shortage,No Shortage,No Shortage,No Shortage,No Shortage,No Shortage,No Shortage,No Shortage,1,2,OSCA_2024,2,Professionals
244636,Zoologist,No Shortage,No Shortage,No Shortage,No Shortage,No Shortage,No Shortage,No Shortage,No Shortage,No Shortage,1,2,OSCA_2024,2,Professionals
244699,Life Scientists NEC,No Shortage,No Shortage,No Shortage,No Shortage,No Shortage,No Shortage,No Shortage,No Shortage,No Shortage,1,2,OSCA_2024,2,Professionals
244731,Medical Laboratory Scientist,No Shortage,No Shortage,No Shortage,No Shortage,No Shortage,No Shortage,No Shortage,No Shortage,No Shortage,1,2,OSCA_2024,2,Professionals
244732,Medical Physicist,No Shortage,No Shortage,No Shortage,No Shortage,No Shortage,No Shortage,No Shortage,No Shortage,No Shortage,1,2,OSCA_2024,2,Professionals
244931,Conservator,No Shortage,No Shortage,No Shortage,No Shortage,No Shortage,No Shortage,No Shortage,No Shortage,No Shortage,1,2,OSCA_2024,2,Professionals
244932,Meteorologist,No Shortage,No Shortage,No Shortage,No Shortage,No Shortage,No Shortage,No Shortage,No Shortage,No Shortage,1,2,OSCA_2024,2,Professionals
244933,Physicist,No Shortage,No Shortage,No Shortage,No Shortage,No Shortage,No Shortage,No Shortage,No Shortage,No Shortage,1,2,OSCA_2024,2,Professionals
244999,Natural And Physical Science Professionals NEC,No Shortage,No Shortage,No Shortage,No Shortage,No Shortage,No Shortage,No Shortage,No Shortage,No Shortage,1,2,OSCA_2024,2,Professionals
251131,Early Childhood (Pre-Primary School) Teacher,Shortage,Shortage,Shortage,Shortage,Shortage,Shortage,Shortage,Shortage,Shortage,1,2,OSCA_2024,2,Professionals
251231,Primary School Teacher,Shortage,Shortage,Shortage,Shortage,Shortage,Shortage,Shortage,Shortage,Shortage,1,2,OSCA_2024,2,Professionals
251331,Secondary School Teacher,Shortage,Shortage,Shortage,Shortage,Shortage,Shortage,Shortage,Shortage,Shortage,1,2,OSCA_2024,2,Professionals
251431,Special Education Teacher,Shortage,Shortage,Shortage,Shortage,Shortage,Shortage,Shortage,Shortage,Shortage,1,2,OSCA_2024,2,Professionals
251432,Specialist Teacher (Vision Impairment),Shortage,Shortage,Shortage,Shortage,Shortage,Shortage,Shortage,No Shortage,Shortage,1,2,OSCA_2024,2,Professionals
251433,Teacher Of The Deaf,Shortage,Shortage,Shortage,Shortage,Shortage,Shortage,Shortage,No Shortage,Shortage,1,2,OSCA_2024,2,Professionals
251931,Teacher Librarian,Shortage,Shortage,Shortage,Shortage,Shortage,Shortage,Shortage,Shortage,Shortage,1,2,OSCA_2024,2,Professionals
252131,University Lecturer,No Shortage,No Shortage,No Shortage,No Shortage,No Shortage,No Shortage,No Shortage,No Shortage,No Shortage,1,2,OSCA_2024,2,Professionals
252132,University Tutor,No Shortage,No Shortage,No Shortage,No Shortage,No Shortage,No Shortage,No Shortage,No Shortage,No Shortage,1,2,OSCA_2024,2,Professionals
252231,Vocational Education Teacher,Shortage,Shortage,Shortage,Shortage,Shortage,Shortage,Shortage,Shortage,Shortage,1,2,OSCA_2024,2,Professionals
259131,Academic Tutor (Private Tuition),No Shortage,No Shortage,No Shortage,No Shortage,No Shortage,No Shortage,No Shortage,No Shortage,No Shortage,1,2,OSCA_2024,2,Professionals
259231,Art Teacher (Private Tuition),No Shortage,No Shortage,No Shortage,No Shortage,No Shortage,No Shortage,No Shortage,No Shortage,No Shortage,1,2,OSCA_2024,2,Professionals
259232,Dance Teacher (Private Tuition),No Shortage,No Shortage,No Shortage,No Shortage,No Shortage,No Shortage,No Shortage,No Shortage,No Shortage,1,2,OSCA_2024,2,Professionals
259233,Speech And Drama Teacher (Private Tuition),No Shortage,No Shortage,No Shortage,No Shortage,No Shortage,No Shortage,No Shortage,No Shortage,No Shortage,1,2,OSCA_2024,2,Professionals
259299,Arts And Personal Enrichment Teachers (Private Tuition) NEC,No Shortage,No Shortage,No Shortage,No Shortage,No Shortage,No Shortage,No Shortage,No Shortage,No Shortage,1,2,OSCA_2024,2,Professionals
259331,Education Adviser,No Shortage,No Shortage,No Shortage,No Shortage,No Shortage,No Shortage,No Shortage,No Shortage,No Shortage,1,2,OSCA_2024,2,Professionals
259332,Education Reviewer,No Shortage,No Shortage,No Shortage,No Shortage,No Shortage,No Shortage,No Shortage,No Shortage,No Shortage,1,2,OSCA_2024,2,Professionals
259431,Music Teacher (Private Tuition),No Shortage,No Shortage,No Shortage,No Shortage,No Shortage,No Shortage,No Shortage,No Shortage,No Shortage,1,2,OSCA_2024,2,Professionals
259531,Teacher Of English To Speakers Of Other Languages,No Shortage,No Shortage,No Shortage,No Shortage,No Shortage,No Shortage,No Shortage,No Shortage,No Shortage,1,2,OSCA_2024,2,Professionals
259931,Adult Literacy / Numeracy Teacher,Shortage,Shortage,Shortage,Shortage,Shortage,Shortage,Shortage,Shortage,Shortage,1,2,OSCA_2024,2,Professionals
259932,Careers Adviser,No Shortage,No Shortage,No Shortage,No Shortage,No Shortage,No Shortage,No Shortage,No Shortage,No Shortage,1,2,OSCA_2024,2,Professionals
259933,Student Services Adviser,No Shortage,No Shortage,No Shortage,No Shortage,No Shortage,No Shortage,No Shortage,No Shortage,No Shortage,1,2,OSCA_2024,2,Professionals
259999,Education Professionals NEC,Shortage,Shortage,Shortage,Shortage,Shortage,Shortage,Shortage,Shortage,Shortage,1,2,OSCA_2024,2,Professionals
261131,Counsellor (General),No Shortage,No Shortage,No Shortage,No Shortage,No Shortage,No Shortage,No Shortage,No Shortage,No Shortage,1,2,OSCA_2024,2,Professionals
261132,Alcohol And Other Drugs Counsellor,No Shortage,No Shortage,No Shortage,No Shortage,No Shortage,No Shortage,No Shortage,No Shortage,No Shortage,1,2,OSCA_2024,2,Professionals
261133,Family And Relationship Counsellor,No Shortage,No Shortage,No Shortage,No Shortage,No Shortage,No Shortage,No Shortage,No Shortage,No Shortage,1,2,OSCA_2024,2,Professionals
261134,Psychotherapist,No Shortage,No Shortage,No Shortage,No Shortage,No Shortage,No Shortage,No Shortage,No Shortage,No Shortage,1,2,OSCA_2024,2,Professionals
261135,Rehabilitation Counsellor,Shortage,Shortage,Shortage,Shortage,Shortage,Shortage,Shortage,Shortage,Shortage,1,2,OSCA_2024,2,Professionals
261136,School Counsellor,No Shortage,No Shortage,No Shortage,No Shortage,No Shortage,No Shortage,No Shortage,No Shortage,No Shortage,1,2,OSCA_2024,2,Professionals
261231,Psychologist,Shortage,Shortage,Shortage,Shortage,Shortage,Shortage,Shortage,Shortage,Shortage,1,2,OSCA_2024,2,Professionals
261331,Social Worker,No Shortage,No Shortage,Regional Shortage,No Shortage,Shortage,No Shortage,No Shortage,Shortage,Shortage,1,2,OSCA_2024,2,Professionals
261931,Arts Therapist,No Shortage,No Shortage,No Shortage,No Shortage,No Shortage,No Shortage,No Shortage,No Shortage,No Shortage,1,2,OSCA_2024,2,Professionals
261932,Behaviour Support Practitioner,No Shortage,No Shortage,No Shortage,No Shortage,No Shortage,No Shortage,No Shortage,No Shortage,No Shortage,1,2,OSCA_2024,2,Professionals
261933,Music Therapist,No Shortage,No Shortage,No Shortage,No Shortage,No Shortage,No Shortage,No Shortage,No Shortage,No Shortage,1,2,OSCA_2024,2,Professionals
261999,"Allied Health Counselling, Psychology, Social Work And Creative Therapy Professionals NEC",No Shortage,No Shortage,No Shortage,No Shortage,No Shortage,No Shortage,No Shortage,No Shortage,No Shortage,1,2,OSCA_2024,2,Professionals
262131,Chiropractor,Shortage,Shortage,Shortage,Shortage,Shortage,Shortage,Shortage,Shortage,Shortage,1,2,OSCA_2024,2,Professionals
262231,Exercise Physiologist,No Shortage,No Shortage,No Shortage,No Shortage,No Shortage,No Shortage,No Shortage,No Shortage,No Shortage,1,2,OSCA_2024,2,Professionals
262232,Exercise And Sports Scientist,No Shortage,No Shortage,No Shortage,No Shortage,No Shortage,No Shortage,No Shortage,No Shortage,No Shortage,1,2,OSCA_2024,2,Professionals
262331,Occupational Therapist,Shortage,Shortage,Shortage,Shortage,Shortage,Shortage,Shortage,Shortage,Shortage,1,2,OSCA_2024,2,Professionals
262431,Physiotherapist,Shortage,Shortage,Shortage,Shortage,Shortage,Shortage,Shortage,Shortage,Shortage,1,2,OSCA_2024,2,Professionals
262531,Podiatrist,Shortage,Shortage,Shortage,Shortage,Shortage,Shortage,Shortage,Shortage,Shortage,1,2,OSCA_2024,2,Professionals
262631,Speech Pathologist,Shortage,Shortage,Shortage,Shortage,Shortage,Shortage,Shortage,Shortage,Shortage,1,2,OSCA_2024,2,Professionals
262931,Orthotist / Prosthetist,Shortage,Shortage,Shortage,Shortage,Shortage,Shortage,Shortage,Shortage,Shortage,1,2,OSCA_2024,2,Professionals
262932,Osteopath,Shortage,Shortage,Shortage,Shortage,Shortage,Shortage,Shortage,Shortage,Shortage,1,2,OSCA_2024,2,Professionals
262999,Allied Health Physical And Sensory Therapy Professionals NEC,Shortage,Shortage,Shortage,Shortage,Shortage,Shortage,Shortage,Shortage,Shortage,1,2,OSCA_2024,2,Professionals
263131,Nuclear Medicine Technologist,Shortage,Shortage,Shortage,Shortage,Shortage,Shortage,Shortage,No Shortage,Shortage,1,2,OSCA_2024,2,Professionals
263132,Radiation Therapist,Regional Shortage,Regional Shortage,Regional Shortage,Regional Shortage,Regional Shortage,Regional Shortage,Regional Shortage,Regional Shortage,Shortage,1,2,OSCA_2024,2,Professionals
263133,Radiographer,Shortage,Shortage,Shortage,Shortage,Shortage,Shortage,Shortage,Shortage,Shortage,1,2,OSCA_2024,2,Professionals
263231,Dietitian,No Shortage,No Shortage,No Shortage,No Shortage,No Shortage,No Shortage,No Shortage,No Shortage,No Shortage,1,2,OSCA_2024,2,Professionals
263232,Nutritionist,No Shortage,No Shortage,No Shortage,No Shortage,No Shortage,No Shortage,No Shortage,No Shortage,No Shortage,1,2,OSCA_2024,2,Professionals
263331,Optometrist,No Shortage,No Shortage,No Shortage,No Shortage,No Shortage,No Shortage,No Shortage,No Shortage,No Shortage,1,2,OSCA_2024,2,Professionals
263431,Community Pharmacist,Shortage,Shortage,Shortage,Shortage,Shortage,Shortage,Shortage,Shortage,Shortage,1,2,OSCA_2024,2,Professionals
263432,Hospital Pharmacist,Regional Shortage,Regional Shortage,Regional Shortage,Regional Shortage,Regional Shortage,Regional Shortage,Regional Shortage,Regional Shortage,Shortage,1,2,OSCA_2024,2,Professionals
263531,Sonographer,Shortage,Shortage,Shortage,Shortage,Shortage,Shortage,Shortage,Shortage,Shortage,1,2,OSCA_2024,2,Professionals
263931,Audiologist,Shortage,Shortage,Shortage,Shortage,Shortage,Shortage,Shortage,Shortage,Shortage,1,2,OSCA_2024,2,Professionals
263932,Cardiac Physiologist,No Shortage,No Shortage,No Shortage,No Shortage,No Shortage,No Shortage,No Shortage,No Shortage,No Shortage,1,2,OSCA_2024,2,Professionals
263933,Diabetes Educator,No Shortage,No Shortage,No Shortage,No Shortage,No Shortage,No Shortage,No Shortage,No Shortage,No Shortage,1,2,OSCA_2024,2,Professionals
263934,Neurophysiology Scientist,No Shortage,No Shortage,No Shortage,No Shortage,No Shortage,No Shortage,No Shortage,No Shortage,No Shortage,1,2,OSCA_2024,2,Professionals
263935,Orthoptist,Shortage,Shortage,Shortage,Shortage,Shortage,Shortage,Shortage,No Shortage,Shortage,1,2,OSCA_2024,2,Professionals
263936,Respiratory Or Sleep Scientist,No Shortage,No Shortage,No Shortage,No Shortage,No Shortage,No Shortage,No Shortage,No Shortage,No Shortage,1,2,OSCA_2024,2,Professionals
263999,Allied Health Science Professionals NEC,Shortage,Shortage,Shortage,Shortage,Shortage,Shortage,Shortage,Shortage,Shortage,1,2,OSCA_2024,2,Professionals
264131,Anaesthetist,Shortage,Shortage,Shortage,Shortage,Shortage,Shortage,Shortage,Shortage,Shortage,1,2,OSCA_2024,2,Professionals
264231,General Practitioner,Shortage,Shortage,Shortage,Shortage,Shortage,Shortage,Shortage,Shortage,Shortage,1,2,OSCA_2024,2,Professionals
264331,General Medicine Physician,Shortage,Shortage,Shortage,Shortage,Shortage,Shortage,Shortage,Shortage,Shortage,1,2,OSCA_2024,2,Professionals
264332,Cardiologist,Shortage,Shortage,Shortage,Shortage,Shortage,Shortage,Shortage,Shortage,Shortage,1,2,OSCA_2024,2,Professionals
264333,Endocrinologist,Shortage,Shortage,Shortage,Shortage,Shortage,Shortage,Shortage,No Shortage,Shortage,1,2,OSCA_2024,2,Professionals
264334,Gastroenterologist,Shortage,Shortage,Shortage,Shortage,Shortage,Shortage,Shortage,No Shortage,Shortage,1,2,OSCA_2024,2,Professionals
264335,Geriatrician,Shortage,Shortage,Shortage,Shortage,Shortage,Shortage,Shortage,Shortage,Shortage,1,2,OSCA_2024,2,Professionals
264336,Haematologist,Shortage,Shortage,Shortage,Shortage,Shortage,Shortage,No Shortage,No Shortage,Shortage,1,2,OSCA_2024,2,Professionals
264337,Intensive Care Specialist,Shortage,Shortage,Shortage,Shortage,Shortage,Shortage,Shortage,Shortage,Shortage,1,2,OSCA_2024,2,Professionals
264338,Medical Oncologist,Shortage,Shortage,Shortage,Shortage,Shortage,Shortage,Shortage,Shortage,Shortage,1,2,OSCA_2024,2,Professionals
264341,Nephrologist,Shortage,Shortage,Shortage,Shortage,Shortage,Shortage,Shortage,Shortage,Shortage,1,2,OSCA_2024,2,Professionals
264342,Neurologist,Shortage,Shortage,Shortage,Shortage,Shortage,Shortage,Shortage,No Shortage,Shortage,1,2,OSCA_2024,2,Professionals
264343,Paediatrician,Shortage,Shortage,Shortage,Shortage,Shortage,Shortage,Shortage,Shortage,Shortage,1,2,OSCA_2024,2,Professionals
264344,Public Health Physician,Shortage,Shortage,Shortage,Shortage,Shortage,Shortage,Shortage,Shortage,Shortage,1,2,OSCA_2024,2,Professionals
264345,Respiratory Physician,Shortage,Shortage,Shortage,Shortage,Shortage,Shortage,Shortage,Shortage,Shortage,1,2,OSCA_2024,2,Professionals
264346,Rheumatologist,Shortage,Shortage,Shortage,Shortage,Shortage,Shortage,Shortage,No Shortage,Shortage,1,2,OSCA_2024,2,Professionals
264399,Physicians NEC,Shortage,Shortage,Shortage,Shortage,Shortage,Shortage,Shortage,Shortage,Shortage,1,2,OSCA_2024,2,Professionals
264431,Psychiatrist,Shortage,Shortage,Shortage,Shortage,Shortage,Shortage,Shortage,Shortage,Shortage,1,2,OSCA_2024,2,Professionals
264531,Resident Medical Officer,Shortage,Shortage,Shortage,Shortage,Shortage,Shortage,Shortage,Shortage,Shortage,1,2,OSCA_2024,2,Professionals
264631,General Surgeon,Shortage,Shortage,Shortage,Shortage,Shortage,Shortage,Shortage,Shortage,Shortage,1,2,OSCA_2024,2,Professionals
264632,Cardiothoracic Surgeon,Shortage,Shortage,Shortage,Shortage,Shortage,Shortage,Shortage,No Shortage,Shortage,1,2,OSCA_2024,2,Professionals
264633,Neurosurgeon,Shortage,Shortage,Shortage,Shortage,Shortage,Shortage,Shortage,Shortage,Shortage,1,2,OSCA_2024,2,Professionals
264634,Orthopaedic Surgeon,Shortage,Shortage,Shortage,Shortage,Shortage,Shortage,Shortage,Shortage,Shortage,1,2,OSCA_2024,2,Professionals
264635,Otolaryngologist,Shortage,Shortage,Shortage,Shortage,Shortage,Shortage,Shortage,No Shortage,No Shortage,1,2,OSCA_2024,2,Professionals
264636,Paediatric Surgeon,Shortage,Shortage,Shortage,Shortage,Shortage,Shortage,Shortage,No Shortage,No Shortage,1,2,OSCA_2024,2,Professionals
264637,Plastic And Reconstructive Surgeon,Shortage,Shortage,Shortage,Shortage,Shortage,Shortage,Shortage,Shortage,Shortage,1,2,OSCA_2024,2,Professionals
264638,Urologist,Shortage,Shortage,Shortage,Shortage,Shortage,Shortage,Shortage,No Shortage,Shortage,1,2,OSCA_2024,2,Professionals
264641,Vascular Surgeon,Shortage,Shortage,Shortage,Shortage,Shortage,Shortage,Shortage,Shortage,No Shortage,1,2,OSCA_2024,2,Professionals
264931,Dermatologist,Shortage,Shortage,Shortage,Shortage,Shortage,Shortage,Shortage,Shortage,Shortage,1,2,OSCA_2024,2,Professionals
264932,Emergency Medicine Specialist,Shortage,Shortage,Shortage,Shortage,Shortage,Shortage,Shortage,Shortage,Shortage,1,2,OSCA_2024,2,Professionals
264933,Obstetrician And Gynaecologist,Shortage,Shortage,Shortage,Shortage,Shortage,Shortage,Shortage,Shortage,Shortage,1,2,OSCA_2024,2,Professionals
264934,Ophthalmologist,Shortage,Shortage,Shortage,Shortage,Shortage,Shortage,Shortage,Shortage,Shortage,1,2,OSCA_2024,2,Professionals
264935,Pathologist,Shortage,Shortage,Shortage,Shortage,Shortage,Shortage,Shortage,Shortage,Shortage,1,2,OSCA_2024,2,Professionals
264936,Radiation Oncologist,Shortage,Shortage,Shortage,Shortage,Shortage,Shortage,Shortage,Shortage,Shortage,1,2,OSCA_2024,2,Professionals
264937,Radiologist,Shortage,Shortage,Shortage,Shortage,Shortage,Shortage,Shortage,Shortage,Shortage,1,2,OSCA_2024,2,Professionals
264999,Medical Practitioners NEC,Shortage,Shortage,Shortage,Shortage,Shortage,Shortage,Shortage,Shortage,Shortage,1,2,OSCA_2024,2,Professionals
265131,Midwife,Shortage,Shortage,Shortage,Shortage,Shortage,Shortage,Shortage,Shortage,Shortage,1,2,OSCA_2024,2,Professionals
265231,Nurse Educator,No Shortage,No Shortage,Shortage,No Shortage,Regional Shortage,No Shortage,No Shortage,Shortage,Shortage,1,2,OSCA_2024,2,Professionals
265232,Nurse Researcher,No Shortage,No Shortage,No Shortage,Shortage,Shortage,No Shortage,No Shortage,Shortage,Shortage,1,2,OSCA_2024,2,Professionals
265331,Nursing / Midwifery Unit Manager,No Shortage,No Shortage,No Shortage,No Shortage,Regional Shortage,No Shortage,No Shortage,No Shortage,No Shortage,1,2,OSCA_2024,2,Professionals
265431,Nurse Practitioner,Shortage,Shortage,Shortage,Shortage,Shortage,Shortage,Shortage,Shortage,Shortage,1,2,OSCA_2024,2,Professionals
265432,Registered Nurse (Acute Care),Shortage,Shortage,Shortage,Shortage,Shortage,Shortage,Shortage,Shortage,Shortage,1,2,OSCA_2024,2,Professionals
265433,Registered Nurse (Aged Care),Shortage,Shortage,Shortage,Shortage,Shortage,Shortage,Shortage,Shortage,Shortage,1,2,OSCA_2024,2,Professionals
265434,Registered Nurse (Mental Health),Shortage,Shortage,Shortage,Shortage,Shortage,Shortage,Shortage,Shortage,Shortage,1,2,OSCA_2024,2,Professionals
265435,Registered Nurse (Primary Health Care),Shortage,Shortage,Shortage,Shortage,Shortage,Shortage,Shortage,Shortage,Shortage,1,2,OSCA_2024,2,Professionals
265499,Registered Nurses NEC,No Shortage,No Shortage,No Shortage,No Shortage,No Shortage,No Shortage,No Shortage,Shortage,No Shortage,1,2,OSCA_2024,2,Professionals
269131,Dental Hygienist,Shortage,Shortage,Shortage,Shortage,Shortage,Shortage,Shortage,Shortage,Shortage,1,2,OSCA_2024,2,Professionals
269132,Dental Prosthetist,Shortage,Shortage,Shortage,Shortage,Shortage,Shortage,Shortage,No Shortage,Shortage,1,2,OSCA_2024,2,Professionals
269133,Oral Health Therapist Or Dental Therapist,Shortage,Shortage,Shortage,Shortage,Shortage,Shortage,Shortage,Shortage,Shortage,1,2,OSCA_2024,2,Professionals
269231,Dental Specialist,Shortage,Shortage,Shortage,Shortage,Shortage,Shortage,Shortage,Shortage,Shortage,1,2,OSCA_2024,2,Professionals
269232,Dentist,Shortage,Shortage,Shortage,Shortage,Shortage,Shortage,Shortage,Shortage,Shortage,1,2,OSCA_2024,2,Professionals
269331,Environmental Health Officer,Regional Shortage,Regional Shortage,Regional Shortage,Regional Shortage,Regional Shortage,Regional Shortage,Regional Shortage,Regional Shortage,Shortage,1,2,OSCA_2024,2,Professionals
269332,Health Promotion Officer,No Shortage,No Shortage,No Shortage,No Shortage,No Shortage,No Shortage,No Shortage,No Shortage,No Shortage,1,2,OSCA_2024,2,Professionals
269431,Critical Care Paramedic,Shortage,Shortage,Shortage,Shortage,Shortage,Shortage,Shortage,Shortage,Shortage,1,2,OSCA_2024,2,Professionals
269432,Paramedic,Shortage,Shortage,Shortage,Shortage,Shortage,Shortage,Shortage,Shortage,Shortage,1,2,OSCA_2024,2,Professionals
269531,Veterinarian,Shortage,Shortage,Shortage,Shortage,Shortage,Shortage,Shortage,Shortage,Shortage,1,2,OSCA_2024,2,Professionals
269532,Veterinary Technologist,No Shortage,No Shortage,No Shortage,No Shortage,No Shortage,No Shortage,No Shortage,No Shortage,No Shortage,1,2,OSCA_2024,2,Professionals
269931,Acupuncturist,No Shortage,No Shortage,No Shortage,No Shortage,No Shortage,No Shortage,No Shortage,No Shortage,No Shortage,1,2,OSCA_2024,2,Professionals
269932,Chinese Medicine Practitioner,No Shortage,No Shortage,No Shortage,No Shortage,No Shortage,No Shortage,No Shortage,No Shortage,No Shortage,1,2,OSCA_2024,2,Professionals
269933,Naturopath,No Shortage,No Shortage,No Shortage,No Shortage,No Shortage,No Shortage,No Shortage,No Shortage,No Shortage,1,2,OSCA_2024,2,Professionals
269999,Health Professionals NEC,No Shortage,No Shortage,Shortage,No Shortage,No Shortage,No Shortage,No Shortage,No Shortage,Shortage,1,2,OSCA_2024,2,Professionals
271131,Cyber Governance Risk And Compliance Specialist,Shortage,Shortage,Shortage,Shortage,Shortage,Shortage,Shortage,No Shortage,Shortage,1,2,OSCA_2024,2,Professionals
271132,Cyber Security Advice And Assessment Specialist,No Shortage,No Shortage,No Shortage,No Shortage,No Shortage,No Shortage,No Shortage,Shortage,Shortage,1,2,OSCA_2024,2,Professionals
271133,Cyber Security Analyst,No Shortage,No Shortage,No Shortage,Shortage,Shortage,No Shortage,No Shortage,No Shortage,Shortage,1,2,OSCA_2024,2,Professionals
271134,Cyber Security Architect,Shortage,Shortage,Shortage,Shortage,Shortage,Shortage,No Shortage,No Shortage,Shortage,1,2,OSCA_2024,2,Professionals
271135,Cyber Security Engineer,Shortage,Shortage,Shortage,Shortage,Shortage,Shortage,Shortage,Shortage,Shortage,1,2,OSCA_2024,2,Professionals
271136,Cyber Security Operations Coordinator,Shortage,Shortage,Shortage,Shortage,Shortage,Shortage,Shortage,Shortage,Shortage,1,2,OSCA_2024,2,Professionals
271137,Penetration Tester,No Shortage,No Shortage,No Shortage,No Shortage,No Shortage,No Shortage,No Shortage,No Shortage,No Shortage,1,2,OSCA_2024,2,Professionals
271231,Database Administrator,No Shortage,No Shortage,No Shortage,No Shortage,No Shortage,No Shortage,No Shortage,No Shortage,No Shortage,1,2,OSCA_2024,2,Professionals
271232,Systems Administrator,No Shortage,No Shortage,No Shortage,No Shortage,No Shortage,No Shortage,No Shortage,Shortage,No Shortage,1,2,OSCA_2024,2,Professionals
272131,ICT Network And Systems Engineer,No Shortage,No Shortage,No Shortage,No Shortage,No Shortage,No Shortage,No Shortage,Shortage,No Shortage,1,2,OSCA_2024,2,Professionals
272132,Network Administrator,No Shortage,No Shortage,No Shortage,No Shortage,No Shortage,No Shortage,No Shortage,No Shortage,No Shortage,1,2,OSCA_2024,2,Professionals
272133,Network Architect,No Shortage,No Shortage,No Shortage,No Shortage,No Shortage,No Shortage,No Shortage,No Shortage,No Shortage,1,2,OSCA_2024,2,Professionals
272231,ICT Quality Assurance Engineer,No Shortage,No Shortage,No Shortage,No Shortage,No Shortage,No Shortage,No Shortage,No Shortage,No Shortage,1,2,OSCA_2024,2,Professionals
272232,ICT Support Engineer,No Shortage,No Shortage,No Shortage,No Shortage,No Shortage,No Shortage,No Shortage,No Shortage,No Shortage,1,2,OSCA_2024,2,Professionals
272233,ICT Test Analyst,Shortage,Shortage,Shortage,Shortage,Shortage,Shortage,Shortage,Shortage,Shortage,1,2,OSCA_2024,2,Professionals
272331,Telecommunications Engineer,No Shortage,No Shortage,No Shortage,No Shortage,No Shortage,No Shortage,No Shortage,No Shortage,No Shortage,1,2,OSCA_2024,2,Professionals
273131,Digital Game Developer,No Shortage,No Shortage,No Shortage,No Shortage,No Shortage,No Shortage,No Shortage,No Shortage,No Shortage,1,2,OSCA_2024,2,Professionals
273132,Web Developer,No Shortage,No Shortage,No Shortage,No Shortage,No Shortage,No Shortage,No Shortage,No Shortage,No Shortage,1,2,OSCA_2024,2,Professionals
273231,Cloud Architect,No Shortage,No Shortage,No Shortage,No Shortage,No Shortage,No Shortage,No Shortage,Shortage,No Shortage,1,2,OSCA_2024,2,Professionals
273232,ICT Business Analyst,No Shortage,No Shortage,No Shortage,No Shortage,No Shortage,No Shortage,No Shortage,Shortage,No Shortage,1,2,OSCA_2024,2,Professionals
273233,Solution Architect,No Shortage,No Shortage,No Shortage,No Shortage,No Shortage,No Shortage,No Shortage,No Shortage,No Shortage,1,2,OSCA_2024,2,Professionals
273234,Systems Analyst,No Shortage,No Shortage,No Shortage,No Shortage,No Shortage,No Shortage,No Shortage,No Shortage,No Shortage,1,2,OSCA_2024,2,Professionals
273331,Cloud Engineer,Shortage,Shortage,Shortage,Shortage,Shortage,Shortage,Shortage,No Shortage,Shortage,1,2,OSCA_2024,2,Professionals
273332,Devops Engineer,Shortage,Shortage,Shortage,Shortage,Shortage,Shortage,Shortage,No Shortage,Shortage,1,2,OSCA_2024,2,Professionals
273333,Software Engineer,No Shortage,No Shortage,No Shortage,No Shortage,No Shortage,No Shortage,No Shortage,No Shortage,No Shortage,1,2,OSCA_2024,2,Professionals
281131,Barrister,No Shortage,No Shortage,No Shortage,No Shortage,No Shortage,No Shortage,No Shortage,No Shortage,No Shortage,1,2,OSCA_2024,2,Professionals
281231,Family Dispute Resolution Practitioner,No Shortage,No Shortage,No Shortage,No Shortage,No Shortage,No Shortage,No Shortage,No Shortage,No Shortage,1,2,OSCA_2024,2,Professionals
281232,Intellectual Property Lawyer,No Shortage,No Shortage,No Shortage,No Shortage,No Shortage,No Shortage,No Shortage,No Shortage,No Shortage,1,2,OSCA_2024,2,Professionals
281234,Judge's Associate,No Shortage,No Shortage,No Shortage,No Shortage,No Shortage,No Shortage,No Shortage,No Shortage,No Shortage,1,2,OSCA_2024,2,Professionals
281236,Migration Agent,No Shortage,No Shortage,No Shortage,No Shortage,No Shortage,No Shortage,No Shortage,No Shortage,No Shortage,1,2,OSCA_2024,2,Professionals
281237,Police Prosecutor,No Shortage,No Shortage,No Shortage,No Shortage,No Shortage,No Shortage,No Shortage,No Shortage,No Shortage,1,2,OSCA_2024,2,Professionals
281299,Judicial And Other Legal Professionals NEC,No Shortage,No Shortage,No Shortage,No Shortage,No Shortage,No Shortage,No Shortage,No Shortage,No Shortage,1,2,OSCA_2024,2,Professionals
281331,Solicitor,Shortage,Shortage,Shortage,Shortage,Shortage,Shortage,Shortage,Shortage,Shortage,1,2,OSCA_2024,2,Professionals
299131,Aeroplane Pilot,Shortage,Shortage,Shortage,Shortage,Shortage,Shortage,Shortage,Shortage,Shortage,1,2,OSCA_2024,2,Professionals
299132,Air Traffic Controller,Shortage,Shortage,Shortage,Shortage,Shortage,Shortage,Shortage,Shortage,Shortage,1,2,OSCA_2024,2,Professionals
299133,Flight Instructor,Shortage,Shortage,Shortage,Shortage,Shortage,Shortage,No Shortage,No Shortage,Shortage,1,2,OSCA_2024,2,Professionals
299134,Helicopter Pilot,Shortage,Shortage,Shortage,Shortage,Shortage,Shortage,Shortage,Shortage,Shortage,1,2,OSCA_2024,2,Professionals
299199,Air Transport Professionals NEC,Shortage,Shortage,Shortage,Shortage,Shortage,Shortage,Shortage,Shortage,Shortage,1,2,OSCA_2024,2,Professionals
311131,Agricultural And Agritech Technician,Shortage,Shortage,Shortage,Shortage,Shortage,Shortage,Shortage,Shortage,Shortage,2,3,OSCA_2024,3,Technicians and Trades Workers
311132,Animal Husbandry Technician,No Shortage,No Shortage,No Shortage,No Shortage,No Shortage,No Shortage,No Shortage,No Shortage,No Shortage,2,3,OSCA_2024,3,Technicians and Trades Workers
311133,Aquaculture Or Fisheries Technician,No Shortage,No Shortage,No Shortage,No Shortage,No Shortage,No Shortage,No Shortage,No Shortage,No Shortage,2,3,OSCA_2024,3,Technicians and Trades Workers
311134,Biosecurity Officer,No Shortage,No Shortage,No Shortage,No Shortage,No Shortage,No Shortage,No Shortage,No Shortage,No Shortage,2,3,OSCA_2024,3,Technicians and Trades Workers
311135,Fisheries Officer,No Shortage,No Shortage,No Shortage,No Shortage,No Shortage,No Shortage,No Shortage,No Shortage,No Shortage,2,3,OSCA_2024,3,Technicians and Trades Workers
311136,Irrigation Designer,Shortage,Shortage,Shortage,Shortage,Shortage,Shortage,Shortage,No Shortage,No Shortage,2,3,OSCA_2024,3,Technicians and Trades Workers
311137,Meat Inspector,Shortage,Shortage,Shortage,Shortage,Shortage,Shortage,Shortage,No Shortage,No Shortage,3,3,OSCA_2024,3,Technicians and Trades Workers
311138,Primary Products Quality Assurance Officer,No Shortage,No Shortage,No Shortage,No Shortage,No Shortage,No Shortage,No Shortage,No Shortage,No Shortage,2,3,OSCA_2024,3,Technicians and Trades Workers
311199,Agricultural Technicians And Inspection Officers NEC,No Shortage,No Shortage,No Shortage,No Shortage,No Shortage,No Shortage,No Shortage,No Shortage,No Shortage,2,3,OSCA_2024,3,Technicians and Trades Workers
311231,Anaesthetic Technician,No Shortage,No Shortage,No Shortage,No Shortage,No Shortage,No Shortage,No Shortage,No Shortage,No Shortage,2,3,OSCA_2024,3,Technicians and Trades Workers
311232,Dental Technician,Shortage,Shortage,Shortage,Shortage,Shortage,Shortage,Shortage,Shortage,Shortage,2,3,OSCA_2024,3,Technicians and Trades Workers
311233,Medical Laboratory Technician,No Shortage,No Shortage,No Shortage,No Shortage,No Shortage,No Shortage,No Shortage,No Shortage,No Shortage,2,3,OSCA_2024,3,Technicians and Trades Workers
311234,Operating Theatre Technician,No Shortage,No Shortage,No Shortage,No Shortage,No Shortage,No Shortage,No Shortage,No Shortage,No Shortage,3,3,OSCA_2024,3,Technicians and Trades Workers
311235,Respiratory Technician,No Shortage,No Shortage,No Shortage,No Shortage,No Shortage,No Shortage,No Shortage,No Shortage,No Shortage,2,3,OSCA_2024,3,Technicians and Trades Workers
311299,Medical And Dental Technicians NEC,No Shortage,No Shortage,No Shortage,No Shortage,No Shortage,No Shortage,No Shortage,No Shortage,No Shortage,2,3,OSCA_2024,3,Technicians and Trades Workers
311331,Community Pharmacy Technician,Regional Shortage,Regional Shortage,Regional Shortage,Regional Shortage,Regional Shortage,Regional Shortage,Regional Shortage,Shortage,Shortage,3,3,OSCA_2024,3,Technicians and Trades Workers
311332,Hospital Pharmacy Technician,Regional Shortage,Regional Shortage,Regional Shortage,Regional Shortage,Regional Shortage,Regional Shortage,Regional Shortage,Shortage,Shortage,3,3,OSCA_2024,3,Technicians and Trades Workers
311431,Phlebotomist,No Shortage,No Shortage,No Shortage,No Shortage,No Shortage,No Shortage,No Shortage,No Shortage,No Shortage,3,3,OSCA_2024,3,Technicians and Trades Workers
311531,Chemical Technician,No Shortage,No Shortage,No Shortage,No Shortage,No Shortage,No Shortage,No Shortage,No Shortage,No Shortage,2,3,OSCA_2024,3,Technicians and Trades Workers
311532,Earth Science Technician,No Shortage,No Shortage,No Shortage,No Shortage,No Shortage,No Shortage,No Shortage,No Shortage,No Shortage,2,3,OSCA_2024,3,Technicians and Trades Workers
311533,Geospatial Technician,Shortage,Shortage,Shortage,Shortage,Shortage,Shortage,Shortage,Shortage,Shortage,2,3,OSCA_2024,3,Technicians and Trades Workers
311534,Hydrographer,No Shortage,No Shortage,No Shortage,No Shortage,No Shortage,No Shortage,No Shortage,No Shortage,No Shortage,2,3,OSCA_2024,3,Technicians and Trades Workers
311535,Life Science Technician,No Shortage,No Shortage,No Shortage,No Shortage,No Shortage,No Shortage,No Shortage,No Shortage,No Shortage,2,3,OSCA_2024,3,Technicians and Trades Workers
311536,School Laboratory Technician,No Shortage,No Shortage,No Shortage,No Shortage,No Shortage,No Shortage,No Shortage,No Shortage,No Shortage,2,3,OSCA_2024,3,Technicians and Trades Workers
311599,Science Technicians NEC,No Shortage,No Shortage,No Shortage,No Shortage,No Shortage,No Shortage,No Shortage,No Shortage,No Shortage,2,3,OSCA_2024,3,Technicians and Trades Workers
312131,Architectural Technician,No Shortage,No Shortage,No Shortage,No Shortage,No Shortage,No Shortage,No Shortage,No Shortage,No Shortage,2,3,OSCA_2024,3,Technicians and Trades Workers
312132,Building Designer,No Shortage,No Shortage,No Shortage,No Shortage,No Shortage,No Shortage,No Shortage,Shortage,No Shortage,2,3,OSCA_2024,3,Technicians and Trades Workers
312133,Detailer Drafter,No Shortage,No Shortage,No Shortage,No Shortage,No Shortage,No Shortage,No Shortage,No Shortage,No Shortage,2,3,OSCA_2024,3,Technicians and Trades Workers
312134,Landscape Designer,No Shortage,No Shortage,No Shortage,No Shortage,No Shortage,No Shortage,No Shortage,Shortage,No Shortage,2,3,OSCA_2024,3,Technicians and Trades Workers
312135,Surveying Technician,Shortage,Shortage,Shortage,Shortage,Shortage,Shortage,Shortage,Shortage,Shortage,2,3,OSCA_2024,3,Technicians and Trades Workers
312199,Building And Landscape Designers And Technicians NEC,No Shortage,No Shortage,No Shortage,No Shortage,No Shortage,No Shortage,No Shortage,No Shortage,No Shortage,2,3,OSCA_2024,3,Technicians and Trades Workers
312231,Building Inspector,Shortage,Shortage,Shortage,Shortage,Shortage,Shortage,Shortage,Shortage,Shortage,2,3,OSCA_2024,3,Technicians and Trades Workers
312232,Energy Assessor,No Shortage,No Shortage,No Shortage,No Shortage,No Shortage,No Shortage,No Shortage,No Shortage,No Shortage,3,3,OSCA_2024,3,Technicians and Trades Workers
312233,Plumbing Inspector,No Shortage,No Shortage,No Shortage,No Shortage,No Shortage,No Shortage,No Shortage,No Shortage,No Shortage,2,3,OSCA_2024,3,Technicians and Trades Workers
312234,Safety Inspector,No Shortage,No Shortage,No Shortage,No Shortage,No Shortage,No Shortage,No Shortage,No Shortage,No Shortage,2,3,OSCA_2024,3,Technicians and Trades Workers
312331,Construction Estimator,Regional Shortage,Shortage,Regional Shortage,Regional Shortage,Regional Shortage,Shortage,Regional Shortage,No Shortage,No Shortage,2,3,OSCA_2024,3,Technicians and Trades Workers
312431,Civil Construction Leading Hand,No Shortage,No Shortage,No Shortage,No Shortage,No Shortage,No Shortage,No Shortage,Shortage,No Shortage,3,3,OSCA_2024,3,Technicians and Trades Workers
312432,Construction Site Supervisor,No Shortage,No Shortage,No Shortage,No Shortage,No Shortage,No Shortage,No Shortage,Shortage,No Shortage,2,3,OSCA_2024,3,Technicians and Trades Workers
313131,Civil Engineering Draftsperson,Shortage,Shortage,Shortage,Shortage,Shortage,Shortage,Shortage,Shortage,Shortage,2,3,OSCA_2024,3,Technicians and Trades Workers
313132,Civil Engineering Technician,Shortage,Shortage,Shortage,Shortage,Shortage,Shortage,Shortage,Shortage,Shortage,2,3,OSCA_2024,3,Technicians and Trades Workers
313231,Electrical Engineering Draftsperson,No Shortage,No Shortage,No Shortage,No Shortage,No Shortage,No Shortage,No Shortage,No Shortage,No Shortage,2,3,OSCA_2024,3,Technicians and Trades Workers
313232,Electrical Engineering Technician,Metro Shortage,Metro Shortage,Metro Shortage,Metro Shortage,Metro Shortage,Metro Shortage,Metro Shortage,Metro Shortage,Shortage,2,3,OSCA_2024,3,Technicians and Trades Workers
313331,Maintenance Planner,No Shortage,No Shortage,No Shortage,No Shortage,No Shortage,No Shortage,No Shortage,No Shortage,No Shortage,2,3,OSCA_2024,3,Technicians and Trades Workers
313431,Marine Engineer,Shortage,Shortage,Shortage,Shortage,Shortage,Shortage,Shortage,Shortage,Shortage,2,3,OSCA_2024,3,Technicians and Trades Workers
313432,Marine Pilot,Shortage,Shortage,Shortage,Shortage,Shortage,Shortage,Shortage,Shortage,Shortage,2,3,OSCA_2024,3,Technicians and Trades Workers
313433,Marine Surveyor,No Shortage,No Shortage,No Shortage,No Shortage,No Shortage,No Shortage,No Shortage,No Shortage,No Shortage,2,3,OSCA_2024,3,Technicians and Trades Workers
313434,Master Fisher,Shortage,Shortage,Shortage,Shortage,Shortage,Shortage,Shortage,Shortage,No Shortage,2,3,OSCA_2024,3,Technicians and Trades Workers
313435,Ship's Master,Shortage,Shortage,Shortage,Shortage,Shortage,Shortage,Shortage,Shortage,Shortage,2,3,OSCA_2024,3,Technicians and Trades Workers
313436,Ship's Officer,Shortage,Shortage,Shortage,Shortage,Shortage,Shortage,Shortage,Shortage,Shortage,2,3,OSCA_2024,3,Technicians and Trades Workers
313499,"Marine Transport Masters, Officers And Technicians NEC",No Shortage,No Shortage,No Shortage,No Shortage,No Shortage,No Shortage,No Shortage,No Shortage,No Shortage,2,3,OSCA_2024,3,Technicians and Trades Workers
313531,Mining Supervisor,No Shortage,No Shortage,No Shortage,No Shortage,No Shortage,Regional Shortage,No Shortage,No Shortage,No Shortage,2,3,OSCA_2024,3,Technicians and Trades Workers
313931,Biomedical Technician,No Shortage,No Shortage,No Shortage,No Shortage,No Shortage,No Shortage,No Shortage,No Shortage,No Shortage,2,3,OSCA_2024,3,Technicians and Trades Workers
313932,Electronic Engineering Technician,Shortage,Shortage,Shortage,Shortage,Shortage,Shortage,Shortage,Shortage,Shortage,2,3,OSCA_2024,3,Technicians and Trades Workers
313933,Mechanical Engineering Draftsperson,Shortage,Shortage,Shortage,Shortage,Shortage,Shortage,Shortage,Shortage,Shortage,2,3,OSCA_2024,3,Technicians and Trades Workers
313934,Mechanical Engineering Technician,Shortage,Shortage,Shortage,Shortage,Shortage,Shortage,Shortage,Shortage,Shortage,2,3,OSCA_2024,3,Technicians and Trades Workers
313935,Metallurgical Or Materials Technician,Shortage,Shortage,Shortage,Shortage,Shortage,Shortage,Shortage,Shortage,Shortage,2,3,OSCA_2024,3,Technicians and Trades Workers
313936,Non-Destructive Testing Technician,Shortage,Shortage,Shortage,Shortage,Shortage,Shortage,Shortage,Shortage,Shortage,2,3,OSCA_2024,3,Technicians and Trades Workers
313937,Other Draftsperson,No Shortage,No Shortage,No Shortage,No Shortage,No Shortage,No Shortage,No Shortage,No Shortage,No Shortage,2,3,OSCA_2024,3,Technicians and Trades Workers
313999,Engineering Technicians NEC,No Shortage,No Shortage,No Shortage,No Shortage,No Shortage,No Shortage,No Shortage,No Shortage,No Shortage,2,3,OSCA_2024,3,Technicians and Trades Workers
314131,ICT Hardware Technician,No Shortage,No Shortage,No Shortage,No Shortage,No Shortage,No Shortage,No Shortage,No Shortage,No Shortage,2,3,OSCA_2024,3,Technicians and Trades Workers
314132,Radiocommunications Technician,No Shortage,No Shortage,No Shortage,No Shortage,No Shortage,No Shortage,No Shortage,No Shortage,No Shortage,2,3,OSCA_2024,3,Technicians and Trades Workers
314133,Telecommunications Field Engineer,No Shortage,No Shortage,No Shortage,No Shortage,No Shortage,No Shortage,No Shortage,No Shortage,No Shortage,2,3,OSCA_2024,3,Technicians and Trades Workers
314134,Telecommunications Network Designer,No Shortage,No Shortage,No Shortage,No Shortage,No Shortage,No Shortage,No Shortage,No Shortage,No Shortage,2,3,OSCA_2024,3,Technicians and Trades Workers
314135,Telecommunications Technical Officer Or Technologist,No Shortage,No Shortage,No Shortage,No Shortage,No Shortage,No Shortage,No Shortage,No Shortage,No Shortage,2,3,OSCA_2024,3,Technicians and Trades Workers
314136,Web Administrator,No Shortage,No Shortage,No Shortage,No Shortage,No Shortage,No Shortage,No Shortage,No Shortage,No Shortage,2,3,OSCA_2024,3,Technicians and Trades Workers
314199,ICT And Telecommunications Technicians NEC,No Shortage,No Shortage,No Shortage,No Shortage,No Shortage,No Shortage,No Shortage,Shortage,No Shortage,2,3,OSCA_2024,3,Technicians and Trades Workers
314231,ICT Customer Support Officer,No Shortage,No Shortage,No Shortage,No Shortage,No Shortage,No Shortage,No Shortage,No Shortage,No Shortage,2,3,OSCA_2024,3,Technicians and Trades Workers
321131,Chef,Regional Shortage,Regional Shortage,Regional Shortage,Regional Shortage,Regional Shortage,Regional Shortage,Regional Shortage,Shortage,Shortage,2,3,OSCA_2024,3,Technicians and Trades Workers
322131,Baker,Shortage,Shortage,Shortage,Shortage,Shortage,Shortage,Shortage,Shortage,Shortage,3,3,OSCA_2024,3,Technicians and Trades Workers
322231,Butcher Or Smallgoods Maker,Shortage,Shortage,Shortage,Shortage,Shortage,Shortage,Shortage,Shortage,Shortage,3,3,OSCA_2024,3,Technicians and Trades Workers
322331,Cook,Shortage,Shortage,Shortage,Shortage,Shortage,Shortage,Shortage,Shortage,Shortage,3,3,OSCA_2024,3,Technicians and Trades Workers
322431,Pastrycook,Regional Shortage,Regional Shortage,Regional Shortage,Regional Shortage,Regional Shortage,Regional Shortage,Regional Shortage,Regional Shortage,Shortage,3,3,OSCA_2024,3,Technicians and Trades Workers
331131,Metal Fabricator,Shortage,Shortage,Shortage,Shortage,Shortage,Shortage,Shortage,Shortage,Shortage,3,3,OSCA_2024,3,Technicians and Trades Workers
331132,Pressure Welder,Shortage,Shortage,Shortage,Shortage,Shortage,Shortage,No Shortage,No Shortage,No Shortage,3,3,OSCA_2024,3,Technicians and Trades Workers
331133,Welder (First Class),Shortage,Shortage,Shortage,Shortage,Shortage,Shortage,Shortage,Shortage,Shortage,3,3,OSCA_2024,3,Technicians and Trades Workers
331931,Blacksmith,No Shortage,No Shortage,No Shortage,No Shortage,No Shortage,No Shortage,No Shortage,No Shortage,No Shortage,3,3,OSCA_2024,3,Technicians and Trades Workers
331932,Electroplater,No Shortage,No Shortage,No Shortage,No Shortage,No Shortage,No Shortage,No Shortage,No Shortage,No Shortage,3,3,OSCA_2024,3,Technicians and Trades Workers
331933,Farrier,Shortage,Shortage,Shortage,Shortage,Shortage,Shortage,Shortage,No Shortage,Shortage,3,3,OSCA_2024,3,Technicians and Trades Workers
331934,Metal Casting Trades Worker,Shortage,Shortage,Shortage,Shortage,Shortage,Shortage,Shortage,No Shortage,No Shortage,3,3,OSCA_2024,3,Technicians and Trades Workers
331935,Metal Polisher,No Shortage,No Shortage,No Shortage,No Shortage,No Shortage,No Shortage,No Shortage,No Shortage,No Shortage,3,3,OSCA_2024,3,Technicians and Trades Workers
331936,Sheetmetal Worker,Shortage,Shortage,Shortage,Shortage,Shortage,Shortage,Shortage,Shortage,Shortage,3,3,OSCA_2024,3,Technicians and Trades Workers
332131,Aircraft Maintenance Technician (Avionics),Shortage,Shortage,Shortage,Shortage,Shortage,Shortage,Shortage,Shortage,Shortage,3,3,OSCA_2024,3,Technicians and Trades Workers
332132,Aircraft Maintenance Technician (Mechanical),Shortage,Shortage,Shortage,Shortage,Shortage,Shortage,Shortage,Shortage,Shortage,3,3,OSCA_2024,3,Technicians and Trades Workers
332133,Aircraft Maintenance Technician (Structures),Shortage,Shortage,Shortage,Shortage,Shortage,Shortage,No Shortage,Shortage,No Shortage,3,3,OSCA_2024,3,Technicians and Trades Workers
332134,Licensed Aircraft Maintenance Engineer,Shortage,Shortage,Shortage,Shortage,Shortage,Shortage,Shortage,Shortage,Shortage,2,3,OSCA_2024,3,Technicians and Trades Workers
332231,Fitter (General),Shortage,Shortage,Shortage,Shortage,Shortage,Shortage,Shortage,Shortage,Shortage,3,3,OSCA_2024,3,Technicians and Trades Workers
332232,Fitter And Turner,Shortage,Shortage,Shortage,Shortage,Shortage,Shortage,Shortage,Shortage,Shortage,3,3,OSCA_2024,3,Technicians and Trades Workers
332233,Fitter-Welder,Shortage,Shortage,Shortage,Shortage,Shortage,Shortage,Shortage,Shortage,Shortage,3,3,OSCA_2024,3,Technicians and Trades Workers
332234,Metal Machinist (First Class),Shortage,Shortage,Shortage,Shortage,Shortage,Shortage,Shortage,Shortage,Shortage,3,3,OSCA_2024,3,Technicians and Trades Workers
332299,Metal Fitters And Machinists NEC,No Shortage,Shortage,No Shortage,No Shortage,No Shortage,No Shortage,No Shortage,Shortage,No Shortage,3,3,OSCA_2024,3,Technicians and Trades Workers
332331,Engineering Patternmaker,Shortage,Shortage,Shortage,Shortage,Shortage,Shortage,Shortage,No Shortage,No Shortage,3,3,OSCA_2024,3,Technicians and Trades Workers
332332,Engraver,No Shortage,No Shortage,No Shortage,No Shortage,No Shortage,No Shortage,No Shortage,No Shortage,No Shortage,3,3,OSCA_2024,3,Technicians and Trades Workers
332333,Gunsmith,No Shortage,No Shortage,No Shortage,No Shortage,No Shortage,No Shortage,No Shortage,No Shortage,No Shortage,3,3,OSCA_2024,3,Technicians and Trades Workers
332334,Locksmith,Shortage,Shortage,Shortage,Shortage,Shortage,Shortage,Shortage,Shortage,Shortage,3,3,OSCA_2024,3,Technicians and Trades Workers
332335,Precision Instrument Maker And Repairer,Shortage,Shortage,Shortage,Shortage,Shortage,Shortage,Shortage,Shortage,Shortage,3,3,OSCA_2024,3,Technicians and Trades Workers
332336,Saw Technician,Shortage,Shortage,Shortage,Shortage,Shortage,Shortage,Shortage,No Shortage,No Shortage,3,3,OSCA_2024,3,Technicians and Trades Workers
332337,Toolmaker,Shortage,Shortage,Shortage,Shortage,Shortage,Shortage,Shortage,No Shortage,Shortage,3,3,OSCA_2024,3,Technicians and Trades Workers
332338,Watch And Clock Maker And Repairer,No Shortage,No Shortage,No Shortage,No Shortage,No Shortage,No Shortage,No Shortage,No Shortage,No Shortage,3,3,OSCA_2024,3,Technicians and Trades Workers
341131,Dog Handler Or Trainer,No Shortage,No Shortage,No Shortage,No Shortage,No Shortage,No Shortage,No Shortage,No Shortage,No Shortage,3,3,OSCA_2024,3,Technicians and Trades Workers
341132,Horse Trainer,Shortage,Shortage,Shortage,Shortage,Shortage,Shortage,Shortage,Shortage,Shortage,3,3,OSCA_2024,3,Technicians and Trades Workers
341133,Track Rider,No Shortage,No Shortage,No Shortage,No Shortage,No Shortage,No Shortage,No Shortage,No Shortage,No Shortage,3,3,OSCA_2024,3,Technicians and Trades Workers
341134,Zookeeper,No Shortage,No Shortage,No Shortage,No Shortage,No Shortage,No Shortage,No Shortage,No Shortage,No Shortage,3,3,OSCA_2024,3,Technicians and Trades Workers
341199,Animal Trainers And Zookeepers NEC,No Shortage,No Shortage,No Shortage,No Shortage,No Shortage,No Shortage,No Shortage,No Shortage,No Shortage,3,3,OSCA_2024,3,Technicians and Trades Workers
341231,Veterinary Nurse,Shortage,Shortage,Shortage,Shortage,Shortage,Shortage,Shortage,Shortage,Shortage,3,3,OSCA_2024,3,Technicians and Trades Workers
342131,Gardener (General),No Shortage,No Shortage,No Shortage,No Shortage,No Shortage,No Shortage,No Shortage,No Shortage,No Shortage,3,3,OSCA_2024,3,Technicians and Trades Workers
342231,Arborist,Shortage,Shortage,Shortage,Shortage,Shortage,Shortage,Shortage,Shortage,Shortage,2,3,OSCA_2024,3,Technicians and Trades Workers
342232,Tree Worker,Shortage,Shortage,Shortage,Shortage,Shortage,Shortage,Shortage,Shortage,Shortage,3,3,OSCA_2024,3,Technicians and Trades Workers
342331,Florist,No Shortage,No Shortage,No Shortage,No Shortage,No Shortage,No Shortage,No Shortage,No Shortage,No Shortage,3,3,OSCA_2024,3,Technicians and Trades Workers
342431,Irrigation Technician,Shortage,Shortage,Shortage,Shortage,Shortage,Shortage,Shortage,Shortage,Shortage,3,3,OSCA_2024,3,Technicians and Trades Workers
342432,Landscape Gardener,Shortage,Shortage,Shortage,Shortage,Shortage,Shortage,Shortage,Shortage,Shortage,3,3,OSCA_2024,3,Technicians and Trades Workers
342531,Sports Turf Manager,Shortage,Shortage,Shortage,Shortage,Shortage,Shortage,Shortage,Shortage,Shortage,2,3,OSCA_2024,3,Technicians and Trades Workers
342532,Sports Turf Trades Worker,No Shortage,No Shortage,No Shortage,No Shortage,Shortage,No Shortage,No Shortage,No Shortage,No Shortage,3,3,OSCA_2024,3,Technicians and Trades Workers
342931,Nurseryperson,No Shortage,No Shortage,No Shortage,No Shortage,No Shortage,No Shortage,No Shortage,No Shortage,No Shortage,3,3,OSCA_2024,3,Technicians and Trades Workers
343131,Aquaculture Supervisor,No Shortage,No Shortage,No Shortage,No Shortage,No Shortage,No Shortage,No Shortage,No Shortage,No Shortage,3,3,OSCA_2024,3,Technicians and Trades Workers
343132,Fishing Leading Hand,No Shortage,No Shortage,No Shortage,No Shortage,No Shortage,No Shortage,No Shortage,No Shortage,No Shortage,3,3,OSCA_2024,3,Technicians and Trades Workers
343133,Forestry Operations Supervisor,No Shortage,No Shortage,No Shortage,No Shortage,No Shortage,No Shortage,No Shortage,No Shortage,No Shortage,3,3,OSCA_2024,3,Technicians and Trades Workers
343134,Horticultural Supervisor Or Specialist,No Shortage,No Shortage,No Shortage,No Shortage,No Shortage,No Shortage,No Shortage,No Shortage,No Shortage,3,3,OSCA_2024,3,Technicians and Trades Workers
343135,Senior Broadacre Crop And Livestock Farm Worker,No Shortage,No Shortage,No Shortage,No Shortage,No Shortage,No Shortage,No Shortage,No Shortage,No Shortage,3,3,OSCA_2024,3,Technicians and Trades Workers
343136,Senior Broadacre Crop Farm Worker,No Shortage,No Shortage,No Shortage,No Shortage,No Shortage,No Shortage,No Shortage,No Shortage,No Shortage,3,3,OSCA_2024,3,Technicians and Trades Workers
343137,Vineyard Supervisor,No Shortage,No Shortage,No Shortage,No Shortage,No Shortage,No Shortage,No Shortage,No Shortage,No Shortage,3,3,OSCA_2024,3,Technicians and Trades Workers
343199,"Senior Aquaculture, Crop And Forestry Workers NEC",No Shortage,No Shortage,No Shortage,No Shortage,No Shortage,No Shortage,No Shortage,No Shortage,No Shortage,3,3,OSCA_2024,3,Technicians and Trades Workers
343231,Senior Beef Cattle Station Worker,No Shortage,No Shortage,No Shortage,No Shortage,No Shortage,No Shortage,No Shortage,No Shortage,No Shortage,3,3,OSCA_2024,3,Technicians and Trades Workers
343232,Senior Cattle And Sheep Farm Worker,No Shortage,No Shortage,No Shortage,No Shortage,No Shortage,No Shortage,No Shortage,No Shortage,No Shortage,3,3,OSCA_2024,3,Technicians and Trades Workers
343233,Senior Dairy Cattle Farm Worker,No Shortage,No Shortage,No Shortage,No Shortage,No Shortage,No Shortage,No Shortage,No Shortage,No Shortage,3,3,OSCA_2024,3,Technicians and Trades Workers
343234,Senior Horse Stable Or Stud Worker,No Shortage,No Shortage,No Shortage,No Shortage,No Shortage,No Shortage,No Shortage,No Shortage,No Shortage,3,3,OSCA_2024,3,Technicians and Trades Workers
343235,Senior Piggery Stockperson,No Shortage,No Shortage,No Shortage,No Shortage,No Shortage,No Shortage,No Shortage,No Shortage,No Shortage,3,3,OSCA_2024,3,Technicians and Trades Workers
343236,Senior Sheep Farm Worker,No Shortage,No Shortage,No Shortage,No Shortage,No Shortage,No Shortage,No Shortage,No Shortage,No Shortage,3,3,OSCA_2024,3,Technicians and Trades Workers
343299,Senior Livestock Farm Workers NEC,No Shortage,No Shortage,No Shortage,No Shortage,No Shortage,No Shortage,No Shortage,No Shortage,No Shortage,3,3,OSCA_2024,3,Technicians and Trades Workers
343331,Shearer,No Shortage,No Shortage,No Shortage,No Shortage,No Shortage,No Shortage,No Shortage,No Shortage,No Shortage,3,3,OSCA_2024,3,Technicians and Trades Workers
343332,Wool Classer,No Shortage,No Shortage,No Shortage,No Shortage,No Shortage,No Shortage,No Shortage,No Shortage,No Shortage,3,3,OSCA_2024,3,Technicians and Trades Workers
351131,Automotive Technician (General),Shortage,Shortage,Shortage,Shortage,Shortage,Shortage,Shortage,Shortage,Shortage,3,3,OSCA_2024,3,Technicians and Trades Workers
351231,Automotive Electrician,Shortage,Shortage,Shortage,Shortage,Shortage,Shortage,Shortage,Shortage,Shortage,3,3,OSCA_2024,3,Technicians and Trades Workers
351331,Panelbeater,Shortage,Shortage,Shortage,Shortage,Shortage,Shortage,Shortage,Shortage,Shortage,3,3,OSCA_2024,3,Technicians and Trades Workers
351431,Agricultural Mechanic,No Shortage,Shortage,No Shortage,No Shortage,No Shortage,No Shortage,No Shortage,Shortage,No Shortage,3,3,OSCA_2024,3,Technicians and Trades Workers
351432,Bicycle Technician,No Shortage,No Shortage,No Shortage,No Shortage,No Shortage,No Shortage,No Shortage,No Shortage,No Shortage,3,3,OSCA_2024,3,Technicians and Trades Workers
351433,Diesel Technician,Shortage,Shortage,Shortage,Shortage,Shortage,Shortage,Shortage,Shortage,Shortage,3,3,OSCA_2024,3,Technicians and Trades Workers
351434,Electric Vehicle Technician,Shortage,Shortage,Shortage,Shortage,Shortage,Shortage,Shortage,Shortage,Shortage,3,3,OSCA_2024,3,Technicians and Trades Workers
351435,Marine Technician,Shortage,Shortage,Shortage,Shortage,Shortage,Shortage,Shortage,Shortage,Shortage,3,3,OSCA_2024,3,Technicians and Trades Workers
351436,Motorcycle Technician,Shortage,Shortage,Shortage,Shortage,Shortage,Shortage,Shortage,Shortage,Shortage,3,3,OSCA_2024,3,Technicians and Trades Workers
351437,Small Engine Technician,Shortage,Shortage,Shortage,Shortage,Shortage,Shortage,Shortage,Shortage,Shortage,3,3,OSCA_2024,3,Technicians and Trades Workers
351531,Vehicle Body Builder,Shortage,Shortage,Shortage,Shortage,Shortage,Shortage,Shortage,Shortage,Shortage,3,3,OSCA_2024,3,Technicians and Trades Workers
351532,Vehicle Trimmer,Shortage,Shortage,Shortage,Shortage,Shortage,Shortage,Shortage,Shortage,Shortage,3,3,OSCA_2024,3,Technicians and Trades Workers
351631,Vehicle Painter,Shortage,Shortage,Shortage,Shortage,Shortage,Shortage,Shortage,Shortage,Shortage,3,3,OSCA_2024,3,Technicians and Trades Workers
361131,Floor Finisher,Shortage,Shortage,Shortage,Shortage,Shortage,Shortage,Shortage,Shortage,Shortage,3,3,OSCA_2024,3,Technicians and Trades Workers
361231,Painter,Shortage,Shortage,Shortage,Shortage,Shortage,Shortage,Shortage,Shortage,Shortage,3,3,OSCA_2024,3,Technicians and Trades Workers
362131,Glazier,Shortage,Shortage,Shortage,Shortage,Shortage,Shortage,Shortage,Shortage,Shortage,3,3,OSCA_2024,3,Technicians and Trades Workers
362231,Plasterer (Wall And Ceiling),Shortage,Shortage,Shortage,Shortage,Shortage,Shortage,Shortage,Shortage,Shortage,3,3,OSCA_2024,3,Technicians and Trades Workers
362232,Renderer (Solid Plaster),Shortage,Shortage,Shortage,Shortage,Shortage,Shortage,Shortage,Shortage,Shortage,3,3,OSCA_2024,3,Technicians and Trades Workers
362331,Roof Tiler,Shortage,Shortage,Shortage,Shortage,Shortage,Shortage,Shortage,Shortage,Shortage,3,3,OSCA_2024,3,Technicians and Trades Workers
362431,Wall And Floor Tiler,Shortage,Shortage,Shortage,Shortage,Shortage,Shortage,Shortage,Shortage,Shortage,3,3,OSCA_2024,3,Technicians and Trades Workers
363131,Plumber (General),Shortage,Shortage,Shortage,Shortage,Shortage,Shortage,Shortage,Shortage,Shortage,3,3,OSCA_2024,3,Technicians and Trades Workers
363231,Gasfitter,Shortage,Shortage,Shortage,Shortage,Shortage,Shortage,Shortage,Shortage,Shortage,3,3,OSCA_2024,3,Technicians and Trades Workers
363331,Roof Plumber,Shortage,Shortage,Shortage,Shortage,Shortage,Shortage,Shortage,Shortage,Shortage,3,3,OSCA_2024,3,Technicians and Trades Workers
363931,Drainer,Shortage,Shortage,Shortage,Shortage,Shortage,Shortage,Shortage,Shortage,Shortage,3,3,OSCA_2024,3,Technicians and Trades Workers
363932,Fire Protection Plumber,Shortage,Shortage,Shortage,Shortage,Shortage,Shortage,Shortage,Shortage,Shortage,3,3,OSCA_2024,3,Technicians and Trades Workers
363933,Mechanical Services Plumber,Shortage,Shortage,Shortage,Shortage,Shortage,Shortage,Shortage,Shortage,Shortage,3,3,OSCA_2024,3,Technicians and Trades Workers
369131,Cabinet Maker,Shortage,Shortage,Shortage,Shortage,Shortage,Shortage,Shortage,Shortage,Shortage,3,3,OSCA_2024,3,Technicians and Trades Workers
369931,Shopfitter,Shortage,Shortage,Shortage,Shortage,Shortage,Shortage,Shortage,Shortage,Shortage,3,3,OSCA_2024,3,Technicians and Trades Workers
369932,Swimming Pool And Spa Builder,No Shortage,No Shortage,No Shortage,No Shortage,No Shortage,No Shortage,No Shortage,No Shortage,No Shortage,3,3,OSCA_2024,3,Technicians and Trades Workers
369933,Waterproofer,No Shortage,No Shortage,No Shortage,No Shortage,No Shortage,No Shortage,No Shortage,No Shortage,No Shortage,3,3,OSCA_2024,3,Technicians and Trades Workers
371131,Bricklayer,Shortage,Shortage,Shortage,Shortage,Shortage,Shortage,Shortage,Shortage,Shortage,3,3,OSCA_2024,3,Technicians and Trades Workers
371132,Stonemason,Shortage,Shortage,Shortage,Shortage,Shortage,Shortage,Shortage,Shortage,Shortage,3,3,OSCA_2024,3,Technicians and Trades Workers
371231,Concreter,No Shortage,No Shortage,No Shortage,No Shortage,No Shortage,No Shortage,No Shortage,No Shortage,No Shortage,3,3,OSCA_2024,3,Technicians and Trades Workers
372131,Carpenter And Joiner,Shortage,Shortage,Shortage,Shortage,Shortage,Shortage,Shortage,Shortage,Shortage,3,3,OSCA_2024,3,Technicians and Trades Workers
372132,Carpenter,Shortage,Shortage,Shortage,Shortage,Shortage,Shortage,Shortage,Shortage,Shortage,3,3,OSCA_2024,3,Technicians and Trades Workers
372133,Joiner,Shortage,Shortage,Shortage,Shortage,Shortage,Shortage,Shortage,Shortage,Shortage,3,3,OSCA_2024,3,Technicians and Trades Workers
381131,Electrical Distribution Trades Worker,Shortage,Shortage,Shortage,Shortage,Shortage,Shortage,Shortage,Shortage,Shortage,3,3,OSCA_2024,3,Technicians and Trades Workers
381231,Electrician (General),Shortage,Shortage,Shortage,Shortage,Shortage,Shortage,Shortage,Shortage,Shortage,3,3,OSCA_2024,3,Technicians and Trades Workers
381232,Electrical Fitter,Shortage,Shortage,Shortage,Shortage,Shortage,Shortage,Shortage,Shortage,Shortage,3,3,OSCA_2024,3,Technicians and Trades Workers
381233,Industrial Electrician,Shortage,Shortage,Shortage,Shortage,Shortage,Shortage,Shortage,Shortage,Shortage,3,3,OSCA_2024,3,Technicians and Trades Workers
381234,Lift Mechanic,No Shortage,No Shortage,No Shortage,No Shortage,No Shortage,No Shortage,No Shortage,No Shortage,No Shortage,3,3,OSCA_2024,3,Technicians and Trades Workers
382131,Air Conditioning And Refrigeration Technician,Shortage,Shortage,Shortage,Shortage,Shortage,Shortage,Shortage,Shortage,Shortage,3,3,OSCA_2024,3,Technicians and Trades Workers
382231,Communications Operator,No Shortage,No Shortage,No Shortage,No Shortage,No Shortage,No Shortage,No Shortage,No Shortage,No Shortage,3,3,OSCA_2024,3,Technicians and Trades Workers
382232,Electronic Equipment Trades Worker,Regional Shortage,Regional Shortage,Regional Shortage,Regional Shortage,Regional Shortage,Regional Shortage,Regional Shortage,Regional Shortage,Shortage,3,3,OSCA_2024,3,Technicians and Trades Workers
382233,Electronic Instrument Technician,Shortage,Shortage,Shortage,Shortage,Shortage,Shortage,Shortage,Shortage,Shortage,3,3,OSCA_2024,3,Technicians and Trades Workers
382234,Office Equipment Technician,No Shortage,No Shortage,No Shortage,No Shortage,No Shortage,No Shortage,No Shortage,No Shortage,No Shortage,3,3,OSCA_2024,3,Technicians and Trades Workers
382331,Cabler (Data And Telecommunications),Shortage,Shortage,Shortage,Shortage,Shortage,Shortage,Shortage,Shortage,Shortage,3,3,OSCA_2024,3,Technicians and Trades Workers
382332,Telecommunications Cable Technician,Shortage,Shortage,Shortage,Shortage,Shortage,Shortage,Shortage,No Shortage,Shortage,3,3,OSCA_2024,3,Technicians and Trades Workers
382333,Telecommunications Linesworker,Shortage,Shortage,Shortage,Shortage,Shortage,Shortage,Shortage,Shortage,Shortage,3,3,OSCA_2024,3,Technicians and Trades Workers
382334,Telecommunications Technician,Shortage,Shortage,Shortage,Shortage,Shortage,Shortage,Shortage,Shortage,Shortage,3,3,OSCA_2024,3,Technicians and Trades Workers
391131,Gallery Or Museum Technician,No Shortage,No Shortage,No Shortage,No Shortage,No Shortage,No Shortage,No Shortage,No Shortage,No Shortage,2,3,OSCA_2024,3,Technicians and Trades Workers
391132,Library Technician,No Shortage,No Shortage,No Shortage,No Shortage,No Shortage,No Shortage,No Shortage,No Shortage,No Shortage,2,3,OSCA_2024,3,Technicians and Trades Workers
391231,Audio Engineer,Shortage,Shortage,Shortage,Shortage,Shortage,Shortage,Shortage,Shortage,Shortage,3,3,OSCA_2024,3,Technicians and Trades Workers
391232,Broadcast Technician,No Shortage,No Shortage,No Shortage,No Shortage,No Shortage,No Shortage,No Shortage,No Shortage,No Shortage,3,3,OSCA_2024,3,Technicians and Trades Workers
391233,"Camera Operator (Film, Television Or Video)",No Shortage,No Shortage,No Shortage,No Shortage,No Shortage,No Shortage,No Shortage,No Shortage,No Shortage,3,3,OSCA_2024,3,Technicians and Trades Workers
391234,Lighting Technician,Shortage,Shortage,Shortage,Shortage,Shortage,Shortage,Shortage,Shortage,Shortage,3,3,OSCA_2024,3,Technicians and Trades Workers
391299,Performing Arts Technicians NEC,No Shortage,Shortage,No Shortage,No Shortage,No Shortage,Shortage,No Shortage,No Shortage,No Shortage,3,3,OSCA_2024,3,Technicians and Trades Workers
391331,Photographer,No Shortage,No Shortage,No Shortage,No Shortage,No Shortage,No Shortage,No Shortage,No Shortage,No Shortage,2,3,OSCA_2024,3,Technicians and Trades Workers
391431,Graphic Pre-Press Operator,Shortage,Shortage,Shortage,Shortage,Shortage,Shortage,Shortage,No Shortage,Shortage,3,3,OSCA_2024,3,Technicians and Trades Workers
391432,Print Finisher,No Shortage,No Shortage,No Shortage,No Shortage,No Shortage,No Shortage,No Shortage,No Shortage,No Shortage,3,3,OSCA_2024,3,Technicians and Trades Workers
391433,Printing Machinist,No Shortage,No Shortage,No Shortage,No Shortage,No Shortage,No Shortage,No Shortage,No Shortage,No Shortage,3,3,OSCA_2024,3,Technicians and Trades Workers
391434,Screen Printer,No Shortage,No Shortage,No Shortage,No Shortage,No Shortage,No Shortage,No Shortage,No Shortage,No Shortage,3,3,OSCA_2024,3,Technicians and Trades Workers
391531,Signwriter,No Shortage,No Shortage,No Shortage,No Shortage,No Shortage,No Shortage,No Shortage,No Shortage,No Shortage,3,3,OSCA_2024,3,Technicians and Trades Workers
391931,Interior Decorator,No Shortage,No Shortage,No Shortage,No Shortage,No Shortage,No Shortage,No Shortage,No Shortage,No Shortage,2,3,OSCA_2024,3,Technicians and Trades Workers
391932,Jeweller,Shortage,Shortage,Shortage,Shortage,Shortage,Shortage,Shortage,Shortage,Shortage,3,3,OSCA_2024,3,Technicians and Trades Workers
391933,Musical Instrument Maker Or Repairer,No Shortage,No Shortage,No Shortage,No Shortage,No Shortage,No Shortage,No Shortage,No Shortage,No Shortage,3,3,OSCA_2024,3,Technicians and Trades Workers
392131,Barber,Shortage,Shortage,Shortage,Shortage,Shortage,Shortage,Shortage,Shortage,Shortage,3,3,OSCA_2024,3,Technicians and Trades Workers
392132,Hairdresser,Shortage,Shortage,Shortage,Shortage,Shortage,Shortage,Shortage,Shortage,Shortage,3,3,OSCA_2024,3,Technicians and Trades Workers
399131,Chemical Plant Operator,No Shortage,No Shortage,No Shortage,No Shortage,No Shortage,No Shortage,No Shortage,No Shortage,No Shortage,3,3,OSCA_2024,3,Technicians and Trades Workers
399132,Gas Or Petroleum Production Technician,No Shortage,No Shortage,No Shortage,No Shortage,No Shortage,No Shortage,No Shortage,No Shortage,No Shortage,3,3,OSCA_2024,3,Technicians and Trades Workers
399133,Power Generation Plant Operator,No Shortage,No Shortage,No Shortage,No Shortage,No Shortage,No Shortage,No Shortage,No Shortage,No Shortage,3,3,OSCA_2024,3,Technicians and Trades Workers
399231,Driller,Shortage,Shortage,Shortage,Shortage,Shortage,Shortage,Shortage,Shortage,Shortage,3,3,OSCA_2024,3,Technicians and Trades Workers
399331,Pest Control Technician,No Shortage,No Shortage,No Shortage,No Shortage,No Shortage,No Shortage,No Shortage,No Shortage,No Shortage,3,3,OSCA_2024,3,Technicians and Trades Workers
399431,Apparel Cutter,No Shortage,No Shortage,No Shortage,No Shortage,No Shortage,No Shortage,No Shortage,No Shortage,No Shortage,3,3,OSCA_2024,3,Technicians and Trades Workers
399432,Canvas Goods Fabricator,No Shortage,No Shortage,No Shortage,No Shortage,No Shortage,No Shortage,No Shortage,No Shortage,No Shortage,3,3,OSCA_2024,3,Technicians and Trades Workers
399433,Dressmaker Or Tailor,No Shortage,No Shortage,No Shortage,No Shortage,No Shortage,No Shortage,No Shortage,No Shortage,No Shortage,3,3,OSCA_2024,3,Technicians and Trades Workers
399434,Garment Technician,No Shortage,No Shortage,No Shortage,No Shortage,No Shortage,No Shortage,No Shortage,No Shortage,No Shortage,3,3,OSCA_2024,3,Technicians and Trades Workers
399435,Leather Goods Maker,No Shortage,No Shortage,No Shortage,No Shortage,No Shortage,No Shortage,No Shortage,No Shortage,No Shortage,3,3,OSCA_2024,3,Technicians and Trades Workers
399436,Sail Maker,No Shortage,No Shortage,No Shortage,No Shortage,No Shortage,No Shortage,No Shortage,No Shortage,No Shortage,3,3,OSCA_2024,3,Technicians and Trades Workers
399437,Shoemaker,No Shortage,No Shortage,No Shortage,No Shortage,No Shortage,No Shortage,No Shortage,No Shortage,No Shortage,3,3,OSCA_2024,3,Technicians and Trades Workers
399438,Upholsterer,Shortage,Shortage,Shortage,Shortage,Shortage,Shortage,Shortage,Shortage,Shortage,3,3,OSCA_2024,3,Technicians and Trades Workers
399531,Furniture Finisher,No Shortage,No Shortage,No Shortage,No Shortage,No Shortage,No Shortage,No Shortage,No Shortage,No Shortage,3,3,OSCA_2024,3,Technicians and Trades Workers
399532,Furniture Maker,Shortage,Shortage,Shortage,Shortage,Shortage,Shortage,Shortage,Shortage,Shortage,3,3,OSCA_2024,3,Technicians and Trades Workers
399533,Picture Framer,No Shortage,No Shortage,No Shortage,No Shortage,No Shortage,No Shortage,No Shortage,No Shortage,No Shortage,3,3,OSCA_2024,3,Technicians and Trades Workers
399534,Wood Machinist,Shortage,Shortage,Shortage,Shortage,Shortage,Shortage,Shortage,No Shortage,No Shortage,3,3,OSCA_2024,3,Technicians and Trades Workers
399599,Wood Machinists And Other Wood Trades Workers NEC,No Shortage,No Shortage,No Shortage,No Shortage,No Shortage,No Shortage,No Shortage,No Shortage,No Shortage,3,3,OSCA_2024,3,Technicians and Trades Workers
399931,Boat Builder And Repairer,Shortage,Shortage,Shortage,Shortage,Shortage,Shortage,Shortage,Shortage,Shortage,3,3,OSCA_2024,3,Technicians and Trades Workers
399932,Diver,No Shortage,No Shortage,No Shortage,No Shortage,No Shortage,No Shortage,No Shortage,No Shortage,No Shortage,3,3,OSCA_2024,3,Technicians and Trades Workers
399933,Fire Protection Equipment Technician,Regional Shortage,Regional Shortage,Regional Shortage,Regional Shortage,Regional Shortage,Regional Shortage,Regional Shortage,Regional Shortage,Shortage,3,3,OSCA_2024,3,Technicians and Trades Workers
399934,Gas Network Technician,Shortage,Shortage,Shortage,Shortage,Shortage,Shortage,Shortage,Shortage,Shortage,3,3,OSCA_2024,3,Technicians and Trades Workers
399935,Optical Mechanic,No Shortage,No Shortage,No Shortage,No Shortage,No Shortage,No Shortage,No Shortage,No Shortage,No Shortage,3,3,OSCA_2024,3,Technicians and Trades Workers
399936,Plastics Technician,No Shortage,Shortage,No Shortage,No Shortage,No Shortage,No Shortage,No Shortage,No Shortage,No Shortage,3,3,OSCA_2024,3,Technicians and Trades Workers
399937,Railway Network Controller,No Shortage,Shortage,No Shortage,No Shortage,No Shortage,Shortage,No Shortage,No Shortage,No Shortage,3,3,OSCA_2024,3,Technicians and Trades Workers
399938,Shipwright,Shortage,Shortage,Shortage,Shortage,Shortage,Shortage,Shortage,Shortage,No Shortage,3,3,OSCA_2024,3,Technicians and Trades Workers
399999,Technicians And Trades Workers NEC,No Shortage,Shortage,No Shortage,No Shortage,No Shortage,No Shortage,No Shortage,Shortage,No Shortage,3,3,OSCA_2024,3,Technicians and Trades Workers
411131,Child Protection Practitioner,No Shortage,No Shortage,Regional Shortage,No Shortage,No Shortage,No Shortage,No Shortage,Shortage,No Shortage,2,4,OSCA_2024,4,Community and Personal Service Workers
411132,Family Violence Practitioner,No Shortage,No Shortage,Regional Shortage,No Shortage,No Shortage,No Shortage,No Shortage,Shortage,No Shortage,2,4,OSCA_2024,4,Community and Personal Service Workers
411231,Community Development Officer,No Shortage,No Shortage,No Shortage,No Shortage,No Shortage,Shortage,No Shortage,Shortage,No Shortage,2,4,OSCA_2024,4,Community and Personal Service Workers
411232,Community Support Worker,No Shortage,No Shortage,No Shortage,No Shortage,No Shortage,Shortage,No Shortage,Shortage,No Shortage,2,4,OSCA_2024,4,Community and Personal Service Workers
411331,Diversional Therapist,No Shortage,No Shortage,No Shortage,No Shortage,No Shortage,No Shortage,No Shortage,No Shortage,No Shortage,2,4,OSCA_2024,4,Community and Personal Service Workers
411332,Lifestyle Coordinator,No Shortage,No Shortage,No Shortage,No Shortage,No Shortage,No Shortage,No Shortage,No Shortage,No Shortage,3,4,OSCA_2024,4,Community and Personal Service Workers
411333,Lifestyle Officer,No Shortage,No Shortage,No Shortage,No Shortage,No Shortage,No Shortage,No Shortage,No Shortage,No Shortage,3,4,OSCA_2024,4,Community and Personal Service Workers
411431,Employment Consultant,No Shortage,No Shortage,No Shortage,No Shortage,No Shortage,No Shortage,No Shortage,No Shortage,No Shortage,3,4,OSCA_2024,4,Community and Personal Service Workers
411531,Interpreter,No Shortage,No Shortage,No Shortage,No Shortage,No Shortage,No Shortage,No Shortage,No Shortage,No Shortage,2,4,OSCA_2024,4,Community and Personal Service Workers
411532,Translator,No Shortage,No Shortage,No Shortage,No Shortage,No Shortage,No Shortage,No Shortage,No Shortage,No Shortage,2,4,OSCA_2024,4,Community and Personal Service Workers
411631,Community Corrections Officer,No Shortage,No Shortage,No Shortage,No Shortage,No Shortage,No Shortage,No Shortage,No Shortage,No Shortage,2,4,OSCA_2024,4,Community and Personal Service Workers
411632,Family Support Worker,No Shortage,No Shortage,No Shortage,No Shortage,No Shortage,No Shortage,No Shortage,No Shortage,No Shortage,2,4,OSCA_2024,4,Community and Personal Service Workers
411633,Financial Counsellor (Community),No Shortage,No Shortage,Regional Shortage,No Shortage,No Shortage,No Shortage,No Shortage,Shortage,No Shortage,2,4,OSCA_2024,4,Community and Personal Service Workers
411634,Housing Officer,No Shortage,No Shortage,No Shortage,No Shortage,No Shortage,Shortage,No Shortage,Shortage,No Shortage,2,4,OSCA_2024,4,Community and Personal Service Workers
411635,Refuge Worker,No Shortage,No Shortage,No Shortage,No Shortage,No Shortage,No Shortage,No Shortage,No Shortage,No Shortage,3,4,OSCA_2024,4,Community and Personal Service Workers
411636,Welfare Worker,No Shortage,No Shortage,Regional Shortage,No Shortage,No Shortage,No Shortage,No Shortage,Shortage,No Shortage,2,4,OSCA_2024,4,Community and Personal Service Workers
411731,Residential Youth Worker,No Shortage,No Shortage,No Shortage,No Shortage,No Shortage,No Shortage,No Shortage,No Shortage,No Shortage,2,4,OSCA_2024,4,Community and Personal Service Workers
411732,Youth Justice Worker,No Shortage,No Shortage,No Shortage,No Shortage,No Shortage,Shortage,No Shortage,Shortage,No Shortage,2,4,OSCA_2024,4,Community and Personal Service Workers
411733,Youth Worker,No Shortage,No Shortage,No Shortage,No Shortage,No Shortage,Shortage,No Shortage,Shortage,No Shortage,2,4,OSCA_2024,4,Community and Personal Service Workers
411931,Recreation Officer,No Shortage,No Shortage,No Shortage,No Shortage,No Shortage,No Shortage,No Shortage,No Shortage,No Shortage,3,4,OSCA_2024,4,Community and Personal Service Workers
411932,Sports Development Officer,No Shortage,No Shortage,No Shortage,No Shortage,No Shortage,No Shortage,No Shortage,No Shortage,No Shortage,2,4,OSCA_2024,4,Community and Personal Service Workers
411933,Volunteer Coordinator,No Shortage,No Shortage,No Shortage,No Shortage,No Shortage,Shortage,No Shortage,Shortage,No Shortage,3,4,OSCA_2024,4,Community and Personal Service Workers
421131,Aged Care Coordinator,No Shortage,No Shortage,No Shortage,No Shortage,No Shortage,Shortage,No Shortage,Shortage,No Shortage,3,4,OSCA_2024,4,Community and Personal Service Workers
421132,Aged Care Team Leader,Shortage,Shortage,Shortage,Shortage,Shortage,Shortage,Shortage,Shortage,Shortage,3,4,OSCA_2024,4,Community and Personal Service Workers
421231,Community Aged Care Support Worker,Shortage,Shortage,Shortage,Shortage,Shortage,Shortage,Shortage,Shortage,Shortage,4,4,OSCA_2024,4,Community and Personal Service Workers
421331,Residential Aged Care Worker,No Shortage,No Shortage,No Shortage,No Shortage,No Shortage,Shortage,No Shortage,Shortage,No Shortage,4,4,OSCA_2024,4,Community and Personal Service Workers
422131,Disability Services Officer,No Shortage,Regional Shortage,No Shortage,No Shortage,No Shortage,Shortage,No Shortage,Shortage,No Shortage,2,4,OSCA_2024,4,Community and Personal Service Workers
422132,Residential Care Officer,No Shortage,No Shortage,No Shortage,No Shortage,No Shortage,Shortage,No Shortage,Shortage,No Shortage,2,4,OSCA_2024,4,Community and Personal Service Workers
422231,Disability Support Worker,Shortage,Shortage,Shortage,Shortage,Shortage,Shortage,Shortage,Shortage,Shortage,4,4,OSCA_2024,4,Community and Personal Service Workers
422232,Disability Team Leader,Shortage,Shortage,Shortage,Shortage,Shortage,Shortage,Shortage,Shortage,Shortage,3,4,OSCA_2024,4,Community and Personal Service Workers
431131,Early Childhood Education Room Leader,Shortage,Shortage,Shortage,Shortage,Shortage,Shortage,Shortage,Shortage,Shortage,2,4,OSCA_2024,4,Community and Personal Service Workers
431132,Early Childhood Educator,Shortage,Shortage,Shortage,Shortage,Shortage,Shortage,Shortage,Shortage,Shortage,3,4,OSCA_2024,4,Community and Personal Service Workers
431231,Family Day Care Coordinator,No Shortage,Regional Shortage,No Shortage,No Shortage,No Shortage,Shortage,No Shortage,Shortage,No Shortage,2,4,OSCA_2024,4,Community and Personal Service Workers
431232,Family Day Care Educator,No Shortage,Regional Shortage,No Shortage,No Shortage,Regional Shortage,No Shortage,No Shortage,No Shortage,Shortage,3,4,OSCA_2024,4,Community and Personal Service Workers
431331,Nanny,No Shortage,No Shortage,No Shortage,No Shortage,No Shortage,No Shortage,No Shortage,No Shortage,No Shortage,4,4,OSCA_2024,4,Community and Personal Service Workers
431431,Out Of School Hours Care Educator,Regional Shortage,Regional Shortage,Regional Shortage,Regional Shortage,Regional Shortage,Regional Shortage,Regional Shortage,Regional Shortage,Shortage,3,4,OSCA_2024,4,Community and Personal Service Workers
432131,Inclusion Support Assistant,No Shortage,No Shortage,No Shortage,No Shortage,No Shortage,No Shortage,No Shortage,No Shortage,No Shortage,3,4,OSCA_2024,4,Community and Personal Service Workers
432231,Teaching Assistant,No Shortage,No Shortage,No Shortage,No Shortage,No Shortage,No Shortage,No Shortage,No Shortage,No Shortage,3,4,OSCA_2024,4,Community and Personal Service Workers
432931,Aboriginal And Torres Strait Islander Education Officer,No Shortage,No Shortage,No Shortage,No Shortage,No Shortage,No Shortage,No Shortage,No Shortage,No Shortage,3,4,OSCA_2024,4,Community and Personal Service Workers
432932,Boarding Supervisor,No Shortage,No Shortage,No Shortage,No Shortage,No Shortage,No Shortage,No Shortage,No Shortage,No Shortage,4,4,OSCA_2024,4,Community and Personal Service Workers
441131,Enrolled Nurse,Regional Shortage,Regional Shortage,Regional Shortage,Regional Shortage,Regional Shortage,Regional Shortage,Regional Shortage,Regional Shortage,Shortage,2,4,OSCA_2024,4,Community and Personal Service Workers
441231,Massage Therapist,No Shortage,No Shortage,No Shortage,No Shortage,No Shortage,No Shortage,No Shortage,No Shortage,No Shortage,3,4,OSCA_2024,4,Community and Personal Service Workers
441232,Myotherapist,No Shortage,No Shortage,No Shortage,No Shortage,No Shortage,No Shortage,No Shortage,No Shortage,No Shortage,2,4,OSCA_2024,4,Community and Personal Service Workers
441233,Remedial Massage Therapist,No Shortage,No Shortage,No Shortage,No Shortage,No Shortage,No Shortage,No Shortage,No Shortage,No Shortage,2,4,OSCA_2024,4,Community and Personal Service Workers
441331,Mental Health Worker,No Shortage,No Shortage,Regional Shortage,No Shortage,No Shortage,No Shortage,No Shortage,Shortage,No Shortage,2,4,OSCA_2024,4,Community and Personal Service Workers
441931,Aboriginal And Torres Strait Islander Health Practitioner,Shortage,Shortage,Shortage,Shortage,Shortage,Shortage,Shortage,Shortage,Shortage,3,4,OSCA_2024,4,Community and Personal Service Workers
441932,Aboriginal And Torres Strait Islander Health Worker,Shortage,Shortage,Shortage,Shortage,Shortage,Shortage,Shortage,Shortage,Shortage,4,4,OSCA_2024,4,Community and Personal Service Workers
441933,Audiometrist,No Shortage,No Shortage,No Shortage,No Shortage,No Shortage,No Shortage,No Shortage,No Shortage,No Shortage,2,4,OSCA_2024,4,Community and Personal Service Workers
442131,Allied Health Assistant,No Shortage,No Shortage,No Shortage,No Shortage,No Shortage,No Shortage,No Shortage,No Shortage,No Shortage,3,4,OSCA_2024,4,Community and Personal Service Workers
442231,Assistant In Nursing,No Shortage,No Shortage,No Shortage,No Shortage,No Shortage,No Shortage,No Shortage,No Shortage,No Shortage,4,4,OSCA_2024,4,Community and Personal Service Workers
442331,Dental Assistant,No Shortage,No Shortage,No Shortage,No Shortage,No Shortage,No Shortage,No Shortage,No Shortage,No Shortage,4,4,OSCA_2024,4,Community and Personal Service Workers
442431,Optical Dispenser,No Shortage,No Shortage,No Shortage,No Shortage,No Shortage,No Shortage,No Shortage,No Shortage,No Shortage,3,4,OSCA_2024,4,Community and Personal Service Workers
442531,Patient Care Assistant,No Shortage,No Shortage,No Shortage,No Shortage,No Shortage,Shortage,No Shortage,Shortage,No Shortage,4,4,OSCA_2024,4,Community and Personal Service Workers
442532,Patient Services Assistant,No Shortage,No Shortage,No Shortage,No Shortage,No Shortage,No Shortage,No Shortage,No Shortage,No Shortage,4,4,OSCA_2024,4,Community and Personal Service Workers
442931,Patient Transport Officer,Shortage,Shortage,Shortage,Shortage,Shortage,Shortage,Shortage,Shortage,Shortage,4,4,OSCA_2024,4,Community and Personal Service Workers
442999,Patient And Health Care Assistants NEC,No Shortage,No Shortage,No Shortage,No Shortage,No Shortage,No Shortage,No Shortage,No Shortage,No Shortage,4,4,OSCA_2024,4,Community and Personal Service Workers
451231,Emergency Services Officer,No Shortage,Shortage,No Shortage,No Shortage,Shortage,No Shortage,No Shortage,No Shortage,No Shortage,3,4,OSCA_2024,4,Community and Personal Service Workers
451232,Firefighter,No Shortage,Shortage,No Shortage,No Shortage,No Shortage,No Shortage,No Shortage,No Shortage,No Shortage,3,4,OSCA_2024,4,Community and Personal Service Workers
451331,General Duties Police Officer,No Shortage,No Shortage,No Shortage,No Shortage,No Shortage,No Shortage,No Shortage,No Shortage,No Shortage,2,4,OSCA_2024,4,Community and Personal Service Workers
451931,Border Enforcement Operations Officer,No Shortage,No Shortage,No Shortage,No Shortage,No Shortage,No Shortage,No Shortage,No Shortage,No Shortage,2,4,OSCA_2024,4,Community and Personal Service Workers
452131,Correctional Officer,No Shortage,No Shortage,No Shortage,No Shortage,No Shortage,No Shortage,No Shortage,No Shortage,No Shortage,4,4,OSCA_2024,4,Community and Personal Service Workers
452231,"Alarm, Security Or Surveillance Monitor",No Shortage,No Shortage,No Shortage,No Shortage,No Shortage,No Shortage,No Shortage,No Shortage,No Shortage,4,4,OSCA_2024,4,Community and Personal Service Workers
452232,Cash In Transit Officer,No Shortage,No Shortage,No Shortage,No Shortage,No Shortage,No Shortage,No Shortage,No Shortage,No Shortage,4,4,OSCA_2024,4,Community and Personal Service Workers
452233,Crowd Controller,No Shortage,No Shortage,No Shortage,No Shortage,No Shortage,No Shortage,No Shortage,No Shortage,No Shortage,4,4,OSCA_2024,4,Community and Personal Service Workers
452234,Private Investigator,No Shortage,No Shortage,No Shortage,No Shortage,No Shortage,No Shortage,No Shortage,No Shortage,No Shortage,4,4,OSCA_2024,4,Community and Personal Service Workers
452235,Protective Services Officer,No Shortage,Shortage,No Shortage,No Shortage,Shortage,No Shortage,No Shortage,Shortage,No Shortage,4,4,OSCA_2024,4,Community and Personal Service Workers
452236,Retail Loss Prevention Officer,No Shortage,No Shortage,No Shortage,No Shortage,No Shortage,No Shortage,No Shortage,No Shortage,No Shortage,4,4,OSCA_2024,4,Community and Personal Service Workers
452237,Security Consultant,No Shortage,No Shortage,No Shortage,No Shortage,No Shortage,No Shortage,No Shortage,No Shortage,No Shortage,3,4,OSCA_2024,4,Community and Personal Service Workers
452238,Security Officer,No Shortage,Shortage,No Shortage,No Shortage,Shortage,No Shortage,No Shortage,Shortage,No Shortage,4,4,OSCA_2024,4,Community and Personal Service Workers
452241,Security Screening Officer,No Shortage,Shortage,No Shortage,No Shortage,Shortage,No Shortage,No Shortage,Shortage,No Shortage,4,4,OSCA_2024,4,Community and Personal Service Workers
461131,Beauty Therapist,Shortage,Shortage,Shortage,Shortage,Shortage,Shortage,Shortage,Shortage,Shortage,3,4,OSCA_2024,4,Community and Personal Service Workers
461132,Dermal Therapist,Shortage,Shortage,Shortage,Shortage,Shortage,Shortage,Shortage,Shortage,Shortage,2,4,OSCA_2024,4,Community and Personal Service Workers
461231,Body Artist,No Shortage,No Shortage,No Shortage,No Shortage,No Shortage,No Shortage,No Shortage,No Shortage,No Shortage,4,4,OSCA_2024,4,Community and Personal Service Workers
461232,Make-Up Artist,No Shortage,No Shortage,No Shortage,No Shortage,No Shortage,No Shortage,No Shortage,No Shortage,No Shortage,3,4,OSCA_2024,4,Community and Personal Service Workers
461331,Civil Celebrant,No Shortage,No Shortage,No Shortage,No Shortage,No Shortage,No Shortage,No Shortage,No Shortage,No Shortage,3,4,OSCA_2024,4,Community and Personal Service Workers
461332,Funeral Director,No Shortage,No Shortage,No Shortage,No Shortage,No Shortage,No Shortage,No Shortage,No Shortage,No Shortage,2,4,OSCA_2024,4,Community and Personal Service Workers
461333,Funeral Worker,No Shortage,No Shortage,No Shortage,No Shortage,No Shortage,No Shortage,No Shortage,No Shortage,No Shortage,4,4,OSCA_2024,4,Community and Personal Service Workers
461432,Domestic Animal Attendant,No Shortage,No Shortage,No Shortage,No Shortage,No Shortage,No Shortage,No Shortage,No Shortage,No Shortage,4,4,OSCA_2024,4,Community and Personal Service Workers
461433,Pet Groomer,No Shortage,No Shortage,No Shortage,No Shortage,No Shortage,No Shortage,No Shortage,No Shortage,No Shortage,4,4,OSCA_2024,4,Community and Personal Service Workers
461499,Domestic Animal Care Workers NEC,No Shortage,No Shortage,No Shortage,No Shortage,No Shortage,No Shortage,No Shortage,No Shortage,No Shortage,4,4,OSCA_2024,4,Community and Personal Service Workers
461531,Driving Instructor,No Shortage,No Shortage,No Shortage,No Shortage,No Shortage,No Shortage,No Shortage,No Shortage,No Shortage,3,4,OSCA_2024,4,Community and Personal Service Workers
461631,Gallery Or Museum Guide,No Shortage,No Shortage,No Shortage,No Shortage,No Shortage,No Shortage,No Shortage,No Shortage,No Shortage,4,4,OSCA_2024,4,Community and Personal Service Workers
461632,Tour Guide,Shortage,Shortage,Shortage,Shortage,Shortage,Shortage,Shortage,Shortage,Shortage,3,4,OSCA_2024,4,Community and Personal Service Workers
461633,Tourist Information Officer,No Shortage,No Shortage,No Shortage,No Shortage,No Shortage,No Shortage,No Shortage,No Shortage,No Shortage,4,4,OSCA_2024,4,Community and Personal Service Workers
461731,Flight Attendant,Regional Shortage,Regional Shortage,Regional Shortage,Regional Shortage,Regional Shortage,Regional Shortage,Regional Shortage,Regional Shortage,Shortage,3,4,OSCA_2024,4,Community and Personal Service Workers
461799,Travel Attendants NEC,No Shortage,No Shortage,No Shortage,No Shortage,No Shortage,No Shortage,No Shortage,No Shortage,No Shortage,4,4,OSCA_2024,4,Community and Personal Service Workers
461831,Travel Consultant,Shortage,Shortage,Shortage,Shortage,Shortage,Shortage,Shortage,Shortage,Shortage,3,4,OSCA_2024,4,Community and Personal Service Workers
461932,Fashion Stylist,No Shortage,No Shortage,No Shortage,No Shortage,No Shortage,No Shortage,No Shortage,No Shortage,No Shortage,4,4,OSCA_2024,4,Community and Personal Service Workers
461933,First Aid Trainer,No Shortage,No Shortage,No Shortage,No Shortage,No Shortage,No Shortage,No Shortage,No Shortage,No Shortage,3,4,OSCA_2024,4,Community and Personal Service Workers
461935,Natural Remedy Consultant,No Shortage,No Shortage,No Shortage,No Shortage,No Shortage,No Shortage,No Shortage,No Shortage,No Shortage,4,4,OSCA_2024,4,Community and Personal Service Workers
461936,Photographer's Assistant,No Shortage,No Shortage,No Shortage,No Shortage,No Shortage,No Shortage,No Shortage,No Shortage,No Shortage,4,4,OSCA_2024,4,Community and Personal Service Workers
461937,Religious Assistant,No Shortage,No Shortage,No Shortage,No Shortage,No Shortage,No Shortage,No Shortage,No Shortage,No Shortage,4,4,OSCA_2024,4,Community and Personal Service Workers
461941,Weight Loss Consultant,No Shortage,No Shortage,No Shortage,No Shortage,No Shortage,No Shortage,No Shortage,No Shortage,No Shortage,4,4,OSCA_2024,4,Community and Personal Service Workers
461999,Personal Service And Travel Workers NEC,No Shortage,No Shortage,No Shortage,No Shortage,No Shortage,No Shortage,No Shortage,No Shortage,No Shortage,4,4,OSCA_2024,4,Community and Personal Service Workers
462131,Fitness Instructor (General),No Shortage,No Shortage,No Shortage,No Shortage,No Shortage,No Shortage,No Shortage,No Shortage,No Shortage,4,4,OSCA_2024,4,Community and Personal Service Workers
462231,Pilates Instructor,No Shortage,No Shortage,No Shortage,No Shortage,No Shortage,No Shortage,No Shortage,No Shortage,No Shortage,3,4,OSCA_2024,4,Community and Personal Service Workers
462232,Yoga Teacher,No Shortage,No Shortage,No Shortage,No Shortage,No Shortage,No Shortage,No Shortage,No Shortage,No Shortage,4,4,OSCA_2024,4,Community and Personal Service Workers
462331,Lifeguard,No Shortage,No Shortage,No Shortage,No Shortage,No Shortage,No Shortage,No Shortage,No Shortage,No Shortage,3,4,OSCA_2024,4,Community and Personal Service Workers
462399,Sport And Recreation Safety Patrollers NEC,No Shortage,No Shortage,No Shortage,No Shortage,No Shortage,No Shortage,No Shortage,No Shortage,No Shortage,3,4,OSCA_2024,4,Community and Personal Service Workers
462431,Basketball Coach,No Shortage,No Shortage,No Shortage,No Shortage,No Shortage,No Shortage,No Shortage,No Shortage,No Shortage,4,4,OSCA_2024,4,Community and Personal Service Workers
462432,Diving Instructor (Open Water),No Shortage,No Shortage,No Shortage,No Shortage,No Shortage,No Shortage,No Shortage,No Shortage,No Shortage,3,4,OSCA_2024,4,Community and Personal Service Workers
462433,Football Coach,No Shortage,No Shortage,No Shortage,No Shortage,No Shortage,No Shortage,No Shortage,No Shortage,No Shortage,4,4,OSCA_2024,4,Community and Personal Service Workers
462434,Gymnastics Coach Or Instructor,Shortage,Shortage,Shortage,Shortage,Shortage,Shortage,Shortage,Shortage,Shortage,4,4,OSCA_2024,4,Community and Personal Service Workers
462435,Horse Riding Coach Or Instructor,No Shortage,No Shortage,No Shortage,No Shortage,No Shortage,No Shortage,No Shortage,No Shortage,No Shortage,3,4,OSCA_2024,4,Community and Personal Service Workers
462436,Martial Arts Instructor,No Shortage,No Shortage,No Shortage,No Shortage,No Shortage,No Shortage,No Shortage,No Shortage,No Shortage,4,4,OSCA_2024,4,Community and Personal Service Workers
462437,Netball Coach,No Shortage,No Shortage,No Shortage,No Shortage,No Shortage,No Shortage,No Shortage,No Shortage,No Shortage,4,4,OSCA_2024,4,Community and Personal Service Workers
462438,Outdoor Adventure Leader Or Guide,Shortage,Shortage,Shortage,Shortage,Shortage,Shortage,Shortage,No Shortage,Shortage,3,4,OSCA_2024,4,Community and Personal Service Workers
462441,Snowsport Instructor,No Shortage,No Shortage,No Shortage,No Shortage,No Shortage,No Shortage,No Shortage,No Shortage,No Shortage,3,4,OSCA_2024,4,Community and Personal Service Workers
462442,Swimming Instructor Or Coach,Shortage,Shortage,Shortage,Shortage,Shortage,Shortage,Shortage,Shortage,Shortage,4,4,OSCA_2024,4,Community and Personal Service Workers
462443,Tennis Coach,No Shortage,No Shortage,No Shortage,No Shortage,No Shortage,No Shortage,No Shortage,No Shortage,No Shortage,4,4,OSCA_2024,4,Community and Personal Service Workers
462499,Sports Coaches And Outdoor Adventure Guides NEC,No Shortage,No Shortage,No Shortage,No Shortage,No Shortage,No Shortage,No Shortage,No Shortage,No Shortage,4,4,OSCA_2024,4,Community and Personal Service Workers
462531,Dog And Horse Racing Official,No Shortage,No Shortage,No Shortage,No Shortage,No Shortage,No Shortage,No Shortage,No Shortage,No Shortage,3,4,OSCA_2024,4,Community and Personal Service Workers
462532,Sports Umpire,No Shortage,No Shortage,No Shortage,No Shortage,No Shortage,No Shortage,No Shortage,No Shortage,No Shortage,3,4,OSCA_2024,4,Community and Personal Service Workers
462599,Sports Officials And Umpires NEC,No Shortage,No Shortage,No Shortage,No Shortage,No Shortage,No Shortage,No Shortage,No Shortage,No Shortage,3,4,OSCA_2024,4,Community and Personal Service Workers
462633,Jockey,No Shortage,No Shortage,No Shortage,No Shortage,No Shortage,No Shortage,No Shortage,No Shortage,No Shortage,3,4,OSCA_2024,4,Community and Personal Service Workers
471131,Bar Attendant,No Shortage,No Shortage,No Shortage,No Shortage,No Shortage,No Shortage,No Shortage,Shortage,No Shortage,4,4,OSCA_2024,4,Community and Personal Service Workers
471231,Barista,No Shortage,No Shortage,No Shortage,No Shortage,No Shortage,No Shortage,No Shortage,No Shortage,No Shortage,4,4,OSCA_2024,4,Community and Personal Service Workers
471431,Gaming Attendant,No Shortage,No Shortage,No Shortage,No Shortage,No Shortage,No Shortage,No Shortage,No Shortage,No Shortage,4,4,OSCA_2024,4,Community and Personal Service Workers
471432,Gaming Dealer Or Croupier,No Shortage,No Shortage,No Shortage,No Shortage,No Shortage,No Shortage,No Shortage,No Shortage,No Shortage,4,4,OSCA_2024,4,Community and Personal Service Workers
471531,Bar Supervisor,No Shortage,No Shortage,No Shortage,No Shortage,No Shortage,No Shortage,No Shortage,Shortage,No Shortage,3,4,OSCA_2024,4,Community and Personal Service Workers
471532,Cafe Or Restaurant Supervisor,No Shortage,No Shortage,No Shortage,No Shortage,No Shortage,No Shortage,No Shortage,Shortage,No Shortage,3,4,OSCA_2024,4,Community and Personal Service Workers
471533,Front Office Supervisor (Accommodation),No Shortage,No Shortage,No Shortage,No Shortage,No Shortage,Shortage,No Shortage,Shortage,No Shortage,3,4,OSCA_2024,4,Community and Personal Service Workers
471534,Gaming Supervisor,No Shortage,No Shortage,No Shortage,No Shortage,No Shortage,No Shortage,No Shortage,No Shortage,No Shortage,3,4,OSCA_2024,4,Community and Personal Service Workers
471535,Housekeeping Supervisor,No Shortage,No Shortage,No Shortage,No Shortage,No Shortage,Shortage,No Shortage,Shortage,No Shortage,3,4,OSCA_2024,4,Community and Personal Service Workers
471631,Sommelier,No Shortage,No Shortage,No Shortage,No Shortage,No Shortage,No Shortage,No Shortage,Shortage,No Shortage,3,4,OSCA_2024,4,Community and Personal Service Workers
471632,Waiter,No Shortage,No Shortage,No Shortage,No Shortage,No Shortage,No Shortage,No Shortage,Shortage,No Shortage,4,4,OSCA_2024,4,Community and Personal Service Workers
511131,Contract Administrator,No Shortage,No Shortage,No Shortage,No Shortage,Shortage,Shortage,No Shortage,No Shortage,No Shortage,2,5,OSCA_2024,5,Clerical and Administrative Workers
511231,Program Or Project Administrator,No Shortage,No Shortage,No Shortage,No Shortage,No Shortage,Shortage,No Shortage,Shortage,No Shortage,2,5,OSCA_2024,5,Clerical and Administrative Workers
521131,Conveyancer,Shortage,Shortage,Shortage,Shortage,Shortage,Shortage,Shortage,Shortage,Shortage,2,5,OSCA_2024,5,Clerical and Administrative Workers
521231,Clerk Of Court,No Shortage,No Shortage,No Shortage,No Shortage,No Shortage,No Shortage,No Shortage,No Shortage,No Shortage,3,5,OSCA_2024,5,Clerical and Administrative Workers
521232,Court Bailiff Or Sheriff,No Shortage,No Shortage,No Shortage,No Shortage,No Shortage,No Shortage,No Shortage,No Shortage,No Shortage,3,5,OSCA_2024,5,Clerical and Administrative Workers
521233,Court Orderly,No Shortage,No Shortage,No Shortage,No Shortage,No Shortage,No Shortage,No Shortage,No Shortage,No Shortage,3,5,OSCA_2024,5,Clerical and Administrative Workers
521234,Law Clerk,No Shortage,No Shortage,No Shortage,No Shortage,No Shortage,No Shortage,No Shortage,No Shortage,No Shortage,3,5,OSCA_2024,5,Clerical and Administrative Workers
521235,Legal Secretary,No Shortage,No Shortage,No Shortage,No Shortage,No Shortage,No Shortage,No Shortage,No Shortage,No Shortage,3,5,OSCA_2024,5,Clerical and Administrative Workers
521236,Trust Officer,No Shortage,No Shortage,No Shortage,No Shortage,No Shortage,No Shortage,No Shortage,No Shortage,No Shortage,3,5,OSCA_2024,5,Clerical and Administrative Workers
522131,Secretary (General),No Shortage,No Shortage,No Shortage,No Shortage,No Shortage,No Shortage,No Shortage,No Shortage,No Shortage,3,5,OSCA_2024,5,Clerical and Administrative Workers
522231,Executive Assistant,No Shortage,No Shortage,No Shortage,No Shortage,No Shortage,No Shortage,No Shortage,No Shortage,No Shortage,2,5,OSCA_2024,5,Clerical and Administrative Workers
531131,Bank Officer,No Shortage,No Shortage,No Shortage,No Shortage,No Shortage,No Shortage,No Shortage,No Shortage,No Shortage,3,5,OSCA_2024,5,Clerical and Administrative Workers
531231,Credit Or Loans Officer,No Shortage,No Shortage,No Shortage,No Shortage,No Shortage,No Shortage,No Shortage,No Shortage,No Shortage,3,5,OSCA_2024,5,Clerical and Administrative Workers
531331,Business Broker,No Shortage,No Shortage,No Shortage,No Shortage,No Shortage,No Shortage,No Shortage,No Shortage,No Shortage,3,5,OSCA_2024,5,Clerical and Administrative Workers
531332,Commodities Trader,No Shortage,No Shortage,No Shortage,No Shortage,No Shortage,No Shortage,No Shortage,No Shortage,No Shortage,2,5,OSCA_2024,5,Clerical and Administrative Workers
531333,Finance Broker,No Shortage,No Shortage,No Shortage,No Shortage,No Shortage,No Shortage,No Shortage,No Shortage,No Shortage,2,5,OSCA_2024,5,Clerical and Administrative Workers
531334,Insurance Broker,No Shortage,No Shortage,No Shortage,No Shortage,No Shortage,No Shortage,No Shortage,No Shortage,No Shortage,2,5,OSCA_2024,5,Clerical and Administrative Workers
531399,Financial And Insurance Brokers NEC,No Shortage,No Shortage,No Shortage,No Shortage,No Shortage,No Shortage,No Shortage,No Shortage,No Shortage,2,5,OSCA_2024,5,Clerical and Administrative Workers
531431,Insurance Consultant,No Shortage,No Shortage,No Shortage,No Shortage,No Shortage,No Shortage,No Shortage,No Shortage,No Shortage,4,5,OSCA_2024,5,Clerical and Administrative Workers
531531,Insurance Investigator,No Shortage,No Shortage,No Shortage,No Shortage,No Shortage,No Shortage,No Shortage,No Shortage,No Shortage,3,5,OSCA_2024,5,Clerical and Administrative Workers
531532,Insurance Loss Adjuster,No Shortage,No Shortage,No Shortage,No Shortage,No Shortage,No Shortage,No Shortage,No Shortage,No Shortage,3,5,OSCA_2024,5,Clerical and Administrative Workers
531533,Insurance Risk Surveyor,No Shortage,No Shortage,No Shortage,No Shortage,No Shortage,No Shortage,No Shortage,No Shortage,No Shortage,2,5,OSCA_2024,5,Clerical and Administrative Workers
531931,Investment Administrator,No Shortage,No Shortage,No Shortage,No Shortage,No Shortage,No Shortage,No Shortage,No Shortage,No Shortage,2,5,OSCA_2024,5,Clerical and Administrative Workers
531932,Paraplanner,No Shortage,No Shortage,No Shortage,No Shortage,No Shortage,No Shortage,No Shortage,No Shortage,No Shortage,2,5,OSCA_2024,5,Clerical and Administrative Workers
541131,Accounts Clerk,No Shortage,No Shortage,No Shortage,No Shortage,No Shortage,No Shortage,No Shortage,No Shortage,No Shortage,4,5,OSCA_2024,5,Clerical and Administrative Workers
541231,Estimator,No Shortage,No Shortage,No Shortage,No Shortage,No Shortage,No Shortage,No Shortage,No Shortage,No Shortage,4,5,OSCA_2024,5,Clerical and Administrative Workers
541331,Payroll Officer,No Shortage,No Shortage,No Shortage,No Shortage,No Shortage,No Shortage,No Shortage,No Shortage,No Shortage,4,5,OSCA_2024,5,Clerical and Administrative Workers
542131,Bookkeeper,No Shortage,No Shortage,No Shortage,No Shortage,No Shortage,No Shortage,No Shortage,No Shortage,No Shortage,3,5,OSCA_2024,5,Clerical and Administrative Workers
549132,Bookmaker,No Shortage,No Shortage,No Shortage,No Shortage,No Shortage,No Shortage,No Shortage,No Shortage,No Shortage,4,5,OSCA_2024,5,Clerical and Administrative Workers
549133,Debt Collector,No Shortage,No Shortage,No Shortage,No Shortage,No Shortage,No Shortage,No Shortage,No Shortage,No Shortage,4,5,OSCA_2024,5,Clerical and Administrative Workers
551131,Call Or Contact Centre Operator,No Shortage,No Shortage,No Shortage,No Shortage,No Shortage,No Shortage,No Shortage,No Shortage,No Shortage,4,5,OSCA_2024,5,Clerical and Administrative Workers
551132,Call Or Contact Centre Team Leader,No Shortage,No Shortage,No Shortage,No Shortage,No Shortage,No Shortage,No Shortage,No Shortage,No Shortage,3,5,OSCA_2024,5,Clerical and Administrative Workers
551231,Information Officer,No Shortage,No Shortage,No Shortage,No Shortage,No Shortage,No Shortage,No Shortage,No Shortage,No Shortage,4,5,OSCA_2024,5,Clerical and Administrative Workers
552131,Medical Receptionist,No Shortage,No Shortage,No Shortage,No Shortage,No Shortage,No Shortage,No Shortage,No Shortage,No Shortage,4,5,OSCA_2024,5,Clerical and Administrative Workers
552231,Ward Clerk,No Shortage,No Shortage,No Shortage,No Shortage,No Shortage,No Shortage,No Shortage,No Shortage,No Shortage,4,5,OSCA_2024,5,Clerical and Administrative Workers
553131,Receptionist (General),No Shortage,No Shortage,No Shortage,No Shortage,No Shortage,No Shortage,No Shortage,No Shortage,No Shortage,4,5,OSCA_2024,5,Clerical and Administrative Workers
553231,Hotel Or Motel Receptionist,No Shortage,No Shortage,No Shortage,No Shortage,No Shortage,No Shortage,No Shortage,No Shortage,No Shortage,4,5,OSCA_2024,5,Clerical and Administrative Workers
561131,General Clerk,No Shortage,No Shortage,No Shortage,No Shortage,No Shortage,No Shortage,No Shortage,No Shortage,No Shortage,4,5,OSCA_2024,5,Clerical and Administrative Workers
561231,Data Entry Operator,No Shortage,No Shortage,No Shortage,No Shortage,No Shortage,No Shortage,No Shortage,No Shortage,No Shortage,4,5,OSCA_2024,5,Clerical and Administrative Workers
561232,Machine Shorthand Reporter,No Shortage,No Shortage,No Shortage,No Shortage,No Shortage,No Shortage,No Shortage,No Shortage,No Shortage,4,5,OSCA_2024,5,Clerical and Administrative Workers
561233,Word Processing Operator,No Shortage,No Shortage,No Shortage,No Shortage,No Shortage,No Shortage,No Shortage,No Shortage,No Shortage,4,5,OSCA_2024,5,Clerical and Administrative Workers
571131,Logistics Officer,No Shortage,No Shortage,No Shortage,No Shortage,No Shortage,No Shortage,No Shortage,No Shortage,No Shortage,4,5,OSCA_2024,5,Clerical and Administrative Workers
571231,Order Clerk,No Shortage,No Shortage,No Shortage,No Shortage,No Shortage,No Shortage,No Shortage,No Shortage,No Shortage,4,5,OSCA_2024,5,Clerical and Administrative Workers
571331,Procurement Officer,No Shortage,No Shortage,No Shortage,No Shortage,No Shortage,No Shortage,No Shortage,No Shortage,No Shortage,4,5,OSCA_2024,5,Clerical and Administrative Workers
571332,Purchasing Officer,No Shortage,No Shortage,No Shortage,No Shortage,No Shortage,No Shortage,No Shortage,No Shortage,No Shortage,4,5,OSCA_2024,5,Clerical and Administrative Workers
571431,Stock Clerk,No Shortage,No Shortage,No Shortage,No Shortage,No Shortage,No Shortage,No Shortage,No Shortage,No Shortage,4,5,OSCA_2024,5,Clerical and Administrative Workers
571531,Warehouse Administrator,No Shortage,No Shortage,No Shortage,No Shortage,No Shortage,No Shortage,No Shortage,No Shortage,No Shortage,4,5,OSCA_2024,5,Clerical and Administrative Workers
571931,Freight Forwarder,No Shortage,No Shortage,No Shortage,No Shortage,No Shortage,No Shortage,No Shortage,No Shortage,No Shortage,4,5,OSCA_2024,5,Clerical and Administrative Workers
571932,Production Coordinator (Logistics),No Shortage,No Shortage,No Shortage,No Shortage,No Shortage,No Shortage,No Shortage,No Shortage,No Shortage,4,5,OSCA_2024,5,Clerical and Administrative Workers
591131,Aerodrome Reporting Officer,No Shortage,No Shortage,No Shortage,No Shortage,No Shortage,No Shortage,No Shortage,No Shortage,No Shortage,4,5,OSCA_2024,5,Clerical and Administrative Workers
591132,Council Ranger,No Shortage,No Shortage,No Shortage,No Shortage,No Shortage,No Shortage,No Shortage,No Shortage,No Shortage,4,5,OSCA_2024,5,Clerical and Administrative Workers
591133,Electrical Asset Inspector,No Shortage,No Shortage,No Shortage,No Shortage,No Shortage,No Shortage,No Shortage,No Shortage,No Shortage,4,5,OSCA_2024,5,Clerical and Administrative Workers
591134,"Invasive Pest, Weed And Disease Inspector",No Shortage,No Shortage,No Shortage,No Shortage,No Shortage,No Shortage,No Shortage,No Shortage,No Shortage,4,5,OSCA_2024,5,Clerical and Administrative Workers
591136,Motor Vehicle Licence Examiner,No Shortage,No Shortage,No Shortage,No Shortage,No Shortage,No Shortage,No Shortage,No Shortage,No Shortage,4,5,OSCA_2024,5,Clerical and Administrative Workers
591141,Water Inspector,No Shortage,No Shortage,No Shortage,No Shortage,No Shortage,No Shortage,No Shortage,No Shortage,No Shortage,4,5,OSCA_2024,5,Clerical and Administrative Workers
591231,Social Security Assessor,No Shortage,No Shortage,No Shortage,No Shortage,No Shortage,No Shortage,No Shortage,No Shortage,No Shortage,4,5,OSCA_2024,5,Clerical and Administrative Workers
591232,Taxation Compliance Officer,No Shortage,No Shortage,No Shortage,No Shortage,No Shortage,No Shortage,No Shortage,No Shortage,No Shortage,4,5,OSCA_2024,5,Clerical and Administrative Workers
591233,Visa And Citizenship Processing Officer,No Shortage,No Shortage,No Shortage,No Shortage,No Shortage,No Shortage,No Shortage,No Shortage,No Shortage,4,5,OSCA_2024,5,Clerical and Administrative Workers
591999,Inspectors And Regulatory Officers NEC,No Shortage,No Shortage,No Shortage,No Shortage,No Shortage,No Shortage,No Shortage,No Shortage,No Shortage,4,5,OSCA_2024,5,Clerical and Administrative Workers
599132,Library Assistant,No Shortage,No Shortage,No Shortage,No Shortage,No Shortage,No Shortage,No Shortage,No Shortage,No Shortage,4,5,OSCA_2024,5,Clerical and Administrative Workers
599231,Human Resources Administration Assistant,No Shortage,No Shortage,No Shortage,No Shortage,No Shortage,No Shortage,No Shortage,No Shortage,No Shortage,4,5,OSCA_2024,5,Clerical and Administrative Workers
599232,Rostering Officer,No Shortage,No Shortage,No Shortage,No Shortage,No Shortage,No Shortage,No Shortage,No Shortage,No Shortage,4,5,OSCA_2024,5,Clerical and Administrative Workers
599931,Clinical Coder,Shortage,Shortage,Shortage,Shortage,Shortage,Shortage,Shortage,Shortage,Shortage,3,5,OSCA_2024,5,Clerical and Administrative Workers
599932,Customs Broker,No Shortage,No Shortage,No Shortage,No Shortage,No Shortage,No Shortage,No Shortage,No Shortage,No Shortage,2,5,OSCA_2024,5,Clerical and Administrative Workers
599933,Facilities Administrator,No Shortage,No Shortage,No Shortage,No Shortage,No Shortage,No Shortage,No Shortage,No Shortage,No Shortage,4,5,OSCA_2024,5,Clerical and Administrative Workers
599934,"Production Assistant (Audio, Screen Or Live Performance)",No Shortage,No Shortage,No Shortage,No Shortage,No Shortage,No Shortage,No Shortage,No Shortage,No Shortage,4,5,OSCA_2024,5,Clerical and Administrative Workers
599935,"Production Coordinator (Audio, Screen Or Live Performance)",No Shortage,No Shortage,No Shortage,No Shortage,No Shortage,No Shortage,No Shortage,No Shortage,No Shortage,3,5,OSCA_2024,5,Clerical and Administrative Workers
599936,Radio Dispatcher,No Shortage,No Shortage,No Shortage,No Shortage,No Shortage,No Shortage,No Shortage,No Shortage,No Shortage,4,5,OSCA_2024,5,Clerical and Administrative Workers
599937,Strata Manager,No Shortage,No Shortage,No Shortage,No Shortage,No Shortage,Shortage,No Shortage,Shortage,No Shortage,2,5,OSCA_2024,5,Clerical and Administrative Workers
599941,Union Organiser,No Shortage,No Shortage,No Shortage,No Shortage,No Shortage,No Shortage,No Shortage,No Shortage,No Shortage,3,5,OSCA_2024,5,Clerical and Administrative Workers
599999,Clerical And Administrative Workers NEC,No Shortage,No Shortage,No Shortage,No Shortage,No Shortage,No Shortage,No Shortage,No Shortage,No Shortage,4,5,OSCA_2024,5,Clerical and Administrative Workers
619131,Marketing Assistant,No Shortage,No Shortage,No Shortage,No Shortage,No Shortage,No Shortage,No Shortage,No Shortage,No Shortage,4,6,OSCA_2024,6,Sales Workers
619135,Visual Merchandiser,No Shortage,No Shortage,No Shortage,No Shortage,No Shortage,No Shortage,No Shortage,No Shortage,No Shortage,4,6,OSCA_2024,6,Sales Workers
619932,Merchandise Planner,No Shortage,No Shortage,No Shortage,No Shortage,No Shortage,No Shortage,No Shortage,No Shortage,No Shortage,2,6,OSCA_2024,6,Sales Workers
619935,Retail Buyer,No Shortage,No Shortage,No Shortage,No Shortage,No Shortage,No Shortage,No Shortage,No Shortage,No Shortage,3,6,OSCA_2024,6,Sales Workers
619999,Sales Support Workers NEC,No Shortage,No Shortage,No Shortage,No Shortage,No Shortage,No Shortage,No Shortage,No Shortage,No Shortage,4,6,OSCA_2024,6,Sales Workers
621131,Insurance Agent,No Shortage,No Shortage,No Shortage,No Shortage,No Shortage,No Shortage,No Shortage,No Shortage,No Shortage,3,6,OSCA_2024,6,Sales Workers
621231,Sales Representative (Building And Plumbing Supplies),No Shortage,No Shortage,No Shortage,No Shortage,No Shortage,No Shortage,No Shortage,No Shortage,No Shortage,4,6,OSCA_2024,6,Sales Workers
621232,Sales Representative (Business Services),No Shortage,No Shortage,No Shortage,No Shortage,No Shortage,No Shortage,No Shortage,No Shortage,No Shortage,4,6,OSCA_2024,6,Sales Workers
621233,Sales Representative (Motor Vehicle Parts And Accessories),No Shortage,No Shortage,No Shortage,No Shortage,No Shortage,No Shortage,No Shortage,No Shortage,No Shortage,4,6,OSCA_2024,6,Sales Workers
621234,Sales Representative (Personal And Household Goods),No Shortage,No Shortage,No Shortage,No Shortage,No Shortage,No Shortage,No Shortage,No Shortage,No Shortage,4,6,OSCA_2024,6,Sales Workers
621299,Sales Representatives NEC,No Shortage,No Shortage,No Shortage,No Shortage,No Shortage,No Shortage,No Shortage,No Shortage,No Shortage,4,6,OSCA_2024,6,Sales Workers
622131,Property Manager,No Shortage,No Shortage,No Shortage,No Shortage,No Shortage,Shortage,No Shortage,Shortage,No Shortage,3,6,OSCA_2024,6,Sales Workers
622231,Auctioneer,No Shortage,No Shortage,No Shortage,No Shortage,No Shortage,No Shortage,No Shortage,No Shortage,No Shortage,3,6,OSCA_2024,6,Sales Workers
622232,Real Estate Agent,No Shortage,No Shortage,No Shortage,No Shortage,No Shortage,No Shortage,No Shortage,No Shortage,No Shortage,3,6,OSCA_2024,6,Sales Workers
622233,Real Estate Representative,No Shortage,No Shortage,No Shortage,No Shortage,No Shortage,No Shortage,No Shortage,No Shortage,No Shortage,3,6,OSCA_2024,6,Sales Workers
622234,Stock And Station Agent,No Shortage,No Shortage,No Shortage,No Shortage,No Shortage,No Shortage,No Shortage,No Shortage,No Shortage,3,6,OSCA_2024,6,Sales Workers
631231,Community Pharmacy Sales Assistant,No Shortage,No Shortage,No Shortage,No Shortage,No Shortage,No Shortage,No Shortage,No Shortage,No Shortage,4,6,OSCA_2024,6,Sales Workers
631431,Motor Vehicle Or Caravan Salesperson,No Shortage,No Shortage,No Shortage,No Shortage,No Shortage,No Shortage,No Shortage,No Shortage,No Shortage,4,6,OSCA_2024,6,Sales Workers
631432,Motor Vehicle Parts Interpreter,No Shortage,No Shortage,No Shortage,Shortage,No Shortage,No Shortage,Shortage,Shortage,Shortage,4,6,OSCA_2024,6,Sales Workers
631531,Retail Supervisor,No Shortage,No Shortage,No Shortage,No Shortage,No Shortage,No Shortage,No Shortage,No Shortage,No Shortage,4,6,OSCA_2024,6,Sales Workers
711131,Chauffeur,No Shortage,No Shortage,No Shortage,No Shortage,No Shortage,No Shortage,No Shortage,No Shortage,No Shortage,4,7,OSCA_2024,7,Machinery Operators and Drivers
711132,Oversize Load Pilot Escort,No Shortage,No Shortage,No Shortage,No Shortage,No Shortage,No Shortage,No Shortage,No Shortage,No Shortage,4,7,OSCA_2024,7,Machinery Operators and Drivers
711133,Rideshare Driver,No Shortage,No Shortage,No Shortage,No Shortage,No Shortage,No Shortage,No Shortage,No Shortage,No Shortage,4,7,OSCA_2024,7,Machinery Operators and Drivers
711134,Taxi Driver,No Shortage,No Shortage,No Shortage,No Shortage,No Shortage,No Shortage,No Shortage,No Shortage,No Shortage,4,7,OSCA_2024,7,Machinery Operators and Drivers
711199,Automobile Drivers NEC,No Shortage,No Shortage,No Shortage,No Shortage,No Shortage,No Shortage,No Shortage,No Shortage,No Shortage,4,7,OSCA_2024,7,Machinery Operators and Drivers
711231,Bus Driver,Shortage,Shortage,Shortage,Shortage,Shortage,Shortage,Shortage,Shortage,Shortage,4,7,OSCA_2024,7,Machinery Operators and Drivers
711232,Charter And Tour Bus Driver,Shortage,Shortage,Shortage,Shortage,Shortage,Shortage,Shortage,Shortage,Shortage,4,7,OSCA_2024,7,Machinery Operators and Drivers
711233,Passenger Coach Driver,No Shortage,No Shortage,No Shortage,No Shortage,No Shortage,No Shortage,No Shortage,No Shortage,No Shortage,4,7,OSCA_2024,7,Machinery Operators and Drivers
711331,Freight Train Driver,Regional Shortage,Regional Shortage,Regional Shortage,Regional Shortage,Regional Shortage,Regional Shortage,Regional Shortage,Regional Shortage,Shortage,3,7,OSCA_2024,7,Machinery Operators and Drivers
711332,Passenger Train Driver,Regional Shortage,Regional Shortage,Regional Shortage,Regional Shortage,Regional Shortage,Regional Shortage,Regional Shortage,Regional Shortage,Shortage,3,7,OSCA_2024,7,Machinery Operators and Drivers
711333,Tram Driver,No Shortage,No Shortage,No Shortage,No Shortage,No Shortage,No Shortage,No Shortage,No Shortage,No Shortage,4,7,OSCA_2024,7,Machinery Operators and Drivers
712131,Furniture Removalist,No Shortage,No Shortage,No Shortage,No Shortage,No Shortage,No Shortage,No Shortage,No Shortage,No Shortage,4,7,OSCA_2024,7,Machinery Operators and Drivers
712231,Delivery Person,No Shortage,No Shortage,No Shortage,No Shortage,No Shortage,No Shortage,No Shortage,No Shortage,No Shortage,4,7,OSCA_2024,7,Machinery Operators and Drivers
712232,Postal Delivery Officer,No Shortage,No Shortage,No Shortage,No Shortage,No Shortage,No Shortage,No Shortage,No Shortage,No Shortage,4,7,OSCA_2024,7,Machinery Operators and Drivers
713131,Truck Driver (General),Shortage,Shortage,Shortage,Shortage,Shortage,Shortage,Shortage,Shortage,Shortage,4,7,OSCA_2024,7,Machinery Operators and Drivers
713132,Tow Truck Driver,No Shortage,No Shortage,No Shortage,No Shortage,No Shortage,No Shortage,No Shortage,No Shortage,No Shortage,4,7,OSCA_2024,7,Machinery Operators and Drivers
713231,Articulated Truck Driver,Shortage,Shortage,Shortage,Shortage,Shortage,Shortage,Shortage,Shortage,Shortage,3,7,OSCA_2024,7,Machinery Operators and Drivers
713232,Tanker Truck Driver,No Shortage,No Shortage,No Shortage,No Shortage,No Shortage,No Shortage,No Shortage,No Shortage,No Shortage,3,7,OSCA_2024,7,Machinery Operators and Drivers
721131,Storeperson,No Shortage,No Shortage,No Shortage,No Shortage,No Shortage,No Shortage,No Shortage,No Shortage,No Shortage,4,7,OSCA_2024,7,Machinery Operators and Drivers
721132,Warehouse Supervisor,No Shortage,No Shortage,No Shortage,No Shortage,No Shortage,No Shortage,No Shortage,No Shortage,No Shortage,3,7,OSCA_2024,7,Machinery Operators and Drivers
731131,Industrial Spray Painter,Shortage,Shortage,Shortage,Shortage,Shortage,Shortage,Shortage,Shortage,Shortage,4,7,OSCA_2024,7,Machinery Operators and Drivers
731132,Sandblaster,No Shortage,No Shortage,No Shortage,No Shortage,No Shortage,No Shortage,No Shortage,No Shortage,No Shortage,4,7,OSCA_2024,7,Machinery Operators and Drivers
731231,Paper And Pulp Production Operator,No Shortage,No Shortage,No Shortage,No Shortage,No Shortage,No Shortage,No Shortage,No Shortage,No Shortage,4,7,OSCA_2024,7,Machinery Operators and Drivers
731232,Timber And Wood Production Operator,Shortage,Shortage,Shortage,Shortage,Shortage,No Shortage,Shortage,No Shortage,No Shortage,4,7,OSCA_2024,7,Machinery Operators and Drivers
731331,Plastics Fabricator Or Welder,No Shortage,No Shortage,No Shortage,No Shortage,No Shortage,No Shortage,No Shortage,No Shortage,No Shortage,4,7,OSCA_2024,7,Machinery Operators and Drivers
731332,Plastics Production Machine Operator,No Shortage,No Shortage,No Shortage,No Shortage,No Shortage,No Shortage,No Shortage,No Shortage,No Shortage,4,7,OSCA_2024,7,Machinery Operators and Drivers
731333,Reinforced Plastic And Composite Production Worker,Shortage,Shortage,Shortage,Shortage,Shortage,Shortage,Shortage,No Shortage,No Shortage,4,7,OSCA_2024,7,Machinery Operators and Drivers
731334,Rubber Production Machine Operator,No Shortage,No Shortage,No Shortage,No Shortage,No Shortage,No Shortage,No Shortage,No Shortage,No Shortage,4,7,OSCA_2024,7,Machinery Operators and Drivers
731399,Plastics And Rubber Production Machine Operators NEC,No Shortage,No Shortage,No Shortage,No Shortage,No Shortage,No Shortage,No Shortage,No Shortage,No Shortage,4,7,OSCA_2024,7,Machinery Operators and Drivers
731431,Sewing Machinist,No Shortage,No Shortage,No Shortage,No Shortage,No Shortage,No Shortage,No Shortage,No Shortage,No Shortage,4,7,OSCA_2024,7,Machinery Operators and Drivers
731432,Textile Or Footwear Production Machine Operator,No Shortage,No Shortage,No Shortage,No Shortage,No Shortage,No Shortage,No Shortage,No Shortage,No Shortage,4,7,OSCA_2024,7,Machinery Operators and Drivers
731931,Chemical Production Machine Operator,No Shortage,No Shortage,No Shortage,No Shortage,No Shortage,No Shortage,No Shortage,No Shortage,No Shortage,4,7,OSCA_2024,7,Machinery Operators and Drivers
731932,Clay Products Machine Operator,No Shortage,No Shortage,No Shortage,No Shortage,No Shortage,No Shortage,No Shortage,No Shortage,No Shortage,4,7,OSCA_2024,7,Machinery Operators and Drivers
731933,Concrete Products Machine Operator,No Shortage,No Shortage,No Shortage,No Shortage,No Shortage,No Shortage,No Shortage,No Shortage,No Shortage,4,7,OSCA_2024,7,Machinery Operators and Drivers
731934,Crushing Machine Operator,No Shortage,No Shortage,No Shortage,No Shortage,No Shortage,No Shortage,No Shortage,No Shortage,No Shortage,4,7,OSCA_2024,7,Machinery Operators and Drivers
731935,Glass Production Machine Operator,No Shortage,No Shortage,No Shortage,No Shortage,No Shortage,No Shortage,No Shortage,No Shortage,No Shortage,4,7,OSCA_2024,7,Machinery Operators and Drivers
731936,Photographic Print Processor,No Shortage,No Shortage,No Shortage,No Shortage,No Shortage,No Shortage,No Shortage,No Shortage,No Shortage,4,7,OSCA_2024,7,Machinery Operators and Drivers
731937,Sterilisation Technician,No Shortage,No Shortage,No Shortage,No Shortage,No Shortage,No Shortage,No Shortage,No Shortage,No Shortage,4,7,OSCA_2024,7,Machinery Operators and Drivers
731938,Stone Processing Machine Operator,No Shortage,No Shortage,No Shortage,No Shortage,No Shortage,No Shortage,No Shortage,No Shortage,No Shortage,4,7,OSCA_2024,7,Machinery Operators and Drivers
731999,Machine Operators NEC,No Shortage,No Shortage,No Shortage,No Shortage,No Shortage,No Shortage,No Shortage,No Shortage,No Shortage,4,7,OSCA_2024,7,Machinery Operators and Drivers
732131,"Crane, Hoist Or Lift Operator",Shortage,Shortage,Shortage,Shortage,Shortage,Shortage,Shortage,Shortage,Shortage,4,7,OSCA_2024,7,Machinery Operators and Drivers
732231,Engineering Production Worker,No Shortage,No Shortage,No Shortage,No Shortage,No Shortage,No Shortage,No Shortage,No Shortage,No Shortage,4,7,OSCA_2024,7,Machinery Operators and Drivers
732331,Miner,Regional Shortage,Regional Shortage,Regional Shortage,Regional Shortage,Regional Shortage,Regional Shortage,Regional Shortage,No Shortage,No Shortage,4,7,OSCA_2024,7,Machinery Operators and Drivers
732332,Shot Firer,No Shortage,No Shortage,No Shortage,No Shortage,No Shortage,No Shortage,No Shortage,No Shortage,No Shortage,4,7,OSCA_2024,7,Machinery Operators and Drivers
732431,Wastewater Or Water Plant Operator,No Shortage,Shortage,Shortage,No Shortage,No Shortage,No Shortage,No Shortage,No Shortage,No Shortage,4,7,OSCA_2024,7,Machinery Operators and Drivers
732931,Boiler Or Engine Operator,No Shortage,No Shortage,No Shortage,No Shortage,No Shortage,No Shortage,No Shortage,No Shortage,No Shortage,4,7,OSCA_2024,7,Machinery Operators and Drivers
732932,Bulk Materials Handling Plant Operator,No Shortage,No Shortage,No Shortage,No Shortage,No Shortage,No Shortage,No Shortage,No Shortage,No Shortage,4,7,OSCA_2024,7,Machinery Operators and Drivers
732933,Concrete Batching Plant Operator,No Shortage,No Shortage,No Shortage,No Shortage,No Shortage,No Shortage,No Shortage,No Shortage,No Shortage,4,7,OSCA_2024,7,Machinery Operators and Drivers
732934,Concrete Pump Operator,No Shortage,No Shortage,No Shortage,No Shortage,No Shortage,No Shortage,No Shortage,No Shortage,No Shortage,4,7,OSCA_2024,7,Machinery Operators and Drivers
732935,Railway Signal Operator,No Shortage,No Shortage,No Shortage,No Shortage,No Shortage,No Shortage,No Shortage,No Shortage,No Shortage,4,7,OSCA_2024,7,Machinery Operators and Drivers
732936,Weighbridge Operator,No Shortage,No Shortage,No Shortage,No Shortage,No Shortage,No Shortage,No Shortage,No Shortage,No Shortage,4,7,OSCA_2024,7,Machinery Operators and Drivers
732999,Stationary Plant Operators NEC,No Shortage,No Shortage,No Shortage,No Shortage,No Shortage,No Shortage,No Shortage,No Shortage,No Shortage,4,7,OSCA_2024,7,Machinery Operators and Drivers
741131,Agricultural And Horticultural Mobile Plant Operator,Regional Shortage,Regional Shortage,Regional Shortage,Regional Shortage,Regional Shortage,Regional Shortage,Regional Shortage,Regional Shortage,Shortage,4,7,OSCA_2024,7,Machinery Operators and Drivers
741132,Logging Plant Operator,No Shortage,No Shortage,No Shortage,No Shortage,No Shortage,No Shortage,No Shortage,No Shortage,No Shortage,4,7,OSCA_2024,7,Machinery Operators and Drivers
741231,Earthmoving Plant Operator (General),Regional Shortage,Regional Shortage,Regional Shortage,Regional Shortage,Regional Shortage,Regional Shortage,Regional Shortage,Regional Shortage,Shortage,4,7,OSCA_2024,7,Machinery Operators and Drivers
741232,Backhoe Operator,No Shortage,No Shortage,No Shortage,No Shortage,No Shortage,No Shortage,No Shortage,No Shortage,No Shortage,4,7,OSCA_2024,7,Machinery Operators and Drivers
741233,Bulldozer Operator,Shortage,Shortage,Shortage,Shortage,Shortage,Shortage,Shortage,Shortage,No Shortage,4,7,OSCA_2024,7,Machinery Operators and Drivers
741234,Excavator Operator,Shortage,Shortage,Shortage,Shortage,Shortage,Shortage,Shortage,Shortage,Shortage,4,7,OSCA_2024,7,Machinery Operators and Drivers
741235,Grader Operator,Shortage,Shortage,Shortage,Shortage,Shortage,Shortage,Shortage,Shortage,Shortage,4,7,OSCA_2024,7,Machinery Operators and Drivers
741236,Loader Operator,Shortage,Shortage,Shortage,Shortage,Shortage,Shortage,Shortage,Shortage,Shortage,4,7,OSCA_2024,7,Machinery Operators and Drivers
741237,Tunnel Constructor,No Shortage,No Shortage,No Shortage,No Shortage,No Shortage,No Shortage,No Shortage,No Shortage,No Shortage,4,7,OSCA_2024,7,Machinery Operators and Drivers
741331,Forklift Driver,No Shortage,No Shortage,No Shortage,No Shortage,No Shortage,No Shortage,No Shortage,No Shortage,No Shortage,4,7,OSCA_2024,7,Machinery Operators and Drivers
741931,Aircraft Baggage Handler And Ground Crew,No Shortage,No Shortage,No Shortage,No Shortage,No Shortage,Shortage,No Shortage,Shortage,No Shortage,4,7,OSCA_2024,7,Machinery Operators and Drivers
741932,Aircraft Refueller,No Shortage,No Shortage,No Shortage,No Shortage,No Shortage,No Shortage,No Shortage,No Shortage,No Shortage,4,7,OSCA_2024,7,Machinery Operators and Drivers
741933,Linemarker,Shortage,Shortage,Shortage,Shortage,Shortage,Shortage,Shortage,Shortage,Shortage,4,7,OSCA_2024,7,Machinery Operators and Drivers
741934,Railway Shunter,No Shortage,No Shortage,No Shortage,No Shortage,No Shortage,No Shortage,No Shortage,No Shortage,No Shortage,4,7,OSCA_2024,7,Machinery Operators and Drivers
741935,Railway Track Plant Operator,Shortage,Shortage,Shortage,Shortage,Shortage,Shortage,Shortage,No Shortage,No Shortage,4,7,OSCA_2024,7,Machinery Operators and Drivers
741936,Road Roller Operator,Shortage,Shortage,Shortage,Shortage,Shortage,Shortage,Shortage,Shortage,No Shortage,4,7,OSCA_2024,7,Machinery Operators and Drivers
741937,Stevedore,No Shortage,No Shortage,No Shortage,No Shortage,No Shortage,No Shortage,No Shortage,No Shortage,No Shortage,4,7,OSCA_2024,7,Machinery Operators and Drivers
741938,Streetsweeper Operator,No Shortage,No Shortage,No Shortage,No Shortage,No Shortage,No Shortage,No Shortage,No Shortage,No Shortage,4,7,OSCA_2024,7,Machinery Operators and Drivers
741999,Mobile Plant Operators NEC,No Shortage,No Shortage,No Shortage,No Shortage,No Shortage,No Shortage,No Shortage,No Shortage,No Shortage,4,7,OSCA_2024,7,Machinery Operators and Drivers
811931,Carpet Cleaner,No Shortage,No Shortage,No Shortage,No Shortage,No Shortage,No Shortage,No Shortage,No Shortage,No Shortage,4,8,OSCA_2024,8,Labourers
821131,Asbestos Removalist,No Shortage,No Shortage,No Shortage,No Shortage,No Shortage,No Shortage,No Shortage,No Shortage,No Shortage,4,8,OSCA_2024,8,Labourers
821134,Demolition Labourer,No Shortage,No Shortage,No Shortage,No Shortage,No Shortage,No Shortage,No Shortage,No Shortage,No Shortage,4,8,OSCA_2024,8,Labourers
821231,Construction Rigger,No Shortage,No Shortage,No Shortage,No Shortage,No Shortage,No Shortage,No Shortage,No Shortage,No Shortage,4,8,OSCA_2024,8,Labourers
821232,Dogger,No Shortage,No Shortage,No Shortage,No Shortage,No Shortage,No Shortage,No Shortage,No Shortage,No Shortage,4,8,OSCA_2024,8,Labourers
821331,Fencer,No Shortage,No Shortage,No Shortage,No Shortage,No Shortage,No Shortage,No Shortage,No Shortage,No Shortage,4,8,OSCA_2024,8,Labourers
821431,Building Insulation Installer,No Shortage,No Shortage,No Shortage,No Shortage,No Shortage,No Shortage,No Shortage,No Shortage,No Shortage,4,8,OSCA_2024,8,Labourers
821432,Garage Door Installer,No Shortage,No Shortage,No Shortage,No Shortage,No Shortage,No Shortage,No Shortage,No Shortage,No Shortage,4,8,OSCA_2024,8,Labourers
821433,Shed Builder,No Shortage,No Shortage,No Shortage,No Shortage,No Shortage,No Shortage,No Shortage,No Shortage,No Shortage,4,8,OSCA_2024,8,Labourers
821434,Window Furnishing Installer,No Shortage,No Shortage,No Shortage,No Shortage,No Shortage,No Shortage,No Shortage,No Shortage,No Shortage,4,8,OSCA_2024,8,Labourers
821499,Home Improvement And Insulation Installers NEC,No Shortage,No Shortage,No Shortage,No Shortage,No Shortage,No Shortage,No Shortage,No Shortage,No Shortage,4,8,OSCA_2024,8,Labourers
821632,Pipe Layer,No Shortage,No Shortage,No Shortage,No Shortage,No Shortage,No Shortage,No Shortage,No Shortage,No Shortage,4,8,OSCA_2024,8,Labourers
821731,Scaffolder,Shortage,Shortage,Shortage,Shortage,Shortage,Shortage,Shortage,Shortage,Shortage,4,8,OSCA_2024,8,Labourers
821732,Steel Fixer,Shortage,Shortage,Shortage,Shortage,Shortage,Shortage,Shortage,Shortage,Shortage,4,8,OSCA_2024,8,Labourers
821733,Structural Steel Erector,Shortage,Shortage,Shortage,Shortage,Shortage,Shortage,No Shortage,Shortage,Shortage,4,8,OSCA_2024,8,Labourers
821931,Driller's Offsider,No Shortage,No Shortage,No Shortage,No Shortage,No Shortage,No Shortage,No Shortage,No Shortage,No Shortage,4,8,OSCA_2024,8,Labourers
821934,Rail Protection Officer,Shortage,Shortage,Shortage,Shortage,Shortage,Shortage,Shortage,Shortage,Shortage,4,8,OSCA_2024,8,Labourers
821935,Railway Track Worker,Shortage,Shortage,Shortage,Shortage,Shortage,Shortage,Shortage,Shortage,Shortage,4,8,OSCA_2024,8,Labourers
821936,Surveyor's Assistant,No Shortage,No Shortage,No Shortage,No Shortage,No Shortage,No Shortage,No Shortage,No Shortage,No Shortage,4,8,OSCA_2024,8,Labourers
831231,Meat Boner And Slicer,No Shortage,Shortage,No Shortage,No Shortage,No Shortage,Shortage,No Shortage,No Shortage,No Shortage,4,8,OSCA_2024,8,Labourers
831232,Slaughterer,No Shortage,Shortage,No Shortage,No Shortage,No Shortage,Shortage,No Shortage,No Shortage,No Shortage,4,8,OSCA_2024,8,Labourers
839231,Product Examiner,No Shortage,No Shortage,No Shortage,No Shortage,No Shortage,No Shortage,No Shortage,No Shortage,No Shortage,4,8,OSCA_2024,8,Labourers
839232,Product Grader,No Shortage,No Shortage,No Shortage,No Shortage,No Shortage,No Shortage,No Shortage,No Shortage,No Shortage,4,8,OSCA_2024,8,Labourers
839233,Product Tester,No Shortage,No Shortage,No Shortage,No Shortage,No Shortage,No Shortage,No Shortage,No Shortage,No Shortage,4,8,OSCA_2024,8,Labourers
841131,Cotton Farm Worker,No Shortage,No Shortage,No Shortage,No Shortage,No Shortage,No Shortage,No Shortage,No Shortage,No Shortage,4,8,OSCA_2024,8,Labourers
841134,"Grain, Oilseed, Pulse And Pasture Farm Worker",No Shortage,No Shortage,No Shortage,No Shortage,No Shortage,No Shortage,No Shortage,No Shortage,No Shortage,4,8,OSCA_2024,8,Labourers
841137,Sugar Cane Farm Worker,No Shortage,No Shortage,No Shortage,No Shortage,No Shortage,No Shortage,No Shortage,No Shortage,No Shortage,4,8,OSCA_2024,8,Labourers
841142,Vineyard Worker,No Shortage,No Shortage,No Shortage,No Shortage,No Shortage,No Shortage,No Shortage,No Shortage,No Shortage,4,8,OSCA_2024,8,Labourers
841231,Beef Cattle Farm Worker,No Shortage,No Shortage,No Shortage,No Shortage,No Shortage,No Shortage,No Shortage,No Shortage,No Shortage,4,8,OSCA_2024,8,Labourers
841232,Cattle And Sheep Farm Worker,No Shortage,No Shortage,No Shortage,No Shortage,No Shortage,No Shortage,No Shortage,No Shortage,No Shortage,4,8,OSCA_2024,8,Labourers
841233,Dairy Cattle Farm Worker,No Shortage,No Shortage,No Shortage,No Shortage,No Shortage,No Shortage,No Shortage,No Shortage,No Shortage,4,8,OSCA_2024,8,Labourers
841234,Livestock Husbandry Worker,No Shortage,No Shortage,No Shortage,No Shortage,No Shortage,No Shortage,No Shortage,No Shortage,No Shortage,4,8,OSCA_2024,8,Labourers
841235,Piggery Farm Worker,No Shortage,No Shortage,No Shortage,No Shortage,No Shortage,No Shortage,No Shortage,No Shortage,No Shortage,4,8,OSCA_2024,8,Labourers
841236,Poultry Farm Worker,No Shortage,No Shortage,No Shortage,No Shortage,No Shortage,No Shortage,No Shortage,No Shortage,No Shortage,4,8,OSCA_2024,8,Labourers
841237,Sheep Farm Worker,No Shortage,No Shortage,No Shortage,No Shortage,No Shortage,No Shortage,No Shortage,No Shortage,No Shortage,4,8,OSCA_2024,8,Labourers
841238,Stablehand,No Shortage,No Shortage,No Shortage,No Shortage,No Shortage,No Shortage,No Shortage,No Shortage,No Shortage,4,8,OSCA_2024,8,Labourers
842931,Bush Regenerator,No Shortage,No Shortage,No Shortage,No Shortage,No Shortage,No Shortage,No Shortage,No Shortage,No Shortage,4,8,OSCA_2024,8,Labourers
842932,Forestry Worker,No Shortage,No Shortage,No Shortage,No Shortage,No Shortage,No Shortage,No Shortage,No Shortage,No Shortage,4,8,OSCA_2024,8,Labourers
899231,Deck Hand,Shortage,Shortage,Shortage,Shortage,Shortage,Shortage,Shortage,Shortage,Shortage,4,8,OSCA_2024,8,Labourers
899232,Fishing Hand,No Shortage,No Shortage,No Shortage,No Shortage,No Shortage,No Shortage,No Shortage,No Shortage,No Shortage,4,8,OSCA_2024,8,Labourers
899431,Motor Vehicle Parts And Accessories Fitter (General),Shortage,Shortage,Shortage,Shortage,Shortage,Shortage,Shortage,Shortage,Shortage,4,8,OSCA_2024,8,Labourers
899432,Autoglazier,Shortage,Shortage,Shortage,Shortage,Shortage,Shortage,Shortage,Shortage,Shortage,4,8,OSCA_2024,8,Labourers
899434,Tyre Fitter,No Shortage,No Shortage,No Shortage,No Shortage,No Shortage,No Shortage,No Shortage,No Shortage,No Shortage,4,8,OSCA_2024,8,Labourers
899937,Swimming Pool Or Spa Technician,No Shortage,No Shortage,No Shortage,No Shortage,No Shortage,No Shortage,No Shortage,No Shortage,No Shortage,4,8,OSCA_2024,8,Labourers
