table_id,table_number,table_title,slice_section,metric_label,measure_label,survey_year,value,value_raw,value_status,value_has_asterisk,value_unit,slice_dataset,is_ai_module,anzsco_join_note,value_outlier_flag
Table 2,2,"Use of training in the last 12 months by employer characteristics, timeseries (%)",Employer size,Large,Employers providing no training,2005,0.0,0,reported,False,pct,employer_size,False,Employer survey — joins on state/industry/size. No ANZSCO occupation code available.,False
Table 2,2,"Use of training in the last 12 months by employer characteristics, timeseries (%)",Employer size,Large,Employers providing no training,2011,0.0,0,reported,False,pct,employer_size,False,Employer survey — joins on state/industry/size. No ANZSCO occupation code available.,False
Table 2,2,"Use of training in the last 12 months by employer characteristics, timeseries (%)",Employer size,Large,Employers providing no training,2015,0.0,0,reported,False,pct,employer_size,False,Employer survey — joins on state/industry/size. No ANZSCO occupation code available.,False
Table 2,2,"Use of training in the last 12 months by employer characteristics, timeseries (%)",Employer size,Large,Employers providing no training,2019,0.8,0.8,reported,False,pct,employer_size,False,Employer survey — joins on state/industry/size. No ANZSCO occupation code available.,False
Table 2,2,"Use of training in the last 12 months by employer characteristics, timeseries (%)",Employer size,Large,Employers providing no training,2021,0.0,0,reported,False,pct,employer_size,False,Employer survey — joins on state/industry/size. No ANZSCO occupation code available.,False
Table 2,2,"Use of training in the last 12 months by employer characteristics, timeseries (%)",Employer size,Large,Employers providing no training,2023,0.5,0.5,reported,False,pct,employer_size,False,Employer survey — joins on state/industry/size. No ANZSCO occupation code available.,False
Table 2,2,"Use of training in the last 12 months by employer characteristics, timeseries (%)",Employer size,Large,Employers providing no training,2025,2.5,2.5,reported,False,pct,employer_size,False,Employer survey — joins on state/industry/size. No ANZSCO occupation code available.,False
Table 2,2,"Use of training in the last 12 months by employer characteristics, timeseries (%)",Employer size,Large,Employers providing no training,2007,,np,not_publishable,False,pct,employer_size,False,Employer survey — joins on state/industry/size. No ANZSCO occupation code available.,
Table 2,2,"Use of training in the last 12 months by employer characteristics, timeseries (%)",Employer size,Large,Employers providing no training,2009,,np,not_publishable,False,pct,employer_size,False,Employer survey — joins on state/industry/size. No ANZSCO occupation code available.,
Table 2,2,"Use of training in the last 12 months by employer characteristics, timeseries (%)",Employer size,Large,Employers providing no training,2013,,np,not_publishable,False,pct,employer_size,False,Employer survey — joins on state/industry/size. No ANZSCO occupation code available.,
Table 2,2,"Use of training in the last 12 months by employer characteristics, timeseries (%)",Employer size,Large,Employers providing no training,2017,,np,not_publishable,False,pct,employer_size,False,Employer survey — joins on state/industry/size. No ANZSCO occupation code available.,
Table 2,2,"Use of training in the last 12 months by employer characteristics, timeseries (%)",Employer size,Large,Employers using accredited training,2005,94.2,94.2,reported,False,pct,employer_size,False,Employer survey — joins on state/industry/size. No ANZSCO occupation code available.,False
Table 2,2,"Use of training in the last 12 months by employer characteristics, timeseries (%)",Employer size,Large,Employers using accredited training,2007,94.7,94.7,reported,False,pct,employer_size,False,Employer survey — joins on state/industry/size. No ANZSCO occupation code available.,False
Table 2,2,"Use of training in the last 12 months by employer characteristics, timeseries (%)",Employer size,Large,Employers using accredited training,2009,96.2,96.2,reported,False,pct,employer_size,False,Employer survey — joins on state/industry/size. No ANZSCO occupation code available.,False
Table 2,2,"Use of training in the last 12 months by employer characteristics, timeseries (%)",Employer size,Large,Employers using accredited training,2011,90.3,90.3,reported,False,pct,employer_size,False,Employer survey — joins on state/industry/size. No ANZSCO occupation code available.,False
Table 2,2,"Use of training in the last 12 months by employer characteristics, timeseries (%)",Employer size,Large,Employers using accredited training,2013,94.6,94.6,reported,False,pct,employer_size,False,Employer survey — joins on state/industry/size. No ANZSCO occupation code available.,False
Table 2,2,"Use of training in the last 12 months by employer characteristics, timeseries (%)",Employer size,Large,Employers using accredited training,2015,90.5,90.5,reported,False,pct,employer_size,False,Employer survey — joins on state/industry/size. No ANZSCO occupation code available.,False
Table 2,2,"Use of training in the last 12 months by employer characteristics, timeseries (%)",Employer size,Large,Employers using accredited training,2017,85.2,85.2,reported,False,pct,employer_size,False,Employer survey — joins on state/industry/size. No ANZSCO occupation code available.,False
Table 2,2,"Use of training in the last 12 months by employer characteristics, timeseries (%)",Employer size,Large,Employers using accredited training,2019,81.6,81.6,reported,False,pct,employer_size,False,Employer survey — joins on state/industry/size. No ANZSCO occupation code available.,False
Table 2,2,"Use of training in the last 12 months by employer characteristics, timeseries (%)",Employer size,Large,Employers using accredited training,2021,91.6,91.6,reported,False,pct,employer_size,False,Employer survey — joins on state/industry/size. No ANZSCO occupation code available.,False
Table 2,2,"Use of training in the last 12 months by employer characteristics, timeseries (%)",Employer size,Large,Employers using accredited training,2023,87.8,87.8,reported,False,pct,employer_size,False,Employer survey — joins on state/industry/size. No ANZSCO occupation code available.,False
Table 2,2,"Use of training in the last 12 months by employer characteristics, timeseries (%)",Employer size,Large,Employers using accredited training,2025,82.2,82.2,reported,False,pct,employer_size,False,Employer survey — joins on state/industry/size. No ANZSCO occupation code available.,False
Table 2,2,"Use of training in the last 12 months by employer characteristics, timeseries (%)",Employer size,Large,Employers using informal training,2005,96.1,96.1,reported,False,pct,employer_size,False,Employer survey — joins on state/industry/size. No ANZSCO occupation code available.,False
Table 2,2,"Use of training in the last 12 months by employer characteristics, timeseries (%)",Employer size,Large,Employers using informal training,2007,95.0,95,reported,False,pct,employer_size,False,Employer survey — joins on state/industry/size. No ANZSCO occupation code available.,False
Table 2,2,"Use of training in the last 12 months by employer characteristics, timeseries (%)",Employer size,Large,Employers using informal training,2009,93.6,93.6,reported,False,pct,employer_size,False,Employer survey — joins on state/industry/size. No ANZSCO occupation code available.,False
Table 2,2,"Use of training in the last 12 months by employer characteristics, timeseries (%)",Employer size,Large,Employers using informal training,2011,95.6,95.6,reported,False,pct,employer_size,False,Employer survey — joins on state/industry/size. No ANZSCO occupation code available.,False
Table 2,2,"Use of training in the last 12 months by employer characteristics, timeseries (%)",Employer size,Large,Employers using informal training,2013,97.1,97.1,reported,False,pct,employer_size,False,Employer survey — joins on state/industry/size. No ANZSCO occupation code available.,False
Table 2,2,"Use of training in the last 12 months by employer characteristics, timeseries (%)",Employer size,Large,Employers using informal training,2015,94.2,94.2,reported,False,pct,employer_size,False,Employer survey — joins on state/industry/size. No ANZSCO occupation code available.,False
Table 2,2,"Use of training in the last 12 months by employer characteristics, timeseries (%)",Employer size,Large,Employers using informal training,2017,96.3,96.3,reported,False,pct,employer_size,False,Employer survey — joins on state/industry/size. No ANZSCO occupation code available.,False
Table 2,2,"Use of training in the last 12 months by employer characteristics, timeseries (%)",Employer size,Large,Employers using informal training,2019,94.3,94.3,reported,False,pct,employer_size,False,Employer survey — joins on state/industry/size. No ANZSCO occupation code available.,False
Table 2,2,"Use of training in the last 12 months by employer characteristics, timeseries (%)",Employer size,Large,Employers using informal training,2021,94.1,94.1,reported,False,pct,employer_size,False,Employer survey — joins on state/industry/size. No ANZSCO occupation code available.,False
Table 2,2,"Use of training in the last 12 months by employer characteristics, timeseries (%)",Employer size,Large,Employers using informal training,2023,95.4,95.4,reported,False,pct,employer_size,False,Employer survey — joins on state/industry/size. No ANZSCO occupation code available.,False
Table 2,2,"Use of training in the last 12 months by employer characteristics, timeseries (%)",Employer size,Large,Employers using informal training,2025,92.6,92.6,reported,False,pct,employer_size,False,Employer survey — joins on state/industry/size. No ANZSCO occupation code available.,False
Table 2,2,"Use of training in the last 12 months by employer characteristics, timeseries (%)",Employer size,Large,Employers using unaccredited training,2005,88.7,88.7,reported,False,pct,employer_size,False,Employer survey — joins on state/industry/size. No ANZSCO occupation code available.,False
Table 2,2,"Use of training in the last 12 months by employer characteristics, timeseries (%)",Employer size,Large,Employers using unaccredited training,2007,90.4,90.4,reported,False,pct,employer_size,False,Employer survey — joins on state/industry/size. No ANZSCO occupation code available.,False
Table 2,2,"Use of training in the last 12 months by employer characteristics, timeseries (%)",Employer size,Large,Employers using unaccredited training,2009,94.4,94.4,reported,False,pct,employer_size,False,Employer survey — joins on state/industry/size. No ANZSCO occupation code available.,False
Table 2,2,"Use of training in the last 12 months by employer characteristics, timeseries (%)",Employer size,Large,Employers using unaccredited training,2011,93.0,93,reported,False,pct,employer_size,False,Employer survey — joins on state/industry/size. No ANZSCO occupation code available.,False
Table 2,2,"Use of training in the last 12 months by employer characteristics, timeseries (%)",Employer size,Large,Employers using unaccredited training,2013,94.4,94.4,reported,False,pct,employer_size,False,Employer survey — joins on state/industry/size. No ANZSCO occupation code available.,False
Table 2,2,"Use of training in the last 12 months by employer characteristics, timeseries (%)",Employer size,Large,Employers using unaccredited training,2015,92.5,92.5,reported,False,pct,employer_size,False,Employer survey — joins on state/industry/size. No ANZSCO occupation code available.,False
Table 2,2,"Use of training in the last 12 months by employer characteristics, timeseries (%)",Employer size,Large,Employers using unaccredited training,2017,84.1,84.1,reported,False,pct,employer_size,False,Employer survey — joins on state/industry/size. No ANZSCO occupation code available.,False
Table 2,2,"Use of training in the last 12 months by employer characteristics, timeseries (%)",Employer size,Large,Employers using unaccredited training,2019,87.3,87.3,reported,False,pct,employer_size,False,Employer survey — joins on state/industry/size. No ANZSCO occupation code available.,False
Table 2,2,"Use of training in the last 12 months by employer characteristics, timeseries (%)",Employer size,Large,Employers using unaccredited training,2021,86.9,86.9,reported,False,pct,employer_size,False,Employer survey — joins on state/industry/size. No ANZSCO occupation code available.,False
Table 2,2,"Use of training in the last 12 months by employer characteristics, timeseries (%)",Employer size,Large,Employers using unaccredited training,2023,79.4,79.4,reported,False,pct,employer_size,False,Employer survey — joins on state/industry/size. No ANZSCO occupation code available.,False
Table 2,2,"Use of training in the last 12 months by employer characteristics, timeseries (%)",Employer size,Large,Employers using unaccredited training,2025,81.0,81,reported,False,pct,employer_size,False,Employer survey — joins on state/industry/size. No ANZSCO occupation code available.,False
Table 2,2,"Use of training in the last 12 months by employer characteristics, timeseries (%)",Employer size,Medium,Employers providing no training,2005,1.6,1.6*,reported,True,pct,employer_size,False,Employer survey — joins on state/industry/size. No ANZSCO occupation code available.,False
Table 2,2,"Use of training in the last 12 months by employer characteristics, timeseries (%)",Employer size,Medium,Employers providing no training,2007,2.7,2.7*,reported,True,pct,employer_size,False,Employer survey — joins on state/industry/size. No ANZSCO occupation code available.,False
Table 2,2,"Use of training in the last 12 months by employer characteristics, timeseries (%)",Employer size,Medium,Employers providing no training,2009,1.2,1.2*,reported,True,pct,employer_size,False,Employer survey — joins on state/industry/size. No ANZSCO occupation code available.,False
Table 2,2,"Use of training in the last 12 months by employer characteristics, timeseries (%)",Employer size,Medium,Employers providing no training,2011,1.8,1.8,reported,False,pct,employer_size,False,Employer survey — joins on state/industry/size. No ANZSCO occupation code available.,False
Table 2,2,"Use of training in the last 12 months by employer characteristics, timeseries (%)",Employer size,Medium,Employers providing no training,2013,3.0,3,reported,False,pct,employer_size,False,Employer survey — joins on state/industry/size. No ANZSCO occupation code available.,False
Table 2,2,"Use of training in the last 12 months by employer characteristics, timeseries (%)",Employer size,Medium,Employers providing no training,2015,2.4,2.4,reported,False,pct,employer_size,False,Employer survey — joins on state/industry/size. No ANZSCO occupation code available.,False
Table 2,2,"Use of training in the last 12 months by employer characteristics, timeseries (%)",Employer size,Medium,Employers providing no training,2017,1.7,1.7,reported,False,pct,employer_size,False,Employer survey — joins on state/industry/size. No ANZSCO occupation code available.,False
Table 2,2,"Use of training in the last 12 months by employer characteristics, timeseries (%)",Employer size,Medium,Employers providing no training,2019,3.5,3.5,reported,False,pct,employer_size,False,Employer survey — joins on state/industry/size. No ANZSCO occupation code available.,False
Table 2,2,"Use of training in the last 12 months by employer characteristics, timeseries (%)",Employer size,Medium,Employers providing no training,2021,4.2,4.2,reported,False,pct,employer_size,False,Employer survey — joins on state/industry/size. No ANZSCO occupation code available.,False
Table 2,2,"Use of training in the last 12 months by employer characteristics, timeseries (%)",Employer size,Medium,Employers providing no training,2023,3.6,3.6,reported,False,pct,employer_size,False,Employer survey — joins on state/industry/size. No ANZSCO occupation code available.,False
Table 2,2,"Use of training in the last 12 months by employer characteristics, timeseries (%)",Employer size,Medium,Employers providing no training,2025,4.2,4.2,reported,False,pct,employer_size,False,Employer survey — joins on state/industry/size. No ANZSCO occupation code available.,False
Table 2,2,"Use of training in the last 12 months by employer characteristics, timeseries (%)",Employer size,Medium,Employers using accredited training,2005,73.9,73.9,reported,False,pct,employer_size,False,Employer survey — joins on state/industry/size. No ANZSCO occupation code available.,False
Table 2,2,"Use of training in the last 12 months by employer characteristics, timeseries (%)",Employer size,Medium,Employers using accredited training,2007,75.8,75.8,reported,False,pct,employer_size,False,Employer survey — joins on state/industry/size. No ANZSCO occupation code available.,False
Table 2,2,"Use of training in the last 12 months by employer characteristics, timeseries (%)",Employer size,Medium,Employers using accredited training,2009,75.3,75.3,reported,False,pct,employer_size,False,Employer survey — joins on state/industry/size. No ANZSCO occupation code available.,False
Table 2,2,"Use of training in the last 12 months by employer characteristics, timeseries (%)",Employer size,Medium,Employers using accredited training,2011,73.3,73.3,reported,False,pct,employer_size,False,Employer survey — joins on state/industry/size. No ANZSCO occupation code available.,False
Table 2,2,"Use of training in the last 12 months by employer characteristics, timeseries (%)",Employer size,Medium,Employers using accredited training,2013,71.5,71.5,reported,False,pct,employer_size,False,Employer survey — joins on state/industry/size. No ANZSCO occupation code available.,False
Table 2,2,"Use of training in the last 12 months by employer characteristics, timeseries (%)",Employer size,Medium,Employers using accredited training,2015,68.2,68.2,reported,False,pct,employer_size,False,Employer survey — joins on state/industry/size. No ANZSCO occupation code available.,False
Table 2,2,"Use of training in the last 12 months by employer characteristics, timeseries (%)",Employer size,Medium,Employers using accredited training,2017,69.4,69.4,reported,False,pct,employer_size,False,Employer survey — joins on state/industry/size. No ANZSCO occupation code available.,False
Table 2,2,"Use of training in the last 12 months by employer characteristics, timeseries (%)",Employer size,Medium,Employers using accredited training,2019,66.3,66.3,reported,False,pct,employer_size,False,Employer survey — joins on state/industry/size. No ANZSCO occupation code available.,False
Table 2,2,"Use of training in the last 12 months by employer characteristics, timeseries (%)",Employer size,Medium,Employers using accredited training,2021,70.1,70.1,reported,False,pct,employer_size,False,Employer survey — joins on state/industry/size. No ANZSCO occupation code available.,False
Table 2,2,"Use of training in the last 12 months by employer characteristics, timeseries (%)",Employer size,Medium,Employers using accredited training,2023,68.5,68.5,reported,False,pct,employer_size,False,Employer survey — joins on state/industry/size. No ANZSCO occupation code available.,False
Table 2,2,"Use of training in the last 12 months by employer characteristics, timeseries (%)",Employer size,Medium,Employers using accredited training,2025,68.2,68.2,reported,False,pct,employer_size,False,Employer survey — joins on state/industry/size. No ANZSCO occupation code available.,False
Table 2,2,"Use of training in the last 12 months by employer characteristics, timeseries (%)",Employer size,Medium,Employers using informal training,2005,88.5,88.5,reported,False,pct,employer_size,False,Employer survey — joins on state/industry/size. No ANZSCO occupation code available.,False
Table 2,2,"Use of training in the last 12 months by employer characteristics, timeseries (%)",Employer size,Medium,Employers using informal training,2007,87.0,87,reported,False,pct,employer_size,False,Employer survey — joins on state/industry/size. No ANZSCO occupation code available.,False
Table 2,2,"Use of training in the last 12 months by employer characteristics, timeseries (%)",Employer size,Medium,Employers using informal training,2009,88.9,88.9,reported,False,pct,employer_size,False,Employer survey — joins on state/industry/size. No ANZSCO occupation code available.,False
Table 2,2,"Use of training in the last 12 months by employer characteristics, timeseries (%)",Employer size,Medium,Employers using informal training,2011,90.2,90.2,reported,False,pct,employer_size,False,Employer survey — joins on state/industry/size. No ANZSCO occupation code available.,False
Table 2,2,"Use of training in the last 12 months by employer characteristics, timeseries (%)",Employer size,Medium,Employers using informal training,2013,91.1,91.1,reported,False,pct,employer_size,False,Employer survey — joins on state/industry/size. No ANZSCO occupation code available.,False
Table 2,2,"Use of training in the last 12 months by employer characteristics, timeseries (%)",Employer size,Medium,Employers using informal training,2015,91.4,91.4,reported,False,pct,employer_size,False,Employer survey — joins on state/industry/size. No ANZSCO occupation code available.,False
Table 2,2,"Use of training in the last 12 months by employer characteristics, timeseries (%)",Employer size,Medium,Employers using informal training,2017,91.9,91.9,reported,False,pct,employer_size,False,Employer survey — joins on state/industry/size. No ANZSCO occupation code available.,False
Table 2,2,"Use of training in the last 12 months by employer characteristics, timeseries (%)",Employer size,Medium,Employers using informal training,2019,86.6,86.6,reported,False,pct,employer_size,False,Employer survey — joins on state/industry/size. No ANZSCO occupation code available.,False
Table 2,2,"Use of training in the last 12 months by employer characteristics, timeseries (%)",Employer size,Medium,Employers using informal training,2021,87.3,87.3,reported,False,pct,employer_size,False,Employer survey — joins on state/industry/size. No ANZSCO occupation code available.,False
Table 2,2,"Use of training in the last 12 months by employer characteristics, timeseries (%)",Employer size,Medium,Employers using informal training,2023,90.8,90.8,reported,False,pct,employer_size,False,Employer survey — joins on state/industry/size. No ANZSCO occupation code available.,False
Table 2,2,"Use of training in the last 12 months by employer characteristics, timeseries (%)",Employer size,Medium,Employers using informal training,2025,89.8,89.8,reported,False,pct,employer_size,False,Employer survey — joins on state/industry/size. No ANZSCO occupation code available.,False
Table 2,2,"Use of training in the last 12 months by employer characteristics, timeseries (%)",Employer size,Medium,Employers using unaccredited training,2005,75.1,75.1,reported,False,pct,employer_size,False,Employer survey — joins on state/industry/size. No ANZSCO occupation code available.,False
Table 2,2,"Use of training in the last 12 months by employer characteristics, timeseries (%)",Employer size,Medium,Employers using unaccredited training,2007,67.1,67.1,reported,False,pct,employer_size,False,Employer survey — joins on state/industry/size. No ANZSCO occupation code available.,False
Table 2,2,"Use of training in the last 12 months by employer characteristics, timeseries (%)",Employer size,Medium,Employers using unaccredited training,2009,72.3,72.3,reported,False,pct,employer_size,False,Employer survey — joins on state/industry/size. No ANZSCO occupation code available.,False
Table 2,2,"Use of training in the last 12 months by employer characteristics, timeseries (%)",Employer size,Medium,Employers using unaccredited training,2011,67.3,67.3,reported,False,pct,employer_size,False,Employer survey — joins on state/industry/size. No ANZSCO occupation code available.,False
Table 2,2,"Use of training in the last 12 months by employer characteristics, timeseries (%)",Employer size,Medium,Employers using unaccredited training,2013,66.0,66,reported,False,pct,employer_size,False,Employer survey — joins on state/industry/size. No ANZSCO occupation code available.,False
Table 2,2,"Use of training in the last 12 months by employer characteristics, timeseries (%)",Employer size,Medium,Employers using unaccredited training,2015,68.8,68.8,reported,False,pct,employer_size,False,Employer survey — joins on state/industry/size. No ANZSCO occupation code available.,False
Table 2,2,"Use of training in the last 12 months by employer characteristics, timeseries (%)",Employer size,Medium,Employers using unaccredited training,2017,69.3,69.3,reported,False,pct,employer_size,False,Employer survey — joins on state/industry/size. No ANZSCO occupation code available.,False
Table 2,2,"Use of training in the last 12 months by employer characteristics, timeseries (%)",Employer size,Medium,Employers using unaccredited training,2019,66.1,66.1,reported,False,pct,employer_size,False,Employer survey — joins on state/industry/size. No ANZSCO occupation code available.,False
Table 2,2,"Use of training in the last 12 months by employer characteristics, timeseries (%)",Employer size,Medium,Employers using unaccredited training,2021,65.0,65,reported,False,pct,employer_size,False,Employer survey — joins on state/industry/size. No ANZSCO occupation code available.,False
Table 2,2,"Use of training in the last 12 months by employer characteristics, timeseries (%)",Employer size,Medium,Employers using unaccredited training,2023,66.7,66.7,reported,False,pct,employer_size,False,Employer survey — joins on state/industry/size. No ANZSCO occupation code available.,False
Table 2,2,"Use of training in the last 12 months by employer characteristics, timeseries (%)",Employer size,Medium,Employers using unaccredited training,2025,64.0,64,reported,False,pct,employer_size,False,Employer survey — joins on state/industry/size. No ANZSCO occupation code available.,False
Table 2,2,"Use of training in the last 12 months by employer characteristics, timeseries (%)",Employer size,Small,Employers providing no training,2005,16.3,16.3,reported,False,pct,employer_size,False,Employer survey — joins on state/industry/size. No ANZSCO occupation code available.,False
Table 2,2,"Use of training in the last 12 months by employer characteristics, timeseries (%)",Employer size,Small,Employers providing no training,2007,17.6,17.6,reported,False,pct,employer_size,False,Employer survey — joins on state/industry/size. No ANZSCO occupation code available.,False
Table 2,2,"Use of training in the last 12 months by employer characteristics, timeseries (%)",Employer size,Small,Employers providing no training,2009,12.1,12.1,reported,False,pct,employer_size,False,Employer survey — joins on state/industry/size. No ANZSCO occupation code available.,False
Table 2,2,"Use of training in the last 12 months by employer characteristics, timeseries (%)",Employer size,Small,Employers providing no training,2011,12.3,12.3,reported,False,pct,employer_size,False,Employer survey — joins on state/industry/size. No ANZSCO occupation code available.,False
Table 2,2,"Use of training in the last 12 months by employer characteristics, timeseries (%)",Employer size,Small,Employers providing no training,2013,16.0,16,reported,False,pct,employer_size,False,Employer survey — joins on state/industry/size. No ANZSCO occupation code available.,False
Table 2,2,"Use of training in the last 12 months by employer characteristics, timeseries (%)",Employer size,Small,Employers providing no training,2015,14.1,14.1,reported,False,pct,employer_size,False,Employer survey — joins on state/industry/size. No ANZSCO occupation code available.,False
Table 2,2,"Use of training in the last 12 months by employer characteristics, timeseries (%)",Employer size,Small,Employers providing no training,2017,11.7,11.7,reported,False,pct,employer_size,False,Employer survey — joins on state/industry/size. No ANZSCO occupation code available.,False
Table 2,2,"Use of training in the last 12 months by employer characteristics, timeseries (%)",Employer size,Small,Employers providing no training,2019,16.2,16.2,reported,False,pct,employer_size,False,Employer survey — joins on state/industry/size. No ANZSCO occupation code available.,False
Table 2,2,"Use of training in the last 12 months by employer characteristics, timeseries (%)",Employer size,Small,Employers providing no training,2021,14.7,14.7,reported,False,pct,employer_size,False,Employer survey — joins on state/industry/size. No ANZSCO occupation code available.,False
Table 2,2,"Use of training in the last 12 months by employer characteristics, timeseries (%)",Employer size,Small,Employers providing no training,2023,13.2,13.2,reported,False,pct,employer_size,False,Employer survey — joins on state/industry/size. No ANZSCO occupation code available.,False
Table 2,2,"Use of training in the last 12 months by employer characteristics, timeseries (%)",Employer size,Small,Employers providing no training,2025,13.5,13.5,reported,False,pct,employer_size,False,Employer survey — joins on state/industry/size. No ANZSCO occupation code available.,False
Table 2,2,"Use of training in the last 12 months by employer characteristics, timeseries (%)",Employer size,Small,Employers using accredited training,2005,51.0,51,reported,False,pct,employer_size,False,Employer survey — joins on state/industry/size. No ANZSCO occupation code available.,False
Table 2,2,"Use of training in the last 12 months by employer characteristics, timeseries (%)",Employer size,Small,Employers using accredited training,2007,45.9,45.9,reported,False,pct,employer_size,False,Employer survey — joins on state/industry/size. No ANZSCO occupation code available.,False
Table 2,2,"Use of training in the last 12 months by employer characteristics, timeseries (%)",Employer size,Small,Employers using accredited training,2009,49.3,49.3,reported,False,pct,employer_size,False,Employer survey — joins on state/industry/size. No ANZSCO occupation code available.,False
Table 2,2,"Use of training in the last 12 months by employer characteristics, timeseries (%)",Employer size,Small,Employers using accredited training,2011,48.6,48.6,reported,False,pct,employer_size,False,Employer survey — joins on state/industry/size. No ANZSCO occupation code available.,False
Table 2,2,"Use of training in the last 12 months by employer characteristics, timeseries (%)",Employer size,Small,Employers using accredited training,2013,44.1,44.1,reported,False,pct,employer_size,False,Employer survey — joins on state/industry/size. No ANZSCO occupation code available.,False
Table 2,2,"Use of training in the last 12 months by employer characteristics, timeseries (%)",Employer size,Small,Employers using accredited training,2015,46.3,46.3,reported,False,pct,employer_size,False,Employer survey — joins on state/industry/size. No ANZSCO occupation code available.,False
Table 2,2,"Use of training in the last 12 months by employer characteristics, timeseries (%)",Employer size,Small,Employers using accredited training,2017,47.5,47.5,reported,False,pct,employer_size,False,Employer survey — joins on state/industry/size. No ANZSCO occupation code available.,False
Table 2,2,"Use of training in the last 12 months by employer characteristics, timeseries (%)",Employer size,Small,Employers using accredited training,2019,44.9,44.9,reported,False,pct,employer_size,False,Employer survey — joins on state/industry/size. No ANZSCO occupation code available.,False
Table 2,2,"Use of training in the last 12 months by employer characteristics, timeseries (%)",Employer size,Small,Employers using accredited training,2021,49.6,49.6,reported,False,pct,employer_size,False,Employer survey — joins on state/industry/size. No ANZSCO occupation code available.,False
Table 2,2,"Use of training in the last 12 months by employer characteristics, timeseries (%)",Employer size,Small,Employers using accredited training,2023,49.8,49.8,reported,False,pct,employer_size,False,Employer survey — joins on state/industry/size. No ANZSCO occupation code available.,False
Table 2,2,"Use of training in the last 12 months by employer characteristics, timeseries (%)",Employer size,Small,Employers using accredited training,2025,50.6,50.6,reported,False,pct,employer_size,False,Employer survey — joins on state/industry/size. No ANZSCO occupation code available.,False
Table 2,2,"Use of training in the last 12 months by employer characteristics, timeseries (%)",Employer size,Small,Employers using informal training,2005,66.9,66.9,reported,False,pct,employer_size,False,Employer survey — joins on state/industry/size. No ANZSCO occupation code available.,False
Table 2,2,"Use of training in the last 12 months by employer characteristics, timeseries (%)",Employer size,Small,Employers using informal training,2007,65.2,65.2,reported,False,pct,employer_size,False,Employer survey — joins on state/industry/size. No ANZSCO occupation code available.,False
Table 2,2,"Use of training in the last 12 months by employer characteristics, timeseries (%)",Employer size,Small,Employers using informal training,2009,72.6,72.6,reported,False,pct,employer_size,False,Employer survey — joins on state/industry/size. No ANZSCO occupation code available.,False
Table 2,2,"Use of training in the last 12 months by employer characteristics, timeseries (%)",Employer size,Small,Employers using informal training,2011,73.3,73.3,reported,False,pct,employer_size,False,Employer survey — joins on state/industry/size. No ANZSCO occupation code available.,False
Table 2,2,"Use of training in the last 12 months by employer characteristics, timeseries (%)",Employer size,Small,Employers using informal training,2013,72.6,72.6,reported,False,pct,employer_size,False,Employer survey — joins on state/industry/size. No ANZSCO occupation code available.,False
Table 2,2,"Use of training in the last 12 months by employer characteristics, timeseries (%)",Employer size,Small,Employers using informal training,2015,72.7,72.7,reported,False,pct,employer_size,False,Employer survey — joins on state/industry/size. No ANZSCO occupation code available.,False
Table 2,2,"Use of training in the last 12 months by employer characteristics, timeseries (%)",Employer size,Small,Employers using informal training,2017,76.9,76.9,reported,False,pct,employer_size,False,Employer survey — joins on state/industry/size. No ANZSCO occupation code available.,False
Table 2,2,"Use of training in the last 12 months by employer characteristics, timeseries (%)",Employer size,Small,Employers using informal training,2019,69.4,69.4,reported,False,pct,employer_size,False,Employer survey — joins on state/industry/size. No ANZSCO occupation code available.,False
Table 2,2,"Use of training in the last 12 months by employer characteristics, timeseries (%)",Employer size,Small,Employers using informal training,2021,71.2,71.2,reported,False,pct,employer_size,False,Employer survey — joins on state/industry/size. No ANZSCO occupation code available.,False
Table 2,2,"Use of training in the last 12 months by employer characteristics, timeseries (%)",Employer size,Small,Employers using informal training,2023,75.7,75.7,reported,False,pct,employer_size,False,Employer survey — joins on state/industry/size. No ANZSCO occupation code available.,False
Table 2,2,"Use of training in the last 12 months by employer characteristics, timeseries (%)",Employer size,Small,Employers using informal training,2025,73.2,73.2,reported,False,pct,employer_size,False,Employer survey — joins on state/industry/size. No ANZSCO occupation code available.,False
Table 2,2,"Use of training in the last 12 months by employer characteristics, timeseries (%)",Employer size,Small,Employers using unaccredited training,2005,46.3,46.3,reported,False,pct,employer_size,False,Employer survey — joins on state/industry/size. No ANZSCO occupation code available.,False
Table 2,2,"Use of training in the last 12 months by employer characteristics, timeseries (%)",Employer size,Small,Employers using unaccredited training,2007,41.9,41.9,reported,False,pct,employer_size,False,Employer survey — joins on state/industry/size. No ANZSCO occupation code available.,False
Table 2,2,"Use of training in the last 12 months by employer characteristics, timeseries (%)",Employer size,Small,Employers using unaccredited training,2009,44.9,44.9,reported,False,pct,employer_size,False,Employer survey — joins on state/industry/size. No ANZSCO occupation code available.,False
Table 2,2,"Use of training in the last 12 months by employer characteristics, timeseries (%)",Employer size,Small,Employers using unaccredited training,2011,40.8,40.8,reported,False,pct,employer_size,False,Employer survey — joins on state/industry/size. No ANZSCO occupation code available.,False
Table 2,2,"Use of training in the last 12 months by employer characteristics, timeseries (%)",Employer size,Small,Employers using unaccredited training,2013,39.8,39.8,reported,False,pct,employer_size,False,Employer survey — joins on state/industry/size. No ANZSCO occupation code available.,False
Table 2,2,"Use of training in the last 12 months by employer characteristics, timeseries (%)",Employer size,Small,Employers using unaccredited training,2015,41.1,41.1,reported,False,pct,employer_size,False,Employer survey — joins on state/industry/size. No ANZSCO occupation code available.,False
Table 2,2,"Use of training in the last 12 months by employer characteristics, timeseries (%)",Employer size,Small,Employers using unaccredited training,2017,42.6,42.6,reported,False,pct,employer_size,False,Employer survey — joins on state/industry/size. No ANZSCO occupation code available.,False
Table 2,2,"Use of training in the last 12 months by employer characteristics, timeseries (%)",Employer size,Small,Employers using unaccredited training,2019,42.0,42,reported,False,pct,employer_size,False,Employer survey — joins on state/industry/size. No ANZSCO occupation code available.,False
Table 2,2,"Use of training in the last 12 months by employer characteristics, timeseries (%)",Employer size,Small,Employers using unaccredited training,2021,45.5,45.5,reported,False,pct,employer_size,False,Employer survey — joins on state/industry/size. No ANZSCO occupation code available.,False
Table 2,2,"Use of training in the last 12 months by employer characteristics, timeseries (%)",Employer size,Small,Employers using unaccredited training,2023,47.2,47.2,reported,False,pct,employer_size,False,Employer survey — joins on state/industry/size. No ANZSCO occupation code available.,False
Table 2,2,"Use of training in the last 12 months by employer characteristics, timeseries (%)",Employer size,Small,Employers using unaccredited training,2025,43.3,43.3,reported,False,pct,employer_size,False,Employer survey — joins on state/industry/size. No ANZSCO occupation code available.,False
Table 3,3,"Use of accredited and unaccredited training in the last 12 months by employer characteristics, timeseries (%)",Employer size,Large,Employers using nationally recognised training,2005,68.7,68.7,reported,False,pct,employer_size,False,Employer survey — joins on state/industry/size. No ANZSCO occupation code available.,False
Table 3,3,"Use of accredited and unaccredited training in the last 12 months by employer characteristics, timeseries (%)",Employer size,Large,Employers using nationally recognised training,2007,64.7,64.7,reported,False,pct,employer_size,False,Employer survey — joins on state/industry/size. No ANZSCO occupation code available.,False
Table 3,3,"Use of accredited and unaccredited training in the last 12 months by employer characteristics, timeseries (%)",Employer size,Large,Employers using nationally recognised training,2009,77.4,77.4,reported,False,pct,employer_size,False,Employer survey — joins on state/industry/size. No ANZSCO occupation code available.,False
Table 3,3,"Use of accredited and unaccredited training in the last 12 months by employer characteristics, timeseries (%)",Employer size,Large,Employers using nationally recognised training,2011,66.9,66.9,reported,False,pct,employer_size,False,Employer survey — joins on state/industry/size. No ANZSCO occupation code available.,False
Table 3,3,"Use of accredited and unaccredited training in the last 12 months by employer characteristics, timeseries (%)",Employer size,Large,Employers using nationally recognised training,2013,68.0,68,reported,False,pct,employer_size,False,Employer survey — joins on state/industry/size. No ANZSCO occupation code available.,False
Table 3,3,"Use of accredited and unaccredited training in the last 12 months by employer characteristics, timeseries (%)",Employer size,Large,Employers using nationally recognised training,2015,62.4,62.4,reported,False,pct,employer_size,False,Employer survey — joins on state/industry/size. No ANZSCO occupation code available.,False
Table 3,3,"Use of accredited and unaccredited training in the last 12 months by employer characteristics, timeseries (%)",Employer size,Large,Employers using nationally recognised training,2017,63.7,63.7,reported,False,pct,employer_size,False,Employer survey — joins on state/industry/size. No ANZSCO occupation code available.,False
Table 3,3,"Use of accredited and unaccredited training in the last 12 months by employer characteristics, timeseries (%)",Employer size,Large,Employers using nationally recognised training,2019,57.7,57.7,reported,False,pct,employer_size,False,Employer survey — joins on state/industry/size. No ANZSCO occupation code available.,False
Table 3,3,"Use of accredited and unaccredited training in the last 12 months by employer characteristics, timeseries (%)",Employer size,Large,Employers using nationally recognised training,2021,67.8,67.8,reported,False,pct,employer_size,False,Employer survey — joins on state/industry/size. No ANZSCO occupation code available.,False
Table 3,3,"Use of accredited and unaccredited training in the last 12 months by employer characteristics, timeseries (%)",Employer size,Large,Employers using nationally recognised training,2023,57.6,57.6,reported,False,pct,employer_size,False,Employer survey — joins on state/industry/size. No ANZSCO occupation code available.,False
Table 3,3,"Use of accredited and unaccredited training in the last 12 months by employer characteristics, timeseries (%)",Employer size,Large,Employers using nationally recognised training,2025,62.0,62,reported,False,pct,employer_size,False,Employer survey — joins on state/industry/size. No ANZSCO occupation code available.,False
Table 3,3,"Use of accredited and unaccredited training in the last 12 months by employer characteristics, timeseries (%)",Employer size,Large,Employers using unaccredited training,2005,88.7,88.7,reported,False,pct,employer_size,False,Employer survey — joins on state/industry/size. No ANZSCO occupation code available.,False
Table 3,3,"Use of accredited and unaccredited training in the last 12 months by employer characteristics, timeseries (%)",Employer size,Large,Employers using unaccredited training,2007,90.4,90.4,reported,False,pct,employer_size,False,Employer survey — joins on state/industry/size. No ANZSCO occupation code available.,False
Table 3,3,"Use of accredited and unaccredited training in the last 12 months by employer characteristics, timeseries (%)",Employer size,Large,Employers using unaccredited training,2009,94.4,94.4,reported,False,pct,employer_size,False,Employer survey — joins on state/industry/size. No ANZSCO occupation code available.,False
Table 3,3,"Use of accredited and unaccredited training in the last 12 months by employer characteristics, timeseries (%)",Employer size,Large,Employers using unaccredited training,2011,93.0,93,reported,False,pct,employer_size,False,Employer survey — joins on state/industry/size. No ANZSCO occupation code available.,False
Table 3,3,"Use of accredited and unaccredited training in the last 12 months by employer characteristics, timeseries (%)",Employer size,Large,Employers using unaccredited training,2013,94.4,94.4,reported,False,pct,employer_size,False,Employer survey — joins on state/industry/size. No ANZSCO occupation code available.,False
Table 3,3,"Use of accredited and unaccredited training in the last 12 months by employer characteristics, timeseries (%)",Employer size,Large,Employers using unaccredited training,2015,92.5,92.5,reported,False,pct,employer_size,False,Employer survey — joins on state/industry/size. No ANZSCO occupation code available.,False
Table 3,3,"Use of accredited and unaccredited training in the last 12 months by employer characteristics, timeseries (%)",Employer size,Large,Employers using unaccredited training,2017,84.1,84.1,reported,False,pct,employer_size,False,Employer survey — joins on state/industry/size. No ANZSCO occupation code available.,False
Table 3,3,"Use of accredited and unaccredited training in the last 12 months by employer characteristics, timeseries (%)",Employer size,Large,Employers using unaccredited training,2019,87.3,87.3,reported,False,pct,employer_size,False,Employer survey — joins on state/industry/size. No ANZSCO occupation code available.,False
Table 3,3,"Use of accredited and unaccredited training in the last 12 months by employer characteristics, timeseries (%)",Employer size,Large,Employers using unaccredited training,2021,86.9,86.9,reported,False,pct,employer_size,False,Employer survey — joins on state/industry/size. No ANZSCO occupation code available.,False
Table 3,3,"Use of accredited and unaccredited training in the last 12 months by employer characteristics, timeseries (%)",Employer size,Large,Employers using unaccredited training,2023,79.4,79.4,reported,False,pct,employer_size,False,Employer survey — joins on state/industry/size. No ANZSCO occupation code available.,False
Table 3,3,"Use of accredited and unaccredited training in the last 12 months by employer characteristics, timeseries (%)",Employer size,Large,Employers using unaccredited training,2025,81.0,81,reported,False,pct,employer_size,False,Employer survey — joins on state/industry/size. No ANZSCO occupation code available.,False
Table 3,3,"Use of accredited and unaccredited training in the last 12 months by employer characteristics, timeseries (%)",Employer size,Large,Employers with apprentices/trainees,2005,61.0,61,reported,False,pct,employer_size,False,Employer survey — joins on state/industry/size. No ANZSCO occupation code available.,False
Table 3,3,"Use of accredited and unaccredited training in the last 12 months by employer characteristics, timeseries (%)",Employer size,Large,Employers with apprentices/trainees,2007,64.9,64.9,reported,False,pct,employer_size,False,Employer survey — joins on state/industry/size. No ANZSCO occupation code available.,False
Table 3,3,"Use of accredited and unaccredited training in the last 12 months by employer characteristics, timeseries (%)",Employer size,Large,Employers with apprentices/trainees,2009,70.0,70,reported,False,pct,employer_size,False,Employer survey — joins on state/industry/size. No ANZSCO occupation code available.,False
Table 3,3,"Use of accredited and unaccredited training in the last 12 months by employer characteristics, timeseries (%)",Employer size,Large,Employers with apprentices/trainees,2011,64.6,64.6,reported,False,pct,employer_size,False,Employer survey — joins on state/industry/size. No ANZSCO occupation code available.,False
Table 3,3,"Use of accredited and unaccredited training in the last 12 months by employer characteristics, timeseries (%)",Employer size,Large,Employers with apprentices/trainees,2013,67.7,67.7,reported,False,pct,employer_size,False,Employer survey — joins on state/industry/size. No ANZSCO occupation code available.,False
Table 3,3,"Use of accredited and unaccredited training in the last 12 months by employer characteristics, timeseries (%)",Employer size,Large,Employers with apprentices/trainees,2015,55.1,55.1,reported,False,pct,employer_size,False,Employer survey — joins on state/industry/size. No ANZSCO occupation code available.,False
Table 3,3,"Use of accredited and unaccredited training in the last 12 months by employer characteristics, timeseries (%)",Employer size,Large,Employers with apprentices/trainees,2017,47.9,47.9,reported,False,pct,employer_size,False,Employer survey — joins on state/industry/size. No ANZSCO occupation code available.,False
Table 3,3,"Use of accredited and unaccredited training in the last 12 months by employer characteristics, timeseries (%)",Employer size,Large,Employers with apprentices/trainees,2019,47.3,47.3,reported,False,pct,employer_size,False,Employer survey — joins on state/industry/size. No ANZSCO occupation code available.,False
Table 3,3,"Use of accredited and unaccredited training in the last 12 months by employer characteristics, timeseries (%)",Employer size,Large,Employers with apprentices/trainees,2021,52.4,52.4,reported,False,pct,employer_size,False,Employer survey — joins on state/industry/size. No ANZSCO occupation code available.,False
Table 3,3,"Use of accredited and unaccredited training in the last 12 months by employer characteristics, timeseries (%)",Employer size,Large,Employers with apprentices/trainees,2023,54.1,54.1,reported,False,pct,employer_size,False,Employer survey — joins on state/industry/size. No ANZSCO occupation code available.,False
Table 3,3,"Use of accredited and unaccredited training in the last 12 months by employer characteristics, timeseries (%)",Employer size,Large,Employers with apprentices/trainees,2025,49.5,49.5*,reported,True,pct,employer_size,False,Employer survey — joins on state/industry/size. No ANZSCO occupation code available.,False
Table 3,3,"Use of accredited and unaccredited training in the last 12 months by employer characteristics, timeseries (%)",Employer size,Large,Employers with vocational qualifications as a job requirement,2005,76.0,76,reported,False,pct,employer_size,False,Employer survey — joins on state/industry/size. No ANZSCO occupation code available.,False
Table 3,3,"Use of accredited and unaccredited training in the last 12 months by employer characteristics, timeseries (%)",Employer size,Large,Employers with vocational qualifications as a job requirement,2007,74.8,74.8,reported,False,pct,employer_size,False,Employer survey — joins on state/industry/size. No ANZSCO occupation code available.,False
Table 3,3,"Use of accredited and unaccredited training in the last 12 months by employer characteristics, timeseries (%)",Employer size,Large,Employers with vocational qualifications as a job requirement,2009,75.8,75.8,reported,False,pct,employer_size,False,Employer survey — joins on state/industry/size. No ANZSCO occupation code available.,False
Table 3,3,"Use of accredited and unaccredited training in the last 12 months by employer characteristics, timeseries (%)",Employer size,Large,Employers with vocational qualifications as a job requirement,2011,72.9,72.9,reported,False,pct,employer_size,False,Employer survey — joins on state/industry/size. No ANZSCO occupation code available.,False
Table 3,3,"Use of accredited and unaccredited training in the last 12 months by employer characteristics, timeseries (%)",Employer size,Large,Employers with vocational qualifications as a job requirement,2013,70.8,70.8,reported,False,pct,employer_size,False,Employer survey — joins on state/industry/size. No ANZSCO occupation code available.,False
Table 3,3,"Use of accredited and unaccredited training in the last 12 months by employer characteristics, timeseries (%)",Employer size,Large,Employers with vocational qualifications as a job requirement,2015,69.0,69,reported,False,pct,employer_size,False,Employer survey — joins on state/industry/size. No ANZSCO occupation code available.,False
Table 3,3,"Use of accredited and unaccredited training in the last 12 months by employer characteristics, timeseries (%)",Employer size,Large,Employers with vocational qualifications as a job requirement,2017,67.0,67,reported,False,pct,employer_size,False,Employer survey — joins on state/industry/size. No ANZSCO occupation code available.,False
Table 3,3,"Use of accredited and unaccredited training in the last 12 months by employer characteristics, timeseries (%)",Employer size,Large,Employers with vocational qualifications as a job requirement,2019,59.3,59.3,reported,False,pct,employer_size,False,Employer survey — joins on state/industry/size. No ANZSCO occupation code available.,False
Table 3,3,"Use of accredited and unaccredited training in the last 12 months by employer characteristics, timeseries (%)",Employer size,Large,Employers with vocational qualifications as a job requirement,2021,67.2,67.2,reported,False,pct,employer_size,False,Employer survey — joins on state/industry/size. No ANZSCO occupation code available.,False
Table 3,3,"Use of accredited and unaccredited training in the last 12 months by employer characteristics, timeseries (%)",Employer size,Large,Employers with vocational qualifications as a job requirement,2023,68.7,68.7,reported,False,pct,employer_size,False,Employer survey — joins on state/industry/size. No ANZSCO occupation code available.,False
Table 3,3,"Use of accredited and unaccredited training in the last 12 months by employer characteristics, timeseries (%)",Employer size,Large,Employers with vocational qualifications as a job requirement,2025,59.9,59.9,reported,False,pct,employer_size,False,Employer survey — joins on state/industry/size. No ANZSCO occupation code available.,False
Table 3,3,"Use of accredited and unaccredited training in the last 12 months by employer characteristics, timeseries (%)",Employer size,Medium,Employers using nationally recognised training,2005,38.8,38.8,reported,False,pct,employer_size,False,Employer survey — joins on state/industry/size. No ANZSCO occupation code available.,False
Table 3,3,"Use of accredited and unaccredited training in the last 12 months by employer characteristics, timeseries (%)",Employer size,Medium,Employers using nationally recognised training,2007,36.5,36.5,reported,False,pct,employer_size,False,Employer survey — joins on state/industry/size. No ANZSCO occupation code available.,False
Table 3,3,"Use of accredited and unaccredited training in the last 12 months by employer characteristics, timeseries (%)",Employer size,Medium,Employers using nationally recognised training,2009,39.8,39.8,reported,False,pct,employer_size,False,Employer survey — joins on state/industry/size. No ANZSCO occupation code available.,False
Table 3,3,"Use of accredited and unaccredited training in the last 12 months by employer characteristics, timeseries (%)",Employer size,Medium,Employers using nationally recognised training,2011,39.1,39.1,reported,False,pct,employer_size,False,Employer survey — joins on state/industry/size. No ANZSCO occupation code available.,False
Table 3,3,"Use of accredited and unaccredited training in the last 12 months by employer characteristics, timeseries (%)",Employer size,Medium,Employers using nationally recognised training,2013,36.1,36.1,reported,False,pct,employer_size,False,Employer survey — joins on state/industry/size. No ANZSCO occupation code available.,False
Table 3,3,"Use of accredited and unaccredited training in the last 12 months by employer characteristics, timeseries (%)",Employer size,Medium,Employers using nationally recognised training,2015,32.6,32.6,reported,False,pct,employer_size,False,Employer survey — joins on state/industry/size. No ANZSCO occupation code available.,False
Table 3,3,"Use of accredited and unaccredited training in the last 12 months by employer characteristics, timeseries (%)",Employer size,Medium,Employers using nationally recognised training,2017,36.0,36,reported,False,pct,employer_size,False,Employer survey — joins on state/industry/size. No ANZSCO occupation code available.,False
Table 3,3,"Use of accredited and unaccredited training in the last 12 months by employer characteristics, timeseries (%)",Employer size,Medium,Employers using nationally recognised training,2019,31.5,31.5,reported,False,pct,employer_size,False,Employer survey — joins on state/industry/size. No ANZSCO occupation code available.,False
Table 3,3,"Use of accredited and unaccredited training in the last 12 months by employer characteristics, timeseries (%)",Employer size,Medium,Employers using nationally recognised training,2021,40.8,40.8,reported,False,pct,employer_size,False,Employer survey — joins on state/industry/size. No ANZSCO occupation code available.,False
Table 3,3,"Use of accredited and unaccredited training in the last 12 months by employer characteristics, timeseries (%)",Employer size,Medium,Employers using nationally recognised training,2023,41.5,41.5,reported,False,pct,employer_size,False,Employer survey — joins on state/industry/size. No ANZSCO occupation code available.,False
Table 3,3,"Use of accredited and unaccredited training in the last 12 months by employer characteristics, timeseries (%)",Employer size,Medium,Employers using nationally recognised training,2025,45.9,45.9,reported,False,pct,employer_size,False,Employer survey — joins on state/industry/size. No ANZSCO occupation code available.,False
Table 3,3,"Use of accredited and unaccredited training in the last 12 months by employer characteristics, timeseries (%)",Employer size,Medium,Employers using unaccredited training,2005,75.1,75.1,reported,False,pct,employer_size,False,Employer survey — joins on state/industry/size. No ANZSCO occupation code available.,False
Table 3,3,"Use of accredited and unaccredited training in the last 12 months by employer characteristics, timeseries (%)",Employer size,Medium,Employers using unaccredited training,2007,67.1,67.1,reported,False,pct,employer_size,False,Employer survey — joins on state/industry/size. No ANZSCO occupation code available.,False
Table 3,3,"Use of accredited and unaccredited training in the last 12 months by employer characteristics, timeseries (%)",Employer size,Medium,Employers using unaccredited training,2009,72.3,72.3,reported,False,pct,employer_size,False,Employer survey — joins on state/industry/size. No ANZSCO occupation code available.,False
Table 3,3,"Use of accredited and unaccredited training in the last 12 months by employer characteristics, timeseries (%)",Employer size,Medium,Employers using unaccredited training,2011,67.3,67.3,reported,False,pct,employer_size,False,Employer survey — joins on state/industry/size. No ANZSCO occupation code available.,False
Table 3,3,"Use of accredited and unaccredited training in the last 12 months by employer characteristics, timeseries (%)",Employer size,Medium,Employers using unaccredited training,2013,66.0,66,reported,False,pct,employer_size,False,Employer survey — joins on state/industry/size. No ANZSCO occupation code available.,False
Table 3,3,"Use of accredited and unaccredited training in the last 12 months by employer characteristics, timeseries (%)",Employer size,Medium,Employers using unaccredited training,2015,68.8,68.8,reported,False,pct,employer_size,False,Employer survey — joins on state/industry/size. No ANZSCO occupation code available.,False
Table 3,3,"Use of accredited and unaccredited training in the last 12 months by employer characteristics, timeseries (%)",Employer size,Medium,Employers using unaccredited training,2017,69.3,69.3,reported,False,pct,employer_size,False,Employer survey — joins on state/industry/size. No ANZSCO occupation code available.,False
Table 3,3,"Use of accredited and unaccredited training in the last 12 months by employer characteristics, timeseries (%)",Employer size,Medium,Employers using unaccredited training,2019,66.1,66.1,reported,False,pct,employer_size,False,Employer survey — joins on state/industry/size. No ANZSCO occupation code available.,False
Table 3,3,"Use of accredited and unaccredited training in the last 12 months by employer characteristics, timeseries (%)",Employer size,Medium,Employers using unaccredited training,2021,65.0,65,reported,False,pct,employer_size,False,Employer survey — joins on state/industry/size. No ANZSCO occupation code available.,False
Table 3,3,"Use of accredited and unaccredited training in the last 12 months by employer characteristics, timeseries (%)",Employer size,Medium,Employers using unaccredited training,2023,66.7,66.7,reported,False,pct,employer_size,False,Employer survey — joins on state/industry/size. No ANZSCO occupation code available.,False
Table 3,3,"Use of accredited and unaccredited training in the last 12 months by employer characteristics, timeseries (%)",Employer size,Medium,Employers using unaccredited training,2025,64.0,64,reported,False,pct,employer_size,False,Employer survey — joins on state/industry/size. No ANZSCO occupation code available.,False
Table 3,3,"Use of accredited and unaccredited training in the last 12 months by employer characteristics, timeseries (%)",Employer size,Medium,Employers with apprentices/trainees,2005,40.7,40.7,reported,False,pct,employer_size,False,Employer survey — joins on state/industry/size. No ANZSCO occupation code available.,False
Table 3,3,"Use of accredited and unaccredited training in the last 12 months by employer characteristics, timeseries (%)",Employer size,Medium,Employers with apprentices/trainees,2007,47.2,47.2,reported,False,pct,employer_size,False,Employer survey — joins on state/industry/size. No ANZSCO occupation code available.,False
Table 3,3,"Use of accredited and unaccredited training in the last 12 months by employer characteristics, timeseries (%)",Employer size,Medium,Employers with apprentices/trainees,2009,42.6,42.6,reported,False,pct,employer_size,False,Employer survey — joins on state/industry/size. No ANZSCO occupation code available.,False
Table 3,3,"Use of accredited and unaccredited training in the last 12 months by employer characteristics, timeseries (%)",Employer size,Medium,Employers with apprentices/trainees,2011,40.3,40.3,reported,False,pct,employer_size,False,Employer survey — joins on state/industry/size. No ANZSCO occupation code available.,False
Table 3,3,"Use of accredited and unaccredited training in the last 12 months by employer characteristics, timeseries (%)",Employer size,Medium,Employers with apprentices/trainees,2013,39.7,39.7,reported,False,pct,employer_size,False,Employer survey — joins on state/industry/size. No ANZSCO occupation code available.,False
Table 3,3,"Use of accredited and unaccredited training in the last 12 months by employer characteristics, timeseries (%)",Employer size,Medium,Employers with apprentices/trainees,2015,33.2,33.2,reported,False,pct,employer_size,False,Employer survey — joins on state/industry/size. No ANZSCO occupation code available.,False
Table 3,3,"Use of accredited and unaccredited training in the last 12 months by employer characteristics, timeseries (%)",Employer size,Medium,Employers with apprentices/trainees,2017,31.3,31.3,reported,False,pct,employer_size,False,Employer survey — joins on state/industry/size. No ANZSCO occupation code available.,False
Table 3,3,"Use of accredited and unaccredited training in the last 12 months by employer characteristics, timeseries (%)",Employer size,Medium,Employers with apprentices/trainees,2019,29.1,29.1,reported,False,pct,employer_size,False,Employer survey — joins on state/industry/size. No ANZSCO occupation code available.,False
Table 3,3,"Use of accredited and unaccredited training in the last 12 months by employer characteristics, timeseries (%)",Employer size,Medium,Employers with apprentices/trainees,2021,37.7,37.7,reported,False,pct,employer_size,False,Employer survey — joins on state/industry/size. No ANZSCO occupation code available.,False
Table 3,3,"Use of accredited and unaccredited training in the last 12 months by employer characteristics, timeseries (%)",Employer size,Medium,Employers with apprentices/trainees,2023,42.7,42.7,reported,False,pct,employer_size,False,Employer survey — joins on state/industry/size. No ANZSCO occupation code available.,False
Table 3,3,"Use of accredited and unaccredited training in the last 12 months by employer characteristics, timeseries (%)",Employer size,Medium,Employers with apprentices/trainees,2025,39.0,39,reported,False,pct,employer_size,False,Employer survey — joins on state/industry/size. No ANZSCO occupation code available.,False
Table 3,3,"Use of accredited and unaccredited training in the last 12 months by employer characteristics, timeseries (%)",Employer size,Medium,Employers with vocational qualifications as a job requirement,2005,52.1,52.1,reported,False,pct,employer_size,False,Employer survey — joins on state/industry/size. No ANZSCO occupation code available.,False
Table 3,3,"Use of accredited and unaccredited training in the last 12 months by employer characteristics, timeseries (%)",Employer size,Medium,Employers with vocational qualifications as a job requirement,2007,50.0,50,reported,False,pct,employer_size,False,Employer survey — joins on state/industry/size. No ANZSCO occupation code available.,False
Table 3,3,"Use of accredited and unaccredited training in the last 12 months by employer characteristics, timeseries (%)",Employer size,Medium,Employers with vocational qualifications as a job requirement,2009,50.8,50.8,reported,False,pct,employer_size,False,Employer survey — joins on state/industry/size. No ANZSCO occupation code available.,False
Table 3,3,"Use of accredited and unaccredited training in the last 12 months by employer characteristics, timeseries (%)",Employer size,Medium,Employers with vocational qualifications as a job requirement,2011,50.3,50.3,reported,False,pct,employer_size,False,Employer survey — joins on state/industry/size. No ANZSCO occupation code available.,False
Table 3,3,"Use of accredited and unaccredited training in the last 12 months by employer characteristics, timeseries (%)",Employer size,Medium,Employers with vocational qualifications as a job requirement,2013,46.5,46.5,reported,False,pct,employer_size,False,Employer survey — joins on state/industry/size. No ANZSCO occupation code available.,False
Table 3,3,"Use of accredited and unaccredited training in the last 12 months by employer characteristics, timeseries (%)",Employer size,Medium,Employers with vocational qualifications as a job requirement,2015,48.6,48.6,reported,False,pct,employer_size,False,Employer survey — joins on state/industry/size. No ANZSCO occupation code available.,False
Table 3,3,"Use of accredited and unaccredited training in the last 12 months by employer characteristics, timeseries (%)",Employer size,Medium,Employers with vocational qualifications as a job requirement,2017,49.0,49,reported,False,pct,employer_size,False,Employer survey — joins on state/industry/size. No ANZSCO occupation code available.,False
Table 3,3,"Use of accredited and unaccredited training in the last 12 months by employer characteristics, timeseries (%)",Employer size,Medium,Employers with vocational qualifications as a job requirement,2019,47.9,47.9,reported,False,pct,employer_size,False,Employer survey — joins on state/industry/size. No ANZSCO occupation code available.,False
Table 3,3,"Use of accredited and unaccredited training in the last 12 months by employer characteristics, timeseries (%)",Employer size,Medium,Employers with vocational qualifications as a job requirement,2021,50.4,50.4,reported,False,pct,employer_size,False,Employer survey — joins on state/industry/size. No ANZSCO occupation code available.,False
Table 3,3,"Use of accredited and unaccredited training in the last 12 months by employer characteristics, timeseries (%)",Employer size,Medium,Employers with vocational qualifications as a job requirement,2023,45.8,45.8,reported,False,pct,employer_size,False,Employer survey — joins on state/industry/size. No ANZSCO occupation code available.,False
Table 3,3,"Use of accredited and unaccredited training in the last 12 months by employer characteristics, timeseries (%)",Employer size,Medium,Employers with vocational qualifications as a job requirement,2025,47.5,47.5,reported,False,pct,employer_size,False,Employer survey — joins on state/industry/size. No ANZSCO occupation code available.,False
Table 3,3,"Use of accredited and unaccredited training in the last 12 months by employer characteristics, timeseries (%)",Employer size,Small,Employers using nationally recognised training,2005,17.5,17.5,reported,False,pct,employer_size,False,Employer survey — joins on state/industry/size. No ANZSCO occupation code available.,False
Table 3,3,"Use of accredited and unaccredited training in the last 12 months by employer characteristics, timeseries (%)",Employer size,Small,Employers using nationally recognised training,2007,16.0,16,reported,False,pct,employer_size,False,Employer survey — joins on state/industry/size. No ANZSCO occupation code available.,False
Table 3,3,"Use of accredited and unaccredited training in the last 12 months by employer characteristics, timeseries (%)",Employer size,Small,Employers using nationally recognised training,2009,19.7,19.7,reported,False,pct,employer_size,False,Employer survey — joins on state/industry/size. No ANZSCO occupation code available.,False
Table 3,3,"Use of accredited and unaccredited training in the last 12 months by employer characteristics, timeseries (%)",Employer size,Small,Employers using nationally recognised training,2011,16.6,16.6,reported,False,pct,employer_size,False,Employer survey — joins on state/industry/size. No ANZSCO occupation code available.,False
Table 3,3,"Use of accredited and unaccredited training in the last 12 months by employer characteristics, timeseries (%)",Employer size,Small,Employers using nationally recognised training,2013,13.3,13.3,reported,False,pct,employer_size,False,Employer survey — joins on state/industry/size. No ANZSCO occupation code available.,False
Table 3,3,"Use of accredited and unaccredited training in the last 12 months by employer characteristics, timeseries (%)",Employer size,Small,Employers using nationally recognised training,2015,15.1,15.1,reported,False,pct,employer_size,False,Employer survey — joins on state/industry/size. No ANZSCO occupation code available.,False
Table 3,3,"Use of accredited and unaccredited training in the last 12 months by employer characteristics, timeseries (%)",Employer size,Small,Employers using nationally recognised training,2017,15.7,15.7,reported,False,pct,employer_size,False,Employer survey — joins on state/industry/size. No ANZSCO occupation code available.,False
Table 3,3,"Use of accredited and unaccredited training in the last 12 months by employer characteristics, timeseries (%)",Employer size,Small,Employers using nationally recognised training,2019,14.8,14.8,reported,False,pct,employer_size,False,Employer survey — joins on state/industry/size. No ANZSCO occupation code available.,False
Table 3,3,"Use of accredited and unaccredited training in the last 12 months by employer characteristics, timeseries (%)",Employer size,Small,Employers using nationally recognised training,2021,20.1,20.1,reported,False,pct,employer_size,False,Employer survey — joins on state/industry/size. No ANZSCO occupation code available.,False
Table 3,3,"Use of accredited and unaccredited training in the last 12 months by employer characteristics, timeseries (%)",Employer size,Small,Employers using nationally recognised training,2023,20.9,20.9,reported,False,pct,employer_size,False,Employer survey — joins on state/industry/size. No ANZSCO occupation code available.,False
Table 3,3,"Use of accredited and unaccredited training in the last 12 months by employer characteristics, timeseries (%)",Employer size,Small,Employers using nationally recognised training,2025,24.2,24.2,reported,False,pct,employer_size,False,Employer survey — joins on state/industry/size. No ANZSCO occupation code available.,False
Table 3,3,"Use of accredited and unaccredited training in the last 12 months by employer characteristics, timeseries (%)",Employer size,Small,Employers using unaccredited training,2005,46.3,46.3,reported,False,pct,employer_size,False,Employer survey — joins on state/industry/size. No ANZSCO occupation code available.,False
Table 3,3,"Use of accredited and unaccredited training in the last 12 months by employer characteristics, timeseries (%)",Employer size,Small,Employers using unaccredited training,2007,41.9,41.9,reported,False,pct,employer_size,False,Employer survey — joins on state/industry/size. No ANZSCO occupation code available.,False
Table 3,3,"Use of accredited and unaccredited training in the last 12 months by employer characteristics, timeseries (%)",Employer size,Small,Employers using unaccredited training,2009,44.9,44.9,reported,False,pct,employer_size,False,Employer survey — joins on state/industry/size. No ANZSCO occupation code available.,False
Table 3,3,"Use of accredited and unaccredited training in the last 12 months by employer characteristics, timeseries (%)",Employer size,Small,Employers using unaccredited training,2011,40.8,40.8,reported,False,pct,employer_size,False,Employer survey — joins on state/industry/size. No ANZSCO occupation code available.,False
Table 3,3,"Use of accredited and unaccredited training in the last 12 months by employer characteristics, timeseries (%)",Employer size,Small,Employers using unaccredited training,2013,39.8,39.8,reported,False,pct,employer_size,False,Employer survey — joins on state/industry/size. No ANZSCO occupation code available.,False
Table 3,3,"Use of accredited and unaccredited training in the last 12 months by employer characteristics, timeseries (%)",Employer size,Small,Employers using unaccredited training,2015,41.1,41.1,reported,False,pct,employer_size,False,Employer survey — joins on state/industry/size. No ANZSCO occupation code available.,False
Table 3,3,"Use of accredited and unaccredited training in the last 12 months by employer characteristics, timeseries (%)",Employer size,Small,Employers using unaccredited training,2017,42.6,42.6,reported,False,pct,employer_size,False,Employer survey — joins on state/industry/size. No ANZSCO occupation code available.,False
Table 3,3,"Use of accredited and unaccredited training in the last 12 months by employer characteristics, timeseries (%)",Employer size,Small,Employers using unaccredited training,2019,42.0,42,reported,False,pct,employer_size,False,Employer survey — joins on state/industry/size. No ANZSCO occupation code available.,False
Table 3,3,"Use of accredited and unaccredited training in the last 12 months by employer characteristics, timeseries (%)",Employer size,Small,Employers using unaccredited training,2021,45.5,45.5,reported,False,pct,employer_size,False,Employer survey — joins on state/industry/size. No ANZSCO occupation code available.,False
Table 3,3,"Use of accredited and unaccredited training in the last 12 months by employer characteristics, timeseries (%)",Employer size,Small,Employers using unaccredited training,2023,47.2,47.2,reported,False,pct,employer_size,False,Employer survey — joins on state/industry/size. No ANZSCO occupation code available.,False
Table 3,3,"Use of accredited and unaccredited training in the last 12 months by employer characteristics, timeseries (%)",Employer size,Small,Employers using unaccredited training,2025,43.3,43.3,reported,False,pct,employer_size,False,Employer survey — joins on state/industry/size. No ANZSCO occupation code available.,False
Table 3,3,"Use of accredited and unaccredited training in the last 12 months by employer characteristics, timeseries (%)",Employer size,Small,Employers with apprentices/trainees,2005,24.1,24.1,reported,False,pct,employer_size,False,Employer survey — joins on state/industry/size. No ANZSCO occupation code available.,False
Table 3,3,"Use of accredited and unaccredited training in the last 12 months by employer characteristics, timeseries (%)",Employer size,Small,Employers with apprentices/trainees,2007,22.2,22.2,reported,False,pct,employer_size,False,Employer survey — joins on state/industry/size. No ANZSCO occupation code available.,False
Table 3,3,"Use of accredited and unaccredited training in the last 12 months by employer characteristics, timeseries (%)",Employer size,Small,Employers with apprentices/trainees,2009,25.9,25.9,reported,False,pct,employer_size,False,Employer survey — joins on state/industry/size. No ANZSCO occupation code available.,False
Table 3,3,"Use of accredited and unaccredited training in the last 12 months by employer characteristics, timeseries (%)",Employer size,Small,Employers with apprentices/trainees,2011,25.6,25.6,reported,False,pct,employer_size,False,Employer survey — joins on state/industry/size. No ANZSCO occupation code available.,False
Table 3,3,"Use of accredited and unaccredited training in the last 12 months by employer characteristics, timeseries (%)",Employer size,Small,Employers with apprentices/trainees,2013,21.4,21.4,reported,False,pct,employer_size,False,Employer survey — joins on state/industry/size. No ANZSCO occupation code available.,False
Table 3,3,"Use of accredited and unaccredited training in the last 12 months by employer characteristics, timeseries (%)",Employer size,Small,Employers with apprentices/trainees,2015,20.2,20.2,reported,False,pct,employer_size,False,Employer survey — joins on state/industry/size. No ANZSCO occupation code available.,False
Table 3,3,"Use of accredited and unaccredited training in the last 12 months by employer characteristics, timeseries (%)",Employer size,Small,Employers with apprentices/trainees,2017,19.5,19.5,reported,False,pct,employer_size,False,Employer survey — joins on state/industry/size. No ANZSCO occupation code available.,False
Table 3,3,"Use of accredited and unaccredited training in the last 12 months by employer characteristics, timeseries (%)",Employer size,Small,Employers with apprentices/trainees,2019,20.5,20.5,reported,False,pct,employer_size,False,Employer survey — joins on state/industry/size. No ANZSCO occupation code available.,False
Table 3,3,"Use of accredited and unaccredited training in the last 12 months by employer characteristics, timeseries (%)",Employer size,Small,Employers with apprentices/trainees,2021,22.2,22.2,reported,False,pct,employer_size,False,Employer survey — joins on state/industry/size. No ANZSCO occupation code available.,False
Table 3,3,"Use of accredited and unaccredited training in the last 12 months by employer characteristics, timeseries (%)",Employer size,Small,Employers with apprentices/trainees,2023,24.7,24.7,reported,False,pct,employer_size,False,Employer survey — joins on state/industry/size. No ANZSCO occupation code available.,False
Table 3,3,"Use of accredited and unaccredited training in the last 12 months by employer characteristics, timeseries (%)",Employer size,Small,Employers with apprentices/trainees,2025,22.9,22.9,reported,False,pct,employer_size,False,Employer survey — joins on state/industry/size. No ANZSCO occupation code available.,False
Table 3,3,"Use of accredited and unaccredited training in the last 12 months by employer characteristics, timeseries (%)",Employer size,Small,Employers with vocational qualifications as a job requirement,2005,30.3,30.3,reported,False,pct,employer_size,False,Employer survey — joins on state/industry/size. No ANZSCO occupation code available.,False
Table 3,3,"Use of accredited and unaccredited training in the last 12 months by employer characteristics, timeseries (%)",Employer size,Small,Employers with vocational qualifications as a job requirement,2007,27.0,27,reported,False,pct,employer_size,False,Employer survey — joins on state/industry/size. No ANZSCO occupation code available.,False
Table 3,3,"Use of accredited and unaccredited training in the last 12 months by employer characteristics, timeseries (%)",Employer size,Small,Employers with vocational qualifications as a job requirement,2009,27.7,27.7,reported,False,pct,employer_size,False,Employer survey — joins on state/industry/size. No ANZSCO occupation code available.,False
Table 3,3,"Use of accredited and unaccredited training in the last 12 months by employer characteristics, timeseries (%)",Employer size,Small,Employers with vocational qualifications as a job requirement,2011,30.0,30,reported,False,pct,employer_size,False,Employer survey — joins on state/industry/size. No ANZSCO occupation code available.,False
Table 3,3,"Use of accredited and unaccredited training in the last 12 months by employer characteristics, timeseries (%)",Employer size,Small,Employers with vocational qualifications as a job requirement,2013,27.7,27.7,reported,False,pct,employer_size,False,Employer survey — joins on state/industry/size. No ANZSCO occupation code available.,False
Table 3,3,"Use of accredited and unaccredited training in the last 12 months by employer characteristics, timeseries (%)",Employer size,Small,Employers with vocational qualifications as a job requirement,2015,31.5,31.5,reported,False,pct,employer_size,False,Employer survey — joins on state/industry/size. No ANZSCO occupation code available.,False
Table 3,3,"Use of accredited and unaccredited training in the last 12 months by employer characteristics, timeseries (%)",Employer size,Small,Employers with vocational qualifications as a job requirement,2017,31.5,31.5,reported,False,pct,employer_size,False,Employer survey — joins on state/industry/size. No ANZSCO occupation code available.,False
Table 3,3,"Use of accredited and unaccredited training in the last 12 months by employer characteristics, timeseries (%)",Employer size,Small,Employers with vocational qualifications as a job requirement,2019,29.0,29,reported,False,pct,employer_size,False,Employer survey — joins on state/industry/size. No ANZSCO occupation code available.,False
Table 3,3,"Use of accredited and unaccredited training in the last 12 months by employer characteristics, timeseries (%)",Employer size,Small,Employers with vocational qualifications as a job requirement,2021,34.9,34.9,reported,False,pct,employer_size,False,Employer survey — joins on state/industry/size. No ANZSCO occupation code available.,False
Table 3,3,"Use of accredited and unaccredited training in the last 12 months by employer characteristics, timeseries (%)",Employer size,Small,Employers with vocational qualifications as a job requirement,2023,33.9,33.9,reported,False,pct,employer_size,False,Employer survey — joins on state/industry/size. No ANZSCO occupation code available.,False
Table 3,3,"Use of accredited and unaccredited training in the last 12 months by employer characteristics, timeseries (%)",Employer size,Small,Employers with vocational qualifications as a job requirement,2025,33.5,33.5,reported,False,pct,employer_size,False,Employer survey — joins on state/industry/size. No ANZSCO occupation code available.,False
Table 4,4,"Majority of nationally recognised training for full qualification or specific subjects/modules, timeseries (% of all employers using nationally recognised training)",Employer size,Large,Full qualification,2007,70.0,70,reported,False,pct,employer_size,False,Employer survey — joins on state/industry/size. No ANZSCO occupation code available.,False
Table 4,4,"Majority of nationally recognised training for full qualification or specific subjects/modules, timeseries (% of all employers using nationally recognised training)",Employer size,Large,Full qualification,2009,67.0,67,reported,False,pct,employer_size,False,Employer survey — joins on state/industry/size. No ANZSCO occupation code available.,False
Table 4,4,"Majority of nationally recognised training for full qualification or specific subjects/modules, timeseries (% of all employers using nationally recognised training)",Employer size,Large,Full qualification,2011,62.2,62.2,reported,False,pct,employer_size,False,Employer survey — joins on state/industry/size. No ANZSCO occupation code available.,False
Table 4,4,"Majority of nationally recognised training for full qualification or specific subjects/modules, timeseries (% of all employers using nationally recognised training)",Employer size,Large,Full qualification,2013,62.9,62.9,reported,False,pct,employer_size,False,Employer survey — joins on state/industry/size. No ANZSCO occupation code available.,False
Table 4,4,"Majority of nationally recognised training for full qualification or specific subjects/modules, timeseries (% of all employers using nationally recognised training)",Employer size,Large,Full qualification,2015,49.8,49.8,reported,False,pct,employer_size,False,Employer survey — joins on state/industry/size. No ANZSCO occupation code available.,False
Table 4,4,"Majority of nationally recognised training for full qualification or specific subjects/modules, timeseries (% of all employers using nationally recognised training)",Employer size,Large,Full qualification,2017,60.9,60.9,reported,False,pct,employer_size,False,Employer survey — joins on state/industry/size. No ANZSCO occupation code available.,False
Table 4,4,"Majority of nationally recognised training for full qualification or specific subjects/modules, timeseries (% of all employers using nationally recognised training)",Employer size,Large,Full qualification,2019,59.2,59.2*,reported,True,pct,employer_size,False,Employer survey — joins on state/industry/size. No ANZSCO occupation code available.,False
Table 4,4,"Majority of nationally recognised training for full qualification or specific subjects/modules, timeseries (% of all employers using nationally recognised training)",Employer size,Large,Full qualification,2021,55.4,55.4*,reported,True,pct,employer_size,False,Employer survey — joins on state/industry/size. No ANZSCO occupation code available.,False
Table 4,4,"Majority of nationally recognised training for full qualification or specific subjects/modules, timeseries (% of all employers using nationally recognised training)",Employer size,Large,Full qualification,2023,60.7,60.7*,reported,True,pct,employer_size,False,Employer survey — joins on state/industry/size. No ANZSCO occupation code available.,False
Table 4,4,"Majority of nationally recognised training for full qualification or specific subjects/modules, timeseries (% of all employers using nationally recognised training)",Employer size,Large,Full qualification,2025,51.5,51.5*,reported,True,pct,employer_size,False,Employer survey — joins on state/industry/size. No ANZSCO occupation code available.,False
Table 4,4,"Majority of nationally recognised training for full qualification or specific subjects/modules, timeseries (% of all employers using nationally recognised training)",Employer size,Large,Full qualification,2005,,na,not_available,False,pct,employer_size,False,Employer survey — joins on state/industry/size. No ANZSCO occupation code available.,
Table 4,4,"Majority of nationally recognised training for full qualification or specific subjects/modules, timeseries (% of all employers using nationally recognised training)",Employer size,Large,Specific subjects/modules,2007,30.0,30.0*,reported,True,pct,employer_size,False,Employer survey — joins on state/industry/size. No ANZSCO occupation code available.,False
Table 4,4,"Majority of nationally recognised training for full qualification or specific subjects/modules, timeseries (% of all employers using nationally recognised training)",Employer size,Large,Specific subjects/modules,2009,33.0,33.0*,reported,True,pct,employer_size,False,Employer survey — joins on state/industry/size. No ANZSCO occupation code available.,False
Table 4,4,"Majority of nationally recognised training for full qualification or specific subjects/modules, timeseries (% of all employers using nationally recognised training)",Employer size,Large,Specific subjects/modules,2011,37.8,37.8,reported,False,pct,employer_size,False,Employer survey — joins on state/industry/size. No ANZSCO occupation code available.,False
Table 4,4,"Majority of nationally recognised training for full qualification or specific subjects/modules, timeseries (% of all employers using nationally recognised training)",Employer size,Large,Specific subjects/modules,2013,37.1,37.1,reported,False,pct,employer_size,False,Employer survey — joins on state/industry/size. No ANZSCO occupation code available.,False
Table 4,4,"Majority of nationally recognised training for full qualification or specific subjects/modules, timeseries (% of all employers using nationally recognised training)",Employer size,Large,Specific subjects/modules,2015,50.2,50.2,reported,False,pct,employer_size,False,Employer survey — joins on state/industry/size. No ANZSCO occupation code available.,False
Table 4,4,"Majority of nationally recognised training for full qualification or specific subjects/modules, timeseries (% of all employers using nationally recognised training)",Employer size,Large,Specific subjects/modules,2017,39.1,39.1,reported,False,pct,employer_size,False,Employer survey — joins on state/industry/size. No ANZSCO occupation code available.,False
Table 4,4,"Majority of nationally recognised training for full qualification or specific subjects/modules, timeseries (% of all employers using nationally recognised training)",Employer size,Large,Specific subjects/modules,2019,40.8,40.8*,reported,True,pct,employer_size,False,Employer survey — joins on state/industry/size. No ANZSCO occupation code available.,False
Table 4,4,"Majority of nationally recognised training for full qualification or specific subjects/modules, timeseries (% of all employers using nationally recognised training)",Employer size,Large,Specific subjects/modules,2021,44.6,44.6*,reported,True,pct,employer_size,False,Employer survey — joins on state/industry/size. No ANZSCO occupation code available.,False
Table 4,4,"Majority of nationally recognised training for full qualification or specific subjects/modules, timeseries (% of all employers using nationally recognised training)",Employer size,Large,Specific subjects/modules,2023,39.3,39.3*,reported,True,pct,employer_size,False,Employer survey — joins on state/industry/size. No ANZSCO occupation code available.,False
Table 4,4,"Majority of nationally recognised training for full qualification or specific subjects/modules, timeseries (% of all employers using nationally recognised training)",Employer size,Large,Specific subjects/modules,2025,48.5,48.5*,reported,True,pct,employer_size,False,Employer survey — joins on state/industry/size. No ANZSCO occupation code available.,False
Table 4,4,"Majority of nationally recognised training for full qualification or specific subjects/modules, timeseries (% of all employers using nationally recognised training)",Employer size,Large,Specific subjects/modules,2005,,na,not_available,False,pct,employer_size,False,Employer survey — joins on state/industry/size. No ANZSCO occupation code available.,
Table 4,4,"Majority of nationally recognised training for full qualification or specific subjects/modules, timeseries (% of all employers using nationally recognised training)",Employer size,Medium,Full qualification,2007,65.2,65.2,reported,False,pct,employer_size,False,Employer survey — joins on state/industry/size. No ANZSCO occupation code available.,False
Table 4,4,"Majority of nationally recognised training for full qualification or specific subjects/modules, timeseries (% of all employers using nationally recognised training)",Employer size,Medium,Full qualification,2009,73.9,73.9,reported,False,pct,employer_size,False,Employer survey — joins on state/industry/size. No ANZSCO occupation code available.,False
Table 4,4,"Majority of nationally recognised training for full qualification or specific subjects/modules, timeseries (% of all employers using nationally recognised training)",Employer size,Medium,Full qualification,2011,53.6,53.6,reported,False,pct,employer_size,False,Employer survey — joins on state/industry/size. No ANZSCO occupation code available.,False
Table 4,4,"Majority of nationally recognised training for full qualification or specific subjects/modules, timeseries (% of all employers using nationally recognised training)",Employer size,Medium,Full qualification,2013,55.0,55,reported,False,pct,employer_size,False,Employer survey — joins on state/industry/size. No ANZSCO occupation code available.,False
Table 4,4,"Majority of nationally recognised training for full qualification or specific subjects/modules, timeseries (% of all employers using nationally recognised training)",Employer size,Medium,Full qualification,2015,50.9,50.9,reported,False,pct,employer_size,False,Employer survey — joins on state/industry/size. No ANZSCO occupation code available.,False
Table 4,4,"Majority of nationally recognised training for full qualification or specific subjects/modules, timeseries (% of all employers using nationally recognised training)",Employer size,Medium,Full qualification,2017,50.9,50.9,reported,False,pct,employer_size,False,Employer survey — joins on state/industry/size. No ANZSCO occupation code available.,False
Table 4,4,"Majority of nationally recognised training for full qualification or specific subjects/modules, timeseries (% of all employers using nationally recognised training)",Employer size,Medium,Full qualification,2019,54.0,54,reported,False,pct,employer_size,False,Employer survey — joins on state/industry/size. No ANZSCO occupation code available.,False
Table 4,4,"Majority of nationally recognised training for full qualification or specific subjects/modules, timeseries (% of all employers using nationally recognised training)",Employer size,Medium,Full qualification,2021,49.7,49.7,reported,False,pct,employer_size,False,Employer survey — joins on state/industry/size. No ANZSCO occupation code available.,False
Table 4,4,"Majority of nationally recognised training for full qualification or specific subjects/modules, timeseries (% of all employers using nationally recognised training)",Employer size,Medium,Full qualification,2023,57.5,57.5,reported,False,pct,employer_size,False,Employer survey — joins on state/industry/size. No ANZSCO occupation code available.,False
Table 4,4,"Majority of nationally recognised training for full qualification or specific subjects/modules, timeseries (% of all employers using nationally recognised training)",Employer size,Medium,Full qualification,2025,59.3,59.3,reported,False,pct,employer_size,False,Employer survey — joins on state/industry/size. No ANZSCO occupation code available.,False
Table 4,4,"Majority of nationally recognised training for full qualification or specific subjects/modules, timeseries (% of all employers using nationally recognised training)",Employer size,Medium,Full qualification,2005,,na,not_available,False,pct,employer_size,False,Employer survey — joins on state/industry/size. No ANZSCO occupation code available.,
Table 4,4,"Majority of nationally recognised training for full qualification or specific subjects/modules, timeseries (% of all employers using nationally recognised training)",Employer size,Medium,Specific subjects/modules,2007,34.8,34.8*,reported,True,pct,employer_size,False,Employer survey — joins on state/industry/size. No ANZSCO occupation code available.,False
Table 4,4,"Majority of nationally recognised training for full qualification or specific subjects/modules, timeseries (% of all employers using nationally recognised training)",Employer size,Medium,Specific subjects/modules,2009,26.1,26.1*,reported,True,pct,employer_size,False,Employer survey — joins on state/industry/size. No ANZSCO occupation code available.,False
Table 4,4,"Majority of nationally recognised training for full qualification or specific subjects/modules, timeseries (% of all employers using nationally recognised training)",Employer size,Medium,Specific subjects/modules,2011,46.4,46.4,reported,False,pct,employer_size,False,Employer survey — joins on state/industry/size. No ANZSCO occupation code available.,False
Table 4,4,"Majority of nationally recognised training for full qualification or specific subjects/modules, timeseries (% of all employers using nationally recognised training)",Employer size,Medium,Specific subjects/modules,2013,45.0,45,reported,False,pct,employer_size,False,Employer survey — joins on state/industry/size. No ANZSCO occupation code available.,False
Table 4,4,"Majority of nationally recognised training for full qualification or specific subjects/modules, timeseries (% of all employers using nationally recognised training)",Employer size,Medium,Specific subjects/modules,2015,49.1,49.1,reported,False,pct,employer_size,False,Employer survey — joins on state/industry/size. No ANZSCO occupation code available.,False
Table 4,4,"Majority of nationally recognised training for full qualification or specific subjects/modules, timeseries (% of all employers using nationally recognised training)",Employer size,Medium,Specific subjects/modules,2017,49.1,49.1,reported,False,pct,employer_size,False,Employer survey — joins on state/industry/size. No ANZSCO occupation code available.,False
Table 4,4,"Majority of nationally recognised training for full qualification or specific subjects/modules, timeseries (% of all employers using nationally recognised training)",Employer size,Medium,Specific subjects/modules,2019,46.0,46,reported,False,pct,employer_size,False,Employer survey — joins on state/industry/size. No ANZSCO occupation code available.,False
Table 4,4,"Majority of nationally recognised training for full qualification or specific subjects/modules, timeseries (% of all employers using nationally recognised training)",Employer size,Medium,Specific subjects/modules,2021,50.3,50.3,reported,False,pct,employer_size,False,Employer survey — joins on state/industry/size. No ANZSCO occupation code available.,False
Table 4,4,"Majority of nationally recognised training for full qualification or specific subjects/modules, timeseries (% of all employers using nationally recognised training)",Employer size,Medium,Specific subjects/modules,2023,42.5,42.5,reported,False,pct,employer_size,False,Employer survey — joins on state/industry/size. No ANZSCO occupation code available.,False
Table 4,4,"Majority of nationally recognised training for full qualification or specific subjects/modules, timeseries (% of all employers using nationally recognised training)",Employer size,Medium,Specific subjects/modules,2025,40.7,40.7,reported,False,pct,employer_size,False,Employer survey — joins on state/industry/size. No ANZSCO occupation code available.,False
Table 4,4,"Majority of nationally recognised training for full qualification or specific subjects/modules, timeseries (% of all employers using nationally recognised training)",Employer size,Medium,Specific subjects/modules,2005,,na,not_available,False,pct,employer_size,False,Employer survey — joins on state/industry/size. No ANZSCO occupation code available.,
Table 4,4,"Majority of nationally recognised training for full qualification or specific subjects/modules, timeseries (% of all employers using nationally recognised training)",Employer size,Small,Full qualification,2007,46.9,46.9*,reported,True,pct,employer_size,False,Employer survey — joins on state/industry/size. No ANZSCO occupation code available.,False
Table 4,4,"Majority of nationally recognised training for full qualification or specific subjects/modules, timeseries (% of all employers using nationally recognised training)",Employer size,Small,Full qualification,2009,46.9,46.9,reported,False,pct,employer_size,False,Employer survey — joins on state/industry/size. No ANZSCO occupation code available.,False
Table 4,4,"Majority of nationally recognised training for full qualification or specific subjects/modules, timeseries (% of all employers using nationally recognised training)",Employer size,Small,Full qualification,2011,51.1,51.1,reported,False,pct,employer_size,False,Employer survey — joins on state/industry/size. No ANZSCO occupation code available.,False
Table 4,4,"Majority of nationally recognised training for full qualification or specific subjects/modules, timeseries (% of all employers using nationally recognised training)",Employer size,Small,Full qualification,2013,40.3,40.3,reported,False,pct,employer_size,False,Employer survey — joins on state/industry/size. No ANZSCO occupation code available.,False
Table 4,4,"Majority of nationally recognised training for full qualification or specific subjects/modules, timeseries (% of all employers using nationally recognised training)",Employer size,Small,Full qualification,2015,39.5,39.5,reported,False,pct,employer_size,False,Employer survey — joins on state/industry/size. No ANZSCO occupation code available.,False
Table 4,4,"Majority of nationally recognised training for full qualification or specific subjects/modules, timeseries (% of all employers using nationally recognised training)",Employer size,Small,Full qualification,2017,48.0,48,reported,False,pct,employer_size,False,Employer survey — joins on state/industry/size. No ANZSCO occupation code available.,False
Table 4,4,"Majority of nationally recognised training for full qualification or specific subjects/modules, timeseries (% of all employers using nationally recognised training)",Employer size,Small,Full qualification,2019,46.6,46.6,reported,False,pct,employer_size,False,Employer survey — joins on state/industry/size. No ANZSCO occupation code available.,False
Table 4,4,"Majority of nationally recognised training for full qualification or specific subjects/modules, timeseries (% of all employers using nationally recognised training)",Employer size,Small,Full qualification,2021,51.8,51.8,reported,False,pct,employer_size,False,Employer survey — joins on state/industry/size. No ANZSCO occupation code available.,False
Table 4,4,"Majority of nationally recognised training for full qualification or specific subjects/modules, timeseries (% of all employers using nationally recognised training)",Employer size,Small,Full qualification,2023,53.0,53,reported,False,pct,employer_size,False,Employer survey — joins on state/industry/size. No ANZSCO occupation code available.,False
Table 4,4,"Majority of nationally recognised training for full qualification or specific subjects/modules, timeseries (% of all employers using nationally recognised training)",Employer size,Small,Full qualification,2025,53.8,53.8,reported,False,pct,employer_size,False,Employer survey — joins on state/industry/size. No ANZSCO occupation code available.,False
Table 4,4,"Majority of nationally recognised training for full qualification or specific subjects/modules, timeseries (% of all employers using nationally recognised training)",Employer size,Small,Full qualification,2005,,na,not_available,False,pct,employer_size,False,Employer survey — joins on state/industry/size. No ANZSCO occupation code available.,
Table 4,4,"Majority of nationally recognised training for full qualification or specific subjects/modules, timeseries (% of all employers using nationally recognised training)",Employer size,Small,Specific subjects/modules,2007,53.1,53.1*,reported,True,pct,employer_size,False,Employer survey — joins on state/industry/size. No ANZSCO occupation code available.,False
Table 4,4,"Majority of nationally recognised training for full qualification or specific subjects/modules, timeseries (% of all employers using nationally recognised training)",Employer size,Small,Specific subjects/modules,2009,53.1,53.1,reported,False,pct,employer_size,False,Employer survey — joins on state/industry/size. No ANZSCO occupation code available.,False
Table 4,4,"Majority of nationally recognised training for full qualification or specific subjects/modules, timeseries (% of all employers using nationally recognised training)",Employer size,Small,Specific subjects/modules,2011,48.9,48.9,reported,False,pct,employer_size,False,Employer survey — joins on state/industry/size. No ANZSCO occupation code available.,False
Table 4,4,"Majority of nationally recognised training for full qualification or specific subjects/modules, timeseries (% of all employers using nationally recognised training)",Employer size,Small,Specific subjects/modules,2013,59.7,59.7,reported,False,pct,employer_size,False,Employer survey — joins on state/industry/size. No ANZSCO occupation code available.,False
Table 4,4,"Majority of nationally recognised training for full qualification or specific subjects/modules, timeseries (% of all employers using nationally recognised training)",Employer size,Small,Specific subjects/modules,2015,60.5,60.5,reported,False,pct,employer_size,False,Employer survey — joins on state/industry/size. No ANZSCO occupation code available.,False
Table 4,4,"Majority of nationally recognised training for full qualification or specific subjects/modules, timeseries (% of all employers using nationally recognised training)",Employer size,Small,Specific subjects/modules,2017,52.0,52,reported,False,pct,employer_size,False,Employer survey — joins on state/industry/size. No ANZSCO occupation code available.,False
Table 4,4,"Majority of nationally recognised training for full qualification or specific subjects/modules, timeseries (% of all employers using nationally recognised training)",Employer size,Small,Specific subjects/modules,2019,53.4,53.4,reported,False,pct,employer_size,False,Employer survey — joins on state/industry/size. No ANZSCO occupation code available.,False
Table 4,4,"Majority of nationally recognised training for full qualification or specific subjects/modules, timeseries (% of all employers using nationally recognised training)",Employer size,Small,Specific subjects/modules,2021,48.2,48.2,reported,False,pct,employer_size,False,Employer survey — joins on state/industry/size. No ANZSCO occupation code available.,False
Table 4,4,"Majority of nationally recognised training for full qualification or specific subjects/modules, timeseries (% of all employers using nationally recognised training)",Employer size,Small,Specific subjects/modules,2023,47.0,47,reported,False,pct,employer_size,False,Employer survey — joins on state/industry/size. No ANZSCO occupation code available.,False
Table 4,4,"Majority of nationally recognised training for full qualification or specific subjects/modules, timeseries (% of all employers using nationally recognised training)",Employer size,Small,Specific subjects/modules,2025,46.2,46.2,reported,False,pct,employer_size,False,Employer survey — joins on state/industry/size. No ANZSCO occupation code available.,False
Table 4,4,"Majority of nationally recognised training for full qualification or specific subjects/modules, timeseries (% of all employers using nationally recognised training)",Employer size,Small,Specific subjects/modules,2005,,na,not_available,False,pct,employer_size,False,Employer survey — joins on state/industry/size. No ANZSCO occupation code available.,
Table 6,6,"Employers who are satisfied with training as a way of meeting their skill needs by type of training and employer characteristics, timeseries (%)",Employer size,Large,Employers using nationally recognised training,2005,82.0,82,reported,False,pct,employer_size,False,Employer survey — joins on state/industry/size. No ANZSCO occupation code available.,False
Table 6,6,"Employers who are satisfied with training as a way of meeting their skill needs by type of training and employer characteristics, timeseries (%)",Employer size,Large,Employers using nationally recognised training,2007,86.1,86.1,reported,False,pct,employer_size,False,Employer survey — joins on state/industry/size. No ANZSCO occupation code available.,False
Table 6,6,"Employers who are satisfied with training as a way of meeting their skill needs by type of training and employer characteristics, timeseries (%)",Employer size,Large,Employers using nationally recognised training,2009,86.6,86.6,reported,False,pct,employer_size,False,Employer survey — joins on state/industry/size. No ANZSCO occupation code available.,False
Table 6,6,"Employers who are satisfied with training as a way of meeting their skill needs by type of training and employer characteristics, timeseries (%)",Employer size,Large,Employers using nationally recognised training,2011,91.7,91.7,reported,False,pct,employer_size,False,Employer survey — joins on state/industry/size. No ANZSCO occupation code available.,False
Table 6,6,"Employers who are satisfied with training as a way of meeting their skill needs by type of training and employer characteristics, timeseries (%)",Employer size,Large,Employers using nationally recognised training,2013,88.7,88.7,reported,False,pct,employer_size,False,Employer survey — joins on state/industry/size. No ANZSCO occupation code available.,False
Table 6,6,"Employers who are satisfied with training as a way of meeting their skill needs by type of training and employer characteristics, timeseries (%)",Employer size,Large,Employers using nationally recognised training,2015,84.6,84.6,reported,False,pct,employer_size,False,Employer survey — joins on state/industry/size. No ANZSCO occupation code available.,False
Table 6,6,"Employers who are satisfied with training as a way of meeting their skill needs by type of training and employer characteristics, timeseries (%)",Employer size,Large,Employers using nationally recognised training,2017,83.3,83.3,reported,False,pct,employer_size,False,Employer survey — joins on state/industry/size. No ANZSCO occupation code available.,False
Table 6,6,"Employers who are satisfied with training as a way of meeting their skill needs by type of training and employer characteristics, timeseries (%)",Employer size,Large,Employers using nationally recognised training,2019,90.3,90.3,reported,False,pct,employer_size,False,Employer survey — joins on state/industry/size. No ANZSCO occupation code available.,False
Table 6,6,"Employers who are satisfied with training as a way of meeting their skill needs by type of training and employer characteristics, timeseries (%)",Employer size,Large,Employers using nationally recognised training,2021,89.4,89.4,reported,False,pct,employer_size,False,Employer survey — joins on state/industry/size. No ANZSCO occupation code available.,False
Table 6,6,"Employers who are satisfied with training as a way of meeting their skill needs by type of training and employer characteristics, timeseries (%)",Employer size,Large,Employers using nationally recognised training,2023,79.9,79.9*,reported,True,pct,employer_size,False,Employer survey — joins on state/industry/size. No ANZSCO occupation code available.,False
Table 6,6,"Employers who are satisfied with training as a way of meeting their skill needs by type of training and employer characteristics, timeseries (%)",Employer size,Large,Employers using nationally recognised training,2025,88.4,88.4,reported,False,pct,employer_size,False,Employer survey — joins on state/industry/size. No ANZSCO occupation code available.,False
Table 6,6,"Employers who are satisfied with training as a way of meeting their skill needs by type of training and employer characteristics, timeseries (%)",Employer size,Large,Employers using unaccredited training,2005,94.9,94.9,reported,False,pct,employer_size,False,Employer survey — joins on state/industry/size. No ANZSCO occupation code available.,False
Table 6,6,"Employers who are satisfied with training as a way of meeting their skill needs by type of training and employer characteristics, timeseries (%)",Employer size,Large,Employers using unaccredited training,2007,91.6,91.6,reported,False,pct,employer_size,False,Employer survey — joins on state/industry/size. No ANZSCO occupation code available.,False
Table 6,6,"Employers who are satisfied with training as a way of meeting their skill needs by type of training and employer characteristics, timeseries (%)",Employer size,Large,Employers using unaccredited training,2009,96.9,96.9,reported,False,pct,employer_size,False,Employer survey — joins on state/industry/size. No ANZSCO occupation code available.,False
Table 6,6,"Employers who are satisfied with training as a way of meeting their skill needs by type of training and employer characteristics, timeseries (%)",Employer size,Large,Employers using unaccredited training,2011,96.7,96.7,reported,False,pct,employer_size,False,Employer survey — joins on state/industry/size. No ANZSCO occupation code available.,False
Table 6,6,"Employers who are satisfied with training as a way of meeting their skill needs by type of training and employer characteristics, timeseries (%)",Employer size,Large,Employers using unaccredited training,2013,93.5,93.5,reported,False,pct,employer_size,False,Employer survey — joins on state/industry/size. No ANZSCO occupation code available.,False
Table 6,6,"Employers who are satisfied with training as a way of meeting their skill needs by type of training and employer characteristics, timeseries (%)",Employer size,Large,Employers using unaccredited training,2015,92.4,92.4,reported,False,pct,employer_size,False,Employer survey — joins on state/industry/size. No ANZSCO occupation code available.,False
Table 6,6,"Employers who are satisfied with training as a way of meeting their skill needs by type of training and employer characteristics, timeseries (%)",Employer size,Large,Employers using unaccredited training,2017,90.2,90.2,reported,False,pct,employer_size,False,Employer survey — joins on state/industry/size. No ANZSCO occupation code available.,False
Table 6,6,"Employers who are satisfied with training as a way of meeting their skill needs by type of training and employer characteristics, timeseries (%)",Employer size,Large,Employers using unaccredited training,2019,94.5,94.5,reported,False,pct,employer_size,False,Employer survey — joins on state/industry/size. No ANZSCO occupation code available.,False
Table 6,6,"Employers who are satisfied with training as a way of meeting their skill needs by type of training and employer characteristics, timeseries (%)",Employer size,Large,Employers using unaccredited training,2021,87.8,87.8,reported,False,pct,employer_size,False,Employer survey — joins on state/industry/size. No ANZSCO occupation code available.,False
Table 6,6,"Employers who are satisfied with training as a way of meeting their skill needs by type of training and employer characteristics, timeseries (%)",Employer size,Large,Employers using unaccredited training,2023,92.7,92.7,reported,False,pct,employer_size,False,Employer survey — joins on state/industry/size. No ANZSCO occupation code available.,False
Table 6,6,"Employers who are satisfied with training as a way of meeting their skill needs by type of training and employer characteristics, timeseries (%)",Employer size,Large,Employers using unaccredited training,2025,87.1,87.1,reported,False,pct,employer_size,False,Employer survey — joins on state/industry/size. No ANZSCO occupation code available.,False
Table 6,6,"Employers who are satisfied with training as a way of meeting their skill needs by type of training and employer characteristics, timeseries (%)",Employer size,Large,Employers with apprentices/trainees,2005,81.3,81.3,reported,False,pct,employer_size,False,Employer survey — joins on state/industry/size. No ANZSCO occupation code available.,False
Table 6,6,"Employers who are satisfied with training as a way of meeting their skill needs by type of training and employer characteristics, timeseries (%)",Employer size,Large,Employers with apprentices/trainees,2007,87.2,87.2,reported,False,pct,employer_size,False,Employer survey — joins on state/industry/size. No ANZSCO occupation code available.,False
Table 6,6,"Employers who are satisfied with training as a way of meeting their skill needs by type of training and employer characteristics, timeseries (%)",Employer size,Large,Employers with apprentices/trainees,2009,87.8,87.8,reported,False,pct,employer_size,False,Employer survey — joins on state/industry/size. No ANZSCO occupation code available.,False
Table 6,6,"Employers who are satisfied with training as a way of meeting their skill needs by type of training and employer characteristics, timeseries (%)",Employer size,Large,Employers with apprentices/trainees,2011,91.4,91.4,reported,False,pct,employer_size,False,Employer survey — joins on state/industry/size. No ANZSCO occupation code available.,False
Table 6,6,"Employers who are satisfied with training as a way of meeting their skill needs by type of training and employer characteristics, timeseries (%)",Employer size,Large,Employers with apprentices/trainees,2013,88.9,88.9,reported,False,pct,employer_size,False,Employer survey — joins on state/industry/size. No ANZSCO occupation code available.,False
Table 6,6,"Employers who are satisfied with training as a way of meeting their skill needs by type of training and employer characteristics, timeseries (%)",Employer size,Large,Employers with apprentices/trainees,2015,86.9,86.9,reported,False,pct,employer_size,False,Employer survey — joins on state/industry/size. No ANZSCO occupation code available.,False
Table 6,6,"Employers who are satisfied with training as a way of meeting their skill needs by type of training and employer characteristics, timeseries (%)",Employer size,Large,Employers with apprentices/trainees,2017,92.1,92.1,reported,False,pct,employer_size,False,Employer survey — joins on state/industry/size. No ANZSCO occupation code available.,False
Table 6,6,"Employers who are satisfied with training as a way of meeting their skill needs by type of training and employer characteristics, timeseries (%)",Employer size,Large,Employers with apprentices/trainees,2019,90.4,90.4,reported,False,pct,employer_size,False,Employer survey — joins on state/industry/size. No ANZSCO occupation code available.,False
Table 6,6,"Employers who are satisfied with training as a way of meeting their skill needs by type of training and employer characteristics, timeseries (%)",Employer size,Large,Employers with apprentices/trainees,2021,90.0,90,reported,False,pct,employer_size,False,Employer survey — joins on state/industry/size. No ANZSCO occupation code available.,False
Table 6,6,"Employers who are satisfied with training as a way of meeting their skill needs by type of training and employer characteristics, timeseries (%)",Employer size,Large,Employers with apprentices/trainees,2023,84.1,84.1,reported,False,pct,employer_size,False,Employer survey — joins on state/industry/size. No ANZSCO occupation code available.,False
Table 6,6,"Employers who are satisfied with training as a way of meeting their skill needs by type of training and employer characteristics, timeseries (%)",Employer size,Large,Employers with apprentices/trainees,2025,86.9,86.9,reported,False,pct,employer_size,False,Employer survey — joins on state/industry/size. No ANZSCO occupation code available.,False
Table 6,6,"Employers who are satisfied with training as a way of meeting their skill needs by type of training and employer characteristics, timeseries (%)",Employer size,Large,Employers with vocational qualifications as a job requirement,2005,83.2,83.2,reported,False,pct,employer_size,False,Employer survey — joins on state/industry/size. No ANZSCO occupation code available.,False
Table 6,6,"Employers who are satisfied with training as a way of meeting their skill needs by type of training and employer characteristics, timeseries (%)",Employer size,Large,Employers with vocational qualifications as a job requirement,2007,81.8,81.8,reported,False,pct,employer_size,False,Employer survey — joins on state/industry/size. No ANZSCO occupation code available.,False
Table 6,6,"Employers who are satisfied with training as a way of meeting their skill needs by type of training and employer characteristics, timeseries (%)",Employer size,Large,Employers with vocational qualifications as a job requirement,2009,81.7,81.7,reported,False,pct,employer_size,False,Employer survey — joins on state/industry/size. No ANZSCO occupation code available.,False
Table 6,6,"Employers who are satisfied with training as a way of meeting their skill needs by type of training and employer characteristics, timeseries (%)",Employer size,Large,Employers with vocational qualifications as a job requirement,2011,90.1,90.1,reported,False,pct,employer_size,False,Employer survey — joins on state/industry/size. No ANZSCO occupation code available.,False
Table 6,6,"Employers who are satisfied with training as a way of meeting their skill needs by type of training and employer characteristics, timeseries (%)",Employer size,Large,Employers with vocational qualifications as a job requirement,2013,81.2,81.2,reported,False,pct,employer_size,False,Employer survey — joins on state/industry/size. No ANZSCO occupation code available.,False
Table 6,6,"Employers who are satisfied with training as a way of meeting their skill needs by type of training and employer characteristics, timeseries (%)",Employer size,Large,Employers with vocational qualifications as a job requirement,2015,82.8,82.8,reported,False,pct,employer_size,False,Employer survey — joins on state/industry/size. No ANZSCO occupation code available.,False
Table 6,6,"Employers who are satisfied with training as a way of meeting their skill needs by type of training and employer characteristics, timeseries (%)",Employer size,Large,Employers with vocational qualifications as a job requirement,2017,77.4,77.4,reported,False,pct,employer_size,False,Employer survey — joins on state/industry/size. No ANZSCO occupation code available.,False
Table 6,6,"Employers who are satisfied with training as a way of meeting their skill needs by type of training and employer characteristics, timeseries (%)",Employer size,Large,Employers with vocational qualifications as a job requirement,2019,82.7,82.7,reported,False,pct,employer_size,False,Employer survey — joins on state/industry/size. No ANZSCO occupation code available.,False
Table 6,6,"Employers who are satisfied with training as a way of meeting their skill needs by type of training and employer characteristics, timeseries (%)",Employer size,Large,Employers with vocational qualifications as a job requirement,2021,84.5,84.5,reported,False,pct,employer_size,False,Employer survey — joins on state/industry/size. No ANZSCO occupation code available.,False
Table 6,6,"Employers who are satisfied with training as a way of meeting their skill needs by type of training and employer characteristics, timeseries (%)",Employer size,Large,Employers with vocational qualifications as a job requirement,2023,81.1,81.1,reported,False,pct,employer_size,False,Employer survey — joins on state/industry/size. No ANZSCO occupation code available.,False
Table 6,6,"Employers who are satisfied with training as a way of meeting their skill needs by type of training and employer characteristics, timeseries (%)",Employer size,Large,Employers with vocational qualifications as a job requirement,2025,72.7,72.7*,reported,True,pct,employer_size,False,Employer survey — joins on state/industry/size. No ANZSCO occupation code available.,False
Table 6,6,"Employers who are satisfied with training as a way of meeting their skill needs by type of training and employer characteristics, timeseries (%)",Employer size,Medium,Employers using nationally recognised training,2005,83.7,83.7,reported,False,pct,employer_size,False,Employer survey — joins on state/industry/size. No ANZSCO occupation code available.,False
Table 6,6,"Employers who are satisfied with training as a way of meeting their skill needs by type of training and employer characteristics, timeseries (%)",Employer size,Medium,Employers using nationally recognised training,2007,86.7,86.7,reported,False,pct,employer_size,False,Employer survey — joins on state/industry/size. No ANZSCO occupation code available.,False
Table 6,6,"Employers who are satisfied with training as a way of meeting their skill needs by type of training and employer characteristics, timeseries (%)",Employer size,Medium,Employers using nationally recognised training,2009,88.0,88,reported,False,pct,employer_size,False,Employer survey — joins on state/industry/size. No ANZSCO occupation code available.,False
Table 6,6,"Employers who are satisfied with training as a way of meeting their skill needs by type of training and employer characteristics, timeseries (%)",Employer size,Medium,Employers using nationally recognised training,2011,92.4,92.4,reported,False,pct,employer_size,False,Employer survey — joins on state/industry/size. No ANZSCO occupation code available.,False
Table 6,6,"Employers who are satisfied with training as a way of meeting their skill needs by type of training and employer characteristics, timeseries (%)",Employer size,Medium,Employers using nationally recognised training,2013,82.3,82.3,reported,False,pct,employer_size,False,Employer survey — joins on state/industry/size. No ANZSCO occupation code available.,False
Table 6,6,"Employers who are satisfied with training as a way of meeting their skill needs by type of training and employer characteristics, timeseries (%)",Employer size,Medium,Employers using nationally recognised training,2015,85.8,85.8,reported,False,pct,employer_size,False,Employer survey — joins on state/industry/size. No ANZSCO occupation code available.,False
Table 6,6,"Employers who are satisfied with training as a way of meeting their skill needs by type of training and employer characteristics, timeseries (%)",Employer size,Medium,Employers using nationally recognised training,2017,83.6,83.6,reported,False,pct,employer_size,False,Employer survey — joins on state/industry/size. No ANZSCO occupation code available.,False
Table 6,6,"Employers who are satisfied with training as a way of meeting their skill needs by type of training and employer characteristics, timeseries (%)",Employer size,Medium,Employers using nationally recognised training,2019,79.4,79.4,reported,False,pct,employer_size,False,Employer survey — joins on state/industry/size. No ANZSCO occupation code available.,False
Table 6,6,"Employers who are satisfied with training as a way of meeting their skill needs by type of training and employer characteristics, timeseries (%)",Employer size,Medium,Employers using nationally recognised training,2021,80.9,80.9,reported,False,pct,employer_size,False,Employer survey — joins on state/industry/size. No ANZSCO occupation code available.,False
Table 6,6,"Employers who are satisfied with training as a way of meeting their skill needs by type of training and employer characteristics, timeseries (%)",Employer size,Medium,Employers using nationally recognised training,2023,81.1,81.1,reported,False,pct,employer_size,False,Employer survey — joins on state/industry/size. No ANZSCO occupation code available.,False
Table 6,6,"Employers who are satisfied with training as a way of meeting their skill needs by type of training and employer characteristics, timeseries (%)",Employer size,Medium,Employers using nationally recognised training,2025,79.4,79.4,reported,False,pct,employer_size,False,Employer survey — joins on state/industry/size. No ANZSCO occupation code available.,False
Table 6,6,"Employers who are satisfied with training as a way of meeting their skill needs by type of training and employer characteristics, timeseries (%)",Employer size,Medium,Employers using unaccredited training,2005,90.4,90.4,reported,False,pct,employer_size,False,Employer survey — joins on state/industry/size. No ANZSCO occupation code available.,False
Table 6,6,"Employers who are satisfied with training as a way of meeting their skill needs by type of training and employer characteristics, timeseries (%)",Employer size,Medium,Employers using unaccredited training,2007,93.4,93.4,reported,False,pct,employer_size,False,Employer survey — joins on state/industry/size. No ANZSCO occupation code available.,False
Table 6,6,"Employers who are satisfied with training as a way of meeting their skill needs by type of training and employer characteristics, timeseries (%)",Employer size,Medium,Employers using unaccredited training,2009,96.1,96.1,reported,False,pct,employer_size,False,Employer survey — joins on state/industry/size. No ANZSCO occupation code available.,False
Table 6,6,"Employers who are satisfied with training as a way of meeting their skill needs by type of training and employer characteristics, timeseries (%)",Employer size,Medium,Employers using unaccredited training,2011,97.1,97.1,reported,False,pct,employer_size,False,Employer survey — joins on state/industry/size. No ANZSCO occupation code available.,False
Table 6,6,"Employers who are satisfied with training as a way of meeting their skill needs by type of training and employer characteristics, timeseries (%)",Employer size,Medium,Employers using unaccredited training,2013,89.3,89.3,reported,False,pct,employer_size,False,Employer survey — joins on state/industry/size. No ANZSCO occupation code available.,False
Table 6,6,"Employers who are satisfied with training as a way of meeting their skill needs by type of training and employer characteristics, timeseries (%)",Employer size,Medium,Employers using unaccredited training,2015,90.7,90.7,reported,False,pct,employer_size,False,Employer survey — joins on state/industry/size. No ANZSCO occupation code available.,False
Table 6,6,"Employers who are satisfied with training as a way of meeting their skill needs by type of training and employer characteristics, timeseries (%)",Employer size,Medium,Employers using unaccredited training,2017,90.9,90.9,reported,False,pct,employer_size,False,Employer survey — joins on state/industry/size. No ANZSCO occupation code available.,False
Table 6,6,"Employers who are satisfied with training as a way of meeting their skill needs by type of training and employer characteristics, timeseries (%)",Employer size,Medium,Employers using unaccredited training,2019,86.2,86.2,reported,False,pct,employer_size,False,Employer survey — joins on state/industry/size. No ANZSCO occupation code available.,False
Table 6,6,"Employers who are satisfied with training as a way of meeting their skill needs by type of training and employer characteristics, timeseries (%)",Employer size,Medium,Employers using unaccredited training,2021,83.4,83.4,reported,False,pct,employer_size,False,Employer survey — joins on state/industry/size. No ANZSCO occupation code available.,False
Table 6,6,"Employers who are satisfied with training as a way of meeting their skill needs by type of training and employer characteristics, timeseries (%)",Employer size,Medium,Employers using unaccredited training,2023,87.5,87.5,reported,False,pct,employer_size,False,Employer survey — joins on state/industry/size. No ANZSCO occupation code available.,False
Table 6,6,"Employers who are satisfied with training as a way of meeting their skill needs by type of training and employer characteristics, timeseries (%)",Employer size,Medium,Employers using unaccredited training,2025,88.2,88.2,reported,False,pct,employer_size,False,Employer survey — joins on state/industry/size. No ANZSCO occupation code available.,False
Table 6,6,"Employers who are satisfied with training as a way of meeting their skill needs by type of training and employer characteristics, timeseries (%)",Employer size,Medium,Employers with apprentices/trainees,2005,83.4,83.4,reported,False,pct,employer_size,False,Employer survey — joins on state/industry/size. No ANZSCO occupation code available.,False
Table 6,6,"Employers who are satisfied with training as a way of meeting their skill needs by type of training and employer characteristics, timeseries (%)",Employer size,Medium,Employers with apprentices/trainees,2007,80.8,80.8,reported,False,pct,employer_size,False,Employer survey — joins on state/industry/size. No ANZSCO occupation code available.,False
Table 6,6,"Employers who are satisfied with training as a way of meeting their skill needs by type of training and employer characteristics, timeseries (%)",Employer size,Medium,Employers with apprentices/trainees,2009,83.6,83.6,reported,False,pct,employer_size,False,Employer survey — joins on state/industry/size. No ANZSCO occupation code available.,False
Table 6,6,"Employers who are satisfied with training as a way of meeting their skill needs by type of training and employer characteristics, timeseries (%)",Employer size,Medium,Employers with apprentices/trainees,2011,86.3,86.3,reported,False,pct,employer_size,False,Employer survey — joins on state/industry/size. No ANZSCO occupation code available.,False
Table 6,6,"Employers who are satisfied with training as a way of meeting their skill needs by type of training and employer characteristics, timeseries (%)",Employer size,Medium,Employers with apprentices/trainees,2013,82.3,82.3,reported,False,pct,employer_size,False,Employer survey — joins on state/industry/size. No ANZSCO occupation code available.,False
Table 6,6,"Employers who are satisfied with training as a way of meeting their skill needs by type of training and employer characteristics, timeseries (%)",Employer size,Medium,Employers with apprentices/trainees,2015,84.4,84.4,reported,False,pct,employer_size,False,Employer survey — joins on state/industry/size. No ANZSCO occupation code available.,False
Table 6,6,"Employers who are satisfied with training as a way of meeting their skill needs by type of training and employer characteristics, timeseries (%)",Employer size,Medium,Employers with apprentices/trainees,2017,78.5,78.5,reported,False,pct,employer_size,False,Employer survey — joins on state/industry/size. No ANZSCO occupation code available.,False
Table 6,6,"Employers who are satisfied with training as a way of meeting their skill needs by type of training and employer characteristics, timeseries (%)",Employer size,Medium,Employers with apprentices/trainees,2019,80.3,80.3,reported,False,pct,employer_size,False,Employer survey — joins on state/industry/size. No ANZSCO occupation code available.,False
Table 6,6,"Employers who are satisfied with training as a way of meeting their skill needs by type of training and employer characteristics, timeseries (%)",Employer size,Medium,Employers with apprentices/trainees,2021,77.2,77.2,reported,False,pct,employer_size,False,Employer survey — joins on state/industry/size. No ANZSCO occupation code available.,False
Table 6,6,"Employers who are satisfied with training as a way of meeting their skill needs by type of training and employer characteristics, timeseries (%)",Employer size,Medium,Employers with apprentices/trainees,2023,79.1,79.1,reported,False,pct,employer_size,False,Employer survey — joins on state/industry/size. No ANZSCO occupation code available.,False
Table 6,6,"Employers who are satisfied with training as a way of meeting their skill needs by type of training and employer characteristics, timeseries (%)",Employer size,Medium,Employers with apprentices/trainees,2025,80.0,80,reported,False,pct,employer_size,False,Employer survey — joins on state/industry/size. No ANZSCO occupation code available.,False
Table 6,6,"Employers who are satisfied with training as a way of meeting their skill needs by type of training and employer characteristics, timeseries (%)",Employer size,Medium,Employers with vocational qualifications as a job requirement,2005,80.7,80.7,reported,False,pct,employer_size,False,Employer survey — joins on state/industry/size. No ANZSCO occupation code available.,False
Table 6,6,"Employers who are satisfied with training as a way of meeting their skill needs by type of training and employer characteristics, timeseries (%)",Employer size,Medium,Employers with vocational qualifications as a job requirement,2007,80.2,80.2,reported,False,pct,employer_size,False,Employer survey — joins on state/industry/size. No ANZSCO occupation code available.,False
Table 6,6,"Employers who are satisfied with training as a way of meeting their skill needs by type of training and employer characteristics, timeseries (%)",Employer size,Medium,Employers with vocational qualifications as a job requirement,2009,84.6,84.6,reported,False,pct,employer_size,False,Employer survey — joins on state/industry/size. No ANZSCO occupation code available.,False
Table 6,6,"Employers who are satisfied with training as a way of meeting their skill needs by type of training and employer characteristics, timeseries (%)",Employer size,Medium,Employers with vocational qualifications as a job requirement,2011,84.5,84.5,reported,False,pct,employer_size,False,Employer survey — joins on state/industry/size. No ANZSCO occupation code available.,False
Table 6,6,"Employers who are satisfied with training as a way of meeting their skill needs by type of training and employer characteristics, timeseries (%)",Employer size,Medium,Employers with vocational qualifications as a job requirement,2013,78.7,78.7,reported,False,pct,employer_size,False,Employer survey — joins on state/industry/size. No ANZSCO occupation code available.,False
Table 6,6,"Employers who are satisfied with training as a way of meeting their skill needs by type of training and employer characteristics, timeseries (%)",Employer size,Medium,Employers with vocational qualifications as a job requirement,2015,78.8,78.8,reported,False,pct,employer_size,False,Employer survey — joins on state/industry/size. No ANZSCO occupation code available.,False
Table 6,6,"Employers who are satisfied with training as a way of meeting their skill needs by type of training and employer characteristics, timeseries (%)",Employer size,Medium,Employers with vocational qualifications as a job requirement,2017,76.4,76.4,reported,False,pct,employer_size,False,Employer survey — joins on state/industry/size. No ANZSCO occupation code available.,False
Table 6,6,"Employers who are satisfied with training as a way of meeting their skill needs by type of training and employer characteristics, timeseries (%)",Employer size,Medium,Employers with vocational qualifications as a job requirement,2019,72.1,72.1,reported,False,pct,employer_size,False,Employer survey — joins on state/industry/size. No ANZSCO occupation code available.,False
Table 6,6,"Employers who are satisfied with training as a way of meeting their skill needs by type of training and employer characteristics, timeseries (%)",Employer size,Medium,Employers with vocational qualifications as a job requirement,2021,75.5,75.5,reported,False,pct,employer_size,False,Employer survey — joins on state/industry/size. No ANZSCO occupation code available.,False
Table 6,6,"Employers who are satisfied with training as a way of meeting their skill needs by type of training and employer characteristics, timeseries (%)",Employer size,Medium,Employers with vocational qualifications as a job requirement,2023,78.2,78.2,reported,False,pct,employer_size,False,Employer survey — joins on state/industry/size. No ANZSCO occupation code available.,False
Table 6,6,"Employers who are satisfied with training as a way of meeting their skill needs by type of training and employer characteristics, timeseries (%)",Employer size,Medium,Employers with vocational qualifications as a job requirement,2025,75.2,75.2,reported,False,pct,employer_size,False,Employer survey — joins on state/industry/size. No ANZSCO occupation code available.,False
Table 6,6,"Employers who are satisfied with training as a way of meeting their skill needs by type of training and employer characteristics, timeseries (%)",Employer size,Small,Employers using nationally recognised training,2005,79.4,79.4,reported,False,pct,employer_size,False,Employer survey — joins on state/industry/size. No ANZSCO occupation code available.,False
Table 6,6,"Employers who are satisfied with training as a way of meeting their skill needs by type of training and employer characteristics, timeseries (%)",Employer size,Small,Employers using nationally recognised training,2007,76.8,76.8,reported,False,pct,employer_size,False,Employer survey — joins on state/industry/size. No ANZSCO occupation code available.,False
Table 6,6,"Employers who are satisfied with training as a way of meeting their skill needs by type of training and employer characteristics, timeseries (%)",Employer size,Small,Employers using nationally recognised training,2009,84.9,84.9,reported,False,pct,employer_size,False,Employer survey — joins on state/industry/size. No ANZSCO occupation code available.,False
Table 6,6,"Employers who are satisfied with training as a way of meeting their skill needs by type of training and employer characteristics, timeseries (%)",Employer size,Small,Employers using nationally recognised training,2011,86.1,86.1,reported,False,pct,employer_size,False,Employer survey — joins on state/industry/size. No ANZSCO occupation code available.,False
Table 6,6,"Employers who are satisfied with training as a way of meeting their skill needs by type of training and employer characteristics, timeseries (%)",Employer size,Small,Employers using nationally recognised training,2013,82.9,82.9,reported,False,pct,employer_size,False,Employer survey — joins on state/industry/size. No ANZSCO occupation code available.,False
Table 6,6,"Employers who are satisfied with training as a way of meeting their skill needs by type of training and employer characteristics, timeseries (%)",Employer size,Small,Employers using nationally recognised training,2015,82.5,82.5,reported,False,pct,employer_size,False,Employer survey — joins on state/industry/size. No ANZSCO occupation code available.,False
Table 6,6,"Employers who are satisfied with training as a way of meeting their skill needs by type of training and employer characteristics, timeseries (%)",Employer size,Small,Employers using nationally recognised training,2017,80.8,80.8,reported,False,pct,employer_size,False,Employer survey — joins on state/industry/size. No ANZSCO occupation code available.,False
Table 6,6,"Employers who are satisfied with training as a way of meeting their skill needs by type of training and employer characteristics, timeseries (%)",Employer size,Small,Employers using nationally recognised training,2019,76.7,76.7,reported,False,pct,employer_size,False,Employer survey — joins on state/industry/size. No ANZSCO occupation code available.,False
Table 6,6,"Employers who are satisfied with training as a way of meeting their skill needs by type of training and employer characteristics, timeseries (%)",Employer size,Small,Employers using nationally recognised training,2021,75.7,75.7,reported,False,pct,employer_size,False,Employer survey — joins on state/industry/size. No ANZSCO occupation code available.,False
Table 6,6,"Employers who are satisfied with training as a way of meeting their skill needs by type of training and employer characteristics, timeseries (%)",Employer size,Small,Employers using nationally recognised training,2023,75.6,75.6,reported,False,pct,employer_size,False,Employer survey — joins on state/industry/size. No ANZSCO occupation code available.,False
Table 6,6,"Employers who are satisfied with training as a way of meeting their skill needs by type of training and employer characteristics, timeseries (%)",Employer size,Small,Employers using nationally recognised training,2025,72.0,72,reported,False,pct,employer_size,False,Employer survey — joins on state/industry/size. No ANZSCO occupation code available.,False
Table 6,6,"Employers who are satisfied with training as a way of meeting their skill needs by type of training and employer characteristics, timeseries (%)",Employer size,Small,Employers using unaccredited training,2005,92.2,92.2,reported,False,pct,employer_size,False,Employer survey — joins on state/industry/size. No ANZSCO occupation code available.,False
Table 6,6,"Employers who are satisfied with training as a way of meeting their skill needs by type of training and employer characteristics, timeseries (%)",Employer size,Small,Employers using unaccredited training,2007,92.3,92.3,reported,False,pct,employer_size,False,Employer survey — joins on state/industry/size. No ANZSCO occupation code available.,False
Table 6,6,"Employers who are satisfied with training as a way of meeting their skill needs by type of training and employer characteristics, timeseries (%)",Employer size,Small,Employers using unaccredited training,2009,94.9,94.9,reported,False,pct,employer_size,False,Employer survey — joins on state/industry/size. No ANZSCO occupation code available.,False
Table 6,6,"Employers who are satisfied with training as a way of meeting their skill needs by type of training and employer characteristics, timeseries (%)",Employer size,Small,Employers using unaccredited training,2011,95.6,95.6,reported,False,pct,employer_size,False,Employer survey — joins on state/industry/size. No ANZSCO occupation code available.,False
Table 6,6,"Employers who are satisfied with training as a way of meeting their skill needs by type of training and employer characteristics, timeseries (%)",Employer size,Small,Employers using unaccredited training,2013,90.6,90.6,reported,False,pct,employer_size,False,Employer survey — joins on state/industry/size. No ANZSCO occupation code available.,False
Table 6,6,"Employers who are satisfied with training as a way of meeting their skill needs by type of training and employer characteristics, timeseries (%)",Employer size,Small,Employers using unaccredited training,2015,89.9,89.9,reported,False,pct,employer_size,False,Employer survey — joins on state/industry/size. No ANZSCO occupation code available.,False
Table 6,6,"Employers who are satisfied with training as a way of meeting their skill needs by type of training and employer characteristics, timeseries (%)",Employer size,Small,Employers using unaccredited training,2017,86.9,86.9,reported,False,pct,employer_size,False,Employer survey — joins on state/industry/size. No ANZSCO occupation code available.,False
Table 6,6,"Employers who are satisfied with training as a way of meeting their skill needs by type of training and employer characteristics, timeseries (%)",Employer size,Small,Employers using unaccredited training,2019,87.4,87.4,reported,False,pct,employer_size,False,Employer survey — joins on state/industry/size. No ANZSCO occupation code available.,False
Table 6,6,"Employers who are satisfied with training as a way of meeting their skill needs by type of training and employer characteristics, timeseries (%)",Employer size,Small,Employers using unaccredited training,2021,83.5,83.5,reported,False,pct,employer_size,False,Employer survey — joins on state/industry/size. No ANZSCO occupation code available.,False
Table 6,6,"Employers who are satisfied with training as a way of meeting their skill needs by type of training and employer characteristics, timeseries (%)",Employer size,Small,Employers using unaccredited training,2023,84.7,84.7,reported,False,pct,employer_size,False,Employer survey — joins on state/industry/size. No ANZSCO occupation code available.,False
Table 6,6,"Employers who are satisfied with training as a way of meeting their skill needs by type of training and employer characteristics, timeseries (%)",Employer size,Small,Employers using unaccredited training,2025,84.7,84.7,reported,False,pct,employer_size,False,Employer survey — joins on state/industry/size. No ANZSCO occupation code available.,False
Table 6,6,"Employers who are satisfied with training as a way of meeting their skill needs by type of training and employer characteristics, timeseries (%)",Employer size,Small,Employers with apprentices/trainees,2005,75.8,75.8,reported,False,pct,employer_size,False,Employer survey — joins on state/industry/size. No ANZSCO occupation code available.,False
Table 6,6,"Employers who are satisfied with training as a way of meeting their skill needs by type of training and employer characteristics, timeseries (%)",Employer size,Small,Employers with apprentices/trainees,2007,84.6,84.6,reported,False,pct,employer_size,False,Employer survey — joins on state/industry/size. No ANZSCO occupation code available.,False
Table 6,6,"Employers who are satisfied with training as a way of meeting their skill needs by type of training and employer characteristics, timeseries (%)",Employer size,Small,Employers with apprentices/trainees,2009,82.6,82.6,reported,False,pct,employer_size,False,Employer survey — joins on state/industry/size. No ANZSCO occupation code available.,False
Table 6,6,"Employers who are satisfied with training as a way of meeting their skill needs by type of training and employer characteristics, timeseries (%)",Employer size,Small,Employers with apprentices/trainees,2011,80.1,80.1,reported,False,pct,employer_size,False,Employer survey — joins on state/industry/size. No ANZSCO occupation code available.,False
Table 6,6,"Employers who are satisfied with training as a way of meeting their skill needs by type of training and employer characteristics, timeseries (%)",Employer size,Small,Employers with apprentices/trainees,2013,75.7,75.7,reported,False,pct,employer_size,False,Employer survey — joins on state/industry/size. No ANZSCO occupation code available.,False
Table 6,6,"Employers who are satisfied with training as a way of meeting their skill needs by type of training and employer characteristics, timeseries (%)",Employer size,Small,Employers with apprentices/trainees,2015,79.6,79.6,reported,False,pct,employer_size,False,Employer survey — joins on state/industry/size. No ANZSCO occupation code available.,False
Table 6,6,"Employers who are satisfied with training as a way of meeting their skill needs by type of training and employer characteristics, timeseries (%)",Employer size,Small,Employers with apprentices/trainees,2017,75.4,75.4,reported,False,pct,employer_size,False,Employer survey — joins on state/industry/size. No ANZSCO occupation code available.,False
Table 6,6,"Employers who are satisfied with training as a way of meeting their skill needs by type of training and employer characteristics, timeseries (%)",Employer size,Small,Employers with apprentices/trainees,2019,75.3,75.3,reported,False,pct,employer_size,False,Employer survey — joins on state/industry/size. No ANZSCO occupation code available.,False
Table 6,6,"Employers who are satisfied with training as a way of meeting their skill needs by type of training and employer characteristics, timeseries (%)",Employer size,Small,Employers with apprentices/trainees,2021,71.1,71.1,reported,False,pct,employer_size,False,Employer survey — joins on state/industry/size. No ANZSCO occupation code available.,False
Table 6,6,"Employers who are satisfied with training as a way of meeting their skill needs by type of training and employer characteristics, timeseries (%)",Employer size,Small,Employers with apprentices/trainees,2023,67.2,67.2,reported,False,pct,employer_size,False,Employer survey — joins on state/industry/size. No ANZSCO occupation code available.,False
Table 6,6,"Employers who are satisfied with training as a way of meeting their skill needs by type of training and employer characteristics, timeseries (%)",Employer size,Small,Employers with apprentices/trainees,2025,73.2,73.2,reported,False,pct,employer_size,False,Employer survey — joins on state/industry/size. No ANZSCO occupation code available.,False
Table 6,6,"Employers who are satisfied with training as a way of meeting their skill needs by type of training and employer characteristics, timeseries (%)",Employer size,Small,Employers with vocational qualifications as a job requirement,2005,74.2,74.2,reported,False,pct,employer_size,False,Employer survey — joins on state/industry/size. No ANZSCO occupation code available.,False
Table 6,6,"Employers who are satisfied with training as a way of meeting their skill needs by type of training and employer characteristics, timeseries (%)",Employer size,Small,Employers with vocational qualifications as a job requirement,2007,80.8,80.8,reported,False,pct,employer_size,False,Employer survey — joins on state/industry/size. No ANZSCO occupation code available.,False
Table 6,6,"Employers who are satisfied with training as a way of meeting their skill needs by type of training and employer characteristics, timeseries (%)",Employer size,Small,Employers with vocational qualifications as a job requirement,2009,82.6,82.6,reported,False,pct,employer_size,False,Employer survey — joins on state/industry/size. No ANZSCO occupation code available.,False
Table 6,6,"Employers who are satisfied with training as a way of meeting their skill needs by type of training and employer characteristics, timeseries (%)",Employer size,Small,Employers with vocational qualifications as a job requirement,2011,84.2,84.2,reported,False,pct,employer_size,False,Employer survey — joins on state/industry/size. No ANZSCO occupation code available.,False
Table 6,6,"Employers who are satisfied with training as a way of meeting their skill needs by type of training and employer characteristics, timeseries (%)",Employer size,Small,Employers with vocational qualifications as a job requirement,2013,77.9,77.9,reported,False,pct,employer_size,False,Employer survey — joins on state/industry/size. No ANZSCO occupation code available.,False
Table 6,6,"Employers who are satisfied with training as a way of meeting their skill needs by type of training and employer characteristics, timeseries (%)",Employer size,Small,Employers with vocational qualifications as a job requirement,2015,74.4,74.4,reported,False,pct,employer_size,False,Employer survey — joins on state/industry/size. No ANZSCO occupation code available.,False
Table 6,6,"Employers who are satisfied with training as a way of meeting their skill needs by type of training and employer characteristics, timeseries (%)",Employer size,Small,Employers with vocational qualifications as a job requirement,2017,74.7,74.7,reported,False,pct,employer_size,False,Employer survey — joins on state/industry/size. No ANZSCO occupation code available.,False
Table 6,6,"Employers who are satisfied with training as a way of meeting their skill needs by type of training and employer characteristics, timeseries (%)",Employer size,Small,Employers with vocational qualifications as a job requirement,2019,71.3,71.3,reported,False,pct,employer_size,False,Employer survey — joins on state/industry/size. No ANZSCO occupation code available.,False
Table 6,6,"Employers who are satisfied with training as a way of meeting their skill needs by type of training and employer characteristics, timeseries (%)",Employer size,Small,Employers with vocational qualifications as a job requirement,2021,73.0,73,reported,False,pct,employer_size,False,Employer survey — joins on state/industry/size. No ANZSCO occupation code available.,False
Table 6,6,"Employers who are satisfied with training as a way of meeting their skill needs by type of training and employer characteristics, timeseries (%)",Employer size,Small,Employers with vocational qualifications as a job requirement,2023,70.7,70.7,reported,False,pct,employer_size,False,Employer survey — joins on state/industry/size. No ANZSCO occupation code available.,False
Table 6,6,"Employers who are satisfied with training as a way of meeting their skill needs by type of training and employer characteristics, timeseries (%)",Employer size,Small,Employers with vocational qualifications as a job requirement,2025,73.8,73.8,reported,False,pct,employer_size,False,Employer survey — joins on state/industry/size. No ANZSCO occupation code available.,False
Table 10,10,"Type of provider used to conduct the majority of formal training for apprentices and trainees in the last 12 months, timeseries (% of all employers with apprentices or trainees)",Employer size,Large,No external training providers used,2005,7.2,7.2*,reported,True,pct,employer_size,False,Employer survey — joins on state/industry/size. No ANZSCO occupation code available.,False
Table 10,10,"Type of provider used to conduct the majority of formal training for apprentices and trainees in the last 12 months, timeseries (% of all employers with apprentices or trainees)",Employer size,Large,No external training providers used,2007,4.7,4.7,reported,False,pct,employer_size,False,Employer survey — joins on state/industry/size. No ANZSCO occupation code available.,False
Table 10,10,"Type of provider used to conduct the majority of formal training for apprentices and trainees in the last 12 months, timeseries (% of all employers with apprentices or trainees)",Employer size,Large,No external training providers used,2009,2.6,2.6*,reported,True,pct,employer_size,False,Employer survey — joins on state/industry/size. No ANZSCO occupation code available.,False
Table 10,10,"Type of provider used to conduct the majority of formal training for apprentices and trainees in the last 12 months, timeseries (% of all employers with apprentices or trainees)",Employer size,Large,No external training providers used,2011,2.7,2.7*,reported,True,pct,employer_size,False,Employer survey — joins on state/industry/size. No ANZSCO occupation code available.,False
Table 10,10,"Type of provider used to conduct the majority of formal training for apprentices and trainees in the last 12 months, timeseries (% of all employers with apprentices or trainees)",Employer size,Large,No external training providers used,2013,9.9,9.9*,reported,True,pct,employer_size,False,Employer survey — joins on state/industry/size. No ANZSCO occupation code available.,False
Table 10,10,"Type of provider used to conduct the majority of formal training for apprentices and trainees in the last 12 months, timeseries (% of all employers with apprentices or trainees)",Employer size,Large,No external training providers used,2015,4.2,4.2*,reported,True,pct,employer_size,False,Employer survey — joins on state/industry/size. No ANZSCO occupation code available.,False
Table 10,10,"Type of provider used to conduct the majority of formal training for apprentices and trainees in the last 12 months, timeseries (% of all employers with apprentices or trainees)",Employer size,Large,No external training providers used,2017,2.2,2.2*,reported,True,pct,employer_size,False,Employer survey — joins on state/industry/size. No ANZSCO occupation code available.,False
Table 10,10,"Type of provider used to conduct the majority of formal training for apprentices and trainees in the last 12 months, timeseries (% of all employers with apprentices or trainees)",Employer size,Large,No external training providers used,2019,2.8,2.8,reported,False,pct,employer_size,False,Employer survey — joins on state/industry/size. No ANZSCO occupation code available.,False
Table 10,10,"Type of provider used to conduct the majority of formal training for apprentices and trainees in the last 12 months, timeseries (% of all employers with apprentices or trainees)",Employer size,Large,No external training providers used,2021,7.4,7.4,reported,False,pct,employer_size,False,Employer survey — joins on state/industry/size. No ANZSCO occupation code available.,False
Table 10,10,"Type of provider used to conduct the majority of formal training for apprentices and trainees in the last 12 months, timeseries (% of all employers with apprentices or trainees)",Employer size,Large,No external training providers used,2023,3.1,3.1,reported,False,pct,employer_size,False,Employer survey — joins on state/industry/size. No ANZSCO occupation code available.,False
Table 10,10,"Type of provider used to conduct the majority of formal training for apprentices and trainees in the last 12 months, timeseries (% of all employers with apprentices or trainees)",Employer size,Large,No external training providers used,2025,1.1,1.1,reported,False,pct,employer_size,False,Employer survey — joins on state/industry/size. No ANZSCO occupation code available.,False
Table 10,10,"Type of provider used to conduct the majority of formal training for apprentices and trainees in the last 12 months, timeseries (% of all employers with apprentices or trainees)",Employer size,Large,Other providers used for training apprentices/trainees,2005,10.0,10.0*,reported,True,pct,employer_size,False,Employer survey — joins on state/industry/size. No ANZSCO occupation code available.,False
Table 10,10,"Type of provider used to conduct the majority of formal training for apprentices and trainees in the last 12 months, timeseries (% of all employers with apprentices or trainees)",Employer size,Large,Other providers used for training apprentices/trainees,2007,6.0,6.0*,reported,True,pct,employer_size,False,Employer survey — joins on state/industry/size. No ANZSCO occupation code available.,False
Table 10,10,"Type of provider used to conduct the majority of formal training for apprentices and trainees in the last 12 months, timeseries (% of all employers with apprentices or trainees)",Employer size,Large,Other providers used for training apprentices/trainees,2009,8.0,8.0*,reported,True,pct,employer_size,False,Employer survey — joins on state/industry/size. No ANZSCO occupation code available.,False
Table 10,10,"Type of provider used to conduct the majority of formal training for apprentices and trainees in the last 12 months, timeseries (% of all employers with apprentices or trainees)",Employer size,Large,Other providers used for training apprentices/trainees,2011,9.5,9.5*,reported,True,pct,employer_size,False,Employer survey — joins on state/industry/size. No ANZSCO occupation code available.,False
Table 10,10,"Type of provider used to conduct the majority of formal training for apprentices and trainees in the last 12 months, timeseries (% of all employers with apprentices or trainees)",Employer size,Large,Other providers used for training apprentices/trainees,2013,10.3,10.3*,reported,True,pct,employer_size,False,Employer survey — joins on state/industry/size. No ANZSCO occupation code available.,False
Table 10,10,"Type of provider used to conduct the majority of formal training for apprentices and trainees in the last 12 months, timeseries (% of all employers with apprentices or trainees)",Employer size,Large,Other providers used for training apprentices/trainees,2015,7.0,7.0*,reported,True,pct,employer_size,False,Employer survey — joins on state/industry/size. No ANZSCO occupation code available.,False
Table 10,10,"Type of provider used to conduct the majority of formal training for apprentices and trainees in the last 12 months, timeseries (% of all employers with apprentices or trainees)",Employer size,Large,Other providers used for training apprentices/trainees,2017,4.5,4.5*,reported,True,pct,employer_size,False,Employer survey — joins on state/industry/size. No ANZSCO occupation code available.,False
Table 10,10,"Type of provider used to conduct the majority of formal training for apprentices and trainees in the last 12 months, timeseries (% of all employers with apprentices or trainees)",Employer size,Large,Other providers used for training apprentices/trainees,2019,3.9,3.9,reported,False,pct,employer_size,False,Employer survey — joins on state/industry/size. No ANZSCO occupation code available.,False
Table 10,10,"Type of provider used to conduct the majority of formal training for apprentices and trainees in the last 12 months, timeseries (% of all employers with apprentices or trainees)",Employer size,Large,Other providers used for training apprentices/trainees,2021,1.3,1.3,reported,False,pct,employer_size,False,Employer survey — joins on state/industry/size. No ANZSCO occupation code available.,False
Table 10,10,"Type of provider used to conduct the majority of formal training for apprentices and trainees in the last 12 months, timeseries (% of all employers with apprentices or trainees)",Employer size,Large,Other providers used for training apprentices/trainees,2023,20.9,20.9*,reported,True,pct,employer_size,False,Employer survey — joins on state/industry/size. No ANZSCO occupation code available.,False
Table 10,10,"Type of provider used to conduct the majority of formal training for apprentices and trainees in the last 12 months, timeseries (% of all employers with apprentices or trainees)",Employer size,Large,Other providers used for training apprentices/trainees,2025,16.5,16.5*,reported,True,pct,employer_size,False,Employer survey — joins on state/industry/size. No ANZSCO occupation code available.,False
Table 10,10,"Type of provider used to conduct the majority of formal training for apprentices and trainees in the last 12 months, timeseries (% of all employers with apprentices or trainees)",Employer size,Large,Private training providers,2005,23.2,23.2,reported,False,pct,employer_size,False,Employer survey — joins on state/industry/size. No ANZSCO occupation code available.,False
Table 10,10,"Type of provider used to conduct the majority of formal training for apprentices and trainees in the last 12 months, timeseries (% of all employers with apprentices or trainees)",Employer size,Large,Private training providers,2007,28.8,28.8,reported,False,pct,employer_size,False,Employer survey — joins on state/industry/size. No ANZSCO occupation code available.,False
Table 10,10,"Type of provider used to conduct the majority of formal training for apprentices and trainees in the last 12 months, timeseries (% of all employers with apprentices or trainees)",Employer size,Large,Private training providers,2009,34.3,34.3,reported,False,pct,employer_size,False,Employer survey — joins on state/industry/size. No ANZSCO occupation code available.,False
Table 10,10,"Type of provider used to conduct the majority of formal training for apprentices and trainees in the last 12 months, timeseries (% of all employers with apprentices or trainees)",Employer size,Large,Private training providers,2011,37.7,37.7,reported,False,pct,employer_size,False,Employer survey — joins on state/industry/size. No ANZSCO occupation code available.,False
Table 10,10,"Type of provider used to conduct the majority of formal training for apprentices and trainees in the last 12 months, timeseries (% of all employers with apprentices or trainees)",Employer size,Large,Private training providers,2013,30.5,30.5,reported,False,pct,employer_size,False,Employer survey — joins on state/industry/size. No ANZSCO occupation code available.,False
Table 10,10,"Type of provider used to conduct the majority of formal training for apprentices and trainees in the last 12 months, timeseries (% of all employers with apprentices or trainees)",Employer size,Large,Private training providers,2015,29.8,29.8,reported,False,pct,employer_size,False,Employer survey — joins on state/industry/size. No ANZSCO occupation code available.,False
Table 10,10,"Type of provider used to conduct the majority of formal training for apprentices and trainees in the last 12 months, timeseries (% of all employers with apprentices or trainees)",Employer size,Large,Private training providers,2017,27.5,27.5,reported,False,pct,employer_size,False,Employer survey — joins on state/industry/size. No ANZSCO occupation code available.,False
Table 10,10,"Type of provider used to conduct the majority of formal training for apprentices and trainees in the last 12 months, timeseries (% of all employers with apprentices or trainees)",Employer size,Large,Private training providers,2019,44.6,44.6*,reported,True,pct,employer_size,False,Employer survey — joins on state/industry/size. No ANZSCO occupation code available.,False
Table 10,10,"Type of provider used to conduct the majority of formal training for apprentices and trainees in the last 12 months, timeseries (% of all employers with apprentices or trainees)",Employer size,Large,Private training providers,2021,36.6,36.6*,reported,True,pct,employer_size,False,Employer survey — joins on state/industry/size. No ANZSCO occupation code available.,False
Table 10,10,"Type of provider used to conduct the majority of formal training for apprentices and trainees in the last 12 months, timeseries (% of all employers with apprentices or trainees)",Employer size,Large,Private training providers,2023,22.3,22.3*,reported,True,pct,employer_size,False,Employer survey — joins on state/industry/size. No ANZSCO occupation code available.,False
Table 10,10,"Type of provider used to conduct the majority of formal training for apprentices and trainees in the last 12 months, timeseries (% of all employers with apprentices or trainees)",Employer size,Large,Private training providers,2025,27.7,27.7*,reported,True,pct,employer_size,False,Employer survey — joins on state/industry/size. No ANZSCO occupation code available.,False
Table 10,10,"Type of provider used to conduct the majority of formal training for apprentices and trainees in the last 12 months, timeseries (% of all employers with apprentices or trainees)",Employer size,Large,Professional or industry associations,2005,0.9,0.9*,reported,True,pct,employer_size,False,Employer survey — joins on state/industry/size. No ANZSCO occupation code available.,False
Table 10,10,"Type of provider used to conduct the majority of formal training for apprentices and trainees in the last 12 months, timeseries (% of all employers with apprentices or trainees)",Employer size,Large,Professional or industry associations,2007,6.4,6.4*,reported,True,pct,employer_size,False,Employer survey — joins on state/industry/size. No ANZSCO occupation code available.,False
Table 10,10,"Type of provider used to conduct the majority of formal training for apprentices and trainees in the last 12 months, timeseries (% of all employers with apprentices or trainees)",Employer size,Large,Professional or industry associations,2009,3.3,3.3*,reported,True,pct,employer_size,False,Employer survey — joins on state/industry/size. No ANZSCO occupation code available.,False
Table 10,10,"Type of provider used to conduct the majority of formal training for apprentices and trainees in the last 12 months, timeseries (% of all employers with apprentices or trainees)",Employer size,Large,Professional or industry associations,2011,4.1,4.1*,reported,True,pct,employer_size,False,Employer survey — joins on state/industry/size. No ANZSCO occupation code available.,False
Table 10,10,"Type of provider used to conduct the majority of formal training for apprentices and trainees in the last 12 months, timeseries (% of all employers with apprentices or trainees)",Employer size,Large,Professional or industry associations,2013,3.6,3.6,reported,False,pct,employer_size,False,Employer survey — joins on state/industry/size. No ANZSCO occupation code available.,False
Table 10,10,"Type of provider used to conduct the majority of formal training for apprentices and trainees in the last 12 months, timeseries (% of all employers with apprentices or trainees)",Employer size,Large,Professional or industry associations,2015,13.8,13.8*,reported,True,pct,employer_size,False,Employer survey — joins on state/industry/size. No ANZSCO occupation code available.,False
Table 10,10,"Type of provider used to conduct the majority of formal training for apprentices and trainees in the last 12 months, timeseries (% of all employers with apprentices or trainees)",Employer size,Large,Professional or industry associations,2017,10.1,10.1*,reported,True,pct,employer_size,False,Employer survey — joins on state/industry/size. No ANZSCO occupation code available.,False
Table 10,10,"Type of provider used to conduct the majority of formal training for apprentices and trainees in the last 12 months, timeseries (% of all employers with apprentices or trainees)",Employer size,Large,Professional or industry associations,2019,2.1,2.1,reported,False,pct,employer_size,False,Employer survey — joins on state/industry/size. No ANZSCO occupation code available.,False
Table 10,10,"Type of provider used to conduct the majority of formal training for apprentices and trainees in the last 12 months, timeseries (% of all employers with apprentices or trainees)",Employer size,Large,Professional or industry associations,2021,2.6,2.6,reported,False,pct,employer_size,False,Employer survey — joins on state/industry/size. No ANZSCO occupation code available.,False
Table 10,10,"Type of provider used to conduct the majority of formal training for apprentices and trainees in the last 12 months, timeseries (% of all employers with apprentices or trainees)",Employer size,Large,Professional or industry associations,2023,3.0,3,reported,False,pct,employer_size,False,Employer survey — joins on state/industry/size. No ANZSCO occupation code available.,False
Table 10,10,"Type of provider used to conduct the majority of formal training for apprentices and trainees in the last 12 months, timeseries (% of all employers with apprentices or trainees)",Employer size,Large,Professional or industry associations,2025,1.9,1.9,reported,False,pct,employer_size,False,Employer survey — joins on state/industry/size. No ANZSCO occupation code available.,False
Table 10,10,"Type of provider used to conduct the majority of formal training for apprentices and trainees in the last 12 months, timeseries (% of all employers with apprentices or trainees)",Employer size,Large,TAFE institutes,2005,58.7,58.7,reported,False,pct,employer_size,False,Employer survey — joins on state/industry/size. No ANZSCO occupation code available.,False
Table 10,10,"Type of provider used to conduct the majority of formal training for apprentices and trainees in the last 12 months, timeseries (% of all employers with apprentices or trainees)",Employer size,Large,TAFE institutes,2007,54.2,54.2,reported,False,pct,employer_size,False,Employer survey — joins on state/industry/size. No ANZSCO occupation code available.,False
Table 10,10,"Type of provider used to conduct the majority of formal training for apprentices and trainees in the last 12 months, timeseries (% of all employers with apprentices or trainees)",Employer size,Large,TAFE institutes,2009,51.8,51.8,reported,False,pct,employer_size,False,Employer survey — joins on state/industry/size. No ANZSCO occupation code available.,False
Table 10,10,"Type of provider used to conduct the majority of formal training for apprentices and trainees in the last 12 months, timeseries (% of all employers with apprentices or trainees)",Employer size,Large,TAFE institutes,2011,46.0,46,reported,False,pct,employer_size,False,Employer survey — joins on state/industry/size. No ANZSCO occupation code available.,False
Table 10,10,"Type of provider used to conduct the majority of formal training for apprentices and trainees in the last 12 months, timeseries (% of all employers with apprentices or trainees)",Employer size,Large,TAFE institutes,2013,45.8,45.8,reported,False,pct,employer_size,False,Employer survey — joins on state/industry/size. No ANZSCO occupation code available.,False
Table 10,10,"Type of provider used to conduct the majority of formal training for apprentices and trainees in the last 12 months, timeseries (% of all employers with apprentices or trainees)",Employer size,Large,TAFE institutes,2015,45.2,45.2,reported,False,pct,employer_size,False,Employer survey — joins on state/industry/size. No ANZSCO occupation code available.,False
Table 10,10,"Type of provider used to conduct the majority of formal training for apprentices and trainees in the last 12 months, timeseries (% of all employers with apprentices or trainees)",Employer size,Large,TAFE institutes,2017,55.8,55.8,reported,False,pct,employer_size,False,Employer survey — joins on state/industry/size. No ANZSCO occupation code available.,False
Table 10,10,"Type of provider used to conduct the majority of formal training for apprentices and trainees in the last 12 months, timeseries (% of all employers with apprentices or trainees)",Employer size,Large,TAFE institutes,2019,46.6,46.6*,reported,True,pct,employer_size,False,Employer survey — joins on state/industry/size. No ANZSCO occupation code available.,False
Table 10,10,"Type of provider used to conduct the majority of formal training for apprentices and trainees in the last 12 months, timeseries (% of all employers with apprentices or trainees)",Employer size,Large,TAFE institutes,2021,52.0,52.0*,reported,True,pct,employer_size,False,Employer survey — joins on state/industry/size. No ANZSCO occupation code available.,False
Table 10,10,"Type of provider used to conduct the majority of formal training for apprentices and trainees in the last 12 months, timeseries (% of all employers with apprentices or trainees)",Employer size,Large,TAFE institutes,2023,50.7,50.7*,reported,True,pct,employer_size,False,Employer survey — joins on state/industry/size. No ANZSCO occupation code available.,False
Table 10,10,"Type of provider used to conduct the majority of formal training for apprentices and trainees in the last 12 months, timeseries (% of all employers with apprentices or trainees)",Employer size,Large,TAFE institutes,2025,52.8,52.8*,reported,True,pct,employer_size,False,Employer survey — joins on state/industry/size. No ANZSCO occupation code available.,False
Table 10,10,"Type of provider used to conduct the majority of formal training for apprentices and trainees in the last 12 months, timeseries (% of all employers with apprentices or trainees)",Employer size,Medium,No external training providers used,2005,4.1,4.1*,reported,True,pct,employer_size,False,Employer survey — joins on state/industry/size. No ANZSCO occupation code available.,False
Table 10,10,"Type of provider used to conduct the majority of formal training for apprentices and trainees in the last 12 months, timeseries (% of all employers with apprentices or trainees)",Employer size,Medium,No external training providers used,2007,2.8,2.8*,reported,True,pct,employer_size,False,Employer survey — joins on state/industry/size. No ANZSCO occupation code available.,False
Table 10,10,"Type of provider used to conduct the majority of formal training for apprentices and trainees in the last 12 months, timeseries (% of all employers with apprentices or trainees)",Employer size,Medium,No external training providers used,2009,4.9,4.9*,reported,True,pct,employer_size,False,Employer survey — joins on state/industry/size. No ANZSCO occupation code available.,False
Table 10,10,"Type of provider used to conduct the majority of formal training for apprentices and trainees in the last 12 months, timeseries (% of all employers with apprentices or trainees)",Employer size,Medium,No external training providers used,2011,3.3,3.3,reported,False,pct,employer_size,False,Employer survey — joins on state/industry/size. No ANZSCO occupation code available.,False
Table 10,10,"Type of provider used to conduct the majority of formal training for apprentices and trainees in the last 12 months, timeseries (% of all employers with apprentices or trainees)",Employer size,Medium,No external training providers used,2013,3.6,3.6*,reported,True,pct,employer_size,False,Employer survey — joins on state/industry/size. No ANZSCO occupation code available.,False
Table 10,10,"Type of provider used to conduct the majority of formal training for apprentices and trainees in the last 12 months, timeseries (% of all employers with apprentices or trainees)",Employer size,Medium,No external training providers used,2015,1.0,1.0*,reported,True,pct,employer_size,False,Employer survey — joins on state/industry/size. No ANZSCO occupation code available.,False
Table 10,10,"Type of provider used to conduct the majority of formal training for apprentices and trainees in the last 12 months, timeseries (% of all employers with apprentices or trainees)",Employer size,Medium,No external training providers used,2017,3.4,3.4*,reported,True,pct,employer_size,False,Employer survey — joins on state/industry/size. No ANZSCO occupation code available.,False
Table 10,10,"Type of provider used to conduct the majority of formal training for apprentices and trainees in the last 12 months, timeseries (% of all employers with apprentices or trainees)",Employer size,Medium,No external training providers used,2019,6.4,6.4,reported,False,pct,employer_size,False,Employer survey — joins on state/industry/size. No ANZSCO occupation code available.,False
Table 10,10,"Type of provider used to conduct the majority of formal training for apprentices and trainees in the last 12 months, timeseries (% of all employers with apprentices or trainees)",Employer size,Medium,No external training providers used,2021,4.4,4.4,reported,False,pct,employer_size,False,Employer survey — joins on state/industry/size. No ANZSCO occupation code available.,False
Table 10,10,"Type of provider used to conduct the majority of formal training for apprentices and trainees in the last 12 months, timeseries (% of all employers with apprentices or trainees)",Employer size,Medium,No external training providers used,2023,4.7,4.7,reported,False,pct,employer_size,False,Employer survey — joins on state/industry/size. No ANZSCO occupation code available.,False
Table 10,10,"Type of provider used to conduct the majority of formal training for apprentices and trainees in the last 12 months, timeseries (% of all employers with apprentices or trainees)",Employer size,Medium,No external training providers used,2025,2.9,2.9,reported,False,pct,employer_size,False,Employer survey — joins on state/industry/size. No ANZSCO occupation code available.,False
Table 10,10,"Type of provider used to conduct the majority of formal training for apprentices and trainees in the last 12 months, timeseries (% of all employers with apprentices or trainees)",Employer size,Medium,Other providers used for training apprentices/trainees,2005,8.5,8.5,reported,False,pct,employer_size,False,Employer survey — joins on state/industry/size. No ANZSCO occupation code available.,False
Table 10,10,"Type of provider used to conduct the majority of formal training for apprentices and trainees in the last 12 months, timeseries (% of all employers with apprentices or trainees)",Employer size,Medium,Other providers used for training apprentices/trainees,2007,8.0,8.0*,reported,True,pct,employer_size,False,Employer survey — joins on state/industry/size. No ANZSCO occupation code available.,False
Table 10,10,"Type of provider used to conduct the majority of formal training for apprentices and trainees in the last 12 months, timeseries (% of all employers with apprentices or trainees)",Employer size,Medium,Other providers used for training apprentices/trainees,2009,7.9,7.9,reported,False,pct,employer_size,False,Employer survey — joins on state/industry/size. No ANZSCO occupation code available.,False
Table 10,10,"Type of provider used to conduct the majority of formal training for apprentices and trainees in the last 12 months, timeseries (% of all employers with apprentices or trainees)",Employer size,Medium,Other providers used for training apprentices/trainees,2011,7.4,7.4,reported,False,pct,employer_size,False,Employer survey — joins on state/industry/size. No ANZSCO occupation code available.,False
Table 10,10,"Type of provider used to conduct the majority of formal training for apprentices and trainees in the last 12 months, timeseries (% of all employers with apprentices or trainees)",Employer size,Medium,Other providers used for training apprentices/trainees,2013,4.7,4.7,reported,False,pct,employer_size,False,Employer survey — joins on state/industry/size. No ANZSCO occupation code available.,False
Table 10,10,"Type of provider used to conduct the majority of formal training for apprentices and trainees in the last 12 months, timeseries (% of all employers with apprentices or trainees)",Employer size,Medium,Other providers used for training apprentices/trainees,2015,3.6,3.6*,reported,True,pct,employer_size,False,Employer survey — joins on state/industry/size. No ANZSCO occupation code available.,False
Table 10,10,"Type of provider used to conduct the majority of formal training for apprentices and trainees in the last 12 months, timeseries (% of all employers with apprentices or trainees)",Employer size,Medium,Other providers used for training apprentices/trainees,2017,6.1,6.1*,reported,True,pct,employer_size,False,Employer survey — joins on state/industry/size. No ANZSCO occupation code available.,False
Table 10,10,"Type of provider used to conduct the majority of formal training for apprentices and trainees in the last 12 months, timeseries (% of all employers with apprentices or trainees)",Employer size,Medium,Other providers used for training apprentices/trainees,2019,7.2,7.2,reported,False,pct,employer_size,False,Employer survey — joins on state/industry/size. No ANZSCO occupation code available.,False
Table 10,10,"Type of provider used to conduct the majority of formal training for apprentices and trainees in the last 12 months, timeseries (% of all employers with apprentices or trainees)",Employer size,Medium,Other providers used for training apprentices/trainees,2021,4.8,4.8,reported,False,pct,employer_size,False,Employer survey — joins on state/industry/size. No ANZSCO occupation code available.,False
Table 10,10,"Type of provider used to conduct the majority of formal training for apprentices and trainees in the last 12 months, timeseries (% of all employers with apprentices or trainees)",Employer size,Medium,Other providers used for training apprentices/trainees,2023,4.5,4.5,reported,False,pct,employer_size,False,Employer survey — joins on state/industry/size. No ANZSCO occupation code available.,False
Table 10,10,"Type of provider used to conduct the majority of formal training for apprentices and trainees in the last 12 months, timeseries (% of all employers with apprentices or trainees)",Employer size,Medium,Other providers used for training apprentices/trainees,2025,10.9,10.9,reported,False,pct,employer_size,False,Employer survey — joins on state/industry/size. No ANZSCO occupation code available.,False
Table 10,10,"Type of provider used to conduct the majority of formal training for apprentices and trainees in the last 12 months, timeseries (% of all employers with apprentices or trainees)",Employer size,Medium,Private training providers,2005,25.4,25.4,reported,False,pct,employer_size,False,Employer survey — joins on state/industry/size. No ANZSCO occupation code available.,False
Table 10,10,"Type of provider used to conduct the majority of formal training for apprentices and trainees in the last 12 months, timeseries (% of all employers with apprentices or trainees)",Employer size,Medium,Private training providers,2007,23.7,23.7,reported,False,pct,employer_size,False,Employer survey — joins on state/industry/size. No ANZSCO occupation code available.,False
Table 10,10,"Type of provider used to conduct the majority of formal training for apprentices and trainees in the last 12 months, timeseries (% of all employers with apprentices or trainees)",Employer size,Medium,Private training providers,2009,25.7,25.7,reported,False,pct,employer_size,False,Employer survey — joins on state/industry/size. No ANZSCO occupation code available.,False
Table 10,10,"Type of provider used to conduct the majority of formal training for apprentices and trainees in the last 12 months, timeseries (% of all employers with apprentices or trainees)",Employer size,Medium,Private training providers,2011,28.6,28.6,reported,False,pct,employer_size,False,Employer survey — joins on state/industry/size. No ANZSCO occupation code available.,False
Table 10,10,"Type of provider used to conduct the majority of formal training for apprentices and trainees in the last 12 months, timeseries (% of all employers with apprentices or trainees)",Employer size,Medium,Private training providers,2013,30.2,30.2,reported,False,pct,employer_size,False,Employer survey — joins on state/industry/size. No ANZSCO occupation code available.,False
Table 10,10,"Type of provider used to conduct the majority of formal training for apprentices and trainees in the last 12 months, timeseries (% of all employers with apprentices or trainees)",Employer size,Medium,Private training providers,2015,24.2,24.2,reported,False,pct,employer_size,False,Employer survey — joins on state/industry/size. No ANZSCO occupation code available.,False
Table 10,10,"Type of provider used to conduct the majority of formal training for apprentices and trainees in the last 12 months, timeseries (% of all employers with apprentices or trainees)",Employer size,Medium,Private training providers,2017,27.1,27.1,reported,False,pct,employer_size,False,Employer survey — joins on state/industry/size. No ANZSCO occupation code available.,False
Table 10,10,"Type of provider used to conduct the majority of formal training for apprentices and trainees in the last 12 months, timeseries (% of all employers with apprentices or trainees)",Employer size,Medium,Private training providers,2019,20.3,20.3,reported,False,pct,employer_size,False,Employer survey — joins on state/industry/size. No ANZSCO occupation code available.,False
Table 10,10,"Type of provider used to conduct the majority of formal training for apprentices and trainees in the last 12 months, timeseries (% of all employers with apprentices or trainees)",Employer size,Medium,Private training providers,2021,19.1,19.1,reported,False,pct,employer_size,False,Employer survey — joins on state/industry/size. No ANZSCO occupation code available.,False
Table 10,10,"Type of provider used to conduct the majority of formal training for apprentices and trainees in the last 12 months, timeseries (% of all employers with apprentices or trainees)",Employer size,Medium,Private training providers,2023,23.7,23.7,reported,False,pct,employer_size,False,Employer survey — joins on state/industry/size. No ANZSCO occupation code available.,False
Table 10,10,"Type of provider used to conduct the majority of formal training for apprentices and trainees in the last 12 months, timeseries (% of all employers with apprentices or trainees)",Employer size,Medium,Private training providers,2025,24.9,24.9,reported,False,pct,employer_size,False,Employer survey — joins on state/industry/size. No ANZSCO occupation code available.,False
Table 10,10,"Type of provider used to conduct the majority of formal training for apprentices and trainees in the last 12 months, timeseries (% of all employers with apprentices or trainees)",Employer size,Medium,Professional or industry associations,2005,9.1,9.1*,reported,True,pct,employer_size,False,Employer survey — joins on state/industry/size. No ANZSCO occupation code available.,False
Table 10,10,"Type of provider used to conduct the majority of formal training for apprentices and trainees in the last 12 months, timeseries (% of all employers with apprentices or trainees)",Employer size,Medium,Professional or industry associations,2007,8.6,8.6*,reported,True,pct,employer_size,False,Employer survey — joins on state/industry/size. No ANZSCO occupation code available.,False
Table 10,10,"Type of provider used to conduct the majority of formal training for apprentices and trainees in the last 12 months, timeseries (% of all employers with apprentices or trainees)",Employer size,Medium,Professional or industry associations,2009,4.1,4.1,reported,False,pct,employer_size,False,Employer survey — joins on state/industry/size. No ANZSCO occupation code available.,False
Table 10,10,"Type of provider used to conduct the majority of formal training for apprentices and trainees in the last 12 months, timeseries (% of all employers with apprentices or trainees)",Employer size,Medium,Professional or industry associations,2011,7.2,7.2,reported,False,pct,employer_size,False,Employer survey — joins on state/industry/size. No ANZSCO occupation code available.,False
Table 10,10,"Type of provider used to conduct the majority of formal training for apprentices and trainees in the last 12 months, timeseries (% of all employers with apprentices or trainees)",Employer size,Medium,Professional or industry associations,2013,9.0,9,reported,False,pct,employer_size,False,Employer survey — joins on state/industry/size. No ANZSCO occupation code available.,False
Table 10,10,"Type of provider used to conduct the majority of formal training for apprentices and trainees in the last 12 months, timeseries (% of all employers with apprentices or trainees)",Employer size,Medium,Professional or industry associations,2015,9.5,9.5,reported,False,pct,employer_size,False,Employer survey — joins on state/industry/size. No ANZSCO occupation code available.,False
Table 10,10,"Type of provider used to conduct the majority of formal training for apprentices and trainees in the last 12 months, timeseries (% of all employers with apprentices or trainees)",Employer size,Medium,Professional or industry associations,2017,9.6,9.6,reported,False,pct,employer_size,False,Employer survey — joins on state/industry/size. No ANZSCO occupation code available.,False
Table 10,10,"Type of provider used to conduct the majority of formal training for apprentices and trainees in the last 12 months, timeseries (% of all employers with apprentices or trainees)",Employer size,Medium,Professional or industry associations,2019,8.4,8.4,reported,False,pct,employer_size,False,Employer survey — joins on state/industry/size. No ANZSCO occupation code available.,False
Table 10,10,"Type of provider used to conduct the majority of formal training for apprentices and trainees in the last 12 months, timeseries (% of all employers with apprentices or trainees)",Employer size,Medium,Professional or industry associations,2021,6.4,6.4,reported,False,pct,employer_size,False,Employer survey — joins on state/industry/size. No ANZSCO occupation code available.,False
Table 10,10,"Type of provider used to conduct the majority of formal training for apprentices and trainees in the last 12 months, timeseries (% of all employers with apprentices or trainees)",Employer size,Medium,Professional or industry associations,2023,9.3,9.3,reported,False,pct,employer_size,False,Employer survey — joins on state/industry/size. No ANZSCO occupation code available.,False
Table 10,10,"Type of provider used to conduct the majority of formal training for apprentices and trainees in the last 12 months, timeseries (% of all employers with apprentices or trainees)",Employer size,Medium,Professional or industry associations,2025,4.4,4.4,reported,False,pct,employer_size,False,Employer survey — joins on state/industry/size. No ANZSCO occupation code available.,False
Table 10,10,"Type of provider used to conduct the majority of formal training for apprentices and trainees in the last 12 months, timeseries (% of all employers with apprentices or trainees)",Employer size,Medium,TAFE institutes,2005,52.8,52.8,reported,False,pct,employer_size,False,Employer survey — joins on state/industry/size. No ANZSCO occupation code available.,False
Table 10,10,"Type of provider used to conduct the majority of formal training for apprentices and trainees in the last 12 months, timeseries (% of all employers with apprentices or trainees)",Employer size,Medium,TAFE institutes,2007,57.0,57,reported,False,pct,employer_size,False,Employer survey — joins on state/industry/size. No ANZSCO occupation code available.,False
Table 10,10,"Type of provider used to conduct the majority of formal training for apprentices and trainees in the last 12 months, timeseries (% of all employers with apprentices or trainees)",Employer size,Medium,TAFE institutes,2009,57.4,57.4,reported,False,pct,employer_size,False,Employer survey — joins on state/industry/size. No ANZSCO occupation code available.,False
Table 10,10,"Type of provider used to conduct the majority of formal training for apprentices and trainees in the last 12 months, timeseries (% of all employers with apprentices or trainees)",Employer size,Medium,TAFE institutes,2011,53.5,53.5,reported,False,pct,employer_size,False,Employer survey — joins on state/industry/size. No ANZSCO occupation code available.,False
Table 10,10,"Type of provider used to conduct the majority of formal training for apprentices and trainees in the last 12 months, timeseries (% of all employers with apprentices or trainees)",Employer size,Medium,TAFE institutes,2013,52.5,52.5,reported,False,pct,employer_size,False,Employer survey — joins on state/industry/size. No ANZSCO occupation code available.,False
Table 10,10,"Type of provider used to conduct the majority of formal training for apprentices and trainees in the last 12 months, timeseries (% of all employers with apprentices or trainees)",Employer size,Medium,TAFE institutes,2015,61.8,61.8,reported,False,pct,employer_size,False,Employer survey — joins on state/industry/size. No ANZSCO occupation code available.,False
Table 10,10,"Type of provider used to conduct the majority of formal training for apprentices and trainees in the last 12 months, timeseries (% of all employers with apprentices or trainees)",Employer size,Medium,TAFE institutes,2017,53.8,53.8,reported,False,pct,employer_size,False,Employer survey — joins on state/industry/size. No ANZSCO occupation code available.,False
Table 10,10,"Type of provider used to conduct the majority of formal training for apprentices and trainees in the last 12 months, timeseries (% of all employers with apprentices or trainees)",Employer size,Medium,TAFE institutes,2019,57.7,57.7,reported,False,pct,employer_size,False,Employer survey — joins on state/industry/size. No ANZSCO occupation code available.,False
Table 10,10,"Type of provider used to conduct the majority of formal training for apprentices and trainees in the last 12 months, timeseries (% of all employers with apprentices or trainees)",Employer size,Medium,TAFE institutes,2021,65.3,65.3,reported,False,pct,employer_size,False,Employer survey — joins on state/industry/size. No ANZSCO occupation code available.,False
Table 10,10,"Type of provider used to conduct the majority of formal training for apprentices and trainees in the last 12 months, timeseries (% of all employers with apprentices or trainees)",Employer size,Medium,TAFE institutes,2023,57.9,57.9,reported,False,pct,employer_size,False,Employer survey — joins on state/industry/size. No ANZSCO occupation code available.,False
Table 10,10,"Type of provider used to conduct the majority of formal training for apprentices and trainees in the last 12 months, timeseries (% of all employers with apprentices or trainees)",Employer size,Medium,TAFE institutes,2025,56.8,56.8,reported,False,pct,employer_size,False,Employer survey — joins on state/industry/size. No ANZSCO occupation code available.,False
Table 10,10,"Type of provider used to conduct the majority of formal training for apprentices and trainees in the last 12 months, timeseries (% of all employers with apprentices or trainees)",Employer size,Small,No external training providers used,2005,4.7,4.7,reported,False,pct,employer_size,False,Employer survey — joins on state/industry/size. No ANZSCO occupation code available.,False
Table 10,10,"Type of provider used to conduct the majority of formal training for apprentices and trainees in the last 12 months, timeseries (% of all employers with apprentices or trainees)",Employer size,Small,No external training providers used,2007,6.5,6.5*,reported,True,pct,employer_size,False,Employer survey — joins on state/industry/size. No ANZSCO occupation code available.,False
Table 10,10,"Type of provider used to conduct the majority of formal training for apprentices and trainees in the last 12 months, timeseries (% of all employers with apprentices or trainees)",Employer size,Small,No external training providers used,2009,3.5,3.5*,reported,True,pct,employer_size,False,Employer survey — joins on state/industry/size. No ANZSCO occupation code available.,False
Table 10,10,"Type of provider used to conduct the majority of formal training for apprentices and trainees in the last 12 months, timeseries (% of all employers with apprentices or trainees)",Employer size,Small,No external training providers used,2011,2.7,2.7,reported,False,pct,employer_size,False,Employer survey — joins on state/industry/size. No ANZSCO occupation code available.,False
Table 10,10,"Type of provider used to conduct the majority of formal training for apprentices and trainees in the last 12 months, timeseries (% of all employers with apprentices or trainees)",Employer size,Small,No external training providers used,2013,3.9,3.9*,reported,True,pct,employer_size,False,Employer survey — joins on state/industry/size. No ANZSCO occupation code available.,False
Table 10,10,"Type of provider used to conduct the majority of formal training for apprentices and trainees in the last 12 months, timeseries (% of all employers with apprentices or trainees)",Employer size,Small,No external training providers used,2015,2.0,2.0*,reported,True,pct,employer_size,False,Employer survey — joins on state/industry/size. No ANZSCO occupation code available.,False
Table 10,10,"Type of provider used to conduct the majority of formal training for apprentices and trainees in the last 12 months, timeseries (% of all employers with apprentices or trainees)",Employer size,Small,No external training providers used,2017,1.6,1.6*,reported,True,pct,employer_size,False,Employer survey — joins on state/industry/size. No ANZSCO occupation code available.,False
Table 10,10,"Type of provider used to conduct the majority of formal training for apprentices and trainees in the last 12 months, timeseries (% of all employers with apprentices or trainees)",Employer size,Small,No external training providers used,2019,6.6,6.6,reported,False,pct,employer_size,False,Employer survey — joins on state/industry/size. No ANZSCO occupation code available.,False
Table 10,10,"Type of provider used to conduct the majority of formal training for apprentices and trainees in the last 12 months, timeseries (% of all employers with apprentices or trainees)",Employer size,Small,No external training providers used,2021,10.0,10,reported,False,pct,employer_size,False,Employer survey — joins on state/industry/size. No ANZSCO occupation code available.,False
Table 10,10,"Type of provider used to conduct the majority of formal training for apprentices and trainees in the last 12 months, timeseries (% of all employers with apprentices or trainees)",Employer size,Small,No external training providers used,2023,6.4,6.4,reported,False,pct,employer_size,False,Employer survey — joins on state/industry/size. No ANZSCO occupation code available.,False
Table 10,10,"Type of provider used to conduct the majority of formal training for apprentices and trainees in the last 12 months, timeseries (% of all employers with apprentices or trainees)",Employer size,Small,No external training providers used,2025,8.2,8.2,reported,False,pct,employer_size,False,Employer survey — joins on state/industry/size. No ANZSCO occupation code available.,False
Table 10,10,"Type of provider used to conduct the majority of formal training for apprentices and trainees in the last 12 months, timeseries (% of all employers with apprentices or trainees)",Employer size,Small,Other providers used for training apprentices/trainees,2005,6.6,6.6,reported,False,pct,employer_size,False,Employer survey — joins on state/industry/size. No ANZSCO occupation code available.,False
Table 10,10,"Type of provider used to conduct the majority of formal training for apprentices and trainees in the last 12 months, timeseries (% of all employers with apprentices or trainees)",Employer size,Small,Other providers used for training apprentices/trainees,2007,7.9,7.9*,reported,True,pct,employer_size,False,Employer survey — joins on state/industry/size. No ANZSCO occupation code available.,False
Table 10,10,"Type of provider used to conduct the majority of formal training for apprentices and trainees in the last 12 months, timeseries (% of all employers with apprentices or trainees)",Employer size,Small,Other providers used for training apprentices/trainees,2009,7.6,7.6,reported,False,pct,employer_size,False,Employer survey — joins on state/industry/size. No ANZSCO occupation code available.,False
Table 10,10,"Type of provider used to conduct the majority of formal training for apprentices and trainees in the last 12 months, timeseries (% of all employers with apprentices or trainees)",Employer size,Small,Other providers used for training apprentices/trainees,2011,4.9,4.9,reported,False,pct,employer_size,False,Employer survey — joins on state/industry/size. No ANZSCO occupation code available.,False
Table 10,10,"Type of provider used to conduct the majority of formal training for apprentices and trainees in the last 12 months, timeseries (% of all employers with apprentices or trainees)",Employer size,Small,Other providers used for training apprentices/trainees,2013,3.3,3.3*,reported,True,pct,employer_size,False,Employer survey — joins on state/industry/size. No ANZSCO occupation code available.,False
Table 10,10,"Type of provider used to conduct the majority of formal training for apprentices and trainees in the last 12 months, timeseries (% of all employers with apprentices or trainees)",Employer size,Small,Other providers used for training apprentices/trainees,2015,4.6,4.6*,reported,True,pct,employer_size,False,Employer survey — joins on state/industry/size. No ANZSCO occupation code available.,False
Table 10,10,"Type of provider used to conduct the majority of formal training for apprentices and trainees in the last 12 months, timeseries (% of all employers with apprentices or trainees)",Employer size,Small,Other providers used for training apprentices/trainees,2017,8.4,8.4,reported,False,pct,employer_size,False,Employer survey — joins on state/industry/size. No ANZSCO occupation code available.,False
Table 10,10,"Type of provider used to conduct the majority of formal training for apprentices and trainees in the last 12 months, timeseries (% of all employers with apprentices or trainees)",Employer size,Small,Other providers used for training apprentices/trainees,2019,5.9,5.9,reported,False,pct,employer_size,False,Employer survey — joins on state/industry/size. No ANZSCO occupation code available.,False
Table 10,10,"Type of provider used to conduct the majority of formal training for apprentices and trainees in the last 12 months, timeseries (% of all employers with apprentices or trainees)",Employer size,Small,Other providers used for training apprentices/trainees,2021,4.9,4.9,reported,False,pct,employer_size,False,Employer survey — joins on state/industry/size. No ANZSCO occupation code available.,False
Table 10,10,"Type of provider used to conduct the majority of formal training for apprentices and trainees in the last 12 months, timeseries (% of all employers with apprentices or trainees)",Employer size,Small,Other providers used for training apprentices/trainees,2023,2.7,2.7,reported,False,pct,employer_size,False,Employer survey — joins on state/industry/size. No ANZSCO occupation code available.,False
Table 10,10,"Type of provider used to conduct the majority of formal training for apprentices and trainees in the last 12 months, timeseries (% of all employers with apprentices or trainees)",Employer size,Small,Other providers used for training apprentices/trainees,2025,8.5,8.5,reported,False,pct,employer_size,False,Employer survey — joins on state/industry/size. No ANZSCO occupation code available.,False
Table 10,10,"Type of provider used to conduct the majority of formal training for apprentices and trainees in the last 12 months, timeseries (% of all employers with apprentices or trainees)",Employer size,Small,Private training providers,2005,13.8,13.8,reported,False,pct,employer_size,False,Employer survey — joins on state/industry/size. No ANZSCO occupation code available.,False
Table 10,10,"Type of provider used to conduct the majority of formal training for apprentices and trainees in the last 12 months, timeseries (% of all employers with apprentices or trainees)",Employer size,Small,Private training providers,2007,15.0,15,reported,False,pct,employer_size,False,Employer survey — joins on state/industry/size. No ANZSCO occupation code available.,False
Table 10,10,"Type of provider used to conduct the majority of formal training for apprentices and trainees in the last 12 months, timeseries (% of all employers with apprentices or trainees)",Employer size,Small,Private training providers,2009,13.6,13.6,reported,False,pct,employer_size,False,Employer survey — joins on state/industry/size. No ANZSCO occupation code available.,False
Table 10,10,"Type of provider used to conduct the majority of formal training for apprentices and trainees in the last 12 months, timeseries (% of all employers with apprentices or trainees)",Employer size,Small,Private training providers,2011,18.4,18.4,reported,False,pct,employer_size,False,Employer survey — joins on state/industry/size. No ANZSCO occupation code available.,False
Table 10,10,"Type of provider used to conduct the majority of formal training for apprentices and trainees in the last 12 months, timeseries (% of all employers with apprentices or trainees)",Employer size,Small,Private training providers,2013,20.5,20.5,reported,False,pct,employer_size,False,Employer survey — joins on state/industry/size. No ANZSCO occupation code available.,False
Table 10,10,"Type of provider used to conduct the majority of formal training for apprentices and trainees in the last 12 months, timeseries (% of all employers with apprentices or trainees)",Employer size,Small,Private training providers,2015,15.1,15.1,reported,False,pct,employer_size,False,Employer survey — joins on state/industry/size. No ANZSCO occupation code available.,False
Table 10,10,"Type of provider used to conduct the majority of formal training for apprentices and trainees in the last 12 months, timeseries (% of all employers with apprentices or trainees)",Employer size,Small,Private training providers,2017,17.3,17.3,reported,False,pct,employer_size,False,Employer survey — joins on state/industry/size. No ANZSCO occupation code available.,False
Table 10,10,"Type of provider used to conduct the majority of formal training for apprentices and trainees in the last 12 months, timeseries (% of all employers with apprentices or trainees)",Employer size,Small,Private training providers,2019,18.1,18.1,reported,False,pct,employer_size,False,Employer survey — joins on state/industry/size. No ANZSCO occupation code available.,False
Table 10,10,"Type of provider used to conduct the majority of formal training for apprentices and trainees in the last 12 months, timeseries (% of all employers with apprentices or trainees)",Employer size,Small,Private training providers,2021,21.6,21.6,reported,False,pct,employer_size,False,Employer survey — joins on state/industry/size. No ANZSCO occupation code available.,False
Table 10,10,"Type of provider used to conduct the majority of formal training for apprentices and trainees in the last 12 months, timeseries (% of all employers with apprentices or trainees)",Employer size,Small,Private training providers,2023,23.4,23.4,reported,False,pct,employer_size,False,Employer survey — joins on state/industry/size. No ANZSCO occupation code available.,False
Table 10,10,"Type of provider used to conduct the majority of formal training for apprentices and trainees in the last 12 months, timeseries (% of all employers with apprentices or trainees)",Employer size,Small,Private training providers,2025,16.0,16,reported,False,pct,employer_size,False,Employer survey — joins on state/industry/size. No ANZSCO occupation code available.,False
Table 10,10,"Type of provider used to conduct the majority of formal training for apprentices and trainees in the last 12 months, timeseries (% of all employers with apprentices or trainees)",Employer size,Small,Professional or industry associations,2005,7.7,7.7*,reported,True,pct,employer_size,False,Employer survey — joins on state/industry/size. No ANZSCO occupation code available.,False
Table 10,10,"Type of provider used to conduct the majority of formal training for apprentices and trainees in the last 12 months, timeseries (% of all employers with apprentices or trainees)",Employer size,Small,Professional or industry associations,2007,4.5,4.5*,reported,True,pct,employer_size,False,Employer survey — joins on state/industry/size. No ANZSCO occupation code available.,False
Table 10,10,"Type of provider used to conduct the majority of formal training for apprentices and trainees in the last 12 months, timeseries (% of all employers with apprentices or trainees)",Employer size,Small,Professional or industry associations,2009,3.9,3.9,reported,False,pct,employer_size,False,Employer survey — joins on state/industry/size. No ANZSCO occupation code available.,False
Table 10,10,"Type of provider used to conduct the majority of formal training for apprentices and trainees in the last 12 months, timeseries (% of all employers with apprentices or trainees)",Employer size,Small,Professional or industry associations,2011,4.0,4,reported,False,pct,employer_size,False,Employer survey — joins on state/industry/size. No ANZSCO occupation code available.,False
Table 10,10,"Type of provider used to conduct the majority of formal training for apprentices and trainees in the last 12 months, timeseries (% of all employers with apprentices or trainees)",Employer size,Small,Professional or industry associations,2013,6.4,6.4*,reported,True,pct,employer_size,False,Employer survey — joins on state/industry/size. No ANZSCO occupation code available.,False
Table 10,10,"Type of provider used to conduct the majority of formal training for apprentices and trainees in the last 12 months, timeseries (% of all employers with apprentices or trainees)",Employer size,Small,Professional or industry associations,2015,8.1,8.1*,reported,True,pct,employer_size,False,Employer survey — joins on state/industry/size. No ANZSCO occupation code available.,False
Table 10,10,"Type of provider used to conduct the majority of formal training for apprentices and trainees in the last 12 months, timeseries (% of all employers with apprentices or trainees)",Employer size,Small,Professional or industry associations,2017,4.8,4.8*,reported,True,pct,employer_size,False,Employer survey — joins on state/industry/size. No ANZSCO occupation code available.,False
Table 10,10,"Type of provider used to conduct the majority of formal training for apprentices and trainees in the last 12 months, timeseries (% of all employers with apprentices or trainees)",Employer size,Small,Professional or industry associations,2019,4.5,4.5,reported,False,pct,employer_size,False,Employer survey — joins on state/industry/size. No ANZSCO occupation code available.,False
Table 10,10,"Type of provider used to conduct the majority of formal training for apprentices and trainees in the last 12 months, timeseries (% of all employers with apprentices or trainees)",Employer size,Small,Professional or industry associations,2021,5.4,5.4,reported,False,pct,employer_size,False,Employer survey — joins on state/industry/size. No ANZSCO occupation code available.,False
Table 10,10,"Type of provider used to conduct the majority of formal training for apprentices and trainees in the last 12 months, timeseries (% of all employers with apprentices or trainees)",Employer size,Small,Professional or industry associations,2023,8.6,8.6,reported,False,pct,employer_size,False,Employer survey — joins on state/industry/size. No ANZSCO occupation code available.,False
Table 10,10,"Type of provider used to conduct the majority of formal training for apprentices and trainees in the last 12 months, timeseries (% of all employers with apprentices or trainees)",Employer size,Small,Professional or industry associations,2025,5.5,5.5,reported,False,pct,employer_size,False,Employer survey — joins on state/industry/size. No ANZSCO occupation code available.,False
Table 10,10,"Type of provider used to conduct the majority of formal training for apprentices and trainees in the last 12 months, timeseries (% of all employers with apprentices or trainees)",Employer size,Small,TAFE institutes,2005,67.2,67.2,reported,False,pct,employer_size,False,Employer survey — joins on state/industry/size. No ANZSCO occupation code available.,False
Table 10,10,"Type of provider used to conduct the majority of formal training for apprentices and trainees in the last 12 months, timeseries (% of all employers with apprentices or trainees)",Employer size,Small,TAFE institutes,2007,66.2,66.2,reported,False,pct,employer_size,False,Employer survey — joins on state/industry/size. No ANZSCO occupation code available.,False
Table 10,10,"Type of provider used to conduct the majority of formal training for apprentices and trainees in the last 12 months, timeseries (% of all employers with apprentices or trainees)",Employer size,Small,TAFE institutes,2009,71.4,71.4,reported,False,pct,employer_size,False,Employer survey — joins on state/industry/size. No ANZSCO occupation code available.,False
Table 10,10,"Type of provider used to conduct the majority of formal training for apprentices and trainees in the last 12 months, timeseries (% of all employers with apprentices or trainees)",Employer size,Small,TAFE institutes,2011,70.0,70,reported,False,pct,employer_size,False,Employer survey — joins on state/industry/size. No ANZSCO occupation code available.,False
Table 10,10,"Type of provider used to conduct the majority of formal training for apprentices and trainees in the last 12 months, timeseries (% of all employers with apprentices or trainees)",Employer size,Small,TAFE institutes,2013,66.0,66,reported,False,pct,employer_size,False,Employer survey — joins on state/industry/size. No ANZSCO occupation code available.,False
Table 10,10,"Type of provider used to conduct the majority of formal training for apprentices and trainees in the last 12 months, timeseries (% of all employers with apprentices or trainees)",Employer size,Small,TAFE institutes,2015,70.1,70.1,reported,False,pct,employer_size,False,Employer survey — joins on state/industry/size. No ANZSCO occupation code available.,False
Table 10,10,"Type of provider used to conduct the majority of formal training for apprentices and trainees in the last 12 months, timeseries (% of all employers with apprentices or trainees)",Employer size,Small,TAFE institutes,2017,67.8,67.8,reported,False,pct,employer_size,False,Employer survey — joins on state/industry/size. No ANZSCO occupation code available.,False
Table 10,10,"Type of provider used to conduct the majority of formal training for apprentices and trainees in the last 12 months, timeseries (% of all employers with apprentices or trainees)",Employer size,Small,TAFE institutes,2019,64.9,64.9,reported,False,pct,employer_size,False,Employer survey — joins on state/industry/size. No ANZSCO occupation code available.,False
Table 10,10,"Type of provider used to conduct the majority of formal training for apprentices and trainees in the last 12 months, timeseries (% of all employers with apprentices or trainees)",Employer size,Small,TAFE institutes,2021,58.0,58,reported,False,pct,employer_size,False,Employer survey — joins on state/industry/size. No ANZSCO occupation code available.,False
Table 10,10,"Type of provider used to conduct the majority of formal training for apprentices and trainees in the last 12 months, timeseries (% of all employers with apprentices or trainees)",Employer size,Small,TAFE institutes,2023,58.8,58.8,reported,False,pct,employer_size,False,Employer survey — joins on state/industry/size. No ANZSCO occupation code available.,False
Table 10,10,"Type of provider used to conduct the majority of formal training for apprentices and trainees in the last 12 months, timeseries (% of all employers with apprentices or trainees)",Employer size,Small,TAFE institutes,2025,61.8,61.8,reported,False,pct,employer_size,False,Employer survey — joins on state/industry/size. No ANZSCO occupation code available.,False
Table 13,13,"Type of provider used to conduct the majority of nationally recognised training in the last 12 months, timeseries (% of all employers using nationally recognised training)",Employer size,Large,No external training providers used,2005,7.7,7.7*,reported,True,pct,employer_size,False,Employer survey — joins on state/industry/size. No ANZSCO occupation code available.,False
Table 13,13,"Type of provider used to conduct the majority of nationally recognised training in the last 12 months, timeseries (% of all employers using nationally recognised training)",Employer size,Large,No external training providers used,2007,7.4,7.4*,reported,True,pct,employer_size,False,Employer survey — joins on state/industry/size. No ANZSCO occupation code available.,False
Table 13,13,"Type of provider used to conduct the majority of nationally recognised training in the last 12 months, timeseries (% of all employers using nationally recognised training)",Employer size,Large,No external training providers used,2009,9.8,9.8*,reported,True,pct,employer_size,False,Employer survey — joins on state/industry/size. No ANZSCO occupation code available.,False
Table 13,13,"Type of provider used to conduct the majority of nationally recognised training in the last 12 months, timeseries (% of all employers using nationally recognised training)",Employer size,Large,No external training providers used,2011,5.4,5.4*,reported,True,pct,employer_size,False,Employer survey — joins on state/industry/size. No ANZSCO occupation code available.,False
Table 13,13,"Type of provider used to conduct the majority of nationally recognised training in the last 12 months, timeseries (% of all employers using nationally recognised training)",Employer size,Large,No external training providers used,2013,8.0,8.0*,reported,True,pct,employer_size,False,Employer survey — joins on state/industry/size. No ANZSCO occupation code available.,False
Table 13,13,"Type of provider used to conduct the majority of nationally recognised training in the last 12 months, timeseries (% of all employers using nationally recognised training)",Employer size,Large,No external training providers used,2015,15.9,15.9*,reported,True,pct,employer_size,False,Employer survey — joins on state/industry/size. No ANZSCO occupation code available.,False
Table 13,13,"Type of provider used to conduct the majority of nationally recognised training in the last 12 months, timeseries (% of all employers using nationally recognised training)",Employer size,Large,No external training providers used,2017,5.4,5.4*,reported,True,pct,employer_size,False,Employer survey — joins on state/industry/size. No ANZSCO occupation code available.,False
Table 13,13,"Type of provider used to conduct the majority of nationally recognised training in the last 12 months, timeseries (% of all employers using nationally recognised training)",Employer size,Large,No external training providers used,2019,1.4,1.4,reported,False,pct,employer_size,False,Employer survey — joins on state/industry/size. No ANZSCO occupation code available.,False
Table 13,13,"Type of provider used to conduct the majority of nationally recognised training in the last 12 months, timeseries (% of all employers using nationally recognised training)",Employer size,Large,No external training providers used,2021,12.3,12.3*,reported,True,pct,employer_size,False,Employer survey — joins on state/industry/size. No ANZSCO occupation code available.,False
Table 13,13,"Type of provider used to conduct the majority of nationally recognised training in the last 12 months, timeseries (% of all employers using nationally recognised training)",Employer size,Large,No external training providers used,2023,7.7,7.7,reported,False,pct,employer_size,False,Employer survey — joins on state/industry/size. No ANZSCO occupation code available.,False
Table 13,13,"Type of provider used to conduct the majority of nationally recognised training in the last 12 months, timeseries (% of all employers using nationally recognised training)",Employer size,Large,No external training providers used,2025,2.6,2.6,reported,False,pct,employer_size,False,Employer survey — joins on state/industry/size. No ANZSCO occupation code available.,False
Table 13,13,"Type of provider used to conduct the majority of nationally recognised training in the last 12 months, timeseries (% of all employers using nationally recognised training)",Employer size,Large,Other external providers used for nationally recognised training,2005,3.1,3.1*,reported,True,pct,employer_size,False,Employer survey — joins on state/industry/size. No ANZSCO occupation code available.,False
Table 13,13,"Type of provider used to conduct the majority of nationally recognised training in the last 12 months, timeseries (% of all employers using nationally recognised training)",Employer size,Large,Other external providers used for nationally recognised training,2007,4.5,4.5*,reported,True,pct,employer_size,False,Employer survey — joins on state/industry/size. No ANZSCO occupation code available.,False
Table 13,13,"Type of provider used to conduct the majority of nationally recognised training in the last 12 months, timeseries (% of all employers using nationally recognised training)",Employer size,Large,Other external providers used for nationally recognised training,2009,2.9,2.9*,reported,True,pct,employer_size,False,Employer survey — joins on state/industry/size. No ANZSCO occupation code available.,False
Table 13,13,"Type of provider used to conduct the majority of nationally recognised training in the last 12 months, timeseries (% of all employers using nationally recognised training)",Employer size,Large,Other external providers used for nationally recognised training,2011,2.3,2.3*,reported,True,pct,employer_size,False,Employer survey — joins on state/industry/size. No ANZSCO occupation code available.,False
Table 13,13,"Type of provider used to conduct the majority of nationally recognised training in the last 12 months, timeseries (% of all employers using nationally recognised training)",Employer size,Large,Other external providers used for nationally recognised training,2013,8.6,8.6*,reported,True,pct,employer_size,False,Employer survey — joins on state/industry/size. No ANZSCO occupation code available.,False
Table 13,13,"Type of provider used to conduct the majority of nationally recognised training in the last 12 months, timeseries (% of all employers using nationally recognised training)",Employer size,Large,Other external providers used for nationally recognised training,2015,1.5,1.5*,reported,True,pct,employer_size,False,Employer survey — joins on state/industry/size. No ANZSCO occupation code available.,False
Table 13,13,"Type of provider used to conduct the majority of nationally recognised training in the last 12 months, timeseries (% of all employers using nationally recognised training)",Employer size,Large,Other external providers used for nationally recognised training,2017,1.7,1.7*,reported,True,pct,employer_size,False,Employer survey — joins on state/industry/size. No ANZSCO occupation code available.,False
Table 13,13,"Type of provider used to conduct the majority of nationally recognised training in the last 12 months, timeseries (% of all employers using nationally recognised training)",Employer size,Large,Other external providers used for nationally recognised training,2019,3.4,3.4,reported,False,pct,employer_size,False,Employer survey — joins on state/industry/size. No ANZSCO occupation code available.,False
Table 13,13,"Type of provider used to conduct the majority of nationally recognised training in the last 12 months, timeseries (% of all employers using nationally recognised training)",Employer size,Large,Other external providers used for nationally recognised training,2021,3.0,3,reported,False,pct,employer_size,False,Employer survey — joins on state/industry/size. No ANZSCO occupation code available.,False
Table 13,13,"Type of provider used to conduct the majority of nationally recognised training in the last 12 months, timeseries (% of all employers using nationally recognised training)",Employer size,Large,Other external providers used for nationally recognised training,2023,1.2,1.2,reported,False,pct,employer_size,False,Employer survey — joins on state/industry/size. No ANZSCO occupation code available.,False
Table 13,13,"Type of provider used to conduct the majority of nationally recognised training in the last 12 months, timeseries (% of all employers using nationally recognised training)",Employer size,Large,Other external providers used for nationally recognised training,2025,5.6,5.6,reported,False,pct,employer_size,False,Employer survey — joins on state/industry/size. No ANZSCO occupation code available.,False
Table 13,13,"Type of provider used to conduct the majority of nationally recognised training in the last 12 months, timeseries (% of all employers using nationally recognised training)",Employer size,Large,Private training providers,2005,51.7,51.7,reported,False,pct,employer_size,False,Employer survey — joins on state/industry/size. No ANZSCO occupation code available.,False
Table 13,13,"Type of provider used to conduct the majority of nationally recognised training in the last 12 months, timeseries (% of all employers using nationally recognised training)",Employer size,Large,Private training providers,2007,39.8,39.8,reported,False,pct,employer_size,False,Employer survey — joins on state/industry/size. No ANZSCO occupation code available.,False
Table 13,13,"Type of provider used to conduct the majority of nationally recognised training in the last 12 months, timeseries (% of all employers using nationally recognised training)",Employer size,Large,Private training providers,2009,45.6,45.6,reported,False,pct,employer_size,False,Employer survey — joins on state/industry/size. No ANZSCO occupation code available.,False
Table 13,13,"Type of provider used to conduct the majority of nationally recognised training in the last 12 months, timeseries (% of all employers using nationally recognised training)",Employer size,Large,Private training providers,2011,60.0,60,reported,False,pct,employer_size,False,Employer survey — joins on state/industry/size. No ANZSCO occupation code available.,False
Table 13,13,"Type of provider used to conduct the majority of nationally recognised training in the last 12 months, timeseries (% of all employers using nationally recognised training)",Employer size,Large,Private training providers,2013,52.0,52,reported,False,pct,employer_size,False,Employer survey — joins on state/industry/size. No ANZSCO occupation code available.,False
Table 13,13,"Type of provider used to conduct the majority of nationally recognised training in the last 12 months, timeseries (% of all employers using nationally recognised training)",Employer size,Large,Private training providers,2015,51.3,51.3,reported,False,pct,employer_size,False,Employer survey — joins on state/industry/size. No ANZSCO occupation code available.,False
Table 13,13,"Type of provider used to conduct the majority of nationally recognised training in the last 12 months, timeseries (% of all employers using nationally recognised training)",Employer size,Large,Private training providers,2017,46.1,46.1,reported,False,pct,employer_size,False,Employer survey — joins on state/industry/size. No ANZSCO occupation code available.,False
Table 13,13,"Type of provider used to conduct the majority of nationally recognised training in the last 12 months, timeseries (% of all employers using nationally recognised training)",Employer size,Large,Private training providers,2019,45.5,45.5*,reported,True,pct,employer_size,False,Employer survey — joins on state/industry/size. No ANZSCO occupation code available.,False
Table 13,13,"Type of provider used to conduct the majority of nationally recognised training in the last 12 months, timeseries (% of all employers using nationally recognised training)",Employer size,Large,Private training providers,2021,57.3,57.3*,reported,True,pct,employer_size,False,Employer survey — joins on state/industry/size. No ANZSCO occupation code available.,False
Table 13,13,"Type of provider used to conduct the majority of nationally recognised training in the last 12 months, timeseries (% of all employers using nationally recognised training)",Employer size,Large,Private training providers,2023,58.4,58.4*,reported,True,pct,employer_size,False,Employer survey — joins on state/industry/size. No ANZSCO occupation code available.,False
Table 13,13,"Type of provider used to conduct the majority of nationally recognised training in the last 12 months, timeseries (% of all employers using nationally recognised training)",Employer size,Large,Private training providers,2025,67.7,67.7*,reported,True,pct,employer_size,False,Employer survey — joins on state/industry/size. No ANZSCO occupation code available.,False
Table 13,13,"Type of provider used to conduct the majority of nationally recognised training in the last 12 months, timeseries (% of all employers using nationally recognised training)",Employer size,Large,Professional or industry associations,2005,4.6,4.6*,reported,True,pct,employer_size,False,Employer survey — joins on state/industry/size. No ANZSCO occupation code available.,False
Table 13,13,"Type of provider used to conduct the majority of nationally recognised training in the last 12 months, timeseries (% of all employers using nationally recognised training)",Employer size,Large,Professional or industry associations,2007,11.1,11.1,reported,False,pct,employer_size,False,Employer survey — joins on state/industry/size. No ANZSCO occupation code available.,False
Table 13,13,"Type of provider used to conduct the majority of nationally recognised training in the last 12 months, timeseries (% of all employers using nationally recognised training)",Employer size,Large,Professional or industry associations,2009,10.3,10.3*,reported,True,pct,employer_size,False,Employer survey — joins on state/industry/size. No ANZSCO occupation code available.,False
Table 13,13,"Type of provider used to conduct the majority of nationally recognised training in the last 12 months, timeseries (% of all employers using nationally recognised training)",Employer size,Large,Professional or industry associations,2011,9.7,9.7*,reported,True,pct,employer_size,False,Employer survey — joins on state/industry/size. No ANZSCO occupation code available.,False
Table 13,13,"Type of provider used to conduct the majority of nationally recognised training in the last 12 months, timeseries (% of all employers using nationally recognised training)",Employer size,Large,Professional or industry associations,2013,9.8,9.8*,reported,True,pct,employer_size,False,Employer survey — joins on state/industry/size. No ANZSCO occupation code available.,False
Table 13,13,"Type of provider used to conduct the majority of nationally recognised training in the last 12 months, timeseries (% of all employers using nationally recognised training)",Employer size,Large,Professional or industry associations,2015,13.3,13.3*,reported,True,pct,employer_size,False,Employer survey — joins on state/industry/size. No ANZSCO occupation code available.,False
Table 13,13,"Type of provider used to conduct the majority of nationally recognised training in the last 12 months, timeseries (% of all employers using nationally recognised training)",Employer size,Large,Professional or industry associations,2017,20.5,20.5*,reported,True,pct,employer_size,False,Employer survey — joins on state/industry/size. No ANZSCO occupation code available.,False
Table 13,13,"Type of provider used to conduct the majority of nationally recognised training in the last 12 months, timeseries (% of all employers using nationally recognised training)",Employer size,Large,Professional or industry associations,2019,23.1,23.1*,reported,True,pct,employer_size,False,Employer survey — joins on state/industry/size. No ANZSCO occupation code available.,False
Table 13,13,"Type of provider used to conduct the majority of nationally recognised training in the last 12 months, timeseries (% of all employers using nationally recognised training)",Employer size,Large,Professional or industry associations,2021,11.2,11.2*,reported,True,pct,employer_size,False,Employer survey — joins on state/industry/size. No ANZSCO occupation code available.,False
Table 13,13,"Type of provider used to conduct the majority of nationally recognised training in the last 12 months, timeseries (% of all employers using nationally recognised training)",Employer size,Large,Professional or industry associations,2023,14.6,14.6*,reported,True,pct,employer_size,False,Employer survey — joins on state/industry/size. No ANZSCO occupation code available.,False
Table 13,13,"Type of provider used to conduct the majority of nationally recognised training in the last 12 months, timeseries (% of all employers using nationally recognised training)",Employer size,Large,Professional or industry associations,2025,4.5,4.5,reported,False,pct,employer_size,False,Employer survey — joins on state/industry/size. No ANZSCO occupation code available.,False
Table 13,13,"Type of provider used to conduct the majority of nationally recognised training in the last 12 months, timeseries (% of all employers using nationally recognised training)",Employer size,Large,TAFE institutes,2005,16.3,16.3,reported,False,pct,employer_size,False,Employer survey — joins on state/industry/size. No ANZSCO occupation code available.,False
Table 13,13,"Type of provider used to conduct the majority of nationally recognised training in the last 12 months, timeseries (% of all employers using nationally recognised training)",Employer size,Large,TAFE institutes,2007,25.7,25.7,reported,False,pct,employer_size,False,Employer survey — joins on state/industry/size. No ANZSCO occupation code available.,False
Table 13,13,"Type of provider used to conduct the majority of nationally recognised training in the last 12 months, timeseries (% of all employers using nationally recognised training)",Employer size,Large,TAFE institutes,2009,22.8,22.8,reported,False,pct,employer_size,False,Employer survey — joins on state/industry/size. No ANZSCO occupation code available.,False
Table 13,13,"Type of provider used to conduct the majority of nationally recognised training in the last 12 months, timeseries (% of all employers using nationally recognised training)",Employer size,Large,TAFE institutes,2011,18.4,18.4,reported,False,pct,employer_size,False,Employer survey — joins on state/industry/size. No ANZSCO occupation code available.,False
Table 13,13,"Type of provider used to conduct the majority of nationally recognised training in the last 12 months, timeseries (% of all employers using nationally recognised training)",Employer size,Large,TAFE institutes,2013,15.6,15.6,reported,False,pct,employer_size,False,Employer survey — joins on state/industry/size. No ANZSCO occupation code available.,False
Table 13,13,"Type of provider used to conduct the majority of nationally recognised training in the last 12 months, timeseries (% of all employers using nationally recognised training)",Employer size,Large,TAFE institutes,2015,12.8,12.8*,reported,True,pct,employer_size,False,Employer survey — joins on state/industry/size. No ANZSCO occupation code available.,False
Table 13,13,"Type of provider used to conduct the majority of nationally recognised training in the last 12 months, timeseries (% of all employers using nationally recognised training)",Employer size,Large,TAFE institutes,2017,18.9,18.9*,reported,True,pct,employer_size,False,Employer survey — joins on state/industry/size. No ANZSCO occupation code available.,False
Table 13,13,"Type of provider used to conduct the majority of nationally recognised training in the last 12 months, timeseries (% of all employers using nationally recognised training)",Employer size,Large,TAFE institutes,2019,12.3,12.3,reported,False,pct,employer_size,False,Employer survey — joins on state/industry/size. No ANZSCO occupation code available.,False
Table 13,13,"Type of provider used to conduct the majority of nationally recognised training in the last 12 months, timeseries (% of all employers using nationally recognised training)",Employer size,Large,TAFE institutes,2021,13.6,13.6,reported,False,pct,employer_size,False,Employer survey — joins on state/industry/size. No ANZSCO occupation code available.,False
Table 13,13,"Type of provider used to conduct the majority of nationally recognised training in the last 12 months, timeseries (% of all employers using nationally recognised training)",Employer size,Large,TAFE institutes,2023,10.0,10,reported,False,pct,employer_size,False,Employer survey — joins on state/industry/size. No ANZSCO occupation code available.,False
Table 13,13,"Type of provider used to conduct the majority of nationally recognised training in the last 12 months, timeseries (% of all employers using nationally recognised training)",Employer size,Large,TAFE institutes,2025,17.7,17.7*,reported,True,pct,employer_size,False,Employer survey — joins on state/industry/size. No ANZSCO occupation code available.,False
Table 13,13,"Type of provider used to conduct the majority of nationally recognised training in the last 12 months, timeseries (% of all employers using nationally recognised training)",Employer size,Large,Universities,2005,16.5,16.5*,reported,True,pct,employer_size,False,Employer survey — joins on state/industry/size. No ANZSCO occupation code available.,False
Table 13,13,"Type of provider used to conduct the majority of nationally recognised training in the last 12 months, timeseries (% of all employers using nationally recognised training)",Employer size,Large,Universities,2007,11.5,11.5*,reported,True,pct,employer_size,False,Employer survey — joins on state/industry/size. No ANZSCO occupation code available.,False
Table 13,13,"Type of provider used to conduct the majority of nationally recognised training in the last 12 months, timeseries (% of all employers using nationally recognised training)",Employer size,Large,Universities,2009,8.6,8.6*,reported,True,pct,employer_size,False,Employer survey — joins on state/industry/size. No ANZSCO occupation code available.,False
Table 13,13,"Type of provider used to conduct the majority of nationally recognised training in the last 12 months, timeseries (% of all employers using nationally recognised training)",Employer size,Large,Universities,2011,4.4,4.4,reported,False,pct,employer_size,False,Employer survey — joins on state/industry/size. No ANZSCO occupation code available.,False
Table 13,13,"Type of provider used to conduct the majority of nationally recognised training in the last 12 months, timeseries (% of all employers using nationally recognised training)",Employer size,Large,Universities,2013,5.9,5.9*,reported,True,pct,employer_size,False,Employer survey — joins on state/industry/size. No ANZSCO occupation code available.,False
Table 13,13,"Type of provider used to conduct the majority of nationally recognised training in the last 12 months, timeseries (% of all employers using nationally recognised training)",Employer size,Large,Universities,2015,5.2,5.2*,reported,True,pct,employer_size,False,Employer survey — joins on state/industry/size. No ANZSCO occupation code available.,False
Table 13,13,"Type of provider used to conduct the majority of nationally recognised training in the last 12 months, timeseries (% of all employers using nationally recognised training)",Employer size,Large,Universities,2017,7.5,7.5*,reported,True,pct,employer_size,False,Employer survey — joins on state/industry/size. No ANZSCO occupation code available.,False
Table 13,13,"Type of provider used to conduct the majority of nationally recognised training in the last 12 months, timeseries (% of all employers using nationally recognised training)",Employer size,Large,Universities,2019,14.3,14.3*,reported,True,pct,employer_size,False,Employer survey — joins on state/industry/size. No ANZSCO occupation code available.,False
Table 13,13,"Type of provider used to conduct the majority of nationally recognised training in the last 12 months, timeseries (% of all employers using nationally recognised training)",Employer size,Large,Universities,2021,2.6,2.6,reported,False,pct,employer_size,False,Employer survey — joins on state/industry/size. No ANZSCO occupation code available.,False
Table 13,13,"Type of provider used to conduct the majority of nationally recognised training in the last 12 months, timeseries (% of all employers using nationally recognised training)",Employer size,Large,Universities,2023,8.1,8.1,reported,False,pct,employer_size,False,Employer survey — joins on state/industry/size. No ANZSCO occupation code available.,False
Table 13,13,"Type of provider used to conduct the majority of nationally recognised training in the last 12 months, timeseries (% of all employers using nationally recognised training)",Employer size,Large,Universities,2025,1.8,1.8,reported,False,pct,employer_size,False,Employer survey — joins on state/industry/size. No ANZSCO occupation code available.,False
Table 13,13,"Type of provider used to conduct the majority of nationally recognised training in the last 12 months, timeseries (% of all employers using nationally recognised training)",Employer size,Medium,No external training providers used,2005,3.0,3.0*,reported,True,pct,employer_size,False,Employer survey — joins on state/industry/size. No ANZSCO occupation code available.,False
Table 13,13,"Type of provider used to conduct the majority of nationally recognised training in the last 12 months, timeseries (% of all employers using nationally recognised training)",Employer size,Medium,No external training providers used,2007,2.8,2.8*,reported,True,pct,employer_size,False,Employer survey — joins on state/industry/size. No ANZSCO occupation code available.,False
Table 13,13,"Type of provider used to conduct the majority of nationally recognised training in the last 12 months, timeseries (% of all employers using nationally recognised training)",Employer size,Medium,No external training providers used,2009,1.6,1.6*,reported,True,pct,employer_size,False,Employer survey — joins on state/industry/size. No ANZSCO occupation code available.,False
Table 13,13,"Type of provider used to conduct the majority of nationally recognised training in the last 12 months, timeseries (% of all employers using nationally recognised training)",Employer size,Medium,No external training providers used,2011,3.0,3.0*,reported,True,pct,employer_size,False,Employer survey — joins on state/industry/size. No ANZSCO occupation code available.,False
Table 13,13,"Type of provider used to conduct the majority of nationally recognised training in the last 12 months, timeseries (% of all employers using nationally recognised training)",Employer size,Medium,No external training providers used,2013,5.6,5.6*,reported,True,pct,employer_size,False,Employer survey — joins on state/industry/size. No ANZSCO occupation code available.,False
Table 13,13,"Type of provider used to conduct the majority of nationally recognised training in the last 12 months, timeseries (% of all employers using nationally recognised training)",Employer size,Medium,No external training providers used,2015,1.7,1.7*,reported,True,pct,employer_size,False,Employer survey — joins on state/industry/size. No ANZSCO occupation code available.,False
Table 13,13,"Type of provider used to conduct the majority of nationally recognised training in the last 12 months, timeseries (% of all employers using nationally recognised training)",Employer size,Medium,No external training providers used,2017,5.2,5.2*,reported,True,pct,employer_size,False,Employer survey — joins on state/industry/size. No ANZSCO occupation code available.,False
Table 13,13,"Type of provider used to conduct the majority of nationally recognised training in the last 12 months, timeseries (% of all employers using nationally recognised training)",Employer size,Medium,No external training providers used,2019,2.5,2.5,reported,False,pct,employer_size,False,Employer survey — joins on state/industry/size. No ANZSCO occupation code available.,False
Table 13,13,"Type of provider used to conduct the majority of nationally recognised training in the last 12 months, timeseries (% of all employers using nationally recognised training)",Employer size,Medium,No external training providers used,2021,2.6,2.6,reported,False,pct,employer_size,False,Employer survey — joins on state/industry/size. No ANZSCO occupation code available.,False
Table 13,13,"Type of provider used to conduct the majority of nationally recognised training in the last 12 months, timeseries (% of all employers using nationally recognised training)",Employer size,Medium,No external training providers used,2023,1.6,1.6,reported,False,pct,employer_size,False,Employer survey — joins on state/industry/size. No ANZSCO occupation code available.,False
Table 13,13,"Type of provider used to conduct the majority of nationally recognised training in the last 12 months, timeseries (% of all employers using nationally recognised training)",Employer size,Medium,No external training providers used,2025,2.1,2.1,reported,False,pct,employer_size,False,Employer survey — joins on state/industry/size. No ANZSCO occupation code available.,False
Table 13,13,"Type of provider used to conduct the majority of nationally recognised training in the last 12 months, timeseries (% of all employers using nationally recognised training)",Employer size,Medium,Other external providers used for nationally recognised training,2005,6.1,6.1*,reported,True,pct,employer_size,False,Employer survey — joins on state/industry/size. No ANZSCO occupation code available.,False
Table 13,13,"Type of provider used to conduct the majority of nationally recognised training in the last 12 months, timeseries (% of all employers using nationally recognised training)",Employer size,Medium,Other external providers used for nationally recognised training,2007,8.4,8.4*,reported,True,pct,employer_size,False,Employer survey — joins on state/industry/size. No ANZSCO occupation code available.,False
Table 13,13,"Type of provider used to conduct the majority of nationally recognised training in the last 12 months, timeseries (% of all employers using nationally recognised training)",Employer size,Medium,Other external providers used for nationally recognised training,2009,6.4,6.4,reported,False,pct,employer_size,False,Employer survey — joins on state/industry/size. No ANZSCO occupation code available.,False
Table 13,13,"Type of provider used to conduct the majority of nationally recognised training in the last 12 months, timeseries (% of all employers using nationally recognised training)",Employer size,Medium,Other external providers used for nationally recognised training,2011,7.3,7.3,reported,False,pct,employer_size,False,Employer survey — joins on state/industry/size. No ANZSCO occupation code available.,False
Table 13,13,"Type of provider used to conduct the majority of nationally recognised training in the last 12 months, timeseries (% of all employers using nationally recognised training)",Employer size,Medium,Other external providers used for nationally recognised training,2013,4.9,4.9*,reported,True,pct,employer_size,False,Employer survey — joins on state/industry/size. No ANZSCO occupation code available.,False
Table 13,13,"Type of provider used to conduct the majority of nationally recognised training in the last 12 months, timeseries (% of all employers using nationally recognised training)",Employer size,Medium,Other external providers used for nationally recognised training,2015,3.0,3.0*,reported,True,pct,employer_size,False,Employer survey — joins on state/industry/size. No ANZSCO occupation code available.,False
Table 13,13,"Type of provider used to conduct the majority of nationally recognised training in the last 12 months, timeseries (% of all employers using nationally recognised training)",Employer size,Medium,Other external providers used for nationally recognised training,2017,4.3,4.3*,reported,True,pct,employer_size,False,Employer survey — joins on state/industry/size. No ANZSCO occupation code available.,False
Table 13,13,"Type of provider used to conduct the majority of nationally recognised training in the last 12 months, timeseries (% of all employers using nationally recognised training)",Employer size,Medium,Other external providers used for nationally recognised training,2019,3.4,3.4,reported,False,pct,employer_size,False,Employer survey — joins on state/industry/size. No ANZSCO occupation code available.,False
Table 13,13,"Type of provider used to conduct the majority of nationally recognised training in the last 12 months, timeseries (% of all employers using nationally recognised training)",Employer size,Medium,Other external providers used for nationally recognised training,2021,9.0,9,reported,False,pct,employer_size,False,Employer survey — joins on state/industry/size. No ANZSCO occupation code available.,False
Table 13,13,"Type of provider used to conduct the majority of nationally recognised training in the last 12 months, timeseries (% of all employers using nationally recognised training)",Employer size,Medium,Other external providers used for nationally recognised training,2023,5.7,5.7,reported,False,pct,employer_size,False,Employer survey — joins on state/industry/size. No ANZSCO occupation code available.,False
Table 13,13,"Type of provider used to conduct the majority of nationally recognised training in the last 12 months, timeseries (% of all employers using nationally recognised training)",Employer size,Medium,Other external providers used for nationally recognised training,2025,6.0,6,reported,False,pct,employer_size,False,Employer survey — joins on state/industry/size. No ANZSCO occupation code available.,False
Table 13,13,"Type of provider used to conduct the majority of nationally recognised training in the last 12 months, timeseries (% of all employers using nationally recognised training)",Employer size,Medium,Private training providers,2005,43.3,43.3,reported,False,pct,employer_size,False,Employer survey — joins on state/industry/size. No ANZSCO occupation code available.,False
Table 13,13,"Type of provider used to conduct the majority of nationally recognised training in the last 12 months, timeseries (% of all employers using nationally recognised training)",Employer size,Medium,Private training providers,2007,37.9,37.9,reported,False,pct,employer_size,False,Employer survey — joins on state/industry/size. No ANZSCO occupation code available.,False
Table 13,13,"Type of provider used to conduct the majority of nationally recognised training in the last 12 months, timeseries (% of all employers using nationally recognised training)",Employer size,Medium,Private training providers,2009,41.1,41.1,reported,False,pct,employer_size,False,Employer survey — joins on state/industry/size. No ANZSCO occupation code available.,False
Table 13,13,"Type of provider used to conduct the majority of nationally recognised training in the last 12 months, timeseries (% of all employers using nationally recognised training)",Employer size,Medium,Private training providers,2011,47.3,47.3,reported,False,pct,employer_size,False,Employer survey — joins on state/industry/size. No ANZSCO occupation code available.,False
Table 13,13,"Type of provider used to conduct the majority of nationally recognised training in the last 12 months, timeseries (% of all employers using nationally recognised training)",Employer size,Medium,Private training providers,2013,48.8,48.8,reported,False,pct,employer_size,False,Employer survey — joins on state/industry/size. No ANZSCO occupation code available.,False
Table 13,13,"Type of provider used to conduct the majority of nationally recognised training in the last 12 months, timeseries (% of all employers using nationally recognised training)",Employer size,Medium,Private training providers,2015,55.0,55,reported,False,pct,employer_size,False,Employer survey — joins on state/industry/size. No ANZSCO occupation code available.,False
Table 13,13,"Type of provider used to conduct the majority of nationally recognised training in the last 12 months, timeseries (% of all employers using nationally recognised training)",Employer size,Medium,Private training providers,2017,50.2,50.2,reported,False,pct,employer_size,False,Employer survey — joins on state/industry/size. No ANZSCO occupation code available.,False
Table 13,13,"Type of provider used to conduct the majority of nationally recognised training in the last 12 months, timeseries (% of all employers using nationally recognised training)",Employer size,Medium,Private training providers,2019,53.7,53.7,reported,False,pct,employer_size,False,Employer survey — joins on state/industry/size. No ANZSCO occupation code available.,False
Table 13,13,"Type of provider used to conduct the majority of nationally recognised training in the last 12 months, timeseries (% of all employers using nationally recognised training)",Employer size,Medium,Private training providers,2021,50.6,50.6,reported,False,pct,employer_size,False,Employer survey — joins on state/industry/size. No ANZSCO occupation code available.,False
Table 13,13,"Type of provider used to conduct the majority of nationally recognised training in the last 12 months, timeseries (% of all employers using nationally recognised training)",Employer size,Medium,Private training providers,2023,53.7,53.7,reported,False,pct,employer_size,False,Employer survey — joins on state/industry/size. No ANZSCO occupation code available.,False
Table 13,13,"Type of provider used to conduct the majority of nationally recognised training in the last 12 months, timeseries (% of all employers using nationally recognised training)",Employer size,Medium,Private training providers,2025,47.3,47.3,reported,False,pct,employer_size,False,Employer survey — joins on state/industry/size. No ANZSCO occupation code available.,False
Table 13,13,"Type of provider used to conduct the majority of nationally recognised training in the last 12 months, timeseries (% of all employers using nationally recognised training)",Employer size,Medium,Professional or industry associations,2005,12.0,12,reported,False,pct,employer_size,False,Employer survey — joins on state/industry/size. No ANZSCO occupation code available.,False
Table 13,13,"Type of provider used to conduct the majority of nationally recognised training in the last 12 months, timeseries (% of all employers using nationally recognised training)",Employer size,Medium,Professional or industry associations,2007,17.0,17,reported,False,pct,employer_size,False,Employer survey — joins on state/industry/size. No ANZSCO occupation code available.,False
Table 13,13,"Type of provider used to conduct the majority of nationally recognised training in the last 12 months, timeseries (% of all employers using nationally recognised training)",Employer size,Medium,Professional or industry associations,2009,14.1,14.1,reported,False,pct,employer_size,False,Employer survey — joins on state/industry/size. No ANZSCO occupation code available.,False
Table 13,13,"Type of provider used to conduct the majority of nationally recognised training in the last 12 months, timeseries (% of all employers using nationally recognised training)",Employer size,Medium,Professional or industry associations,2011,17.9,17.9,reported,False,pct,employer_size,False,Employer survey — joins on state/industry/size. No ANZSCO occupation code available.,False
Table 13,13,"Type of provider used to conduct the majority of nationally recognised training in the last 12 months, timeseries (% of all employers using nationally recognised training)",Employer size,Medium,Professional or industry associations,2013,21.7,21.7,reported,False,pct,employer_size,False,Employer survey — joins on state/industry/size. No ANZSCO occupation code available.,False
Table 13,13,"Type of provider used to conduct the majority of nationally recognised training in the last 12 months, timeseries (% of all employers using nationally recognised training)",Employer size,Medium,Professional or industry associations,2015,20.9,20.9,reported,False,pct,employer_size,False,Employer survey — joins on state/industry/size. No ANZSCO occupation code available.,False
Table 13,13,"Type of provider used to conduct the majority of nationally recognised training in the last 12 months, timeseries (% of all employers using nationally recognised training)",Employer size,Medium,Professional or industry associations,2017,19.4,19.4,reported,False,pct,employer_size,False,Employer survey — joins on state/industry/size. No ANZSCO occupation code available.,False
Table 13,13,"Type of provider used to conduct the majority of nationally recognised training in the last 12 months, timeseries (% of all employers using nationally recognised training)",Employer size,Medium,Professional or industry associations,2019,22.9,22.9,reported,False,pct,employer_size,False,Employer survey — joins on state/industry/size. No ANZSCO occupation code available.,False
Table 13,13,"Type of provider used to conduct the majority of nationally recognised training in the last 12 months, timeseries (% of all employers using nationally recognised training)",Employer size,Medium,Professional or industry associations,2021,18.9,18.9,reported,False,pct,employer_size,False,Employer survey — joins on state/industry/size. No ANZSCO occupation code available.,False
Table 13,13,"Type of provider used to conduct the majority of nationally recognised training in the last 12 months, timeseries (% of all employers using nationally recognised training)",Employer size,Medium,Professional or industry associations,2023,19.1,19.1,reported,False,pct,employer_size,False,Employer survey — joins on state/industry/size. No ANZSCO occupation code available.,False
Table 13,13,"Type of provider used to conduct the majority of nationally recognised training in the last 12 months, timeseries (% of all employers using nationally recognised training)",Employer size,Medium,Professional or industry associations,2025,15.3,15.3,reported,False,pct,employer_size,False,Employer survey — joins on state/industry/size. No ANZSCO occupation code available.,False
Table 13,13,"Type of provider used to conduct the majority of nationally recognised training in the last 12 months, timeseries (% of all employers using nationally recognised training)",Employer size,Medium,TAFE institutes,2005,27.9,27.9,reported,False,pct,employer_size,False,Employer survey — joins on state/industry/size. No ANZSCO occupation code available.,False
Table 13,13,"Type of provider used to conduct the majority of nationally recognised training in the last 12 months, timeseries (% of all employers using nationally recognised training)",Employer size,Medium,TAFE institutes,2007,24.5,24.5,reported,False,pct,employer_size,False,Employer survey — joins on state/industry/size. No ANZSCO occupation code available.,False
Table 13,13,"Type of provider used to conduct the majority of nationally recognised training in the last 12 months, timeseries (% of all employers using nationally recognised training)",Employer size,Medium,TAFE institutes,2009,27.1,27.1,reported,False,pct,employer_size,False,Employer survey — joins on state/industry/size. No ANZSCO occupation code available.,False
Table 13,13,"Type of provider used to conduct the majority of nationally recognised training in the last 12 months, timeseries (% of all employers using nationally recognised training)",Employer size,Medium,TAFE institutes,2011,18.1,18.1,reported,False,pct,employer_size,False,Employer survey — joins on state/industry/size. No ANZSCO occupation code available.,False
Table 13,13,"Type of provider used to conduct the majority of nationally recognised training in the last 12 months, timeseries (% of all employers using nationally recognised training)",Employer size,Medium,TAFE institutes,2013,14.7,14.7,reported,False,pct,employer_size,False,Employer survey — joins on state/industry/size. No ANZSCO occupation code available.,False
Table 13,13,"Type of provider used to conduct the majority of nationally recognised training in the last 12 months, timeseries (% of all employers using nationally recognised training)",Employer size,Medium,TAFE institutes,2015,17.2,17.2,reported,False,pct,employer_size,False,Employer survey — joins on state/industry/size. No ANZSCO occupation code available.,False
Table 13,13,"Type of provider used to conduct the majority of nationally recognised training in the last 12 months, timeseries (% of all employers using nationally recognised training)",Employer size,Medium,TAFE institutes,2017,8.7,8.7,reported,False,pct,employer_size,False,Employer survey — joins on state/industry/size. No ANZSCO occupation code available.,False
Table 13,13,"Type of provider used to conduct the majority of nationally recognised training in the last 12 months, timeseries (% of all employers using nationally recognised training)",Employer size,Medium,TAFE institutes,2019,14.0,14,reported,False,pct,employer_size,False,Employer survey — joins on state/industry/size. No ANZSCO occupation code available.,False
Table 13,13,"Type of provider used to conduct the majority of nationally recognised training in the last 12 months, timeseries (% of all employers using nationally recognised training)",Employer size,Medium,TAFE institutes,2021,16.0,16,reported,False,pct,employer_size,False,Employer survey — joins on state/industry/size. No ANZSCO occupation code available.,False
Table 13,13,"Type of provider used to conduct the majority of nationally recognised training in the last 12 months, timeseries (% of all employers using nationally recognised training)",Employer size,Medium,TAFE institutes,2023,15.4,15.4,reported,False,pct,employer_size,False,Employer survey — joins on state/industry/size. No ANZSCO occupation code available.,False
Table 13,13,"Type of provider used to conduct the majority of nationally recognised training in the last 12 months, timeseries (% of all employers using nationally recognised training)",Employer size,Medium,TAFE institutes,2025,26.7,26.7,reported,False,pct,employer_size,False,Employer survey — joins on state/industry/size. No ANZSCO occupation code available.,False
Table 13,13,"Type of provider used to conduct the majority of nationally recognised training in the last 12 months, timeseries (% of all employers using nationally recognised training)",Employer size,Medium,Universities,2005,7.7,7.7*,reported,True,pct,employer_size,False,Employer survey — joins on state/industry/size. No ANZSCO occupation code available.,False
Table 13,13,"Type of provider used to conduct the majority of nationally recognised training in the last 12 months, timeseries (% of all employers using nationally recognised training)",Employer size,Medium,Universities,2007,9.4,9.4,reported,False,pct,employer_size,False,Employer survey — joins on state/industry/size. No ANZSCO occupation code available.,False
Table 13,13,"Type of provider used to conduct the majority of nationally recognised training in the last 12 months, timeseries (% of all employers using nationally recognised training)",Employer size,Medium,Universities,2009,9.7,9.7,reported,False,pct,employer_size,False,Employer survey — joins on state/industry/size. No ANZSCO occupation code available.,False
Table 13,13,"Type of provider used to conduct the majority of nationally recognised training in the last 12 months, timeseries (% of all employers using nationally recognised training)",Employer size,Medium,Universities,2011,6.5,6.5,reported,False,pct,employer_size,False,Employer survey — joins on state/industry/size. No ANZSCO occupation code available.,False
Table 13,13,"Type of provider used to conduct the majority of nationally recognised training in the last 12 months, timeseries (% of all employers using nationally recognised training)",Employer size,Medium,Universities,2013,4.4,4.4*,reported,True,pct,employer_size,False,Employer survey — joins on state/industry/size. No ANZSCO occupation code available.,False
Table 13,13,"Type of provider used to conduct the majority of nationally recognised training in the last 12 months, timeseries (% of all employers using nationally recognised training)",Employer size,Medium,Universities,2015,2.2,2.2*,reported,True,pct,employer_size,False,Employer survey — joins on state/industry/size. No ANZSCO occupation code available.,False
Table 13,13,"Type of provider used to conduct the majority of nationally recognised training in the last 12 months, timeseries (% of all employers using nationally recognised training)",Employer size,Medium,Universities,2017,12.2,12.2*,reported,True,pct,employer_size,False,Employer survey — joins on state/industry/size. No ANZSCO occupation code available.,False
Table 13,13,"Type of provider used to conduct the majority of nationally recognised training in the last 12 months, timeseries (% of all employers using nationally recognised training)",Employer size,Medium,Universities,2019,3.6,3.6,reported,False,pct,employer_size,False,Employer survey — joins on state/industry/size. No ANZSCO occupation code available.,False
Table 13,13,"Type of provider used to conduct the majority of nationally recognised training in the last 12 months, timeseries (% of all employers using nationally recognised training)",Employer size,Medium,Universities,2021,2.9,2.9,reported,False,pct,employer_size,False,Employer survey — joins on state/industry/size. No ANZSCO occupation code available.,False
Table 13,13,"Type of provider used to conduct the majority of nationally recognised training in the last 12 months, timeseries (% of all employers using nationally recognised training)",Employer size,Medium,Universities,2023,4.4,4.4,reported,False,pct,employer_size,False,Employer survey — joins on state/industry/size. No ANZSCO occupation code available.,False
Table 13,13,"Type of provider used to conduct the majority of nationally recognised training in the last 12 months, timeseries (% of all employers using nationally recognised training)",Employer size,Medium,Universities,2025,2.7,2.7,reported,False,pct,employer_size,False,Employer survey — joins on state/industry/size. No ANZSCO occupation code available.,False
Table 13,13,"Type of provider used to conduct the majority of nationally recognised training in the last 12 months, timeseries (% of all employers using nationally recognised training)",Employer size,Small,No external training providers used,2005,2.8,2.8*,reported,True,pct,employer_size,False,Employer survey — joins on state/industry/size. No ANZSCO occupation code available.,False
Table 13,13,"Type of provider used to conduct the majority of nationally recognised training in the last 12 months, timeseries (% of all employers using nationally recognised training)",Employer size,Small,No external training providers used,2007,5.0,5.0*,reported,True,pct,employer_size,False,Employer survey — joins on state/industry/size. No ANZSCO occupation code available.,False
Table 13,13,"Type of provider used to conduct the majority of nationally recognised training in the last 12 months, timeseries (% of all employers using nationally recognised training)",Employer size,Small,No external training providers used,2009,3.9,3.9*,reported,True,pct,employer_size,False,Employer survey — joins on state/industry/size. No ANZSCO occupation code available.,False
Table 13,13,"Type of provider used to conduct the majority of nationally recognised training in the last 12 months, timeseries (% of all employers using nationally recognised training)",Employer size,Small,No external training providers used,2011,2.2,2.2*,reported,True,pct,employer_size,False,Employer survey — joins on state/industry/size. No ANZSCO occupation code available.,False
Table 13,13,"Type of provider used to conduct the majority of nationally recognised training in the last 12 months, timeseries (% of all employers using nationally recognised training)",Employer size,Small,No external training providers used,2013,1.3,1.3*,reported,True,pct,employer_size,False,Employer survey — joins on state/industry/size. No ANZSCO occupation code available.,False
Table 13,13,"Type of provider used to conduct the majority of nationally recognised training in the last 12 months, timeseries (% of all employers using nationally recognised training)",Employer size,Small,No external training providers used,2015,2.5,2.5*,reported,True,pct,employer_size,False,Employer survey — joins on state/industry/size. No ANZSCO occupation code available.,False
Table 13,13,"Type of provider used to conduct the majority of nationally recognised training in the last 12 months, timeseries (% of all employers using nationally recognised training)",Employer size,Small,No external training providers used,2017,3.2,3.2*,reported,True,pct,employer_size,False,Employer survey — joins on state/industry/size. No ANZSCO occupation code available.,False
Table 13,13,"Type of provider used to conduct the majority of nationally recognised training in the last 12 months, timeseries (% of all employers using nationally recognised training)",Employer size,Small,No external training providers used,2019,2.2,2.2,reported,False,pct,employer_size,False,Employer survey — joins on state/industry/size. No ANZSCO occupation code available.,False
Table 13,13,"Type of provider used to conduct the majority of nationally recognised training in the last 12 months, timeseries (% of all employers using nationally recognised training)",Employer size,Small,No external training providers used,2021,3.2,3.2,reported,False,pct,employer_size,False,Employer survey — joins on state/industry/size. No ANZSCO occupation code available.,False
Table 13,13,"Type of provider used to conduct the majority of nationally recognised training in the last 12 months, timeseries (% of all employers using nationally recognised training)",Employer size,Small,No external training providers used,2023,1.8,1.8,reported,False,pct,employer_size,False,Employer survey — joins on state/industry/size. No ANZSCO occupation code available.,False
Table 13,13,"Type of provider used to conduct the majority of nationally recognised training in the last 12 months, timeseries (% of all employers using nationally recognised training)",Employer size,Small,No external training providers used,2025,2.7,2.7,reported,False,pct,employer_size,False,Employer survey — joins on state/industry/size. No ANZSCO occupation code available.,False
Table 13,13,"Type of provider used to conduct the majority of nationally recognised training in the last 12 months, timeseries (% of all employers using nationally recognised training)",Employer size,Small,Other external providers used for nationally recognised training,2005,9.4,9.4*,reported,True,pct,employer_size,False,Employer survey — joins on state/industry/size. No ANZSCO occupation code available.,False
Table 13,13,"Type of provider used to conduct the majority of nationally recognised training in the last 12 months, timeseries (% of all employers using nationally recognised training)",Employer size,Small,Other external providers used for nationally recognised training,2007,10.9,10.9*,reported,True,pct,employer_size,False,Employer survey — joins on state/industry/size. No ANZSCO occupation code available.,False
Table 13,13,"Type of provider used to conduct the majority of nationally recognised training in the last 12 months, timeseries (% of all employers using nationally recognised training)",Employer size,Small,Other external providers used for nationally recognised training,2009,10.1,10.1,reported,False,pct,employer_size,False,Employer survey — joins on state/industry/size. No ANZSCO occupation code available.,False
Table 13,13,"Type of provider used to conduct the majority of nationally recognised training in the last 12 months, timeseries (% of all employers using nationally recognised training)",Employer size,Small,Other external providers used for nationally recognised training,2011,12.3,12.3,reported,False,pct,employer_size,False,Employer survey — joins on state/industry/size. No ANZSCO occupation code available.,False
Table 13,13,"Type of provider used to conduct the majority of nationally recognised training in the last 12 months, timeseries (% of all employers using nationally recognised training)",Employer size,Small,Other external providers used for nationally recognised training,2013,7.3,7.3,reported,False,pct,employer_size,False,Employer survey — joins on state/industry/size. No ANZSCO occupation code available.,False
Table 13,13,"Type of provider used to conduct the majority of nationally recognised training in the last 12 months, timeseries (% of all employers using nationally recognised training)",Employer size,Small,Other external providers used for nationally recognised training,2015,0.9,0.9*,reported,True,pct,employer_size,False,Employer survey — joins on state/industry/size. No ANZSCO occupation code available.,False
Table 13,13,"Type of provider used to conduct the majority of nationally recognised training in the last 12 months, timeseries (% of all employers using nationally recognised training)",Employer size,Small,Other external providers used for nationally recognised training,2017,6.5,6.5*,reported,True,pct,employer_size,False,Employer survey — joins on state/industry/size. No ANZSCO occupation code available.,False
Table 13,13,"Type of provider used to conduct the majority of nationally recognised training in the last 12 months, timeseries (% of all employers using nationally recognised training)",Employer size,Small,Other external providers used for nationally recognised training,2019,5.1,5.1,reported,False,pct,employer_size,False,Employer survey — joins on state/industry/size. No ANZSCO occupation code available.,False
Table 13,13,"Type of provider used to conduct the majority of nationally recognised training in the last 12 months, timeseries (% of all employers using nationally recognised training)",Employer size,Small,Other external providers used for nationally recognised training,2021,6.6,6.6,reported,False,pct,employer_size,False,Employer survey — joins on state/industry/size. No ANZSCO occupation code available.,False
Table 13,13,"Type of provider used to conduct the majority of nationally recognised training in the last 12 months, timeseries (% of all employers using nationally recognised training)",Employer size,Small,Other external providers used for nationally recognised training,2023,3.7,3.7,reported,False,pct,employer_size,False,Employer survey — joins on state/industry/size. No ANZSCO occupation code available.,False
Table 13,13,"Type of provider used to conduct the majority of nationally recognised training in the last 12 months, timeseries (% of all employers using nationally recognised training)",Employer size,Small,Other external providers used for nationally recognised training,2025,6.7,6.7,reported,False,pct,employer_size,False,Employer survey — joins on state/industry/size. No ANZSCO occupation code available.,False
Table 13,13,"Type of provider used to conduct the majority of nationally recognised training in the last 12 months, timeseries (% of all employers using nationally recognised training)",Employer size,Small,Private training providers,2005,29.4,29.4,reported,False,pct,employer_size,False,Employer survey — joins on state/industry/size. No ANZSCO occupation code available.,False
Table 13,13,"Type of provider used to conduct the majority of nationally recognised training in the last 12 months, timeseries (% of all employers using nationally recognised training)",Employer size,Small,Private training providers,2007,28.8,28.8,reported,False,pct,employer_size,False,Employer survey — joins on state/industry/size. No ANZSCO occupation code available.,False
Table 13,13,"Type of provider used to conduct the majority of nationally recognised training in the last 12 months, timeseries (% of all employers using nationally recognised training)",Employer size,Small,Private training providers,2009,35.8,35.8,reported,False,pct,employer_size,False,Employer survey — joins on state/industry/size. No ANZSCO occupation code available.,False
Table 13,13,"Type of provider used to conduct the majority of nationally recognised training in the last 12 months, timeseries (% of all employers using nationally recognised training)",Employer size,Small,Private training providers,2011,37.8,37.8,reported,False,pct,employer_size,False,Employer survey — joins on state/industry/size. No ANZSCO occupation code available.,False
Table 13,13,"Type of provider used to conduct the majority of nationally recognised training in the last 12 months, timeseries (% of all employers using nationally recognised training)",Employer size,Small,Private training providers,2013,41.2,41.2,reported,False,pct,employer_size,False,Employer survey — joins on state/industry/size. No ANZSCO occupation code available.,False
Table 13,13,"Type of provider used to conduct the majority of nationally recognised training in the last 12 months, timeseries (% of all employers using nationally recognised training)",Employer size,Small,Private training providers,2015,51.2,51.2,reported,False,pct,employer_size,False,Employer survey — joins on state/industry/size. No ANZSCO occupation code available.,False
Table 13,13,"Type of provider used to conduct the majority of nationally recognised training in the last 12 months, timeseries (% of all employers using nationally recognised training)",Employer size,Small,Private training providers,2017,52.3,52.3,reported,False,pct,employer_size,False,Employer survey — joins on state/industry/size. No ANZSCO occupation code available.,False
Table 13,13,"Type of provider used to conduct the majority of nationally recognised training in the last 12 months, timeseries (% of all employers using nationally recognised training)",Employer size,Small,Private training providers,2019,43.4,43.4,reported,False,pct,employer_size,False,Employer survey — joins on state/industry/size. No ANZSCO occupation code available.,False
Table 13,13,"Type of provider used to conduct the majority of nationally recognised training in the last 12 months, timeseries (% of all employers using nationally recognised training)",Employer size,Small,Private training providers,2021,50.2,50.2,reported,False,pct,employer_size,False,Employer survey — joins on state/industry/size. No ANZSCO occupation code available.,False
Table 13,13,"Type of provider used to conduct the majority of nationally recognised training in the last 12 months, timeseries (% of all employers using nationally recognised training)",Employer size,Small,Private training providers,2023,48.5,48.5,reported,False,pct,employer_size,False,Employer survey — joins on state/industry/size. No ANZSCO occupation code available.,False
Table 13,13,"Type of provider used to conduct the majority of nationally recognised training in the last 12 months, timeseries (% of all employers using nationally recognised training)",Employer size,Small,Private training providers,2025,49.2,49.2,reported,False,pct,employer_size,False,Employer survey — joins on state/industry/size. No ANZSCO occupation code available.,False
Table 13,13,"Type of provider used to conduct the majority of nationally recognised training in the last 12 months, timeseries (% of all employers using nationally recognised training)",Employer size,Small,Professional or industry associations,2005,19.8,19.8,reported,False,pct,employer_size,False,Employer survey — joins on state/industry/size. No ANZSCO occupation code available.,False
Table 13,13,"Type of provider used to conduct the majority of nationally recognised training in the last 12 months, timeseries (% of all employers using nationally recognised training)",Employer size,Small,Professional or industry associations,2007,19.3,19.3,reported,False,pct,employer_size,False,Employer survey — joins on state/industry/size. No ANZSCO occupation code available.,False
Table 13,13,"Type of provider used to conduct the majority of nationally recognised training in the last 12 months, timeseries (% of all employers using nationally recognised training)",Employer size,Small,Professional or industry associations,2009,14.0,14,reported,False,pct,employer_size,False,Employer survey — joins on state/industry/size. No ANZSCO occupation code available.,False
Table 13,13,"Type of provider used to conduct the majority of nationally recognised training in the last 12 months, timeseries (% of all employers using nationally recognised training)",Employer size,Small,Professional or industry associations,2011,20.2,20.2,reported,False,pct,employer_size,False,Employer survey — joins on state/industry/size. No ANZSCO occupation code available.,False
Table 13,13,"Type of provider used to conduct the majority of nationally recognised training in the last 12 months, timeseries (% of all employers using nationally recognised training)",Employer size,Small,Professional or industry associations,2013,25.4,25.4,reported,False,pct,employer_size,False,Employer survey — joins on state/industry/size. No ANZSCO occupation code available.,False
Table 13,13,"Type of provider used to conduct the majority of nationally recognised training in the last 12 months, timeseries (% of all employers using nationally recognised training)",Employer size,Small,Professional or industry associations,2015,22.1,22.1,reported,False,pct,employer_size,False,Employer survey — joins on state/industry/size. No ANZSCO occupation code available.,False
Table 13,13,"Type of provider used to conduct the majority of nationally recognised training in the last 12 months, timeseries (% of all employers using nationally recognised training)",Employer size,Small,Professional or industry associations,2017,21.7,21.7,reported,False,pct,employer_size,False,Employer survey — joins on state/industry/size. No ANZSCO occupation code available.,False
Table 13,13,"Type of provider used to conduct the majority of nationally recognised training in the last 12 months, timeseries (% of all employers using nationally recognised training)",Employer size,Small,Professional or industry associations,2019,23.4,23.4,reported,False,pct,employer_size,False,Employer survey — joins on state/industry/size. No ANZSCO occupation code available.,False
Table 13,13,"Type of provider used to conduct the majority of nationally recognised training in the last 12 months, timeseries (% of all employers using nationally recognised training)",Employer size,Small,Professional or industry associations,2021,18.4,18.4,reported,False,pct,employer_size,False,Employer survey — joins on state/industry/size. No ANZSCO occupation code available.,False
Table 13,13,"Type of provider used to conduct the majority of nationally recognised training in the last 12 months, timeseries (% of all employers using nationally recognised training)",Employer size,Small,Professional or industry associations,2023,25.5,25.5,reported,False,pct,employer_size,False,Employer survey — joins on state/industry/size. No ANZSCO occupation code available.,False
Table 13,13,"Type of provider used to conduct the majority of nationally recognised training in the last 12 months, timeseries (% of all employers using nationally recognised training)",Employer size,Small,Professional or industry associations,2025,12.0,12,reported,False,pct,employer_size,False,Employer survey — joins on state/industry/size. No ANZSCO occupation code available.,False
Table 13,13,"Type of provider used to conduct the majority of nationally recognised training in the last 12 months, timeseries (% of all employers using nationally recognised training)",Employer size,Small,TAFE institutes,2005,31.4,31.4,reported,False,pct,employer_size,False,Employer survey — joins on state/industry/size. No ANZSCO occupation code available.,False
Table 13,13,"Type of provider used to conduct the majority of nationally recognised training in the last 12 months, timeseries (% of all employers using nationally recognised training)",Employer size,Small,TAFE institutes,2007,34.8,34.8,reported,False,pct,employer_size,False,Employer survey — joins on state/industry/size. No ANZSCO occupation code available.,False
Table 13,13,"Type of provider used to conduct the majority of nationally recognised training in the last 12 months, timeseries (% of all employers using nationally recognised training)",Employer size,Small,TAFE institutes,2009,26.2,26.2,reported,False,pct,employer_size,False,Employer survey — joins on state/industry/size. No ANZSCO occupation code available.,False
Table 13,13,"Type of provider used to conduct the majority of nationally recognised training in the last 12 months, timeseries (% of all employers using nationally recognised training)",Employer size,Small,TAFE institutes,2011,25.4,25.4,reported,False,pct,employer_size,False,Employer survey — joins on state/industry/size. No ANZSCO occupation code available.,False
Table 13,13,"Type of provider used to conduct the majority of nationally recognised training in the last 12 months, timeseries (% of all employers using nationally recognised training)",Employer size,Small,TAFE institutes,2013,18.8,18.8,reported,False,pct,employer_size,False,Employer survey — joins on state/industry/size. No ANZSCO occupation code available.,False
Table 13,13,"Type of provider used to conduct the majority of nationally recognised training in the last 12 months, timeseries (% of all employers using nationally recognised training)",Employer size,Small,TAFE institutes,2015,19.1,19.1,reported,False,pct,employer_size,False,Employer survey — joins on state/industry/size. No ANZSCO occupation code available.,False
Table 13,13,"Type of provider used to conduct the majority of nationally recognised training in the last 12 months, timeseries (% of all employers using nationally recognised training)",Employer size,Small,TAFE institutes,2017,14.0,14,reported,False,pct,employer_size,False,Employer survey — joins on state/industry/size. No ANZSCO occupation code available.,False
Table 13,13,"Type of provider used to conduct the majority of nationally recognised training in the last 12 months, timeseries (% of all employers using nationally recognised training)",Employer size,Small,TAFE institutes,2019,20.5,20.5,reported,False,pct,employer_size,False,Employer survey — joins on state/industry/size. No ANZSCO occupation code available.,False
Table 13,13,"Type of provider used to conduct the majority of nationally recognised training in the last 12 months, timeseries (% of all employers using nationally recognised training)",Employer size,Small,TAFE institutes,2021,16.8,16.8,reported,False,pct,employer_size,False,Employer survey — joins on state/industry/size. No ANZSCO occupation code available.,False
Table 13,13,"Type of provider used to conduct the majority of nationally recognised training in the last 12 months, timeseries (% of all employers using nationally recognised training)",Employer size,Small,TAFE institutes,2023,18.6,18.6,reported,False,pct,employer_size,False,Employer survey — joins on state/industry/size. No ANZSCO occupation code available.,False
Table 13,13,"Type of provider used to conduct the majority of nationally recognised training in the last 12 months, timeseries (% of all employers using nationally recognised training)",Employer size,Small,TAFE institutes,2025,26.5,26.5,reported,False,pct,employer_size,False,Employer survey — joins on state/industry/size. No ANZSCO occupation code available.,False
Table 13,13,"Type of provider used to conduct the majority of nationally recognised training in the last 12 months, timeseries (% of all employers using nationally recognised training)",Employer size,Small,Universities,2005,7.2,7.2*,reported,True,pct,employer_size,False,Employer survey — joins on state/industry/size. No ANZSCO occupation code available.,False
Table 13,13,"Type of provider used to conduct the majority of nationally recognised training in the last 12 months, timeseries (% of all employers using nationally recognised training)",Employer size,Small,Universities,2007,1.2,1.2*,reported,True,pct,employer_size,False,Employer survey — joins on state/industry/size. No ANZSCO occupation code available.,False
Table 13,13,"Type of provider used to conduct the majority of nationally recognised training in the last 12 months, timeseries (% of all employers using nationally recognised training)",Employer size,Small,Universities,2009,10.1,10.1,reported,False,pct,employer_size,False,Employer survey — joins on state/industry/size. No ANZSCO occupation code available.,False
Table 13,13,"Type of provider used to conduct the majority of nationally recognised training in the last 12 months, timeseries (% of all employers using nationally recognised training)",Employer size,Small,Universities,2011,2.1,2.1*,reported,True,pct,employer_size,False,Employer survey — joins on state/industry/size. No ANZSCO occupation code available.,False
Table 13,13,"Type of provider used to conduct the majority of nationally recognised training in the last 12 months, timeseries (% of all employers using nationally recognised training)",Employer size,Small,Universities,2013,6.0,6.0*,reported,True,pct,employer_size,False,Employer survey — joins on state/industry/size. No ANZSCO occupation code available.,False
Table 13,13,"Type of provider used to conduct the majority of nationally recognised training in the last 12 months, timeseries (% of all employers using nationally recognised training)",Employer size,Small,Universities,2015,4.2,4.2*,reported,True,pct,employer_size,False,Employer survey — joins on state/industry/size. No ANZSCO occupation code available.,False
Table 13,13,"Type of provider used to conduct the majority of nationally recognised training in the last 12 months, timeseries (% of all employers using nationally recognised training)",Employer size,Small,Universities,2017,2.3,2.3*,reported,True,pct,employer_size,False,Employer survey — joins on state/industry/size. No ANZSCO occupation code available.,False
Table 13,13,"Type of provider used to conduct the majority of nationally recognised training in the last 12 months, timeseries (% of all employers using nationally recognised training)",Employer size,Small,Universities,2019,5.4,5.4,reported,False,pct,employer_size,False,Employer survey — joins on state/industry/size. No ANZSCO occupation code available.,False
Table 13,13,"Type of provider used to conduct the majority of nationally recognised training in the last 12 months, timeseries (% of all employers using nationally recognised training)",Employer size,Small,Universities,2021,4.9,4.9,reported,False,pct,employer_size,False,Employer survey — joins on state/industry/size. No ANZSCO occupation code available.,False
Table 13,13,"Type of provider used to conduct the majority of nationally recognised training in the last 12 months, timeseries (% of all employers using nationally recognised training)",Employer size,Small,Universities,2023,1.8,1.8,reported,False,pct,employer_size,False,Employer survey — joins on state/industry/size. No ANZSCO occupation code available.,False
Table 13,13,"Type of provider used to conduct the majority of nationally recognised training in the last 12 months, timeseries (% of all employers using nationally recognised training)",Employer size,Small,Universities,2025,2.8,2.8,reported,False,pct,employer_size,False,Employer survey — joins on state/industry/size. No ANZSCO occupation code available.,False
Table 16,16,"Type of provider used to conduct the majority of unaccredited training in the last 12 months, timeseries (% all of employers using unaccredited training)",Employer size,Large,No external training providers used,2005,65.2,65.2,reported,False,pct,employer_size,False,Employer survey — joins on state/industry/size. No ANZSCO occupation code available.,False
Table 16,16,"Type of provider used to conduct the majority of unaccredited training in the last 12 months, timeseries (% all of employers using unaccredited training)",Employer size,Large,No external training providers used,2007,61.2,61.2,reported,False,pct,employer_size,False,Employer survey — joins on state/industry/size. No ANZSCO occupation code available.,False
Table 16,16,"Type of provider used to conduct the majority of unaccredited training in the last 12 months, timeseries (% all of employers using unaccredited training)",Employer size,Large,No external training providers used,2009,53.2,53.2,reported,False,pct,employer_size,False,Employer survey — joins on state/industry/size. No ANZSCO occupation code available.,False
Table 16,16,"Type of provider used to conduct the majority of unaccredited training in the last 12 months, timeseries (% all of employers using unaccredited training)",Employer size,Large,No external training providers used,2011,66.4,66.4,reported,False,pct,employer_size,False,Employer survey — joins on state/industry/size. No ANZSCO occupation code available.,False
Table 16,16,"Type of provider used to conduct the majority of unaccredited training in the last 12 months, timeseries (% all of employers using unaccredited training)",Employer size,Large,No external training providers used,2013,65.9,65.9,reported,False,pct,employer_size,False,Employer survey — joins on state/industry/size. No ANZSCO occupation code available.,False
Table 16,16,"Type of provider used to conduct the majority of unaccredited training in the last 12 months, timeseries (% all of employers using unaccredited training)",Employer size,Large,No external training providers used,2015,65.0,65,reported,False,pct,employer_size,False,Employer survey — joins on state/industry/size. No ANZSCO occupation code available.,False
Table 16,16,"Type of provider used to conduct the majority of unaccredited training in the last 12 months, timeseries (% all of employers using unaccredited training)",Employer size,Large,No external training providers used,2017,62.1,62.1,reported,False,pct,employer_size,False,Employer survey — joins on state/industry/size. No ANZSCO occupation code available.,False
Table 16,16,"Type of provider used to conduct the majority of unaccredited training in the last 12 months, timeseries (% all of employers using unaccredited training)",Employer size,Large,No external training providers used,2019,70.9,70.9*,reported,True,pct,employer_size,False,Employer survey — joins on state/industry/size. No ANZSCO occupation code available.,False
Table 16,16,"Type of provider used to conduct the majority of unaccredited training in the last 12 months, timeseries (% all of employers using unaccredited training)",Employer size,Large,No external training providers used,2021,82.3,82.3,reported,False,pct,employer_size,False,Employer survey — joins on state/industry/size. No ANZSCO occupation code available.,False
Table 16,16,"Type of provider used to conduct the majority of unaccredited training in the last 12 months, timeseries (% all of employers using unaccredited training)",Employer size,Large,No external training providers used,2023,65.1,65.1*,reported,True,pct,employer_size,False,Employer survey — joins on state/industry/size. No ANZSCO occupation code available.,False
Table 16,16,"Type of provider used to conduct the majority of unaccredited training in the last 12 months, timeseries (% all of employers using unaccredited training)",Employer size,Large,No external training providers used,2025,49.1,49.1*,reported,True,pct,employer_size,False,Employer survey — joins on state/industry/size. No ANZSCO occupation code available.,False
Table 16,16,"Type of provider used to conduct the majority of unaccredited training in the last 12 months, timeseries (% all of employers using unaccredited training)",Employer size,Large,Other external providers used for unaccredited training,2005,1.8,1.8*,reported,True,pct,employer_size,False,Employer survey — joins on state/industry/size. No ANZSCO occupation code available.,False
Table 16,16,"Type of provider used to conduct the majority of unaccredited training in the last 12 months, timeseries (% all of employers using unaccredited training)",Employer size,Large,Other external providers used for unaccredited training,2007,1.4,1.4*,reported,True,pct,employer_size,False,Employer survey — joins on state/industry/size. No ANZSCO occupation code available.,False
Table 16,16,"Type of provider used to conduct the majority of unaccredited training in the last 12 months, timeseries (% all of employers using unaccredited training)",Employer size,Large,Other external providers used for unaccredited training,2009,1.5,1.5*,reported,True,pct,employer_size,False,Employer survey — joins on state/industry/size. No ANZSCO occupation code available.,False
Table 16,16,"Type of provider used to conduct the majority of unaccredited training in the last 12 months, timeseries (% all of employers using unaccredited training)",Employer size,Large,Other external providers used for unaccredited training,2011,3.3,3.3*,reported,True,pct,employer_size,False,Employer survey — joins on state/industry/size. No ANZSCO occupation code available.,False
Table 16,16,"Type of provider used to conduct the majority of unaccredited training in the last 12 months, timeseries (% all of employers using unaccredited training)",Employer size,Large,Other external providers used for unaccredited training,2013,0.8,0.8*,reported,True,pct,employer_size,False,Employer survey — joins on state/industry/size. No ANZSCO occupation code available.,False
Table 16,16,"Type of provider used to conduct the majority of unaccredited training in the last 12 months, timeseries (% all of employers using unaccredited training)",Employer size,Large,Other external providers used for unaccredited training,2015,0.9,0.9*,reported,True,pct,employer_size,False,Employer survey — joins on state/industry/size. No ANZSCO occupation code available.,False
Table 16,16,"Type of provider used to conduct the majority of unaccredited training in the last 12 months, timeseries (% all of employers using unaccredited training)",Employer size,Large,Other external providers used for unaccredited training,2017,1.2,1.2*,reported,True,pct,employer_size,False,Employer survey — joins on state/industry/size. No ANZSCO occupation code available.,False
Table 16,16,"Type of provider used to conduct the majority of unaccredited training in the last 12 months, timeseries (% all of employers using unaccredited training)",Employer size,Large,Other external providers used for unaccredited training,2019,0.4,0.4,reported,False,pct,employer_size,False,Employer survey — joins on state/industry/size. No ANZSCO occupation code available.,False
Table 16,16,"Type of provider used to conduct the majority of unaccredited training in the last 12 months, timeseries (% all of employers using unaccredited training)",Employer size,Large,Other external providers used for unaccredited training,2021,0.7,0.7,reported,False,pct,employer_size,False,Employer survey — joins on state/industry/size. No ANZSCO occupation code available.,False
Table 16,16,"Type of provider used to conduct the majority of unaccredited training in the last 12 months, timeseries (% all of employers using unaccredited training)",Employer size,Large,Other external providers used for unaccredited training,2023,2.6,2.6,reported,False,pct,employer_size,False,Employer survey — joins on state/industry/size. No ANZSCO occupation code available.,False
Table 16,16,"Type of provider used to conduct the majority of unaccredited training in the last 12 months, timeseries (% all of employers using unaccredited training)",Employer size,Large,Other external providers used for unaccredited training,2025,0.6,0.6,reported,False,pct,employer_size,False,Employer survey — joins on state/industry/size. No ANZSCO occupation code available.,False
Table 16,16,"Type of provider used to conduct the majority of unaccredited training in the last 12 months, timeseries (% all of employers using unaccredited training)",Employer size,Large,Private training providers,2005,20.8,20.8,reported,False,pct,employer_size,False,Employer survey — joins on state/industry/size. No ANZSCO occupation code available.,False
Table 16,16,"Type of provider used to conduct the majority of unaccredited training in the last 12 months, timeseries (% all of employers using unaccredited training)",Employer size,Large,Private training providers,2007,27.0,27,reported,False,pct,employer_size,False,Employer survey — joins on state/industry/size. No ANZSCO occupation code available.,False
Table 16,16,"Type of provider used to conduct the majority of unaccredited training in the last 12 months, timeseries (% all of employers using unaccredited training)",Employer size,Large,Private training providers,2009,35.5,35.5,reported,False,pct,employer_size,False,Employer survey — joins on state/industry/size. No ANZSCO occupation code available.,False
Table 16,16,"Type of provider used to conduct the majority of unaccredited training in the last 12 months, timeseries (% all of employers using unaccredited training)",Employer size,Large,Private training providers,2011,20.8,20.8,reported,False,pct,employer_size,False,Employer survey — joins on state/industry/size. No ANZSCO occupation code available.,False
Table 16,16,"Type of provider used to conduct the majority of unaccredited training in the last 12 months, timeseries (% all of employers using unaccredited training)",Employer size,Large,Private training providers,2013,23.7,23.7,reported,False,pct,employer_size,False,Employer survey — joins on state/industry/size. No ANZSCO occupation code available.,False
Table 16,16,"Type of provider used to conduct the majority of unaccredited training in the last 12 months, timeseries (% all of employers using unaccredited training)",Employer size,Large,Private training providers,2015,19.2,19.2,reported,False,pct,employer_size,False,Employer survey — joins on state/industry/size. No ANZSCO occupation code available.,False
Table 16,16,"Type of provider used to conduct the majority of unaccredited training in the last 12 months, timeseries (% all of employers using unaccredited training)",Employer size,Large,Private training providers,2017,28.0,28,reported,False,pct,employer_size,False,Employer survey — joins on state/industry/size. No ANZSCO occupation code available.,False
Table 16,16,"Type of provider used to conduct the majority of unaccredited training in the last 12 months, timeseries (% all of employers using unaccredited training)",Employer size,Large,Private training providers,2019,16.6,16.6,reported,False,pct,employer_size,False,Employer survey — joins on state/industry/size. No ANZSCO occupation code available.,False
Table 16,16,"Type of provider used to conduct the majority of unaccredited training in the last 12 months, timeseries (% all of employers using unaccredited training)",Employer size,Large,Private training providers,2021,13.3,13.3,reported,False,pct,employer_size,False,Employer survey — joins on state/industry/size. No ANZSCO occupation code available.,False
Table 16,16,"Type of provider used to conduct the majority of unaccredited training in the last 12 months, timeseries (% all of employers using unaccredited training)",Employer size,Large,Private training providers,2023,15.3,15.3,reported,False,pct,employer_size,False,Employer survey — joins on state/industry/size. No ANZSCO occupation code available.,False
Table 16,16,"Type of provider used to conduct the majority of unaccredited training in the last 12 months, timeseries (% all of employers using unaccredited training)",Employer size,Large,Private training providers,2025,39.0,39.0*,reported,True,pct,employer_size,False,Employer survey — joins on state/industry/size. No ANZSCO occupation code available.,False
Table 16,16,"Type of provider used to conduct the majority of unaccredited training in the last 12 months, timeseries (% all of employers using unaccredited training)",Employer size,Large,Professional or industry associations,2005,5.4,5.4*,reported,True,pct,employer_size,False,Employer survey — joins on state/industry/size. No ANZSCO occupation code available.,False
Table 16,16,"Type of provider used to conduct the majority of unaccredited training in the last 12 months, timeseries (% all of employers using unaccredited training)",Employer size,Large,Professional or industry associations,2007,4.7,4.7*,reported,True,pct,employer_size,False,Employer survey — joins on state/industry/size. No ANZSCO occupation code available.,False
Table 16,16,"Type of provider used to conduct the majority of unaccredited training in the last 12 months, timeseries (% all of employers using unaccredited training)",Employer size,Large,Professional or industry associations,2009,7.5,7.5*,reported,True,pct,employer_size,False,Employer survey — joins on state/industry/size. No ANZSCO occupation code available.,False
Table 16,16,"Type of provider used to conduct the majority of unaccredited training in the last 12 months, timeseries (% all of employers using unaccredited training)",Employer size,Large,Professional or industry associations,2011,3.6,3.6*,reported,True,pct,employer_size,False,Employer survey — joins on state/industry/size. No ANZSCO occupation code available.,False
Table 16,16,"Type of provider used to conduct the majority of unaccredited training in the last 12 months, timeseries (% all of employers using unaccredited training)",Employer size,Large,Professional or industry associations,2013,6.9,6.9*,reported,True,pct,employer_size,False,Employer survey — joins on state/industry/size. No ANZSCO occupation code available.,False
Table 16,16,"Type of provider used to conduct the majority of unaccredited training in the last 12 months, timeseries (% all of employers using unaccredited training)",Employer size,Large,Professional or industry associations,2015,6.5,6.5*,reported,True,pct,employer_size,False,Employer survey — joins on state/industry/size. No ANZSCO occupation code available.,False
Table 16,16,"Type of provider used to conduct the majority of unaccredited training in the last 12 months, timeseries (% all of employers using unaccredited training)",Employer size,Large,Professional or industry associations,2017,5.9,5.9*,reported,True,pct,employer_size,False,Employer survey — joins on state/industry/size. No ANZSCO occupation code available.,False
Table 16,16,"Type of provider used to conduct the majority of unaccredited training in the last 12 months, timeseries (% all of employers using unaccredited training)",Employer size,Large,Professional or industry associations,2019,10.2,10.2,reported,False,pct,employer_size,False,Employer survey — joins on state/industry/size. No ANZSCO occupation code available.,False
Table 16,16,"Type of provider used to conduct the majority of unaccredited training in the last 12 months, timeseries (% all of employers using unaccredited training)",Employer size,Large,Professional or industry associations,2021,2.5,2.5,reported,False,pct,employer_size,False,Employer survey — joins on state/industry/size. No ANZSCO occupation code available.,False
Table 16,16,"Type of provider used to conduct the majority of unaccredited training in the last 12 months, timeseries (% all of employers using unaccredited training)",Employer size,Large,Professional or industry associations,2023,8.6,8.6,reported,False,pct,employer_size,False,Employer survey — joins on state/industry/size. No ANZSCO occupation code available.,False
Table 16,16,"Type of provider used to conduct the majority of unaccredited training in the last 12 months, timeseries (% all of employers using unaccredited training)",Employer size,Large,Professional or industry associations,2025,8.5,8.5,reported,False,pct,employer_size,False,Employer survey — joins on state/industry/size. No ANZSCO occupation code available.,False
Table 16,16,"Type of provider used to conduct the majority of unaccredited training in the last 12 months, timeseries (% all of employers using unaccredited training)",Employer size,Large,Supplier/manufacturer of equipment and/or product,2005,5.6,5.6*,reported,True,pct,employer_size,False,Employer survey — joins on state/industry/size. No ANZSCO occupation code available.,False
Table 16,16,"Type of provider used to conduct the majority of unaccredited training in the last 12 months, timeseries (% all of employers using unaccredited training)",Employer size,Large,Supplier/manufacturer of equipment and/or product,2007,1.7,1.7*,reported,True,pct,employer_size,False,Employer survey — joins on state/industry/size. No ANZSCO occupation code available.,False
Table 16,16,"Type of provider used to conduct the majority of unaccredited training in the last 12 months, timeseries (% all of employers using unaccredited training)",Employer size,Large,Supplier/manufacturer of equipment and/or product,2009,1.4,1.4*,reported,True,pct,employer_size,False,Employer survey — joins on state/industry/size. No ANZSCO occupation code available.,False
Table 16,16,"Type of provider used to conduct the majority of unaccredited training in the last 12 months, timeseries (% all of employers using unaccredited training)",Employer size,Large,Supplier/manufacturer of equipment and/or product,2011,4.1,4.1*,reported,True,pct,employer_size,False,Employer survey — joins on state/industry/size. No ANZSCO occupation code available.,False
Table 16,16,"Type of provider used to conduct the majority of unaccredited training in the last 12 months, timeseries (% all of employers using unaccredited training)",Employer size,Large,Supplier/manufacturer of equipment and/or product,2013,2.3,2.3*,reported,True,pct,employer_size,False,Employer survey — joins on state/industry/size. No ANZSCO occupation code available.,False
Table 16,16,"Type of provider used to conduct the majority of unaccredited training in the last 12 months, timeseries (% all of employers using unaccredited training)",Employer size,Large,Supplier/manufacturer of equipment and/or product,2015,8.0,8.0*,reported,True,pct,employer_size,False,Employer survey — joins on state/industry/size. No ANZSCO occupation code available.,False
Table 16,16,"Type of provider used to conduct the majority of unaccredited training in the last 12 months, timeseries (% all of employers using unaccredited training)",Employer size,Large,Supplier/manufacturer of equipment and/or product,2017,2.3,2.3*,reported,True,pct,employer_size,False,Employer survey — joins on state/industry/size. No ANZSCO occupation code available.,False
Table 16,16,"Type of provider used to conduct the majority of unaccredited training in the last 12 months, timeseries (% all of employers using unaccredited training)",Employer size,Large,Supplier/manufacturer of equipment and/or product,2019,1.4,1.4,reported,False,pct,employer_size,False,Employer survey — joins on state/industry/size. No ANZSCO occupation code available.,False
Table 16,16,"Type of provider used to conduct the majority of unaccredited training in the last 12 months, timeseries (% all of employers using unaccredited training)",Employer size,Large,Supplier/manufacturer of equipment and/or product,2021,1.3,1.3,reported,False,pct,employer_size,False,Employer survey — joins on state/industry/size. No ANZSCO occupation code available.,False
Table 16,16,"Type of provider used to conduct the majority of unaccredited training in the last 12 months, timeseries (% all of employers using unaccredited training)",Employer size,Large,Supplier/manufacturer of equipment and/or product,2023,8.3,8.3*,reported,True,pct,employer_size,False,Employer survey — joins on state/industry/size. No ANZSCO occupation code available.,False
Table 16,16,"Type of provider used to conduct the majority of unaccredited training in the last 12 months, timeseries (% all of employers using unaccredited training)",Employer size,Large,Supplier/manufacturer of equipment and/or product,2025,2.8,2.8,reported,False,pct,employer_size,False,Employer survey — joins on state/industry/size. No ANZSCO occupation code available.,False
Table 16,16,"Type of provider used to conduct the majority of unaccredited training in the last 12 months, timeseries (% all of employers using unaccredited training)",Employer size,Large,TAFE institutes,2005,1.2,1.2*,reported,True,pct,employer_size,False,Employer survey — joins on state/industry/size. No ANZSCO occupation code available.,False
Table 16,16,"Type of provider used to conduct the majority of unaccredited training in the last 12 months, timeseries (% all of employers using unaccredited training)",Employer size,Large,TAFE institutes,2007,4.1,4.1*,reported,True,pct,employer_size,False,Employer survey — joins on state/industry/size. No ANZSCO occupation code available.,False
Table 16,16,"Type of provider used to conduct the majority of unaccredited training in the last 12 months, timeseries (% all of employers using unaccredited training)",Employer size,Large,TAFE institutes,2011,1.8,1.8*,reported,True,pct,employer_size,False,Employer survey — joins on state/industry/size. No ANZSCO occupation code available.,False
Table 16,16,"Type of provider used to conduct the majority of unaccredited training in the last 12 months, timeseries (% all of employers using unaccredited training)",Employer size,Large,TAFE institutes,2019,0.4,0.4,reported,False,pct,employer_size,False,Employer survey — joins on state/industry/size. No ANZSCO occupation code available.,False
Table 16,16,"Type of provider used to conduct the majority of unaccredited training in the last 12 months, timeseries (% all of employers using unaccredited training)",Employer size,Large,TAFE institutes,2021,0.0,0,reported,False,pct,employer_size,False,Employer survey — joins on state/industry/size. No ANZSCO occupation code available.,False
Table 16,16,"Type of provider used to conduct the majority of unaccredited training in the last 12 months, timeseries (% all of employers using unaccredited training)",Employer size,Large,TAFE institutes,2023,0.2,0.2,reported,False,pct,employer_size,False,Employer survey — joins on state/industry/size. No ANZSCO occupation code available.,False
Table 16,16,"Type of provider used to conduct the majority of unaccredited training in the last 12 months, timeseries (% all of employers using unaccredited training)",Employer size,Large,TAFE institutes,2025,0.0,0,reported,False,pct,employer_size,False,Employer survey — joins on state/industry/size. No ANZSCO occupation code available.,False
Table 16,16,"Type of provider used to conduct the majority of unaccredited training in the last 12 months, timeseries (% all of employers using unaccredited training)",Employer size,Large,TAFE institutes,2009,,np,not_publishable,False,pct,employer_size,False,Employer survey — joins on state/industry/size. No ANZSCO occupation code available.,
Table 16,16,"Type of provider used to conduct the majority of unaccredited training in the last 12 months, timeseries (% all of employers using unaccredited training)",Employer size,Large,TAFE institutes,2013,,np,not_publishable,False,pct,employer_size,False,Employer survey — joins on state/industry/size. No ANZSCO occupation code available.,
Table 16,16,"Type of provider used to conduct the majority of unaccredited training in the last 12 months, timeseries (% all of employers using unaccredited training)",Employer size,Large,TAFE institutes,2015,,np,not_publishable,False,pct,employer_size,False,Employer survey — joins on state/industry/size. No ANZSCO occupation code available.,
Table 16,16,"Type of provider used to conduct the majority of unaccredited training in the last 12 months, timeseries (% all of employers using unaccredited training)",Employer size,Large,TAFE institutes,2017,,np,not_publishable,False,pct,employer_size,False,Employer survey — joins on state/industry/size. No ANZSCO occupation code available.,
Table 16,16,"Type of provider used to conduct the majority of unaccredited training in the last 12 months, timeseries (% all of employers using unaccredited training)",Employer size,Medium,No external training providers used,2005,54.4,54.4,reported,False,pct,employer_size,False,Employer survey — joins on state/industry/size. No ANZSCO occupation code available.,False
Table 16,16,"Type of provider used to conduct the majority of unaccredited training in the last 12 months, timeseries (% all of employers using unaccredited training)",Employer size,Medium,No external training providers used,2007,50.9,50.9,reported,False,pct,employer_size,False,Employer survey — joins on state/industry/size. No ANZSCO occupation code available.,False
Table 16,16,"Type of provider used to conduct the majority of unaccredited training in the last 12 months, timeseries (% all of employers using unaccredited training)",Employer size,Medium,No external training providers used,2009,55.4,55.4,reported,False,pct,employer_size,False,Employer survey — joins on state/industry/size. No ANZSCO occupation code available.,False
Table 16,16,"Type of provider used to conduct the majority of unaccredited training in the last 12 months, timeseries (% all of employers using unaccredited training)",Employer size,Medium,No external training providers used,2011,53.6,53.6,reported,False,pct,employer_size,False,Employer survey — joins on state/industry/size. No ANZSCO occupation code available.,False
Table 16,16,"Type of provider used to conduct the majority of unaccredited training in the last 12 months, timeseries (% all of employers using unaccredited training)",Employer size,Medium,No external training providers used,2013,61.8,61.8,reported,False,pct,employer_size,False,Employer survey — joins on state/industry/size. No ANZSCO occupation code available.,False
Table 16,16,"Type of provider used to conduct the majority of unaccredited training in the last 12 months, timeseries (% all of employers using unaccredited training)",Employer size,Medium,No external training providers used,2015,58.3,58.3,reported,False,pct,employer_size,False,Employer survey — joins on state/industry/size. No ANZSCO occupation code available.,False
Table 16,16,"Type of provider used to conduct the majority of unaccredited training in the last 12 months, timeseries (% all of employers using unaccredited training)",Employer size,Medium,No external training providers used,2017,53.3,53.3,reported,False,pct,employer_size,False,Employer survey — joins on state/industry/size. No ANZSCO occupation code available.,False
Table 16,16,"Type of provider used to conduct the majority of unaccredited training in the last 12 months, timeseries (% all of employers using unaccredited training)",Employer size,Medium,No external training providers used,2019,58.4,58.4,reported,False,pct,employer_size,False,Employer survey — joins on state/industry/size. No ANZSCO occupation code available.,False
Table 16,16,"Type of provider used to conduct the majority of unaccredited training in the last 12 months, timeseries (% all of employers using unaccredited training)",Employer size,Medium,No external training providers used,2021,61.1,61.1,reported,False,pct,employer_size,False,Employer survey — joins on state/industry/size. No ANZSCO occupation code available.,False
Table 16,16,"Type of provider used to conduct the majority of unaccredited training in the last 12 months, timeseries (% all of employers using unaccredited training)",Employer size,Medium,No external training providers used,2023,54.4,54.4,reported,False,pct,employer_size,False,Employer survey — joins on state/industry/size. No ANZSCO occupation code available.,False
Table 16,16,"Type of provider used to conduct the majority of unaccredited training in the last 12 months, timeseries (% all of employers using unaccredited training)",Employer size,Medium,No external training providers used,2025,54.7,54.7,reported,False,pct,employer_size,False,Employer survey — joins on state/industry/size. No ANZSCO occupation code available.,False
Table 16,16,"Type of provider used to conduct the majority of unaccredited training in the last 12 months, timeseries (% all of employers using unaccredited training)",Employer size,Medium,Other external providers used for unaccredited training,2005,6.3,6.3,reported,False,pct,employer_size,False,Employer survey — joins on state/industry/size. No ANZSCO occupation code available.,False
Table 16,16,"Type of provider used to conduct the majority of unaccredited training in the last 12 months, timeseries (% all of employers using unaccredited training)",Employer size,Medium,Other external providers used for unaccredited training,2007,8.2,8.2,reported,False,pct,employer_size,False,Employer survey — joins on state/industry/size. No ANZSCO occupation code available.,False
Table 16,16,"Type of provider used to conduct the majority of unaccredited training in the last 12 months, timeseries (% all of employers using unaccredited training)",Employer size,Medium,Other external providers used for unaccredited training,2009,4.3,4.3,reported,False,pct,employer_size,False,Employer survey — joins on state/industry/size. No ANZSCO occupation code available.,False
Table 16,16,"Type of provider used to conduct the majority of unaccredited training in the last 12 months, timeseries (% all of employers using unaccredited training)",Employer size,Medium,Other external providers used for unaccredited training,2011,5.3,5.3,reported,False,pct,employer_size,False,Employer survey — joins on state/industry/size. No ANZSCO occupation code available.,False
Table 16,16,"Type of provider used to conduct the majority of unaccredited training in the last 12 months, timeseries (% all of employers using unaccredited training)",Employer size,Medium,Other external providers used for unaccredited training,2013,2.0,2.0*,reported,True,pct,employer_size,False,Employer survey — joins on state/industry/size. No ANZSCO occupation code available.,False
Table 16,16,"Type of provider used to conduct the majority of unaccredited training in the last 12 months, timeseries (% all of employers using unaccredited training)",Employer size,Medium,Other external providers used for unaccredited training,2015,3.0,3.0*,reported,True,pct,employer_size,False,Employer survey — joins on state/industry/size. No ANZSCO occupation code available.,False
Table 16,16,"Type of provider used to conduct the majority of unaccredited training in the last 12 months, timeseries (% all of employers using unaccredited training)",Employer size,Medium,Other external providers used for unaccredited training,2017,0.9,0.9*,reported,True,pct,employer_size,False,Employer survey — joins on state/industry/size. No ANZSCO occupation code available.,False
Table 16,16,"Type of provider used to conduct the majority of unaccredited training in the last 12 months, timeseries (% all of employers using unaccredited training)",Employer size,Medium,Other external providers used for unaccredited training,2019,4.0,4,reported,False,pct,employer_size,False,Employer survey — joins on state/industry/size. No ANZSCO occupation code available.,False
Table 16,16,"Type of provider used to conduct the majority of unaccredited training in the last 12 months, timeseries (% all of employers using unaccredited training)",Employer size,Medium,Other external providers used for unaccredited training,2021,1.5,1.5,reported,False,pct,employer_size,False,Employer survey — joins on state/industry/size. No ANZSCO occupation code available.,False
Table 16,16,"Type of provider used to conduct the majority of unaccredited training in the last 12 months, timeseries (% all of employers using unaccredited training)",Employer size,Medium,Other external providers used for unaccredited training,2023,2.3,2.3,reported,False,pct,employer_size,False,Employer survey — joins on state/industry/size. No ANZSCO occupation code available.,False
Table 16,16,"Type of provider used to conduct the majority of unaccredited training in the last 12 months, timeseries (% all of employers using unaccredited training)",Employer size,Medium,Other external providers used for unaccredited training,2025,3.5,3.5,reported,False,pct,employer_size,False,Employer survey — joins on state/industry/size. No ANZSCO occupation code available.,False
Table 16,16,"Type of provider used to conduct the majority of unaccredited training in the last 12 months, timeseries (% all of employers using unaccredited training)",Employer size,Medium,Private training providers,2005,20.6,20.6,reported,False,pct,employer_size,False,Employer survey — joins on state/industry/size. No ANZSCO occupation code available.,False
Table 16,16,"Type of provider used to conduct the majority of unaccredited training in the last 12 months, timeseries (% all of employers using unaccredited training)",Employer size,Medium,Private training providers,2007,23.1,23.1,reported,False,pct,employer_size,False,Employer survey — joins on state/industry/size. No ANZSCO occupation code available.,False
Table 16,16,"Type of provider used to conduct the majority of unaccredited training in the last 12 months, timeseries (% all of employers using unaccredited training)",Employer size,Medium,Private training providers,2009,21.0,21,reported,False,pct,employer_size,False,Employer survey — joins on state/industry/size. No ANZSCO occupation code available.,False
Table 16,16,"Type of provider used to conduct the majority of unaccredited training in the last 12 months, timeseries (% all of employers using unaccredited training)",Employer size,Medium,Private training providers,2011,17.9,17.9,reported,False,pct,employer_size,False,Employer survey — joins on state/industry/size. No ANZSCO occupation code available.,False
Table 16,16,"Type of provider used to conduct the majority of unaccredited training in the last 12 months, timeseries (% all of employers using unaccredited training)",Employer size,Medium,Private training providers,2013,16.9,16.9,reported,False,pct,employer_size,False,Employer survey — joins on state/industry/size. No ANZSCO occupation code available.,False
Table 16,16,"Type of provider used to conduct the majority of unaccredited training in the last 12 months, timeseries (% all of employers using unaccredited training)",Employer size,Medium,Private training providers,2015,17.1,17.1,reported,False,pct,employer_size,False,Employer survey — joins on state/industry/size. No ANZSCO occupation code available.,False
Table 16,16,"Type of provider used to conduct the majority of unaccredited training in the last 12 months, timeseries (% all of employers using unaccredited training)",Employer size,Medium,Private training providers,2017,25.0,25,reported,False,pct,employer_size,False,Employer survey — joins on state/industry/size. No ANZSCO occupation code available.,False
Table 16,16,"Type of provider used to conduct the majority of unaccredited training in the last 12 months, timeseries (% all of employers using unaccredited training)",Employer size,Medium,Private training providers,2019,17.9,17.9,reported,False,pct,employer_size,False,Employer survey — joins on state/industry/size. No ANZSCO occupation code available.,False
Table 16,16,"Type of provider used to conduct the majority of unaccredited training in the last 12 months, timeseries (% all of employers using unaccredited training)",Employer size,Medium,Private training providers,2021,15.3,15.3,reported,False,pct,employer_size,False,Employer survey — joins on state/industry/size. No ANZSCO occupation code available.,False
Table 16,16,"Type of provider used to conduct the majority of unaccredited training in the last 12 months, timeseries (% all of employers using unaccredited training)",Employer size,Medium,Private training providers,2023,19.2,19.2,reported,False,pct,employer_size,False,Employer survey — joins on state/industry/size. No ANZSCO occupation code available.,False
Table 16,16,"Type of provider used to conduct the majority of unaccredited training in the last 12 months, timeseries (% all of employers using unaccredited training)",Employer size,Medium,Private training providers,2025,25.5,25.5,reported,False,pct,employer_size,False,Employer survey — joins on state/industry/size. No ANZSCO occupation code available.,False
Table 16,16,"Type of provider used to conduct the majority of unaccredited training in the last 12 months, timeseries (% all of employers using unaccredited training)",Employer size,Medium,Professional or industry associations,2005,12.0,12,reported,False,pct,employer_size,False,Employer survey — joins on state/industry/size. No ANZSCO occupation code available.,False
Table 16,16,"Type of provider used to conduct the majority of unaccredited training in the last 12 months, timeseries (% all of employers using unaccredited training)",Employer size,Medium,Professional or industry associations,2007,8.5,8.5,reported,False,pct,employer_size,False,Employer survey — joins on state/industry/size. No ANZSCO occupation code available.,False
Table 16,16,"Type of provider used to conduct the majority of unaccredited training in the last 12 months, timeseries (% all of employers using unaccredited training)",Employer size,Medium,Professional or industry associations,2009,9.0,9,reported,False,pct,employer_size,False,Employer survey — joins on state/industry/size. No ANZSCO occupation code available.,False
Table 16,16,"Type of provider used to conduct the majority of unaccredited training in the last 12 months, timeseries (% all of employers using unaccredited training)",Employer size,Medium,Professional or industry associations,2011,10.3,10.3,reported,False,pct,employer_size,False,Employer survey — joins on state/industry/size. No ANZSCO occupation code available.,False
Table 16,16,"Type of provider used to conduct the majority of unaccredited training in the last 12 months, timeseries (% all of employers using unaccredited training)",Employer size,Medium,Professional or industry associations,2013,10.8,10.8,reported,False,pct,employer_size,False,Employer survey — joins on state/industry/size. No ANZSCO occupation code available.,False
Table 16,16,"Type of provider used to conduct the majority of unaccredited training in the last 12 months, timeseries (% all of employers using unaccredited training)",Employer size,Medium,Professional or industry associations,2015,15.4,15.4,reported,False,pct,employer_size,False,Employer survey — joins on state/industry/size. No ANZSCO occupation code available.,False
Table 16,16,"Type of provider used to conduct the majority of unaccredited training in the last 12 months, timeseries (% all of employers using unaccredited training)",Employer size,Medium,Professional or industry associations,2017,12.0,12,reported,False,pct,employer_size,False,Employer survey — joins on state/industry/size. No ANZSCO occupation code available.,False
Table 16,16,"Type of provider used to conduct the majority of unaccredited training in the last 12 months, timeseries (% all of employers using unaccredited training)",Employer size,Medium,Professional or industry associations,2019,11.5,11.5,reported,False,pct,employer_size,False,Employer survey — joins on state/industry/size. No ANZSCO occupation code available.,False
Table 16,16,"Type of provider used to conduct the majority of unaccredited training in the last 12 months, timeseries (% all of employers using unaccredited training)",Employer size,Medium,Professional or industry associations,2021,15.0,15,reported,False,pct,employer_size,False,Employer survey — joins on state/industry/size. No ANZSCO occupation code available.,False
Table 16,16,"Type of provider used to conduct the majority of unaccredited training in the last 12 months, timeseries (% all of employers using unaccredited training)",Employer size,Medium,Professional or industry associations,2023,15.9,15.9,reported,False,pct,employer_size,False,Employer survey — joins on state/industry/size. No ANZSCO occupation code available.,False
Table 16,16,"Type of provider used to conduct the majority of unaccredited training in the last 12 months, timeseries (% all of employers using unaccredited training)",Employer size,Medium,Professional or industry associations,2025,10.9,10.9,reported,False,pct,employer_size,False,Employer survey — joins on state/industry/size. No ANZSCO occupation code available.,False
Table 16,16,"Type of provider used to conduct the majority of unaccredited training in the last 12 months, timeseries (% all of employers using unaccredited training)",Employer size,Medium,Supplier/manufacturer of equipment and/or product,2005,5.2,5.2,reported,False,pct,employer_size,False,Employer survey — joins on state/industry/size. No ANZSCO occupation code available.,False
Table 16,16,"Type of provider used to conduct the majority of unaccredited training in the last 12 months, timeseries (% all of employers using unaccredited training)",Employer size,Medium,Supplier/manufacturer of equipment and/or product,2007,6.1,6.1,reported,False,pct,employer_size,False,Employer survey — joins on state/industry/size. No ANZSCO occupation code available.,False
Table 16,16,"Type of provider used to conduct the majority of unaccredited training in the last 12 months, timeseries (% all of employers using unaccredited training)",Employer size,Medium,Supplier/manufacturer of equipment and/or product,2009,8.2,8.2,reported,False,pct,employer_size,False,Employer survey — joins on state/industry/size. No ANZSCO occupation code available.,False
Table 16,16,"Type of provider used to conduct the majority of unaccredited training in the last 12 months, timeseries (% all of employers using unaccredited training)",Employer size,Medium,Supplier/manufacturer of equipment and/or product,2011,11.4,11.4,reported,False,pct,employer_size,False,Employer survey — joins on state/industry/size. No ANZSCO occupation code available.,False
Table 16,16,"Type of provider used to conduct the majority of unaccredited training in the last 12 months, timeseries (% all of employers using unaccredited training)",Employer size,Medium,Supplier/manufacturer of equipment and/or product,2013,8.2,8.2,reported,False,pct,employer_size,False,Employer survey — joins on state/industry/size. No ANZSCO occupation code available.,False
Table 16,16,"Type of provider used to conduct the majority of unaccredited training in the last 12 months, timeseries (% all of employers using unaccredited training)",Employer size,Medium,Supplier/manufacturer of equipment and/or product,2015,5.5,5.5,reported,False,pct,employer_size,False,Employer survey — joins on state/industry/size. No ANZSCO occupation code available.,False
Table 16,16,"Type of provider used to conduct the majority of unaccredited training in the last 12 months, timeseries (% all of employers using unaccredited training)",Employer size,Medium,Supplier/manufacturer of equipment and/or product,2017,8.3,8.3,reported,False,pct,employer_size,False,Employer survey — joins on state/industry/size. No ANZSCO occupation code available.,False
Table 16,16,"Type of provider used to conduct the majority of unaccredited training in the last 12 months, timeseries (% all of employers using unaccredited training)",Employer size,Medium,Supplier/manufacturer of equipment and/or product,2019,8.2,8.2,reported,False,pct,employer_size,False,Employer survey — joins on state/industry/size. No ANZSCO occupation code available.,False
Table 16,16,"Type of provider used to conduct the majority of unaccredited training in the last 12 months, timeseries (% all of employers using unaccredited training)",Employer size,Medium,Supplier/manufacturer of equipment and/or product,2021,6.4,6.4,reported,False,pct,employer_size,False,Employer survey — joins on state/industry/size. No ANZSCO occupation code available.,False
Table 16,16,"Type of provider used to conduct the majority of unaccredited training in the last 12 months, timeseries (% all of employers using unaccredited training)",Employer size,Medium,Supplier/manufacturer of equipment and/or product,2023,7.4,7.4,reported,False,pct,employer_size,False,Employer survey — joins on state/industry/size. No ANZSCO occupation code available.,False
Table 16,16,"Type of provider used to conduct the majority of unaccredited training in the last 12 months, timeseries (% all of employers using unaccredited training)",Employer size,Medium,Supplier/manufacturer of equipment and/or product,2025,4.3,4.3,reported,False,pct,employer_size,False,Employer survey — joins on state/industry/size. No ANZSCO occupation code available.,False
Table 16,16,"Type of provider used to conduct the majority of unaccredited training in the last 12 months, timeseries (% all of employers using unaccredited training)",Employer size,Medium,TAFE institutes,2005,1.5,1.5*,reported,True,pct,employer_size,False,Employer survey — joins on state/industry/size. No ANZSCO occupation code available.,False
Table 16,16,"Type of provider used to conduct the majority of unaccredited training in the last 12 months, timeseries (% all of employers using unaccredited training)",Employer size,Medium,TAFE institutes,2007,3.2,3.2*,reported,True,pct,employer_size,False,Employer survey — joins on state/industry/size. No ANZSCO occupation code available.,False
Table 16,16,"Type of provider used to conduct the majority of unaccredited training in the last 12 months, timeseries (% all of employers using unaccredited training)",Employer size,Medium,TAFE institutes,2009,2.1,2.1*,reported,True,pct,employer_size,False,Employer survey — joins on state/industry/size. No ANZSCO occupation code available.,False
Table 16,16,"Type of provider used to conduct the majority of unaccredited training in the last 12 months, timeseries (% all of employers using unaccredited training)",Employer size,Medium,TAFE institutes,2011,1.5,1.5*,reported,True,pct,employer_size,False,Employer survey — joins on state/industry/size. No ANZSCO occupation code available.,False
Table 16,16,"Type of provider used to conduct the majority of unaccredited training in the last 12 months, timeseries (% all of employers using unaccredited training)",Employer size,Medium,TAFE institutes,2015,0.7,0.7*,reported,True,pct,employer_size,False,Employer survey — joins on state/industry/size. No ANZSCO occupation code available.,False
Table 16,16,"Type of provider used to conduct the majority of unaccredited training in the last 12 months, timeseries (% all of employers using unaccredited training)",Employer size,Medium,TAFE institutes,2017,0.6,0.6*,reported,True,pct,employer_size,False,Employer survey — joins on state/industry/size. No ANZSCO occupation code available.,False
Table 16,16,"Type of provider used to conduct the majority of unaccredited training in the last 12 months, timeseries (% all of employers using unaccredited training)",Employer size,Medium,TAFE institutes,2019,0.0,0,reported,False,pct,employer_size,False,Employer survey — joins on state/industry/size. No ANZSCO occupation code available.,False
Table 16,16,"Type of provider used to conduct the majority of unaccredited training in the last 12 months, timeseries (% all of employers using unaccredited training)",Employer size,Medium,TAFE institutes,2021,0.6,0.6,reported,False,pct,employer_size,False,Employer survey — joins on state/industry/size. No ANZSCO occupation code available.,False
Table 16,16,"Type of provider used to conduct the majority of unaccredited training in the last 12 months, timeseries (% all of employers using unaccredited training)",Employer size,Medium,TAFE institutes,2023,0.8,0.8,reported,False,pct,employer_size,False,Employer survey — joins on state/industry/size. No ANZSCO occupation code available.,False
Table 16,16,"Type of provider used to conduct the majority of unaccredited training in the last 12 months, timeseries (% all of employers using unaccredited training)",Employer size,Medium,TAFE institutes,2025,1.1,1.1,reported,False,pct,employer_size,False,Employer survey — joins on state/industry/size. No ANZSCO occupation code available.,False
Table 16,16,"Type of provider used to conduct the majority of unaccredited training in the last 12 months, timeseries (% all of employers using unaccredited training)",Employer size,Medium,TAFE institutes,2013,,np,not_publishable,False,pct,employer_size,False,Employer survey — joins on state/industry/size. No ANZSCO occupation code available.,
Table 16,16,"Type of provider used to conduct the majority of unaccredited training in the last 12 months, timeseries (% all of employers using unaccredited training)",Employer size,Small,No external training providers used,2005,45.7,45.7,reported,False,pct,employer_size,False,Employer survey — joins on state/industry/size. No ANZSCO occupation code available.,False
Table 16,16,"Type of provider used to conduct the majority of unaccredited training in the last 12 months, timeseries (% all of employers using unaccredited training)",Employer size,Small,No external training providers used,2007,53.6,53.6,reported,False,pct,employer_size,False,Employer survey — joins on state/industry/size. No ANZSCO occupation code available.,False
Table 16,16,"Type of provider used to conduct the majority of unaccredited training in the last 12 months, timeseries (% all of employers using unaccredited training)",Employer size,Small,No external training providers used,2009,50.8,50.8,reported,False,pct,employer_size,False,Employer survey — joins on state/industry/size. No ANZSCO occupation code available.,False
Table 16,16,"Type of provider used to conduct the majority of unaccredited training in the last 12 months, timeseries (% all of employers using unaccredited training)",Employer size,Small,No external training providers used,2011,52.3,52.3,reported,False,pct,employer_size,False,Employer survey — joins on state/industry/size. No ANZSCO occupation code available.,False
Table 16,16,"Type of provider used to conduct the majority of unaccredited training in the last 12 months, timeseries (% all of employers using unaccredited training)",Employer size,Small,No external training providers used,2013,53.1,53.1,reported,False,pct,employer_size,False,Employer survey — joins on state/industry/size. No ANZSCO occupation code available.,False
Table 16,16,"Type of provider used to conduct the majority of unaccredited training in the last 12 months, timeseries (% all of employers using unaccredited training)",Employer size,Small,No external training providers used,2015,58.5,58.5,reported,False,pct,employer_size,False,Employer survey — joins on state/industry/size. No ANZSCO occupation code available.,False
Table 16,16,"Type of provider used to conduct the majority of unaccredited training in the last 12 months, timeseries (% all of employers using unaccredited training)",Employer size,Small,No external training providers used,2017,55.0,55,reported,False,pct,employer_size,False,Employer survey — joins on state/industry/size. No ANZSCO occupation code available.,False
Table 16,16,"Type of provider used to conduct the majority of unaccredited training in the last 12 months, timeseries (% all of employers using unaccredited training)",Employer size,Small,No external training providers used,2019,54.9,54.9,reported,False,pct,employer_size,False,Employer survey — joins on state/industry/size. No ANZSCO occupation code available.,False
Table 16,16,"Type of provider used to conduct the majority of unaccredited training in the last 12 months, timeseries (% all of employers using unaccredited training)",Employer size,Small,No external training providers used,2021,54.1,54.1,reported,False,pct,employer_size,False,Employer survey — joins on state/industry/size. No ANZSCO occupation code available.,False
Table 16,16,"Type of provider used to conduct the majority of unaccredited training in the last 12 months, timeseries (% all of employers using unaccredited training)",Employer size,Small,No external training providers used,2023,53.0,53,reported,False,pct,employer_size,False,Employer survey — joins on state/industry/size. No ANZSCO occupation code available.,False
Table 16,16,"Type of provider used to conduct the majority of unaccredited training in the last 12 months, timeseries (% all of employers using unaccredited training)",Employer size,Small,No external training providers used,2025,54.1,54.1,reported,False,pct,employer_size,False,Employer survey — joins on state/industry/size. No ANZSCO occupation code available.,False
Table 16,16,"Type of provider used to conduct the majority of unaccredited training in the last 12 months, timeseries (% all of employers using unaccredited training)",Employer size,Small,Other external providers used for unaccredited training,2005,4.4,4.4,reported,False,pct,employer_size,False,Employer survey — joins on state/industry/size. No ANZSCO occupation code available.,False
Table 16,16,"Type of provider used to conduct the majority of unaccredited training in the last 12 months, timeseries (% all of employers using unaccredited training)",Employer size,Small,Other external providers used for unaccredited training,2007,5.5,5.5,reported,False,pct,employer_size,False,Employer survey — joins on state/industry/size. No ANZSCO occupation code available.,False
Table 16,16,"Type of provider used to conduct the majority of unaccredited training in the last 12 months, timeseries (% all of employers using unaccredited training)",Employer size,Small,Other external providers used for unaccredited training,2009,4.1,4.1,reported,False,pct,employer_size,False,Employer survey — joins on state/industry/size. No ANZSCO occupation code available.,False
Table 16,16,"Type of provider used to conduct the majority of unaccredited training in the last 12 months, timeseries (% all of employers using unaccredited training)",Employer size,Small,Other external providers used for unaccredited training,2011,4.5,4.5,reported,False,pct,employer_size,False,Employer survey — joins on state/industry/size. No ANZSCO occupation code available.,False
Table 16,16,"Type of provider used to conduct the majority of unaccredited training in the last 12 months, timeseries (% all of employers using unaccredited training)",Employer size,Small,Other external providers used for unaccredited training,2013,3.2,3.2,reported,False,pct,employer_size,False,Employer survey — joins on state/industry/size. No ANZSCO occupation code available.,False
Table 16,16,"Type of provider used to conduct the majority of unaccredited training in the last 12 months, timeseries (% all of employers using unaccredited training)",Employer size,Small,Other external providers used for unaccredited training,2015,1.1,1.1*,reported,True,pct,employer_size,False,Employer survey — joins on state/industry/size. No ANZSCO occupation code available.,False
Table 16,16,"Type of provider used to conduct the majority of unaccredited training in the last 12 months, timeseries (% all of employers using unaccredited training)",Employer size,Small,Other external providers used for unaccredited training,2017,2.5,2.5*,reported,True,pct,employer_size,False,Employer survey — joins on state/industry/size. No ANZSCO occupation code available.,False
Table 16,16,"Type of provider used to conduct the majority of unaccredited training in the last 12 months, timeseries (% all of employers using unaccredited training)",Employer size,Small,Other external providers used for unaccredited training,2019,1.1,1.1,reported,False,pct,employer_size,False,Employer survey — joins on state/industry/size. No ANZSCO occupation code available.,False
Table 16,16,"Type of provider used to conduct the majority of unaccredited training in the last 12 months, timeseries (% all of employers using unaccredited training)",Employer size,Small,Other external providers used for unaccredited training,2021,3.1,3.1,reported,False,pct,employer_size,False,Employer survey — joins on state/industry/size. No ANZSCO occupation code available.,False
Table 16,16,"Type of provider used to conduct the majority of unaccredited training in the last 12 months, timeseries (% all of employers using unaccredited training)",Employer size,Small,Other external providers used for unaccredited training,2023,2.2,2.2,reported,False,pct,employer_size,False,Employer survey — joins on state/industry/size. No ANZSCO occupation code available.,False
Table 16,16,"Type of provider used to conduct the majority of unaccredited training in the last 12 months, timeseries (% all of employers using unaccredited training)",Employer size,Small,Other external providers used for unaccredited training,2025,5.7,5.7,reported,False,pct,employer_size,False,Employer survey — joins on state/industry/size. No ANZSCO occupation code available.,False
Table 16,16,"Type of provider used to conduct the majority of unaccredited training in the last 12 months, timeseries (% all of employers using unaccredited training)",Employer size,Small,Private training providers,2005,16.6,16.6,reported,False,pct,employer_size,False,Employer survey — joins on state/industry/size. No ANZSCO occupation code available.,False
Table 16,16,"Type of provider used to conduct the majority of unaccredited training in the last 12 months, timeseries (% all of employers using unaccredited training)",Employer size,Small,Private training providers,2007,18.1,18.1,reported,False,pct,employer_size,False,Employer survey — joins on state/industry/size. No ANZSCO occupation code available.,False
Table 16,16,"Type of provider used to conduct the majority of unaccredited training in the last 12 months, timeseries (% all of employers using unaccredited training)",Employer size,Small,Private training providers,2009,19.5,19.5,reported,False,pct,employer_size,False,Employer survey — joins on state/industry/size. No ANZSCO occupation code available.,False
Table 16,16,"Type of provider used to conduct the majority of unaccredited training in the last 12 months, timeseries (% all of employers using unaccredited training)",Employer size,Small,Private training providers,2011,13.5,13.5,reported,False,pct,employer_size,False,Employer survey — joins on state/industry/size. No ANZSCO occupation code available.,False
Table 16,16,"Type of provider used to conduct the majority of unaccredited training in the last 12 months, timeseries (% all of employers using unaccredited training)",Employer size,Small,Private training providers,2013,14.1,14.1,reported,False,pct,employer_size,False,Employer survey — joins on state/industry/size. No ANZSCO occupation code available.,False
Table 16,16,"Type of provider used to conduct the majority of unaccredited training in the last 12 months, timeseries (% all of employers using unaccredited training)",Employer size,Small,Private training providers,2015,14.8,14.8,reported,False,pct,employer_size,False,Employer survey — joins on state/industry/size. No ANZSCO occupation code available.,False
Table 16,16,"Type of provider used to conduct the majority of unaccredited training in the last 12 months, timeseries (% all of employers using unaccredited training)",Employer size,Small,Private training providers,2017,16.1,16.1,reported,False,pct,employer_size,False,Employer survey — joins on state/industry/size. No ANZSCO occupation code available.,False
Table 16,16,"Type of provider used to conduct the majority of unaccredited training in the last 12 months, timeseries (% all of employers using unaccredited training)",Employer size,Small,Private training providers,2019,15.5,15.5,reported,False,pct,employer_size,False,Employer survey — joins on state/industry/size. No ANZSCO occupation code available.,False
Table 16,16,"Type of provider used to conduct the majority of unaccredited training in the last 12 months, timeseries (% all of employers using unaccredited training)",Employer size,Small,Private training providers,2021,14.9,14.9,reported,False,pct,employer_size,False,Employer survey — joins on state/industry/size. No ANZSCO occupation code available.,False
Table 16,16,"Type of provider used to conduct the majority of unaccredited training in the last 12 months, timeseries (% all of employers using unaccredited training)",Employer size,Small,Private training providers,2023,12.9,12.9,reported,False,pct,employer_size,False,Employer survey — joins on state/industry/size. No ANZSCO occupation code available.,False
Table 16,16,"Type of provider used to conduct the majority of unaccredited training in the last 12 months, timeseries (% all of employers using unaccredited training)",Employer size,Small,Private training providers,2025,14.7,14.7,reported,False,pct,employer_size,False,Employer survey — joins on state/industry/size. No ANZSCO occupation code available.,False
Table 16,16,"Type of provider used to conduct the majority of unaccredited training in the last 12 months, timeseries (% all of employers using unaccredited training)",Employer size,Small,Professional or industry associations,2005,14.9,14.9,reported,False,pct,employer_size,False,Employer survey — joins on state/industry/size. No ANZSCO occupation code available.,False
Table 16,16,"Type of provider used to conduct the majority of unaccredited training in the last 12 months, timeseries (% all of employers using unaccredited training)",Employer size,Small,Professional or industry associations,2007,12.8,12.8,reported,False,pct,employer_size,False,Employer survey — joins on state/industry/size. No ANZSCO occupation code available.,False
Table 16,16,"Type of provider used to conduct the majority of unaccredited training in the last 12 months, timeseries (% all of employers using unaccredited training)",Employer size,Small,Professional or industry associations,2009,11.6,11.6,reported,False,pct,employer_size,False,Employer survey — joins on state/industry/size. No ANZSCO occupation code available.,False
Table 16,16,"Type of provider used to conduct the majority of unaccredited training in the last 12 months, timeseries (% all of employers using unaccredited training)",Employer size,Small,Professional or industry associations,2011,15.4,15.4,reported,False,pct,employer_size,False,Employer survey — joins on state/industry/size. No ANZSCO occupation code available.,False
Table 16,16,"Type of provider used to conduct the majority of unaccredited training in the last 12 months, timeseries (% all of employers using unaccredited training)",Employer size,Small,Professional or industry associations,2013,13.5,13.5,reported,False,pct,employer_size,False,Employer survey — joins on state/industry/size. No ANZSCO occupation code available.,False
Table 16,16,"Type of provider used to conduct the majority of unaccredited training in the last 12 months, timeseries (% all of employers using unaccredited training)",Employer size,Small,Professional or industry associations,2015,13.9,13.9,reported,False,pct,employer_size,False,Employer survey — joins on state/industry/size. No ANZSCO occupation code available.,False
Table 16,16,"Type of provider used to conduct the majority of unaccredited training in the last 12 months, timeseries (% all of employers using unaccredited training)",Employer size,Small,Professional or industry associations,2017,13.5,13.5,reported,False,pct,employer_size,False,Employer survey — joins on state/industry/size. No ANZSCO occupation code available.,False
Table 16,16,"Type of provider used to conduct the majority of unaccredited training in the last 12 months, timeseries (% all of employers using unaccredited training)",Employer size,Small,Professional or industry associations,2019,16.0,16,reported,False,pct,employer_size,False,Employer survey — joins on state/industry/size. No ANZSCO occupation code available.,False
Table 16,16,"Type of provider used to conduct the majority of unaccredited training in the last 12 months, timeseries (% all of employers using unaccredited training)",Employer size,Small,Professional or industry associations,2021,14.9,14.9,reported,False,pct,employer_size,False,Employer survey — joins on state/industry/size. No ANZSCO occupation code available.,False
Table 16,16,"Type of provider used to conduct the majority of unaccredited training in the last 12 months, timeseries (% all of employers using unaccredited training)",Employer size,Small,Professional or industry associations,2023,14.1,14.1,reported,False,pct,employer_size,False,Employer survey — joins on state/industry/size. No ANZSCO occupation code available.,False
Table 16,16,"Type of provider used to conduct the majority of unaccredited training in the last 12 months, timeseries (% all of employers using unaccredited training)",Employer size,Small,Professional or industry associations,2025,14.8,14.8,reported,False,pct,employer_size,False,Employer survey — joins on state/industry/size. No ANZSCO occupation code available.,False
Table 16,16,"Type of provider used to conduct the majority of unaccredited training in the last 12 months, timeseries (% all of employers using unaccredited training)",Employer size,Small,Supplier/manufacturer of equipment and/or product,2005,14.9,14.9,reported,False,pct,employer_size,False,Employer survey — joins on state/industry/size. No ANZSCO occupation code available.,False
Table 16,16,"Type of provider used to conduct the majority of unaccredited training in the last 12 months, timeseries (% all of employers using unaccredited training)",Employer size,Small,Supplier/manufacturer of equipment and/or product,2007,9.2,9.2,reported,False,pct,employer_size,False,Employer survey — joins on state/industry/size. No ANZSCO occupation code available.,False
Table 16,16,"Type of provider used to conduct the majority of unaccredited training in the last 12 months, timeseries (% all of employers using unaccredited training)",Employer size,Small,Supplier/manufacturer of equipment and/or product,2009,11.6,11.6,reported,False,pct,employer_size,False,Employer survey — joins on state/industry/size. No ANZSCO occupation code available.,False
Table 16,16,"Type of provider used to conduct the majority of unaccredited training in the last 12 months, timeseries (% all of employers using unaccredited training)",Employer size,Small,Supplier/manufacturer of equipment and/or product,2011,12.8,12.8,reported,False,pct,employer_size,False,Employer survey — joins on state/industry/size. No ANZSCO occupation code available.,False
Table 16,16,"Type of provider used to conduct the majority of unaccredited training in the last 12 months, timeseries (% all of employers using unaccredited training)",Employer size,Small,Supplier/manufacturer of equipment and/or product,2013,15.5,15.5,reported,False,pct,employer_size,False,Employer survey — joins on state/industry/size. No ANZSCO occupation code available.,False
Table 16,16,"Type of provider used to conduct the majority of unaccredited training in the last 12 months, timeseries (% all of employers using unaccredited training)",Employer size,Small,Supplier/manufacturer of equipment and/or product,2015,9.3,9.3,reported,False,pct,employer_size,False,Employer survey — joins on state/industry/size. No ANZSCO occupation code available.,False
Table 16,16,"Type of provider used to conduct the majority of unaccredited training in the last 12 months, timeseries (% all of employers using unaccredited training)",Employer size,Small,Supplier/manufacturer of equipment and/or product,2017,11.3,11.3,reported,False,pct,employer_size,False,Employer survey — joins on state/industry/size. No ANZSCO occupation code available.,False
Table 16,16,"Type of provider used to conduct the majority of unaccredited training in the last 12 months, timeseries (% all of employers using unaccredited training)",Employer size,Small,Supplier/manufacturer of equipment and/or product,2019,12.2,12.2,reported,False,pct,employer_size,False,Employer survey — joins on state/industry/size. No ANZSCO occupation code available.,False
Table 16,16,"Type of provider used to conduct the majority of unaccredited training in the last 12 months, timeseries (% all of employers using unaccredited training)",Employer size,Small,Supplier/manufacturer of equipment and/or product,2021,10.9,10.9,reported,False,pct,employer_size,False,Employer survey — joins on state/industry/size. No ANZSCO occupation code available.,False
Table 16,16,"Type of provider used to conduct the majority of unaccredited training in the last 12 months, timeseries (% all of employers using unaccredited training)",Employer size,Small,Supplier/manufacturer of equipment and/or product,2023,16.4,16.4,reported,False,pct,employer_size,False,Employer survey — joins on state/industry/size. No ANZSCO occupation code available.,False
Table 16,16,"Type of provider used to conduct the majority of unaccredited training in the last 12 months, timeseries (% all of employers using unaccredited training)",Employer size,Small,Supplier/manufacturer of equipment and/or product,2025,10.2,10.2,reported,False,pct,employer_size,False,Employer survey — joins on state/industry/size. No ANZSCO occupation code available.,False
Table 16,16,"Type of provider used to conduct the majority of unaccredited training in the last 12 months, timeseries (% all of employers using unaccredited training)",Employer size,Small,TAFE institutes,2005,3.4,3.4*,reported,True,pct,employer_size,False,Employer survey — joins on state/industry/size. No ANZSCO occupation code available.,False
Table 16,16,"Type of provider used to conduct the majority of unaccredited training in the last 12 months, timeseries (% all of employers using unaccredited training)",Employer size,Small,TAFE institutes,2007,0.8,0.8*,reported,True,pct,employer_size,False,Employer survey — joins on state/industry/size. No ANZSCO occupation code available.,False
Table 16,16,"Type of provider used to conduct the majority of unaccredited training in the last 12 months, timeseries (% all of employers using unaccredited training)",Employer size,Small,TAFE institutes,2009,2.4,2.4*,reported,True,pct,employer_size,False,Employer survey — joins on state/industry/size. No ANZSCO occupation code available.,False
Table 16,16,"Type of provider used to conduct the majority of unaccredited training in the last 12 months, timeseries (% all of employers using unaccredited training)",Employer size,Small,TAFE institutes,2011,1.6,1.6,reported,False,pct,employer_size,False,Employer survey — joins on state/industry/size. No ANZSCO occupation code available.,False
Table 16,16,"Type of provider used to conduct the majority of unaccredited training in the last 12 months, timeseries (% all of employers using unaccredited training)",Employer size,Small,TAFE institutes,2013,0.7,0.7*,reported,True,pct,employer_size,False,Employer survey — joins on state/industry/size. No ANZSCO occupation code available.,False
Table 16,16,"Type of provider used to conduct the majority of unaccredited training in the last 12 months, timeseries (% all of employers using unaccredited training)",Employer size,Small,TAFE institutes,2015,2.4,2.4*,reported,True,pct,employer_size,False,Employer survey — joins on state/industry/size. No ANZSCO occupation code available.,False
Table 16,16,"Type of provider used to conduct the majority of unaccredited training in the last 12 months, timeseries (% all of employers using unaccredited training)",Employer size,Small,TAFE institutes,2017,1.6,1.6*,reported,True,pct,employer_size,False,Employer survey — joins on state/industry/size. No ANZSCO occupation code available.,False
Table 16,16,"Type of provider used to conduct the majority of unaccredited training in the last 12 months, timeseries (% all of employers using unaccredited training)",Employer size,Small,TAFE institutes,2019,0.4,0.4,reported,False,pct,employer_size,False,Employer survey — joins on state/industry/size. No ANZSCO occupation code available.,False
Table 16,16,"Type of provider used to conduct the majority of unaccredited training in the last 12 months, timeseries (% all of employers using unaccredited training)",Employer size,Small,TAFE institutes,2021,2.1,2.1,reported,False,pct,employer_size,False,Employer survey — joins on state/industry/size. No ANZSCO occupation code available.,False
Table 16,16,"Type of provider used to conduct the majority of unaccredited training in the last 12 months, timeseries (% all of employers using unaccredited training)",Employer size,Small,TAFE institutes,2023,1.4,1.4,reported,False,pct,employer_size,False,Employer survey — joins on state/industry/size. No ANZSCO occupation code available.,False
Table 16,16,"Type of provider used to conduct the majority of unaccredited training in the last 12 months, timeseries (% all of employers using unaccredited training)",Employer size,Small,TAFE institutes,2025,0.5,0.5,reported,False,pct,employer_size,False,Employer survey — joins on state/industry/size. No ANZSCO occupation code available.,False
Table 17,17,"Availability of comparable nationally recognised training when unaccredited training was used, timeseries (% of all employers using unaccredited training)",Employer size,Large,Did not investigate availability,2005,25.9,25.9,reported,False,pct,employer_size,False,Employer survey — joins on state/industry/size. No ANZSCO occupation code available.,False
Table 17,17,"Availability of comparable nationally recognised training when unaccredited training was used, timeseries (% of all employers using unaccredited training)",Employer size,Large,Did not investigate availability,2007,22.3,22.3,reported,False,pct,employer_size,False,Employer survey — joins on state/industry/size. No ANZSCO occupation code available.,False
Table 17,17,"Availability of comparable nationally recognised training when unaccredited training was used, timeseries (% of all employers using unaccredited training)",Employer size,Large,Did not investigate availability,2009,16.1,16.1,reported,False,pct,employer_size,False,Employer survey — joins on state/industry/size. No ANZSCO occupation code available.,False
Table 17,17,"Availability of comparable nationally recognised training when unaccredited training was used, timeseries (% of all employers using unaccredited training)",Employer size,Large,Did not investigate availability,2011,16.2,16.2,reported,False,pct,employer_size,False,Employer survey — joins on state/industry/size. No ANZSCO occupation code available.,False
Table 17,17,"Availability of comparable nationally recognised training when unaccredited training was used, timeseries (% of all employers using unaccredited training)",Employer size,Large,Did not investigate availability,2013,17.5,17.5,reported,False,pct,employer_size,False,Employer survey — joins on state/industry/size. No ANZSCO occupation code available.,False
Table 17,17,"Availability of comparable nationally recognised training when unaccredited training was used, timeseries (% of all employers using unaccredited training)",Employer size,Large,Did not investigate availability,2015,20.4,20.4,reported,False,pct,employer_size,False,Employer survey — joins on state/industry/size. No ANZSCO occupation code available.,False
Table 17,17,"Availability of comparable nationally recognised training when unaccredited training was used, timeseries (% of all employers using unaccredited training)",Employer size,Large,Did not investigate availability,2017,26.3,26.3,reported,False,pct,employer_size,False,Employer survey — joins on state/industry/size. No ANZSCO occupation code available.,False
Table 17,17,"Availability of comparable nationally recognised training when unaccredited training was used, timeseries (% of all employers using unaccredited training)",Employer size,Large,Did not investigate availability,2019,34.8,34.8*,reported,True,pct,employer_size,False,Employer survey — joins on state/industry/size. No ANZSCO occupation code available.,False
Table 17,17,"Availability of comparable nationally recognised training when unaccredited training was used, timeseries (% of all employers using unaccredited training)",Employer size,Large,Did not investigate availability,2021,35.5,35.5*,reported,True,pct,employer_size,False,Employer survey — joins on state/industry/size. No ANZSCO occupation code available.,False
Table 17,17,"Availability of comparable nationally recognised training when unaccredited training was used, timeseries (% of all employers using unaccredited training)",Employer size,Large,Did not investigate availability,2023,31.4,31.4*,reported,True,pct,employer_size,False,Employer survey — joins on state/industry/size. No ANZSCO occupation code available.,False
Table 17,17,"Availability of comparable nationally recognised training when unaccredited training was used, timeseries (% of all employers using unaccredited training)",Employer size,Large,Did not investigate availability,2025,43.4,43.4*,reported,True,pct,employer_size,False,Employer survey — joins on state/industry/size. No ANZSCO occupation code available.,False
Table 17,17,"Availability of comparable nationally recognised training when unaccredited training was used, timeseries (% of all employers using unaccredited training)",Employer size,Large,"No, comparable nationally recognised training not available",2005,62.6,62.6,reported,False,pct,employer_size,False,Employer survey — joins on state/industry/size. No ANZSCO occupation code available.,False
Table 17,17,"Availability of comparable nationally recognised training when unaccredited training was used, timeseries (% of all employers using unaccredited training)",Employer size,Large,"No, comparable nationally recognised training not available",2007,59.8,59.8,reported,False,pct,employer_size,False,Employer survey — joins on state/industry/size. No ANZSCO occupation code available.,False
Table 17,17,"Availability of comparable nationally recognised training when unaccredited training was used, timeseries (% of all employers using unaccredited training)",Employer size,Large,"No, comparable nationally recognised training not available",2009,54.3,54.3,reported,False,pct,employer_size,False,Employer survey — joins on state/industry/size. No ANZSCO occupation code available.,False
Table 17,17,"Availability of comparable nationally recognised training when unaccredited training was used, timeseries (% of all employers using unaccredited training)",Employer size,Large,"No, comparable nationally recognised training not available",2011,60.2,60.2,reported,False,pct,employer_size,False,Employer survey — joins on state/industry/size. No ANZSCO occupation code available.,False
Table 17,17,"Availability of comparable nationally recognised training when unaccredited training was used, timeseries (% of all employers using unaccredited training)",Employer size,Large,"No, comparable nationally recognised training not available",2013,60.0,60,reported,False,pct,employer_size,False,Employer survey — joins on state/industry/size. No ANZSCO occupation code available.,False
Table 17,17,"Availability of comparable nationally recognised training when unaccredited training was used, timeseries (% of all employers using unaccredited training)",Employer size,Large,"No, comparable nationally recognised training not available",2015,52.1,52.1,reported,False,pct,employer_size,False,Employer survey — joins on state/industry/size. No ANZSCO occupation code available.,False
Table 17,17,"Availability of comparable nationally recognised training when unaccredited training was used, timeseries (% of all employers using unaccredited training)",Employer size,Large,"No, comparable nationally recognised training not available",2017,55.3,55.3,reported,False,pct,employer_size,False,Employer survey — joins on state/industry/size. No ANZSCO occupation code available.,False
Table 17,17,"Availability of comparable nationally recognised training when unaccredited training was used, timeseries (% of all employers using unaccredited training)",Employer size,Large,"No, comparable nationally recognised training not available",2019,53.0,53.0*,reported,True,pct,employer_size,False,Employer survey — joins on state/industry/size. No ANZSCO occupation code available.,False
Table 17,17,"Availability of comparable nationally recognised training when unaccredited training was used, timeseries (% of all employers using unaccredited training)",Employer size,Large,"No, comparable nationally recognised training not available",2021,33.8,33.8*,reported,True,pct,employer_size,False,Employer survey — joins on state/industry/size. No ANZSCO occupation code available.,False
Table 17,17,"Availability of comparable nationally recognised training when unaccredited training was used, timeseries (% of all employers using unaccredited training)",Employer size,Large,"No, comparable nationally recognised training not available",2023,52.4,52.4*,reported,True,pct,employer_size,False,Employer survey — joins on state/industry/size. No ANZSCO occupation code available.,False
Table 17,17,"Availability of comparable nationally recognised training when unaccredited training was used, timeseries (% of all employers using unaccredited training)",Employer size,Large,"No, comparable nationally recognised training not available",2025,41.9,41.9*,reported,True,pct,employer_size,False,Employer survey — joins on state/industry/size. No ANZSCO occupation code available.,False
Table 17,17,"Availability of comparable nationally recognised training when unaccredited training was used, timeseries (% of all employers using unaccredited training)",Employer size,Large,"Yes, comparable nationally recognised training available",2005,11.4,11.4,reported,False,pct,employer_size,False,Employer survey — joins on state/industry/size. No ANZSCO occupation code available.,False
Table 17,17,"Availability of comparable nationally recognised training when unaccredited training was used, timeseries (% of all employers using unaccredited training)",Employer size,Large,"Yes, comparable nationally recognised training available",2007,17.9,17.9,reported,False,pct,employer_size,False,Employer survey — joins on state/industry/size. No ANZSCO occupation code available.,False
Table 17,17,"Availability of comparable nationally recognised training when unaccredited training was used, timeseries (% of all employers using unaccredited training)",Employer size,Large,"Yes, comparable nationally recognised training available",2009,29.6,29.6,reported,False,pct,employer_size,False,Employer survey — joins on state/industry/size. No ANZSCO occupation code available.,False
Table 17,17,"Availability of comparable nationally recognised training when unaccredited training was used, timeseries (% of all employers using unaccredited training)",Employer size,Large,"Yes, comparable nationally recognised training available",2011,23.7,23.7,reported,False,pct,employer_size,False,Employer survey — joins on state/industry/size. No ANZSCO occupation code available.,False
Table 17,17,"Availability of comparable nationally recognised training when unaccredited training was used, timeseries (% of all employers using unaccredited training)",Employer size,Large,"Yes, comparable nationally recognised training available",2013,22.5,22.5,reported,False,pct,employer_size,False,Employer survey — joins on state/industry/size. No ANZSCO occupation code available.,False
Table 17,17,"Availability of comparable nationally recognised training when unaccredited training was used, timeseries (% of all employers using unaccredited training)",Employer size,Large,"Yes, comparable nationally recognised training available",2015,27.5,27.5,reported,False,pct,employer_size,False,Employer survey — joins on state/industry/size. No ANZSCO occupation code available.,False
Table 17,17,"Availability of comparable nationally recognised training when unaccredited training was used, timeseries (% of all employers using unaccredited training)",Employer size,Large,"Yes, comparable nationally recognised training available",2017,18.4,18.4,reported,False,pct,employer_size,False,Employer survey — joins on state/industry/size. No ANZSCO occupation code available.,False
Table 17,17,"Availability of comparable nationally recognised training when unaccredited training was used, timeseries (% of all employers using unaccredited training)",Employer size,Large,"Yes, comparable nationally recognised training available",2019,12.2,12.2,reported,False,pct,employer_size,False,Employer survey — joins on state/industry/size. No ANZSCO occupation code available.,False
Table 17,17,"Availability of comparable nationally recognised training when unaccredited training was used, timeseries (% of all employers using unaccredited training)",Employer size,Large,"Yes, comparable nationally recognised training available",2021,30.7,30.7*,reported,True,pct,employer_size,False,Employer survey — joins on state/industry/size. No ANZSCO occupation code available.,False
Table 17,17,"Availability of comparable nationally recognised training when unaccredited training was used, timeseries (% of all employers using unaccredited training)",Employer size,Large,"Yes, comparable nationally recognised training available",2023,16.3,16.3*,reported,True,pct,employer_size,False,Employer survey — joins on state/industry/size. No ANZSCO occupation code available.,False
Table 17,17,"Availability of comparable nationally recognised training when unaccredited training was used, timeseries (% of all employers using unaccredited training)",Employer size,Large,"Yes, comparable nationally recognised training available",2025,14.7,14.7,reported,False,pct,employer_size,False,Employer survey — joins on state/industry/size. No ANZSCO occupation code available.,False
Table 17,17,"Availability of comparable nationally recognised training when unaccredited training was used, timeseries (% of all employers using unaccredited training)",Employer size,Medium,Did not investigate availability,2005,23.0,23,reported,False,pct,employer_size,False,Employer survey — joins on state/industry/size. No ANZSCO occupation code available.,False
Table 17,17,"Availability of comparable nationally recognised training when unaccredited training was used, timeseries (% of all employers using unaccredited training)",Employer size,Medium,Did not investigate availability,2007,30.1,30.1,reported,False,pct,employer_size,False,Employer survey — joins on state/industry/size. No ANZSCO occupation code available.,False
Table 17,17,"Availability of comparable nationally recognised training when unaccredited training was used, timeseries (% of all employers using unaccredited training)",Employer size,Medium,Did not investigate availability,2009,17.7,17.7,reported,False,pct,employer_size,False,Employer survey — joins on state/industry/size. No ANZSCO occupation code available.,False
Table 17,17,"Availability of comparable nationally recognised training when unaccredited training was used, timeseries (% of all employers using unaccredited training)",Employer size,Medium,Did not investigate availability,2011,18.3,18.3,reported,False,pct,employer_size,False,Employer survey — joins on state/industry/size. No ANZSCO occupation code available.,False
Table 17,17,"Availability of comparable nationally recognised training when unaccredited training was used, timeseries (% of all employers using unaccredited training)",Employer size,Medium,Did not investigate availability,2013,22.9,22.9,reported,False,pct,employer_size,False,Employer survey — joins on state/industry/size. No ANZSCO occupation code available.,False
Table 17,17,"Availability of comparable nationally recognised training when unaccredited training was used, timeseries (% of all employers using unaccredited training)",Employer size,Medium,Did not investigate availability,2015,25.1,25.1,reported,False,pct,employer_size,False,Employer survey — joins on state/industry/size. No ANZSCO occupation code available.,False
Table 17,17,"Availability of comparable nationally recognised training when unaccredited training was used, timeseries (% of all employers using unaccredited training)",Employer size,Medium,Did not investigate availability,2017,27.6,27.6,reported,False,pct,employer_size,False,Employer survey — joins on state/industry/size. No ANZSCO occupation code available.,False
Table 17,17,"Availability of comparable nationally recognised training when unaccredited training was used, timeseries (% of all employers using unaccredited training)",Employer size,Medium,Did not investigate availability,2019,31.4,31.4,reported,False,pct,employer_size,False,Employer survey — joins on state/industry/size. No ANZSCO occupation code available.,False
Table 17,17,"Availability of comparable nationally recognised training when unaccredited training was used, timeseries (% of all employers using unaccredited training)",Employer size,Medium,Did not investigate availability,2021,28.1,28.1,reported,False,pct,employer_size,False,Employer survey — joins on state/industry/size. No ANZSCO occupation code available.,False
Table 17,17,"Availability of comparable nationally recognised training when unaccredited training was used, timeseries (% of all employers using unaccredited training)",Employer size,Medium,Did not investigate availability,2023,28.2,28.2,reported,False,pct,employer_size,False,Employer survey — joins on state/industry/size. No ANZSCO occupation code available.,False
Table 17,17,"Availability of comparable nationally recognised training when unaccredited training was used, timeseries (% of all employers using unaccredited training)",Employer size,Medium,Did not investigate availability,2025,25.2,25.2,reported,False,pct,employer_size,False,Employer survey — joins on state/industry/size. No ANZSCO occupation code available.,False
Table 17,17,"Availability of comparable nationally recognised training when unaccredited training was used, timeseries (% of all employers using unaccredited training)",Employer size,Medium,"No, comparable nationally recognised training not available",2005,65.7,65.7,reported,False,pct,employer_size,False,Employer survey — joins on state/industry/size. No ANZSCO occupation code available.,False
Table 17,17,"Availability of comparable nationally recognised training when unaccredited training was used, timeseries (% of all employers using unaccredited training)",Employer size,Medium,"No, comparable nationally recognised training not available",2007,57.4,57.4,reported,False,pct,employer_size,False,Employer survey — joins on state/industry/size. No ANZSCO occupation code available.,False
Table 17,17,"Availability of comparable nationally recognised training when unaccredited training was used, timeseries (% of all employers using unaccredited training)",Employer size,Medium,"No, comparable nationally recognised training not available",2009,65.1,65.1,reported,False,pct,employer_size,False,Employer survey — joins on state/industry/size. No ANZSCO occupation code available.,False
Table 17,17,"Availability of comparable nationally recognised training when unaccredited training was used, timeseries (% of all employers using unaccredited training)",Employer size,Medium,"No, comparable nationally recognised training not available",2011,65.5,65.5,reported,False,pct,employer_size,False,Employer survey — joins on state/industry/size. No ANZSCO occupation code available.,False
Table 17,17,"Availability of comparable nationally recognised training when unaccredited training was used, timeseries (% of all employers using unaccredited training)",Employer size,Medium,"No, comparable nationally recognised training not available",2013,63.1,63.1,reported,False,pct,employer_size,False,Employer survey — joins on state/industry/size. No ANZSCO occupation code available.,False
Table 17,17,"Availability of comparable nationally recognised training when unaccredited training was used, timeseries (% of all employers using unaccredited training)",Employer size,Medium,"No, comparable nationally recognised training not available",2015,63.3,63.3,reported,False,pct,employer_size,False,Employer survey — joins on state/industry/size. No ANZSCO occupation code available.,False
Table 17,17,"Availability of comparable nationally recognised training when unaccredited training was used, timeseries (% of all employers using unaccredited training)",Employer size,Medium,"No, comparable nationally recognised training not available",2017,61.1,61.1,reported,False,pct,employer_size,False,Employer survey — joins on state/industry/size. No ANZSCO occupation code available.,False
Table 17,17,"Availability of comparable nationally recognised training when unaccredited training was used, timeseries (% of all employers using unaccredited training)",Employer size,Medium,"No, comparable nationally recognised training not available",2019,55.0,55,reported,False,pct,employer_size,False,Employer survey — joins on state/industry/size. No ANZSCO occupation code available.,False
Table 17,17,"Availability of comparable nationally recognised training when unaccredited training was used, timeseries (% of all employers using unaccredited training)",Employer size,Medium,"No, comparable nationally recognised training not available",2021,61.0,61,reported,False,pct,employer_size,False,Employer survey — joins on state/industry/size. No ANZSCO occupation code available.,False
Table 17,17,"Availability of comparable nationally recognised training when unaccredited training was used, timeseries (% of all employers using unaccredited training)",Employer size,Medium,"No, comparable nationally recognised training not available",2023,57.4,57.4,reported,False,pct,employer_size,False,Employer survey — joins on state/industry/size. No ANZSCO occupation code available.,False
Table 17,17,"Availability of comparable nationally recognised training when unaccredited training was used, timeseries (% of all employers using unaccredited training)",Employer size,Medium,"No, comparable nationally recognised training not available",2025,61.0,61,reported,False,pct,employer_size,False,Employer survey — joins on state/industry/size. No ANZSCO occupation code available.,False
Table 17,17,"Availability of comparable nationally recognised training when unaccredited training was used, timeseries (% of all employers using unaccredited training)",Employer size,Medium,"Yes, comparable nationally recognised training available",2005,11.3,11.3,reported,False,pct,employer_size,False,Employer survey — joins on state/industry/size. No ANZSCO occupation code available.,False
Table 17,17,"Availability of comparable nationally recognised training when unaccredited training was used, timeseries (% of all employers using unaccredited training)",Employer size,Medium,"Yes, comparable nationally recognised training available",2007,12.5,12.5,reported,False,pct,employer_size,False,Employer survey — joins on state/industry/size. No ANZSCO occupation code available.,False
Table 17,17,"Availability of comparable nationally recognised training when unaccredited training was used, timeseries (% of all employers using unaccredited training)",Employer size,Medium,"Yes, comparable nationally recognised training available",2009,17.2,17.2,reported,False,pct,employer_size,False,Employer survey — joins on state/industry/size. No ANZSCO occupation code available.,False
Table 17,17,"Availability of comparable nationally recognised training when unaccredited training was used, timeseries (% of all employers using unaccredited training)",Employer size,Medium,"Yes, comparable nationally recognised training available",2011,16.2,16.2,reported,False,pct,employer_size,False,Employer survey — joins on state/industry/size. No ANZSCO occupation code available.,False
Table 17,17,"Availability of comparable nationally recognised training when unaccredited training was used, timeseries (% of all employers using unaccredited training)",Employer size,Medium,"Yes, comparable nationally recognised training available",2013,14.0,14,reported,False,pct,employer_size,False,Employer survey — joins on state/industry/size. No ANZSCO occupation code available.,False
Table 17,17,"Availability of comparable nationally recognised training when unaccredited training was used, timeseries (% of all employers using unaccredited training)",Employer size,Medium,"Yes, comparable nationally recognised training available",2015,11.6,11.6,reported,False,pct,employer_size,False,Employer survey — joins on state/industry/size. No ANZSCO occupation code available.,False
Table 17,17,"Availability of comparable nationally recognised training when unaccredited training was used, timeseries (% of all employers using unaccredited training)",Employer size,Medium,"Yes, comparable nationally recognised training available",2017,11.3,11.3,reported,False,pct,employer_size,False,Employer survey — joins on state/industry/size. No ANZSCO occupation code available.,False
Table 17,17,"Availability of comparable nationally recognised training when unaccredited training was used, timeseries (% of all employers using unaccredited training)",Employer size,Medium,"Yes, comparable nationally recognised training available",2019,13.6,13.6,reported,False,pct,employer_size,False,Employer survey — joins on state/industry/size. No ANZSCO occupation code available.,False
Table 17,17,"Availability of comparable nationally recognised training when unaccredited training was used, timeseries (% of all employers using unaccredited training)",Employer size,Medium,"Yes, comparable nationally recognised training available",2021,11.0,11,reported,False,pct,employer_size,False,Employer survey — joins on state/industry/size. No ANZSCO occupation code available.,False
Table 17,17,"Availability of comparable nationally recognised training when unaccredited training was used, timeseries (% of all employers using unaccredited training)",Employer size,Medium,"Yes, comparable nationally recognised training available",2023,14.4,14.4,reported,False,pct,employer_size,False,Employer survey — joins on state/industry/size. No ANZSCO occupation code available.,False
Table 17,17,"Availability of comparable nationally recognised training when unaccredited training was used, timeseries (% of all employers using unaccredited training)",Employer size,Medium,"Yes, comparable nationally recognised training available",2025,13.8,13.8,reported,False,pct,employer_size,False,Employer survey — joins on state/industry/size. No ANZSCO occupation code available.,False
Table 17,17,"Availability of comparable nationally recognised training when unaccredited training was used, timeseries (% of all employers using unaccredited training)",Employer size,Small,Did not investigate availability,2005,27.0,27,reported,False,pct,employer_size,False,Employer survey — joins on state/industry/size. No ANZSCO occupation code available.,False
Table 17,17,"Availability of comparable nationally recognised training when unaccredited training was used, timeseries (% of all employers using unaccredited training)",Employer size,Small,Did not investigate availability,2007,25.4,25.4,reported,False,pct,employer_size,False,Employer survey — joins on state/industry/size. No ANZSCO occupation code available.,False
Table 17,17,"Availability of comparable nationally recognised training when unaccredited training was used, timeseries (% of all employers using unaccredited training)",Employer size,Small,Did not investigate availability,2009,20.0,20,reported,False,pct,employer_size,False,Employer survey — joins on state/industry/size. No ANZSCO occupation code available.,False
Table 17,17,"Availability of comparable nationally recognised training when unaccredited training was used, timeseries (% of all employers using unaccredited training)",Employer size,Small,Did not investigate availability,2011,19.2,19.2,reported,False,pct,employer_size,False,Employer survey — joins on state/industry/size. No ANZSCO occupation code available.,False
Table 17,17,"Availability of comparable nationally recognised training when unaccredited training was used, timeseries (% of all employers using unaccredited training)",Employer size,Small,Did not investigate availability,2013,23.8,23.8,reported,False,pct,employer_size,False,Employer survey — joins on state/industry/size. No ANZSCO occupation code available.,False
Table 17,17,"Availability of comparable nationally recognised training when unaccredited training was used, timeseries (% of all employers using unaccredited training)",Employer size,Small,Did not investigate availability,2015,23.1,23.1,reported,False,pct,employer_size,False,Employer survey — joins on state/industry/size. No ANZSCO occupation code available.,False
Table 17,17,"Availability of comparable nationally recognised training when unaccredited training was used, timeseries (% of all employers using unaccredited training)",Employer size,Small,Did not investigate availability,2017,22.6,22.6,reported,False,pct,employer_size,False,Employer survey — joins on state/industry/size. No ANZSCO occupation code available.,False
Table 17,17,"Availability of comparable nationally recognised training when unaccredited training was used, timeseries (% of all employers using unaccredited training)",Employer size,Small,Did not investigate availability,2019,26.4,26.4,reported,False,pct,employer_size,False,Employer survey — joins on state/industry/size. No ANZSCO occupation code available.,False
Table 17,17,"Availability of comparable nationally recognised training when unaccredited training was used, timeseries (% of all employers using unaccredited training)",Employer size,Small,Did not investigate availability,2021,26.0,26,reported,False,pct,employer_size,False,Employer survey — joins on state/industry/size. No ANZSCO occupation code available.,False
Table 17,17,"Availability of comparable nationally recognised training when unaccredited training was used, timeseries (% of all employers using unaccredited training)",Employer size,Small,Did not investigate availability,2023,26.8,26.8,reported,False,pct,employer_size,False,Employer survey — joins on state/industry/size. No ANZSCO occupation code available.,False
Table 17,17,"Availability of comparable nationally recognised training when unaccredited training was used, timeseries (% of all employers using unaccredited training)",Employer size,Small,Did not investigate availability,2025,20.0,20,reported,False,pct,employer_size,False,Employer survey — joins on state/industry/size. No ANZSCO occupation code available.,False
Table 17,17,"Availability of comparable nationally recognised training when unaccredited training was used, timeseries (% of all employers using unaccredited training)",Employer size,Small,"No, comparable nationally recognised training not available",2005,62.3,62.3,reported,False,pct,employer_size,False,Employer survey — joins on state/industry/size. No ANZSCO occupation code available.,False
Table 17,17,"Availability of comparable nationally recognised training when unaccredited training was used, timeseries (% of all employers using unaccredited training)",Employer size,Small,"No, comparable nationally recognised training not available",2007,57.9,57.9,reported,False,pct,employer_size,False,Employer survey — joins on state/industry/size. No ANZSCO occupation code available.,False
Table 17,17,"Availability of comparable nationally recognised training when unaccredited training was used, timeseries (% of all employers using unaccredited training)",Employer size,Small,"No, comparable nationally recognised training not available",2009,67.3,67.3,reported,False,pct,employer_size,False,Employer survey — joins on state/industry/size. No ANZSCO occupation code available.,False
Table 17,17,"Availability of comparable nationally recognised training when unaccredited training was used, timeseries (% of all employers using unaccredited training)",Employer size,Small,"No, comparable nationally recognised training not available",2011,65.3,65.3,reported,False,pct,employer_size,False,Employer survey — joins on state/industry/size. No ANZSCO occupation code available.,False
Table 17,17,"Availability of comparable nationally recognised training when unaccredited training was used, timeseries (% of all employers using unaccredited training)",Employer size,Small,"No, comparable nationally recognised training not available",2013,64.4,64.4,reported,False,pct,employer_size,False,Employer survey — joins on state/industry/size. No ANZSCO occupation code available.,False
Table 17,17,"Availability of comparable nationally recognised training when unaccredited training was used, timeseries (% of all employers using unaccredited training)",Employer size,Small,"No, comparable nationally recognised training not available",2015,64.8,64.8,reported,False,pct,employer_size,False,Employer survey — joins on state/industry/size. No ANZSCO occupation code available.,False
Table 17,17,"Availability of comparable nationally recognised training when unaccredited training was used, timeseries (% of all employers using unaccredited training)",Employer size,Small,"No, comparable nationally recognised training not available",2017,67.7,67.7,reported,False,pct,employer_size,False,Employer survey — joins on state/industry/size. No ANZSCO occupation code available.,False
Table 17,17,"Availability of comparable nationally recognised training when unaccredited training was used, timeseries (% of all employers using unaccredited training)",Employer size,Small,"No, comparable nationally recognised training not available",2019,63.2,63.2,reported,False,pct,employer_size,False,Employer survey — joins on state/industry/size. No ANZSCO occupation code available.,False
Table 17,17,"Availability of comparable nationally recognised training when unaccredited training was used, timeseries (% of all employers using unaccredited training)",Employer size,Small,"No, comparable nationally recognised training not available",2021,63.6,63.6,reported,False,pct,employer_size,False,Employer survey — joins on state/industry/size. No ANZSCO occupation code available.,False
Table 17,17,"Availability of comparable nationally recognised training when unaccredited training was used, timeseries (% of all employers using unaccredited training)",Employer size,Small,"No, comparable nationally recognised training not available",2023,60.4,60.4,reported,False,pct,employer_size,False,Employer survey — joins on state/industry/size. No ANZSCO occupation code available.,False
Table 17,17,"Availability of comparable nationally recognised training when unaccredited training was used, timeseries (% of all employers using unaccredited training)",Employer size,Small,"No, comparable nationally recognised training not available",2025,66.0,66,reported,False,pct,employer_size,False,Employer survey — joins on state/industry/size. No ANZSCO occupation code available.,False
Table 17,17,"Availability of comparable nationally recognised training when unaccredited training was used, timeseries (% of all employers using unaccredited training)",Employer size,Small,"Yes, comparable nationally recognised training available",2005,10.7,10.7,reported,False,pct,employer_size,False,Employer survey — joins on state/industry/size. No ANZSCO occupation code available.,False
Table 17,17,"Availability of comparable nationally recognised training when unaccredited training was used, timeseries (% of all employers using unaccredited training)",Employer size,Small,"Yes, comparable nationally recognised training available",2007,16.7,16.7,reported,False,pct,employer_size,False,Employer survey — joins on state/industry/size. No ANZSCO occupation code available.,False
Table 17,17,"Availability of comparable nationally recognised training when unaccredited training was used, timeseries (% of all employers using unaccredited training)",Employer size,Small,"Yes, comparable nationally recognised training available",2009,12.7,12.7,reported,False,pct,employer_size,False,Employer survey — joins on state/industry/size. No ANZSCO occupation code available.,False
Table 17,17,"Availability of comparable nationally recognised training when unaccredited training was used, timeseries (% of all employers using unaccredited training)",Employer size,Small,"Yes, comparable nationally recognised training available",2011,15.5,15.5,reported,False,pct,employer_size,False,Employer survey — joins on state/industry/size. No ANZSCO occupation code available.,False
Table 17,17,"Availability of comparable nationally recognised training when unaccredited training was used, timeseries (% of all employers using unaccredited training)",Employer size,Small,"Yes, comparable nationally recognised training available",2013,11.8,11.8,reported,False,pct,employer_size,False,Employer survey — joins on state/industry/size. No ANZSCO occupation code available.,False
Table 17,17,"Availability of comparable nationally recognised training when unaccredited training was used, timeseries (% of all employers using unaccredited training)",Employer size,Small,"Yes, comparable nationally recognised training available",2015,12.1,12.1,reported,False,pct,employer_size,False,Employer survey — joins on state/industry/size. No ANZSCO occupation code available.,False
Table 17,17,"Availability of comparable nationally recognised training when unaccredited training was used, timeseries (% of all employers using unaccredited training)",Employer size,Small,"Yes, comparable nationally recognised training available",2017,9.8,9.8,reported,False,pct,employer_size,False,Employer survey — joins on state/industry/size. No ANZSCO occupation code available.,False
Table 17,17,"Availability of comparable nationally recognised training when unaccredited training was used, timeseries (% of all employers using unaccredited training)",Employer size,Small,"Yes, comparable nationally recognised training available",2019,10.4,10.4,reported,False,pct,employer_size,False,Employer survey — joins on state/industry/size. No ANZSCO occupation code available.,False
Table 17,17,"Availability of comparable nationally recognised training when unaccredited training was used, timeseries (% of all employers using unaccredited training)",Employer size,Small,"Yes, comparable nationally recognised training available",2021,10.4,10.4,reported,False,pct,employer_size,False,Employer survey — joins on state/industry/size. No ANZSCO occupation code available.,False
Table 17,17,"Availability of comparable nationally recognised training when unaccredited training was used, timeseries (% of all employers using unaccredited training)",Employer size,Small,"Yes, comparable nationally recognised training available",2023,12.9,12.9,reported,False,pct,employer_size,False,Employer survey — joins on state/industry/size. No ANZSCO occupation code available.,False
Table 17,17,"Availability of comparable nationally recognised training when unaccredited training was used, timeseries (% of all employers using unaccredited training)",Employer size,Small,"Yes, comparable nationally recognised training available",2025,14.0,14,reported,False,pct,employer_size,False,Employer survey — joins on state/industry/size. No ANZSCO occupation code available.,False
Table 19,19,"Organisation had supervisors that provided informal or on-the-job training in the last 12 months, 2021, 2023 and 2025 (%)",Employer size,Large,"No, did not provide informal or on-the-job training",2021,5.9,5.9,reported,False,pct,employer_size,False,Employer survey — joins on state/industry/size. No ANZSCO occupation code available.,False
Table 19,19,"Organisation had supervisors that provided informal or on-the-job training in the last 12 months, 2021, 2023 and 2025 (%)",Employer size,Large,"No, did not provide informal or on-the-job training",2023,4.6,4.6,reported,False,pct,employer_size,False,Employer survey — joins on state/industry/size. No ANZSCO occupation code available.,False
Table 19,19,"Organisation had supervisors that provided informal or on-the-job training in the last 12 months, 2021, 2023 and 2025 (%)",Employer size,Large,"No, did not provide informal or on-the-job training",2025,7.4,7.4,reported,False,pct,employer_size,False,Employer survey — joins on state/industry/size. No ANZSCO occupation code available.,False
Table 19,19,"Organisation had supervisors that provided informal or on-the-job training in the last 12 months, 2021, 2023 and 2025 (%)",Employer size,Large,"Yes, provided informal or on-the-job training",2021,94.1,94.1,reported,False,pct,employer_size,False,Employer survey — joins on state/industry/size. No ANZSCO occupation code available.,False
Table 19,19,"Organisation had supervisors that provided informal or on-the-job training in the last 12 months, 2021, 2023 and 2025 (%)",Employer size,Large,"Yes, provided informal or on-the-job training",2023,95.4,95.4,reported,False,pct,employer_size,False,Employer survey — joins on state/industry/size. No ANZSCO occupation code available.,False
Table 19,19,"Organisation had supervisors that provided informal or on-the-job training in the last 12 months, 2021, 2023 and 2025 (%)",Employer size,Large,"Yes, provided informal or on-the-job training",2025,92.6,92.6,reported,False,pct,employer_size,False,Employer survey — joins on state/industry/size. No ANZSCO occupation code available.,False
Table 19,19,"Organisation had supervisors that provided informal or on-the-job training in the last 12 months, 2021, 2023 and 2025 (%)",Employer size,Medium,"No, did not provide informal or on-the-job training",2021,12.7,12.7,reported,False,pct,employer_size,False,Employer survey — joins on state/industry/size. No ANZSCO occupation code available.,False
Table 19,19,"Organisation had supervisors that provided informal or on-the-job training in the last 12 months, 2021, 2023 and 2025 (%)",Employer size,Medium,"No, did not provide informal or on-the-job training",2023,9.2,9.2,reported,False,pct,employer_size,False,Employer survey — joins on state/industry/size. No ANZSCO occupation code available.,False
Table 19,19,"Organisation had supervisors that provided informal or on-the-job training in the last 12 months, 2021, 2023 and 2025 (%)",Employer size,Medium,"No, did not provide informal or on-the-job training",2025,10.2,10.2,reported,False,pct,employer_size,False,Employer survey — joins on state/industry/size. No ANZSCO occupation code available.,False
Table 19,19,"Organisation had supervisors that provided informal or on-the-job training in the last 12 months, 2021, 2023 and 2025 (%)",Employer size,Medium,"Yes, provided informal or on-the-job training",2021,87.3,87.3,reported,False,pct,employer_size,False,Employer survey — joins on state/industry/size. No ANZSCO occupation code available.,False
Table 19,19,"Organisation had supervisors that provided informal or on-the-job training in the last 12 months, 2021, 2023 and 2025 (%)",Employer size,Medium,"Yes, provided informal or on-the-job training",2023,90.8,90.8,reported,False,pct,employer_size,False,Employer survey — joins on state/industry/size. No ANZSCO occupation code available.,False
Table 19,19,"Organisation had supervisors that provided informal or on-the-job training in the last 12 months, 2021, 2023 and 2025 (%)",Employer size,Medium,"Yes, provided informal or on-the-job training",2025,89.8,89.8,reported,False,pct,employer_size,False,Employer survey — joins on state/industry/size. No ANZSCO occupation code available.,False
Table 19,19,"Organisation had supervisors that provided informal or on-the-job training in the last 12 months, 2021, 2023 and 2025 (%)",Employer size,Small,"No, did not provide informal or on-the-job training",2021,28.8,28.8,reported,False,pct,employer_size,False,Employer survey — joins on state/industry/size. No ANZSCO occupation code available.,False
Table 19,19,"Organisation had supervisors that provided informal or on-the-job training in the last 12 months, 2021, 2023 and 2025 (%)",Employer size,Small,"No, did not provide informal or on-the-job training",2023,24.3,24.3,reported,False,pct,employer_size,False,Employer survey — joins on state/industry/size. No ANZSCO occupation code available.,False
Table 19,19,"Organisation had supervisors that provided informal or on-the-job training in the last 12 months, 2021, 2023 and 2025 (%)",Employer size,Small,"No, did not provide informal or on-the-job training",2025,26.8,26.8,reported,False,pct,employer_size,False,Employer survey — joins on state/industry/size. No ANZSCO occupation code available.,False
Table 19,19,"Organisation had supervisors that provided informal or on-the-job training in the last 12 months, 2021, 2023 and 2025 (%)",Employer size,Small,"Yes, provided informal or on-the-job training",2021,71.2,71.2,reported,False,pct,employer_size,False,Employer survey — joins on state/industry/size. No ANZSCO occupation code available.,False
Table 19,19,"Organisation had supervisors that provided informal or on-the-job training in the last 12 months, 2021, 2023 and 2025 (%)",Employer size,Small,"Yes, provided informal or on-the-job training",2023,75.7,75.7,reported,False,pct,employer_size,False,Employer survey — joins on state/industry/size. No ANZSCO occupation code available.,False
Table 19,19,"Organisation had supervisors that provided informal or on-the-job training in the last 12 months, 2021, 2023 and 2025 (%)",Employer size,Small,"Yes, provided informal or on-the-job training",2025,73.2,73.2,reported,False,pct,employer_size,False,Employer survey — joins on state/industry/size. No ANZSCO occupation code available.,False
Table 21,21,"Organisation use and adoption of AI technologies or tools, 2025 (%)",Employer size,Large,Of organisations that used AI: time since they first started using | 1 year to less than 3 years ago,2025,39.1,39.1*,reported,True,pct,employer_size,True,Employer survey — joins on state/industry/size. No ANZSCO occupation code available.,False
Table 21,21,"Organisation use and adoption of AI technologies or tools, 2025 (%)",Employer size,Large,Of organisations that used AI: time since they first started using | 3 or more years ago,2025,2.3,2.3,reported,False,pct,employer_size,True,Employer survey — joins on state/industry/size. No ANZSCO occupation code available.,False
Table 21,21,"Organisation use and adoption of AI technologies or tools, 2025 (%)",Employer size,Large,Of organisations that used AI: time since they first started using | Less than 1 year ago,2025,58.6,58.6*,reported,True,pct,employer_size,True,Employer survey — joins on state/industry/size. No ANZSCO occupation code available.,False
Table 21,21,"Organisation use and adoption of AI technologies or tools, 2025 (%)",Employer size,Large,Organisations that had used AI for work related purposes in the last 12 months,2025,51.9,51.9*,reported,True,pct,employer_size,True,Employer survey — joins on state/industry/size. No ANZSCO occupation code available.,False
Table 21,21,"Organisation use and adoption of AI technologies or tools, 2025 (%)",Employer size,Medium,Of organisations that used AI: time since they first started using | 1 year to less than 3 years ago,2025,39.5,39.5,reported,False,pct,employer_size,True,Employer survey — joins on state/industry/size. No ANZSCO occupation code available.,False
Table 21,21,"Organisation use and adoption of AI technologies or tools, 2025 (%)",Employer size,Medium,Of organisations that used AI: time since they first started using | 3 or more years ago,2025,4.4,4.4,reported,False,pct,employer_size,True,Employer survey — joins on state/industry/size. No ANZSCO occupation code available.,False
Table 21,21,"Organisation use and adoption of AI technologies or tools, 2025 (%)",Employer size,Medium,Of organisations that used AI: time since they first started using | Less than 1 year ago,2025,56.1,56.1,reported,False,pct,employer_size,True,Employer survey — joins on state/industry/size. No ANZSCO occupation code available.,False
Table 21,21,"Organisation use and adoption of AI technologies or tools, 2025 (%)",Employer size,Medium,Organisations that had used AI for work related purposes in the last 12 months,2025,47.1,47.1,reported,False,pct,employer_size,True,Employer survey — joins on state/industry/size. No ANZSCO occupation code available.,False
Table 21,21,"Organisation use and adoption of AI technologies or tools, 2025 (%)",Employer size,Small,Of organisations that used AI: time since they first started using | 1 year to less than 3 years ago,2025,35.0,35,reported,False,pct,employer_size,True,Employer survey — joins on state/industry/size. No ANZSCO occupation code available.,False
Table 21,21,"Organisation use and adoption of AI technologies or tools, 2025 (%)",Employer size,Small,Of organisations that used AI: time since they first started using | 3 or more years ago,2025,5.8,5.8,reported,False,pct,employer_size,True,Employer survey — joins on state/industry/size. No ANZSCO occupation code available.,False
Table 21,21,"Organisation use and adoption of AI technologies or tools, 2025 (%)",Employer size,Small,Of organisations that used AI: time since they first started using | Less than 1 year ago,2025,59.3,59.3,reported,False,pct,employer_size,True,Employer survey — joins on state/industry/size. No ANZSCO occupation code available.,False
Table 21,21,"Organisation use and adoption of AI technologies or tools, 2025 (%)",Employer size,Small,Organisations that had used AI for work related purposes in the last 12 months,2025,35.9,35.9,reported,False,pct,employer_size,True,Employer survey — joins on state/industry/size. No ANZSCO occupation code available.,False
Table 22,22,"Specific AI technologies or tools used by the organisation in the last 12 months, 2025 (% of all employers who used AI in the last 12 months)",Employer size,Large,"Chatbots (eg ChatGPT, Copilot, Gemini)",2025,96.3,96.3,reported,False,pct,employer_size,True,Employer survey — joins on state/industry/size. No ANZSCO occupation code available.,False
Table 22,22,"Specific AI technologies or tools used by the organisation in the last 12 months, 2025 (% of all employers who used AI in the last 12 months)",Employer size,Large,Other AI tools | Image/video generation and editing software,2025,1.3,1.3,reported,False,pct,employer_size,True,Employer survey — joins on state/industry/size. No ANZSCO occupation code available.,False
Table 22,22,"Specific AI technologies or tools used by the organisation in the last 12 months, 2025 (% of all employers who used AI in the last 12 months)",Employer size,Large,Other AI tools | Industry specific software,2025,1.6,1.6,reported,False,pct,employer_size,True,Employer survey — joins on state/industry/size. No ANZSCO occupation code available.,False
Table 22,22,"Specific AI technologies or tools used by the organisation in the last 12 months, 2025 (% of all employers who used AI in the last 12 months)",Employer size,Large,Other AI tools | Machine learning platforms,2025,7.2,7.2,reported,False,pct,employer_size,True,Employer survey — joins on state/industry/size. No ANZSCO occupation code available.,False
Table 22,22,"Specific AI technologies or tools used by the organisation in the last 12 months, 2025 (% of all employers who used AI in the last 12 months)",Employer size,Large,Other AI tools | Natural language processing,2025,1.4,1.4,reported,False,pct,employer_size,True,Employer survey — joins on state/industry/size. No ANZSCO occupation code available.,False
Table 22,22,"Specific AI technologies or tools used by the organisation in the last 12 months, 2025 (% of all employers who used AI in the last 12 months)",Employer size,Large,Other AI tools | Other tools,2025,7.4,7.4,reported,False,pct,employer_size,True,Employer survey — joins on state/industry/size. No ANZSCO occupation code available.,False
Table 22,22,"Specific AI technologies or tools used by the organisation in the last 12 months, 2025 (% of all employers who used AI in the last 12 months)",Employer size,Large,Other AI tools | Predictive analytics software,2025,0.7,0.7,reported,False,pct,employer_size,True,Employer survey — joins on state/industry/size. No ANZSCO occupation code available.,False
Table 22,22,"Specific AI technologies or tools used by the organisation in the last 12 months, 2025 (% of all employers who used AI in the last 12 months)",Employer size,Large,Other AI tools | Robotic process automation,2025,2.0,2,reported,False,pct,employer_size,True,Employer survey — joins on state/industry/size. No ANZSCO occupation code available.,False
Table 22,22,"Specific AI technologies or tools used by the organisation in the last 12 months, 2025 (% of all employers who used AI in the last 12 months)",Employer size,Large,Other AI tools | Security and fraud detection,2025,2.8,2.8,reported,False,pct,employer_size,True,Employer survey — joins on state/industry/size. No ANZSCO occupation code available.,False
Table 22,22,"Specific AI technologies or tools used by the organisation in the last 12 months, 2025 (% of all employers who used AI in the last 12 months)",Employer size,Large,"Other AI tools | Speech, image and video recognition tools",2025,3.9,3.9,reported,False,pct,employer_size,True,Employer survey — joins on state/industry/size. No ANZSCO occupation code available.,False
Table 22,22,"Specific AI technologies or tools used by the organisation in the last 12 months, 2025 (% of all employers who used AI in the last 12 months)",Employer size,Large,Other AI tools | Total using other AI tools,2025,22.1,22.1*,reported,True,pct,employer_size,True,Employer survey — joins on state/industry/size. No ANZSCO occupation code available.,False
Table 22,22,"Specific AI technologies or tools used by the organisation in the last 12 months, 2025 (% of all employers who used AI in the last 12 months)",Employer size,Medium,"Chatbots (eg ChatGPT, Copilot, Gemini)",2025,90.5,90.5,reported,False,pct,employer_size,True,Employer survey — joins on state/industry/size. No ANZSCO occupation code available.,False
Table 22,22,"Specific AI technologies or tools used by the organisation in the last 12 months, 2025 (% of all employers who used AI in the last 12 months)",Employer size,Medium,Other AI tools | Image/video generation and editing software,2025,9.0,9,reported,False,pct,employer_size,True,Employer survey — joins on state/industry/size. No ANZSCO occupation code available.,False
Table 22,22,"Specific AI technologies or tools used by the organisation in the last 12 months, 2025 (% of all employers who used AI in the last 12 months)",Employer size,Medium,Other AI tools | Industry specific software,2025,3.5,3.5,reported,False,pct,employer_size,True,Employer survey — joins on state/industry/size. No ANZSCO occupation code available.,False
Table 22,22,"Specific AI technologies or tools used by the organisation in the last 12 months, 2025 (% of all employers who used AI in the last 12 months)",Employer size,Medium,Other AI tools | Machine learning platforms,2025,3.8,3.8,reported,False,pct,employer_size,True,Employer survey — joins on state/industry/size. No ANZSCO occupation code available.,False
Table 22,22,"Specific AI technologies or tools used by the organisation in the last 12 months, 2025 (% of all employers who used AI in the last 12 months)",Employer size,Medium,Other AI tools | Natural language processing,2025,2.3,2.3,reported,False,pct,employer_size,True,Employer survey — joins on state/industry/size. No ANZSCO occupation code available.,False
Table 22,22,"Specific AI technologies or tools used by the organisation in the last 12 months, 2025 (% of all employers who used AI in the last 12 months)",Employer size,Medium,Other AI tools | Other tools,2025,5.9,5.9,reported,False,pct,employer_size,True,Employer survey — joins on state/industry/size. No ANZSCO occupation code available.,False
Table 22,22,"Specific AI technologies or tools used by the organisation in the last 12 months, 2025 (% of all employers who used AI in the last 12 months)",Employer size,Medium,Other AI tools | Predictive analytics software,2025,2.5,2.5,reported,False,pct,employer_size,True,Employer survey — joins on state/industry/size. No ANZSCO occupation code available.,False
Table 22,22,"Specific AI technologies or tools used by the organisation in the last 12 months, 2025 (% of all employers who used AI in the last 12 months)",Employer size,Medium,Other AI tools | Robotic process automation,2025,4.4,4.4,reported,False,pct,employer_size,True,Employer survey — joins on state/industry/size. No ANZSCO occupation code available.,False
Table 22,22,"Specific AI technologies or tools used by the organisation in the last 12 months, 2025 (% of all employers who used AI in the last 12 months)",Employer size,Medium,Other AI tools | Security and fraud detection,2025,1.5,1.5,reported,False,pct,employer_size,True,Employer survey — joins on state/industry/size. No ANZSCO occupation code available.,False
Table 22,22,"Specific AI technologies or tools used by the organisation in the last 12 months, 2025 (% of all employers who used AI in the last 12 months)",Employer size,Medium,"Other AI tools | Speech, image and video recognition tools",2025,6.1,6.1,reported,False,pct,employer_size,True,Employer survey — joins on state/industry/size. No ANZSCO occupation code available.,False
Table 22,22,"Specific AI technologies or tools used by the organisation in the last 12 months, 2025 (% of all employers who used AI in the last 12 months)",Employer size,Medium,Other AI tools | Total using other AI tools,2025,30.7,30.7,reported,False,pct,employer_size,True,Employer survey — joins on state/industry/size. No ANZSCO occupation code available.,False
Table 22,22,"Specific AI technologies or tools used by the organisation in the last 12 months, 2025 (% of all employers who used AI in the last 12 months)",Employer size,Small,"Chatbots (eg ChatGPT, Copilot, Gemini)",2025,88.9,88.9,reported,False,pct,employer_size,True,Employer survey — joins on state/industry/size. No ANZSCO occupation code available.,False
Table 22,22,"Specific AI technologies or tools used by the organisation in the last 12 months, 2025 (% of all employers who used AI in the last 12 months)",Employer size,Small,Other AI tools | Image/video generation and editing software,2025,7.9,7.9,reported,False,pct,employer_size,True,Employer survey — joins on state/industry/size. No ANZSCO occupation code available.,False
Table 22,22,"Specific AI technologies or tools used by the organisation in the last 12 months, 2025 (% of all employers who used AI in the last 12 months)",Employer size,Small,Other AI tools | Industry specific software,2025,1.7,1.7,reported,False,pct,employer_size,True,Employer survey — joins on state/industry/size. No ANZSCO occupation code available.,False
Table 22,22,"Specific AI technologies or tools used by the organisation in the last 12 months, 2025 (% of all employers who used AI in the last 12 months)",Employer size,Small,Other AI tools | Machine learning platforms,2025,4.3,4.3,reported,False,pct,employer_size,True,Employer survey — joins on state/industry/size. No ANZSCO occupation code available.,False
Table 22,22,"Specific AI technologies or tools used by the organisation in the last 12 months, 2025 (% of all employers who used AI in the last 12 months)",Employer size,Small,Other AI tools | Natural language processing,2025,3.7,3.7,reported,False,pct,employer_size,True,Employer survey — joins on state/industry/size. No ANZSCO occupation code available.,False
Table 22,22,"Specific AI technologies or tools used by the organisation in the last 12 months, 2025 (% of all employers who used AI in the last 12 months)",Employer size,Small,Other AI tools | Other tools,2025,10.0,10,reported,False,pct,employer_size,True,Employer survey — joins on state/industry/size. No ANZSCO occupation code available.,False
Table 22,22,"Specific AI technologies or tools used by the organisation in the last 12 months, 2025 (% of all employers who used AI in the last 12 months)",Employer size,Small,Other AI tools | Predictive analytics software,2025,2.8,2.8,reported,False,pct,employer_size,True,Employer survey — joins on state/industry/size. No ANZSCO occupation code available.,False
Table 22,22,"Specific AI technologies or tools used by the organisation in the last 12 months, 2025 (% of all employers who used AI in the last 12 months)",Employer size,Small,Other AI tools | Robotic process automation,2025,5.6,5.6,reported,False,pct,employer_size,True,Employer survey — joins on state/industry/size. No ANZSCO occupation code available.,False
Table 22,22,"Specific AI technologies or tools used by the organisation in the last 12 months, 2025 (% of all employers who used AI in the last 12 months)",Employer size,Small,Other AI tools | Security and fraud detection,2025,2.1,2.1,reported,False,pct,employer_size,True,Employer survey — joins on state/industry/size. No ANZSCO occupation code available.,False
Table 22,22,"Specific AI technologies or tools used by the organisation in the last 12 months, 2025 (% of all employers who used AI in the last 12 months)",Employer size,Small,"Other AI tools | Speech, image and video recognition tools",2025,8.6,8.6,reported,False,pct,employer_size,True,Employer survey — joins on state/industry/size. No ANZSCO occupation code available.,False
Table 22,22,"Specific AI technologies or tools used by the organisation in the last 12 months, 2025 (% of all employers who used AI in the last 12 months)",Employer size,Small,Other AI tools | Total using other AI tools,2025,33.0,33,reported,False,pct,employer_size,True,Employer survey — joins on state/industry/size. No ANZSCO occupation code available.,False
Table 23,23,"AI technologies or tools helped the organisation in the last 12 months, 2025 (% of all employers who used AI in the last 12 months)",Employer size,Large,Only using chatbots,2025,97.9,97.9,reported,False,pct,employer_size,True,Employer survey — joins on state/industry/size. No ANZSCO occupation code available.,False
Table 23,23,"AI technologies or tools helped the organisation in the last 12 months, 2025 (% of all employers who used AI in the last 12 months)",Employer size,Large,Only using other AI tools,2025,95.3,95.3,reported,False,pct,employer_size,True,Employer survey — joins on state/industry/size. No ANZSCO occupation code available.,False
Table 23,23,"AI technologies or tools helped the organisation in the last 12 months, 2025 (% of all employers who used AI in the last 12 months)",Employer size,Large,Total,2025,98.2,98.2,reported,False,pct,employer_size,True,Employer survey — joins on state/industry/size. No ANZSCO occupation code available.,False
Table 23,23,"AI technologies or tools helped the organisation in the last 12 months, 2025 (% of all employers who used AI in the last 12 months)",Employer size,Large,Using chatbots and other AI tools,2025,100.0,100,reported,False,pct,employer_size,True,Employer survey — joins on state/industry/size. No ANZSCO occupation code available.,False
Table 23,23,"AI technologies or tools helped the organisation in the last 12 months, 2025 (% of all employers who used AI in the last 12 months)",Employer size,Medium,Only using chatbots,2025,94.3,94.3,reported,False,pct,employer_size,True,Employer survey — joins on state/industry/size. No ANZSCO occupation code available.,False
Table 23,23,"AI technologies or tools helped the organisation in the last 12 months, 2025 (% of all employers who used AI in the last 12 months)",Employer size,Medium,Only using other AI tools,2025,92.5,92.5,reported,False,pct,employer_size,True,Employer survey — joins on state/industry/size. No ANZSCO occupation code available.,False
Table 23,23,"AI technologies or tools helped the organisation in the last 12 months, 2025 (% of all employers who used AI in the last 12 months)",Employer size,Medium,Total,2025,94.0,94,reported,False,pct,employer_size,True,Employer survey — joins on state/industry/size. No ANZSCO occupation code available.,False
Table 23,23,"AI technologies or tools helped the organisation in the last 12 months, 2025 (% of all employers who used AI in the last 12 months)",Employer size,Medium,Using chatbots and other AI tools,2025,93.8,93.8,reported,False,pct,employer_size,True,Employer survey — joins on state/industry/size. No ANZSCO occupation code available.,False
Table 23,23,"AI technologies or tools helped the organisation in the last 12 months, 2025 (% of all employers who used AI in the last 12 months)",Employer size,Small,Only using chatbots,2025,92.6,92.6,reported,False,pct,employer_size,True,Employer survey — joins on state/industry/size. No ANZSCO occupation code available.,False
Table 23,23,"AI technologies or tools helped the organisation in the last 12 months, 2025 (% of all employers who used AI in the last 12 months)",Employer size,Small,Only using other AI tools,2025,89.1,89.1,reported,False,pct,employer_size,True,Employer survey — joins on state/industry/size. No ANZSCO occupation code available.,False
Table 23,23,"AI technologies or tools helped the organisation in the last 12 months, 2025 (% of all employers who used AI in the last 12 months)",Employer size,Small,Total,2025,93.5,93.5,reported,False,pct,employer_size,True,Employer survey — joins on state/industry/size. No ANZSCO occupation code available.,False
Table 23,23,"AI technologies or tools helped the organisation in the last 12 months, 2025 (% of all employers who used AI in the last 12 months)",Employer size,Small,Using chatbots and other AI tools,2025,98.2,98.2,reported,False,pct,employer_size,True,Employer survey — joins on state/industry/size. No ANZSCO occupation code available.,False
Table 25,25,"Type of training provided or arranged to maintain and/or improve AI capabilities in the last 12 months, 2025 (%)",Employer size,Large,Employers that provided or arranged training,2025,26.1,26.1*,reported,True,pct,employer_size,True,Employer survey — joins on state/industry/size. No ANZSCO occupation code available.,False
Table 25,25,"Type of training provided or arranged to maintain and/or improve AI capabilities in the last 12 months, 2025 (%)",Employer size,Large,Of employers that provided or arranged training: type of training used | Informal training,2025,88.7,88.7,reported,False,pct,employer_size,True,Employer survey — joins on state/industry/size. No ANZSCO occupation code available.,False
Table 25,25,"Type of training provided or arranged to maintain and/or improve AI capabilities in the last 12 months, 2025 (%)",Employer size,Large,Of employers that provided or arranged training: type of training used | Nationally recognised training,2025,6.4,6.4,reported,False,pct,employer_size,True,Employer survey — joins on state/industry/size. No ANZSCO occupation code available.,False
Table 25,25,"Type of training provided or arranged to maintain and/or improve AI capabilities in the last 12 months, 2025 (%)",Employer size,Large,Of employers that provided or arranged training: type of training used | Unaccredited training,2025,24.0,24.0*,reported,True,pct,employer_size,True,Employer survey — joins on state/industry/size. No ANZSCO occupation code available.,False
Table 25,25,"Type of training provided or arranged to maintain and/or improve AI capabilities in the last 12 months, 2025 (%)",Employer size,Medium,Employers that provided or arranged training,2025,27.0,27,reported,False,pct,employer_size,True,Employer survey — joins on state/industry/size. No ANZSCO occupation code available.,False
Table 25,25,"Type of training provided or arranged to maintain and/or improve AI capabilities in the last 12 months, 2025 (%)",Employer size,Medium,Of employers that provided or arranged training: type of training used | Informal training,2025,77.9,77.9,reported,False,pct,employer_size,True,Employer survey — joins on state/industry/size. No ANZSCO occupation code available.,False
Table 25,25,"Type of training provided or arranged to maintain and/or improve AI capabilities in the last 12 months, 2025 (%)",Employer size,Medium,Of employers that provided or arranged training: type of training used | Nationally recognised training,2025,5.1,5.1,reported,False,pct,employer_size,True,Employer survey — joins on state/industry/size. No ANZSCO occupation code available.,False
Table 25,25,"Type of training provided or arranged to maintain and/or improve AI capabilities in the last 12 months, 2025 (%)",Employer size,Medium,Of employers that provided or arranged training: type of training used | Unaccredited training,2025,31.4,31.4,reported,False,pct,employer_size,True,Employer survey — joins on state/industry/size. No ANZSCO occupation code available.,False
Table 25,25,"Type of training provided or arranged to maintain and/or improve AI capabilities in the last 12 months, 2025 (%)",Employer size,Small,Employers that provided or arranged training,2025,26.7,26.7,reported,False,pct,employer_size,True,Employer survey — joins on state/industry/size. No ANZSCO occupation code available.,False
Table 25,25,"Type of training provided or arranged to maintain and/or improve AI capabilities in the last 12 months, 2025 (%)",Employer size,Small,Of employers that provided or arranged training: type of training used | Informal training,2025,82.0,82,reported,False,pct,employer_size,True,Employer survey — joins on state/industry/size. No ANZSCO occupation code available.,False
Table 25,25,"Type of training provided or arranged to maintain and/or improve AI capabilities in the last 12 months, 2025 (%)",Employer size,Small,Of employers that provided or arranged training: type of training used | Nationally recognised training,2025,2.7,2.7,reported,False,pct,employer_size,True,Employer survey — joins on state/industry/size. No ANZSCO occupation code available.,False
Table 25,25,"Type of training provided or arranged to maintain and/or improve AI capabilities in the last 12 months, 2025 (%)",Employer size,Small,Of employers that provided or arranged training: type of training used | Unaccredited training,2025,28.3,28.3,reported,False,pct,employer_size,True,Employer survey — joins on state/industry/size. No ANZSCO occupation code available.,False
Table 26,26,"Type of training provider used to conduct training in AI capabilities in the last 12 months, 2025 (%)",Employer size,Large,Organisations who provided or arranged nationally recognised training | In-house training,2025,,np,not_publishable,False,pct,employer_size,True,Employer survey — joins on state/industry/size. No ANZSCO occupation code available.,
Table 26,26,"Type of training provider used to conduct training in AI capabilities in the last 12 months, 2025 (%)",Employer size,Large,Organisations who provided or arranged nationally recognised training | Other,2025,,np,not_publishable,False,pct,employer_size,True,Employer survey — joins on state/industry/size. No ANZSCO occupation code available.,
Table 26,26,"Type of training provider used to conduct training in AI capabilities in the last 12 months, 2025 (%)",Employer size,Large,Organisations who provided or arranged nationally recognised training | Private training provider,2025,,np,not_publishable,False,pct,employer_size,True,Employer survey — joins on state/industry/size. No ANZSCO occupation code available.,
Table 26,26,"Type of training provider used to conduct training in AI capabilities in the last 12 months, 2025 (%)",Employer size,Large,Organisations who provided or arranged nationally recognised training | Professional or industry association,2025,,np,not_publishable,False,pct,employer_size,True,Employer survey — joins on state/industry/size. No ANZSCO occupation code available.,
Table 26,26,"Type of training provider used to conduct training in AI capabilities in the last 12 months, 2025 (%)",Employer size,Large,Organisations who provided or arranged nationally recognised training | Supplier/ manufacturer equipment and/or product,2025,,np,not_publishable,False,pct,employer_size,True,Employer survey — joins on state/industry/size. No ANZSCO occupation code available.,
Table 26,26,"Type of training provider used to conduct training in AI capabilities in the last 12 months, 2025 (%)",Employer size,Large,Organisations who provided or arranged nationally recognised training | TAFE,2025,,np,not_publishable,False,pct,employer_size,True,Employer survey — joins on state/industry/size. No ANZSCO occupation code available.,
Table 26,26,"Type of training provider used to conduct training in AI capabilities in the last 12 months, 2025 (%)",Employer size,Large,Organisations who provided or arranged nationally recognised training | University,2025,,np,not_publishable,False,pct,employer_size,True,Employer survey — joins on state/industry/size. No ANZSCO occupation code available.,
Table 26,26,"Type of training provider used to conduct training in AI capabilities in the last 12 months, 2025 (%)",Employer size,Large,Organisations who provided or arranged unaccredited training | In-house training,2025,67.5,67.5*,reported,True,pct,employer_size,True,Employer survey — joins on state/industry/size. No ANZSCO occupation code available.,False
Table 26,26,"Type of training provider used to conduct training in AI capabilities in the last 12 months, 2025 (%)",Employer size,Large,Organisations who provided or arranged unaccredited training | Other,2025,1.7,1.7,reported,False,pct,employer_size,True,Employer survey — joins on state/industry/size. No ANZSCO occupation code available.,False
Table 26,26,"Type of training provider used to conduct training in AI capabilities in the last 12 months, 2025 (%)",Employer size,Large,Organisations who provided or arranged unaccredited training | Private training provider,2025,57.0,57.0*,reported,True,pct,employer_size,True,Employer survey — joins on state/industry/size. No ANZSCO occupation code available.,False
Table 26,26,"Type of training provider used to conduct training in AI capabilities in the last 12 months, 2025 (%)",Employer size,Large,Organisations who provided or arranged unaccredited training | Professional or industry association,2025,23.0,23.0*,reported,True,pct,employer_size,True,Employer survey — joins on state/industry/size. No ANZSCO occupation code available.,False
Table 26,26,"Type of training provider used to conduct training in AI capabilities in the last 12 months, 2025 (%)",Employer size,Large,Organisations who provided or arranged unaccredited training | Supplier/ manufacturer equipment and/or product,2025,1.8,1.8,reported,False,pct,employer_size,True,Employer survey — joins on state/industry/size. No ANZSCO occupation code available.,False
Table 26,26,"Type of training provider used to conduct training in AI capabilities in the last 12 months, 2025 (%)",Employer size,Large,Organisations who provided or arranged unaccredited training | TAFE,2025,0.0,0.0*,reported,True,pct,employer_size,True,Employer survey — joins on state/industry/size. No ANZSCO occupation code available.,False
Table 26,26,"Type of training provider used to conduct training in AI capabilities in the last 12 months, 2025 (%)",Employer size,Large,Organisations who provided or arranged unaccredited training | University,2025,8.1,8.1*,reported,True,pct,employer_size,True,Employer survey — joins on state/industry/size. No ANZSCO occupation code available.,False
Table 26,26,"Type of training provider used to conduct training in AI capabilities in the last 12 months, 2025 (%)",Employer size,Medium,Organisations who provided or arranged nationally recognised training | In-house training,2025,0.0,0.0*,reported,True,pct,employer_size,True,Employer survey — joins on state/industry/size. No ANZSCO occupation code available.,False
Table 26,26,"Type of training provider used to conduct training in AI capabilities in the last 12 months, 2025 (%)",Employer size,Medium,Organisations who provided or arranged nationally recognised training | Other,2025,,np,not_publishable,False,pct,employer_size,True,Employer survey — joins on state/industry/size. No ANZSCO occupation code available.,
Table 26,26,"Type of training provider used to conduct training in AI capabilities in the last 12 months, 2025 (%)",Employer size,Medium,Organisations who provided or arranged nationally recognised training | Private training provider,2025,37.4,37.4*,reported,True,pct,employer_size,True,Employer survey — joins on state/industry/size. No ANZSCO occupation code available.,False
Table 26,26,"Type of training provider used to conduct training in AI capabilities in the last 12 months, 2025 (%)",Employer size,Medium,Organisations who provided or arranged nationally recognised training | Professional or industry association,2025,10.4,10.4*,reported,True,pct,employer_size,True,Employer survey — joins on state/industry/size. No ANZSCO occupation code available.,False
Table 26,26,"Type of training provider used to conduct training in AI capabilities in the last 12 months, 2025 (%)",Employer size,Medium,Organisations who provided or arranged nationally recognised training | Supplier/ manufacturer equipment and/or product,2025,1.8,1.8,reported,False,pct,employer_size,True,Employer survey — joins on state/industry/size. No ANZSCO occupation code available.,False
Table 26,26,"Type of training provider used to conduct training in AI capabilities in the last 12 months, 2025 (%)",Employer size,Medium,Organisations who provided or arranged nationally recognised training | TAFE,2025,45.5,45.5*,reported,True,pct,employer_size,True,Employer survey — joins on state/industry/size. No ANZSCO occupation code available.,False
Table 26,26,"Type of training provider used to conduct training in AI capabilities in the last 12 months, 2025 (%)",Employer size,Medium,Organisations who provided or arranged nationally recognised training | University,2025,24.0,24.0*,reported,True,pct,employer_size,True,Employer survey — joins on state/industry/size. No ANZSCO occupation code available.,False
Table 26,26,"Type of training provider used to conduct training in AI capabilities in the last 12 months, 2025 (%)",Employer size,Medium,Organisations who provided or arranged unaccredited training | In-house training,2025,35.0,35.0*,reported,True,pct,employer_size,True,Employer survey — joins on state/industry/size. No ANZSCO occupation code available.,False
Table 26,26,"Type of training provider used to conduct training in AI capabilities in the last 12 months, 2025 (%)",Employer size,Medium,Organisations who provided or arranged unaccredited training | Other,2025,7.6,7.6,reported,False,pct,employer_size,True,Employer survey — joins on state/industry/size. No ANZSCO occupation code available.,False
Table 26,26,"Type of training provider used to conduct training in AI capabilities in the last 12 months, 2025 (%)",Employer size,Medium,Organisations who provided or arranged unaccredited training | Private training provider,2025,30.3,30.3*,reported,True,pct,employer_size,True,Employer survey — joins on state/industry/size. No ANZSCO occupation code available.,False
Table 26,26,"Type of training provider used to conduct training in AI capabilities in the last 12 months, 2025 (%)",Employer size,Medium,Organisations who provided or arranged unaccredited training | Professional or industry association,2025,32.6,32.6*,reported,True,pct,employer_size,True,Employer survey — joins on state/industry/size. No ANZSCO occupation code available.,False
Table 26,26,"Type of training provider used to conduct training in AI capabilities in the last 12 months, 2025 (%)",Employer size,Medium,Organisations who provided or arranged unaccredited training | Supplier/ manufacturer equipment and/or product,2025,35.0,35.0*,reported,True,pct,employer_size,True,Employer survey — joins on state/industry/size. No ANZSCO occupation code available.,False
Table 26,26,"Type of training provider used to conduct training in AI capabilities in the last 12 months, 2025 (%)",Employer size,Medium,Organisations who provided or arranged unaccredited training | TAFE,2025,0.0,0,reported,False,pct,employer_size,True,Employer survey — joins on state/industry/size. No ANZSCO occupation code available.,False
Table 26,26,"Type of training provider used to conduct training in AI capabilities in the last 12 months, 2025 (%)",Employer size,Medium,Organisations who provided or arranged unaccredited training | University,2025,1.6,1.6,reported,False,pct,employer_size,True,Employer survey — joins on state/industry/size. No ANZSCO occupation code available.,False
Table 26,26,"Type of training provider used to conduct training in AI capabilities in the last 12 months, 2025 (%)",Employer size,Small,Organisations who provided or arranged nationally recognised training | In-house training,2025,7.6,7.6*,reported,True,pct,employer_size,True,Employer survey — joins on state/industry/size. No ANZSCO occupation code available.,False
Table 26,26,"Type of training provider used to conduct training in AI capabilities in the last 12 months, 2025 (%)",Employer size,Small,Organisations who provided or arranged nationally recognised training | Other,2025,,np,not_publishable,False,pct,employer_size,True,Employer survey — joins on state/industry/size. No ANZSCO occupation code available.,
Table 26,26,"Type of training provider used to conduct training in AI capabilities in the last 12 months, 2025 (%)",Employer size,Small,Organisations who provided or arranged nationally recognised training | Private training provider,2025,26.4,26.4*,reported,True,pct,employer_size,True,Employer survey — joins on state/industry/size. No ANZSCO occupation code available.,False
Table 26,26,"Type of training provider used to conduct training in AI capabilities in the last 12 months, 2025 (%)",Employer size,Small,Organisations who provided or arranged nationally recognised training | Professional or industry association,2025,28.9,28.9*,reported,True,pct,employer_size,True,Employer survey — joins on state/industry/size. No ANZSCO occupation code available.,False
Table 26,26,"Type of training provider used to conduct training in AI capabilities in the last 12 months, 2025 (%)",Employer size,Small,Organisations who provided or arranged nationally recognised training | Supplier/ manufacturer equipment and/or product,2025,9.3,9.3*,reported,True,pct,employer_size,True,Employer survey — joins on state/industry/size. No ANZSCO occupation code available.,False
Table 26,26,"Type of training provider used to conduct training in AI capabilities in the last 12 months, 2025 (%)",Employer size,Small,Organisations who provided or arranged nationally recognised training | TAFE,2025,50.7,50.7*,reported,True,pct,employer_size,True,Employer survey — joins on state/industry/size. No ANZSCO occupation code available.,False
Table 26,26,"Type of training provider used to conduct training in AI capabilities in the last 12 months, 2025 (%)",Employer size,Small,Organisations who provided or arranged nationally recognised training | University,2025,7.8,7.8*,reported,True,pct,employer_size,True,Employer survey — joins on state/industry/size. No ANZSCO occupation code available.,False
Table 26,26,"Type of training provider used to conduct training in AI capabilities in the last 12 months, 2025 (%)",Employer size,Small,Organisations who provided or arranged unaccredited training | In-house training,2025,29.8,29.8*,reported,True,pct,employer_size,True,Employer survey — joins on state/industry/size. No ANZSCO occupation code available.,False
Table 26,26,"Type of training provider used to conduct training in AI capabilities in the last 12 months, 2025 (%)",Employer size,Small,Organisations who provided or arranged unaccredited training | Other,2025,5.4,5.4,reported,False,pct,employer_size,True,Employer survey — joins on state/industry/size. No ANZSCO occupation code available.,False
Table 26,26,"Type of training provider used to conduct training in AI capabilities in the last 12 months, 2025 (%)",Employer size,Small,Organisations who provided or arranged unaccredited training | Private training provider,2025,34.1,34.1*,reported,True,pct,employer_size,True,Employer survey — joins on state/industry/size. No ANZSCO occupation code available.,False
Table 26,26,"Type of training provider used to conduct training in AI capabilities in the last 12 months, 2025 (%)",Employer size,Small,Organisations who provided or arranged unaccredited training | Professional or industry association,2025,19.8,19.8*,reported,True,pct,employer_size,True,Employer survey — joins on state/industry/size. No ANZSCO occupation code available.,False
Table 26,26,"Type of training provider used to conduct training in AI capabilities in the last 12 months, 2025 (%)",Employer size,Small,Organisations who provided or arranged unaccredited training | Supplier/ manufacturer equipment and/or product,2025,31.3,31.3*,reported,True,pct,employer_size,True,Employer survey — joins on state/industry/size. No ANZSCO occupation code available.,False
Table 26,26,"Type of training provider used to conduct training in AI capabilities in the last 12 months, 2025 (%)",Employer size,Small,Organisations who provided or arranged unaccredited training | TAFE,2025,0.5,0.5,reported,False,pct,employer_size,True,Employer survey — joins on state/industry/size. No ANZSCO occupation code available.,False
Table 26,26,"Type of training provider used to conduct training in AI capabilities in the last 12 months, 2025 (%)",Employer size,Small,Organisations who provided or arranged unaccredited training | University,2025,1.3,1.3,reported,False,pct,employer_size,True,Employer survey — joins on state/industry/size. No ANZSCO occupation code available.,False
Table 29,29,"Number of interviews achieved by employer characteristics, 2005, 2007, 2009, 2011, 2013, 2015, 2017, 2019, 2021, 2023 & 2025",Employer size,Large,Overall,2005,715.0,715,reported,False,count,employer_size,False,Employer survey — joins on state/industry/size. No ANZSCO occupation code available.,False
Table 29,29,"Number of interviews achieved by employer characteristics, 2005, 2007, 2009, 2011, 2013, 2015, 2017, 2019, 2021, 2023 & 2025",Employer size,Large,Overall,2007,904.0,904,reported,False,count,employer_size,False,Employer survey — joins on state/industry/size. No ANZSCO occupation code available.,False
Table 29,29,"Number of interviews achieved by employer characteristics, 2005, 2007, 2009, 2011, 2013, 2015, 2017, 2019, 2021, 2023 & 2025",Employer size,Large,Overall,2009,939.0,939,reported,False,count,employer_size,False,Employer survey — joins on state/industry/size. No ANZSCO occupation code available.,False
Table 29,29,"Number of interviews achieved by employer characteristics, 2005, 2007, 2009, 2011, 2013, 2015, 2017, 2019, 2021, 2023 & 2025",Employer size,Large,Overall,2011,1244.0,1244.0,reported,False,count,employer_size,False,Employer survey — joins on state/industry/size. No ANZSCO occupation code available.,False
Table 29,29,"Number of interviews achieved by employer characteristics, 2005, 2007, 2009, 2011, 2013, 2015, 2017, 2019, 2021, 2023 & 2025",Employer size,Large,Overall,2013,1663.0,1663.0,reported,False,count,employer_size,False,Employer survey — joins on state/industry/size. No ANZSCO occupation code available.,False
Table 29,29,"Number of interviews achieved by employer characteristics, 2005, 2007, 2009, 2011, 2013, 2015, 2017, 2019, 2021, 2023 & 2025",Employer size,Large,Overall,2015,2525.0,2525.0,reported,False,count,employer_size,False,Employer survey — joins on state/industry/size. No ANZSCO occupation code available.,False
Table 29,29,"Number of interviews achieved by employer characteristics, 2005, 2007, 2009, 2011, 2013, 2015, 2017, 2019, 2021, 2023 & 2025",Employer size,Large,Overall,2017,1144.0,1144.0,reported,False,count,employer_size,False,Employer survey — joins on state/industry/size. No ANZSCO occupation code available.,False
Table 29,29,"Number of interviews achieved by employer characteristics, 2005, 2007, 2009, 2011, 2013, 2015, 2017, 2019, 2021, 2023 & 2025",Employer size,Large,Overall,2019,800.0,800.0,reported,False,count,employer_size,False,Employer survey — joins on state/industry/size. No ANZSCO occupation code available.,False
Table 29,29,"Number of interviews achieved by employer characteristics, 2005, 2007, 2009, 2011, 2013, 2015, 2017, 2019, 2021, 2023 & 2025",Employer size,Large,Overall,2021,360.0,360.0,reported,False,count,employer_size,False,Employer survey — joins on state/industry/size. No ANZSCO occupation code available.,False
Table 29,29,"Number of interviews achieved by employer characteristics, 2005, 2007, 2009, 2011, 2013, 2015, 2017, 2019, 2021, 2023 & 2025",Employer size,Large,Overall,2023,524.0,524.0,reported,False,count,employer_size,False,Employer survey — joins on state/industry/size. No ANZSCO occupation code available.,False
Table 29,29,"Number of interviews achieved by employer characteristics, 2005, 2007, 2009, 2011, 2013, 2015, 2017, 2019, 2021, 2023 & 2025",Employer size,Large,Overall,2025,417.0,417.0,reported,False,count,employer_size,False,Employer survey — joins on state/industry/size. No ANZSCO occupation code available.,False
Table 29,29,"Number of interviews achieved by employer characteristics, 2005, 2007, 2009, 2011, 2013, 2015, 2017, 2019, 2021, 2023 & 2025",Employer size,Medium,Overall,2005,1455.0,1455,reported,False,count,employer_size,False,Employer survey — joins on state/industry/size. No ANZSCO occupation code available.,False
Table 29,29,"Number of interviews achieved by employer characteristics, 2005, 2007, 2009, 2011, 2013, 2015, 2017, 2019, 2021, 2023 & 2025",Employer size,Medium,Overall,2007,1613.0,1613,reported,False,count,employer_size,False,Employer survey — joins on state/industry/size. No ANZSCO occupation code available.,False
Table 29,29,"Number of interviews achieved by employer characteristics, 2005, 2007, 2009, 2011, 2013, 2015, 2017, 2019, 2021, 2023 & 2025",Employer size,Medium,Overall,2009,1565.0,1565,reported,False,count,employer_size,False,Employer survey — joins on state/industry/size. No ANZSCO occupation code available.,False
Table 29,29,"Number of interviews achieved by employer characteristics, 2005, 2007, 2009, 2011, 2013, 2015, 2017, 2019, 2021, 2023 & 2025",Employer size,Medium,Overall,2011,2611.0,2611.0,reported,False,count,employer_size,False,Employer survey — joins on state/industry/size. No ANZSCO occupation code available.,False
Table 29,29,"Number of interviews achieved by employer characteristics, 2005, 2007, 2009, 2011, 2013, 2015, 2017, 2019, 2021, 2023 & 2025",Employer size,Medium,Overall,2013,2885.0,2885.0,reported,False,count,employer_size,False,Employer survey — joins on state/industry/size. No ANZSCO occupation code available.,False
Table 29,29,"Number of interviews achieved by employer characteristics, 2005, 2007, 2009, 2011, 2013, 2015, 2017, 2019, 2021, 2023 & 2025",Employer size,Medium,Overall,2015,2780.0,2780.0,reported,False,count,employer_size,False,Employer survey — joins on state/industry/size. No ANZSCO occupation code available.,False
Table 29,29,"Number of interviews achieved by employer characteristics, 2005, 2007, 2009, 2011, 2013, 2015, 2017, 2019, 2021, 2023 & 2025",Employer size,Medium,Overall,2017,1887.0,1887.0,reported,False,count,employer_size,False,Employer survey — joins on state/industry/size. No ANZSCO occupation code available.,False
Table 29,29,"Number of interviews achieved by employer characteristics, 2005, 2007, 2009, 2011, 2013, 2015, 2017, 2019, 2021, 2023 & 2025",Employer size,Medium,Overall,2019,1610.0,1610.0,reported,False,count,employer_size,False,Employer survey — joins on state/industry/size. No ANZSCO occupation code available.,False
Table 29,29,"Number of interviews achieved by employer characteristics, 2005, 2007, 2009, 2011, 2013, 2015, 2017, 2019, 2021, 2023 & 2025",Employer size,Medium,Overall,2021,1172.0,1172.0,reported,False,count,employer_size,False,Employer survey — joins on state/industry/size. No ANZSCO occupation code available.,False
Table 29,29,"Number of interviews achieved by employer characteristics, 2005, 2007, 2009, 2011, 2013, 2015, 2017, 2019, 2021, 2023 & 2025",Employer size,Medium,Overall,2023,1686.0,1686.0,reported,False,count,employer_size,False,Employer survey — joins on state/industry/size. No ANZSCO occupation code available.,False
Table 29,29,"Number of interviews achieved by employer characteristics, 2005, 2007, 2009, 2011, 2013, 2015, 2017, 2019, 2021, 2023 & 2025",Employer size,Medium,Overall,2025,1507.0,1507.0,reported,False,count,employer_size,False,Employer survey — joins on state/industry/size. No ANZSCO occupation code available.,False
Table 29,29,"Number of interviews achieved by employer characteristics, 2005, 2007, 2009, 2011, 2013, 2015, 2017, 2019, 2021, 2023 & 2025",Employer size,Small,Overall,2005,2431.0,2431,reported,False,count,employer_size,False,Employer survey — joins on state/industry/size. No ANZSCO occupation code available.,False
Table 29,29,"Number of interviews achieved by employer characteristics, 2005, 2007, 2009, 2011, 2013, 2015, 2017, 2019, 2021, 2023 & 2025",Employer size,Small,Overall,2007,2184.0,2184,reported,False,count,employer_size,False,Employer survey — joins on state/industry/size. No ANZSCO occupation code available.,False
Table 29,29,"Number of interviews achieved by employer characteristics, 2005, 2007, 2009, 2011, 2013, 2015, 2017, 2019, 2021, 2023 & 2025",Employer size,Small,Overall,2009,2740.0,2740,reported,False,count,employer_size,False,Employer survey — joins on state/industry/size. No ANZSCO occupation code available.,False
Table 29,29,"Number of interviews achieved by employer characteristics, 2005, 2007, 2009, 2011, 2013, 2015, 2017, 2019, 2021, 2023 & 2025",Employer size,Small,Overall,2011,3645.0,3645.0,reported,False,count,employer_size,False,Employer survey — joins on state/industry/size. No ANZSCO occupation code available.,False
Table 29,29,"Number of interviews achieved by employer characteristics, 2005, 2007, 2009, 2011, 2013, 2015, 2017, 2019, 2021, 2023 & 2025",Employer size,Small,Overall,2013,4504.0,4504.0,reported,False,count,employer_size,False,Employer survey — joins on state/industry/size. No ANZSCO occupation code available.,False
Table 29,29,"Number of interviews achieved by employer characteristics, 2005, 2007, 2009, 2011, 2013, 2015, 2017, 2019, 2021, 2023 & 2025",Employer size,Small,Overall,2015,3905.0,3905.0,reported,False,count,employer_size,False,Employer survey — joins on state/industry/size. No ANZSCO occupation code available.,False
Table 29,29,"Number of interviews achieved by employer characteristics, 2005, 2007, 2009, 2011, 2013, 2015, 2017, 2019, 2021, 2023 & 2025",Employer size,Small,Overall,2017,4991.0,4991.0,reported,False,count,employer_size,False,Employer survey — joins on state/industry/size. No ANZSCO occupation code available.,False
Table 29,29,"Number of interviews achieved by employer characteristics, 2005, 2007, 2009, 2011, 2013, 2015, 2017, 2019, 2021, 2023 & 2025",Employer size,Small,Overall,2019,4597.0,4597.0,reported,False,count,employer_size,False,Employer survey — joins on state/industry/size. No ANZSCO occupation code available.,False
Table 29,29,"Number of interviews achieved by employer characteristics, 2005, 2007, 2009, 2011, 2013, 2015, 2017, 2019, 2021, 2023 & 2025",Employer size,Small,Overall,2021,4083.0,4083.0,reported,False,count,employer_size,False,Employer survey — joins on state/industry/size. No ANZSCO occupation code available.,False
Table 29,29,"Number of interviews achieved by employer characteristics, 2005, 2007, 2009, 2011, 2013, 2015, 2017, 2019, 2021, 2023 & 2025",Employer size,Small,Overall,2023,4080.0,4080.0,reported,False,count,employer_size,False,Employer survey — joins on state/industry/size. No ANZSCO occupation code available.,False
Table 29,29,"Number of interviews achieved by employer characteristics, 2005, 2007, 2009, 2011, 2013, 2015, 2017, 2019, 2021, 2023 & 2025",Employer size,Small,Overall,2025,3725.0,3725.0,reported,False,count,employer_size,False,Employer survey — joins on state/industry/size. No ANZSCO occupation code available.,False
